"Report No","Abnormality Rank","Occurrence Type","Status","Created By","Created At","Updated By","Updated At","Customer","Observing Dept","Occurrence Date","Batch Code","Shift","Time","Model","Mileage","Product Name","Product No","Problem","Problem Detail","Detected Process","Detected Qty","Occurrence Process","Occurrence Qty","Impact on Product Quality","Impact details(if any)","Impact level on product Quality","Inconvenience level to Customer","Past History available","Past History Details","Defect Type","Defect Considered in PFMEA","Current RPN","Defect Considered in QA Net","Current Rank","Own Process of the Section","Next Process / line (within production sec)","PCD Warehouse","External Transit Warehouse","Already Shipped to DNHA & delivered to","Others","How to continue next production","Target date of investigation & action","MD","Plant Head","PRD","MTD","SQD","PPD","PCD","QAD","PED","DIIN TC","DNJP QA","DNJP DE","Prepared By","Prepared Date","Preparer Comments","Checked HOS","HOS Comments","HOS Date Time","HOS Approval","Checked HOD","HOD Comments","HOD Date Time","HOD Approval","Checked QA HOS/HOD","QA HOS/HOD Comments","QA HOS/HOD Date Time","QA HOS/HOD Approval","Inform to Customer","DNJP or other OGC Information Required","Checked Plant Head","Plant Head Comments","Plant Head Date Time","Plant Head Approval","Plant Head Production","Plant Head Shipment","Checked QA COD","QA COD Comments","QA COD Date Time","QA COD Approval","QA COD Shipment","Department","Man","Machine","Method","Measurement","Material","Environment","Target Date","Customer Warehouse Batch Code","Customer Warehouse Total Qty","Customer Warehouse Checked Qty","Customer Warehouse NG Qty","Customer Warehouse Sorting Mark","In Transit Batch Code","In Transit Total Qty","In Transit Checked Qty","In Transit NG Qty","In Transit Sorting Mark","DNHA Warehouse Batch Code","DNHA Warehouse Total Qty","DNHA Warehouse Checked Qty","DNHA Warehouse NG Qty","DNHA Warehouse Sorting Mark","Receiving Inspection Batch Code","Receiving Inspection Total Qty","Receiving Inspection Checked Qty","Receiving Inspection NG Qty","Receiving Inspection Sorting Mark","In Transit Batch Code","In Transit Total Qty","In Transit Checked Qty","In Transit NG Qty","In Transit Sorting Mark","Supplier End Batch Code","Supplier End Total Qty","Supplier End Checked Qty","Supplier End NG Qty","Supplier End Sorting Mark","Process Batch Code","Process Total Qty","Process Checked Qty","Process NG Qty","Process Sorting Mark","Process Batch Code","Process Total Qty","Process Checked Qty","Process NG Qty","Process Sorting Mark","Process Batch Code","Process Total Qty","Process Checked Qty","Process NG Qty","Process Sorting Mark","Root Cause Occurrence","Root cause Outflow","Occurrence Factor","Outflow Factor","Countermeasure Occurrence","Countermeasure Outflow","PFMEA Defect RPN","QA Network Rank","Prepared By","Prepared Date","Preparer Comments","Checked HOS","HOS Comments","HOS Date Time","HOS Approval","Checked HOD","HOD Comments","HOD Date Time","HOD Approval","Target Date","Sorting Details Verification","Sorting Remarks","Root Cause Identified","Root Cause Remarks","Countermeasure","Countermeasure Remarks","Rejection Qty","Rejection Qty Remarks","Scrap Qty","Scrap Qty Remarks","Rework Qty","Rework Qty Remarks","Countermeasure Confirmation","Countermeasure Confirmation Remarks","Documents","Documents Remarks","Other","Other Remarks","Prepared By","Prepared Date Time","Preparer Comments","QA HOSS Approval","Checked QA HOS","HOS Comments","QA HOS Datetime","QA HOS Approval","Checked QP HOS","QP HOS Approval","HOSS Approval","Checked HOS","HOS Comments","HOS Datetime","HOS Approval","Checked HOD","HOD Comments","HOD Datetime","HOD Approval","Target Date","Yokonirami Status","Yokonirami Confirmation Q1","Yokonirami Confirmation Q2","Yokonirami Confirmation Q3","MD","PRD","SQD","PCD","PED","DNJP QA","Plant Head","MTD","PPD","QAD","DIIN TC","DJNP DE","Prepared By","Prepared Datetime","Preparer Comments","Checked QA HOD","QA HOD Comments","QA HOD Datetime","QA HOD Approval","Checked QA COD","QA COD Comments","QA COD Datetime","QA COD Approval","Target Date","Department","Q1 Ans","Q1 Remarks","Q2 Ans","Q2 Remarks","Q3 Ans","Q3 Remarks","Prepared By","Prepared Datetime",Preparer Comments","Checked HOS","HOS Comments","HOS Datetime","HOS Approval","Checked HOD","HOD Comments","HOD Datetime","HOD Approval","Checked QP HOS","QP HOS Comments","QP HOS Datetime","QP HOS Approval","Checked QA HOD","QA HOD Comments","QA HOD Datetime","QA HOD Approval","Checked QA COD","QA COD comments","QA COD Datetime","QA COD Approval"
"OT/2024/0006","B","OT","O","Yogesh Awasthi","2024-02-14 15:11:25","","2024-02-14 15:11:25","TDSG","Customer","2024-02-07","01/12/2023, 11/12/2023 & 21/11/2023(Casting Date)","G","06:00:00","12v Battery pack","","12V Battery Pack","HA210533-0020","Heat Sink leg bend(4th Re-occurrence)","Heat Sink leg bend due to which fitment with mating part is not possible. ","TDSG Assy Line","6","Supplier process","6","Yes","Fitment with mating part is not possible. ","2","4","Y","This is 4th re-occurrence. (Previous ATR is till Open OT/2023/0016)","Reoccurrence","Y","105","Y","C","","","","","","","Sorting started at Each Location(Supplier, DNHA, TTBIL & TDSG End)","08-02-2024","","","","","","","","","","","","","Yogesh Awasthi","14-02-2024 14:48:02","","Anil  Chhatri","","14-02-2024 15:11:25","Pending","","","","Pending","","","","Pending","","","","","","Pending","","","","","","","","","","","","","","","","","","","","","","","","","","","","","","","","","","","","","","","","","","","","","","","","","","","","","","","","","","","","","","","","","","","","","","","","","","","","","","","","","","","","","","","","","","","","","","","","","","","","","","","","","","","","","","","","","","","","","","","","","","","","","","","","","","","","","","","","","","","","","","","","","","","","","","","","","","","","","","","","","","","","","","","","","","","","","","","",""
"OT/2024/0005","B","OT","O","Deepak  Garg","2024-01-29 14:47:21","Soniya Malhotra","2024-02-12 13:41:30","MSIL","PRD","2024-01-25","25/01/24","A","07:50:00","1200","","VCT","HA229800-1200","Sprocket Timing mark position wrong side","Sprocket Timing mark position wrong side (SFL)","Visual check at SFL/Porite mix up check ","01","Supplier problem Local","01","Yes","Past customer claim ","3","3","Y","Already ATR raised","Reoccurrence","N","","N","","","","840","0","0","0","100% sorted parts from SQD & also quality alert raised at Final Visual","26-01-2024","","","","","","","","","","","","","Deepak  Garg","29-01-2024 14:27:52","Recent customer claim","Shibsankar Das","","29-01-2024 14:48:33","Approved","Anup Sherekar","","01-02-2024 11:41:24","Approved","Pardeep  Kaushik","","10-02-2024 08:41:24","Approved","Yes","Yes","Ajay Dhall","","12-02-2024 08:59:57","Approved","Production Stop","Shipment Hold","","","","","Shipment Hold","","","","","","","","","","","","","","","","","","","","","","","","","","","","","","","","","","","","","","","","","","","","","","","","","","","","","","","","","","","","","","","","","","","","","","","","","","","","","","","","","","","","","","","","","","","","","","","","","","","","","","","","","","","","","","","","","","","","","","","","","","","","","","","","","","","","","","","","","","","","","","","","","","","","","","","","","","","","","","","","","","","","","","","","",""
"OT/2024/0004","C","OT","O","Deepak  Garg","2024-01-29 14:26:46","Soniya Malhotra","2024-02-12 13:42:12","TIEI","PRD","2024-01-28","28/01/24","A","10:00:00","TNGA-EX","","VCT","HA229800-4600","Pressure release hole missing in housing (SMAC)","Pressure release hole missing in housing (SMAC)
Lot no:23/01/2024 <Machining date>","Rotor-Housing sub-assembly","01","Supplier problem Local","01","No","","3","2","N","","Occurrence","N","","N","","","","0","0","0","840","100% check at washing","29-01-2024","","","","","","","","","","","","","Deepak  Garg","29-01-2024 14:10:45","","Shibsankar Das","","29-01-2024 14:43:05","Approved","Anup Sherekar","","01-02-2024 11:45:15","Approved","Pardeep  Kaushik","","10-02-2024 08:43:30","Approved","No","No","Ajay Dhall","","12-02-2024 08:59:38","Approved","Production Stop","Shipment Hold","","","","","Shipment Hold","","","","","","","","","","","","","","","","","","","","","","","","","","","","","","","","","","","","","","","","","","","","","","","","","","","","","","","","","","","","","","","","","","","","","","","","","","","","","","","","","","","","","","","","","","","","","","","","","","","","","","","","","","","","","","","","","","","","","","","","","","","","","","","","","","","","","","","","","","","","","","","","","","","","","","","","","","","","","","","","","","","","","","","","",""
"OT/2024/0003","B","OT","O","Deepak  Garg","2024-01-29 10:39:54","Soniya Malhotra","2024-02-12 13:42:36","MSIL","PRD","2024-01-11","11/01/24","A","08:00:00","KB-IN","","VCT","HA229800-1200","At Final visual,Sprocket teeth chip off observed.","At Final visual,Sprocket teeth chip off observed.","FInal visual inspection","1","Supplier problem Local <Suppier :SFL>","1","Yes","Less strength of teeth ,can lead to criticl function failure in running","4","2","Y","Already ATR raised.","Reoccurrence","N","","Y","(C)","","","375","0","0","0","100 % Check available ","12-01-2024","","","","","","","","","","","","","Deepak  Garg","23-01-2024 11:59:05","Please take action at Supplier/VI to prevent outflow to line.","Shibsankar Das","Repeated issue from supplier side (Total 7 times outflowed in FY'23). So, take strong countermeasure from supplier / VI side.","29-01-2024 14:47:45","Approved","Anup Sherekar","","01-02-2024 11:45:56","Approved","Pardeep  Kaushik","","10-02-2024 08:44:24","Approved","No","No","Ajay Dhall","","12-02-2024 08:59:10","Approved","Production Stop","Shipment Hold","","","","","Shipment Hold","","","","","","","","","","","","","","","","","","","","","","","","","","","","","","","","","","","","","","","","","","","","","","","","","","","","","","","","","","","","","","","","","","","","","","","","","","","","","","","","","","","","","","","","","","","","","","","","","","","","","","","","","","","","","","","","","","","","","","","","","","","","","","","","","","","","","","","","","","","","","","","","","","","","","","","","","","","","","","","","","","","","","","","","",""
"IN/2024/0010","D","IN","O","Sukhwinder  Singh","2024-01-25 16:25:20","Anup Sherekar","2024-02-01 11:47:30","Aisan India","PRD","2024-01-24","13/Oct","A","10:00:00","YTA","","FP","086532-1810KD","High recheck & defect in YTA case fuel filter ","High recheck & defect in YTA case fuel filter (Recheck% 1.5,  DR % 0.7), Normal trend=0","Performance inspection","0.7%","Child part issue","0.7%","Yes","May impact functionality of part","3","1","N","","Occurrence","Y","36","Y","C","","","","","","","Cavity-4 parts are on hold","25-01-2024","","","","","","","","","","","","","Sukhwinder  Singh","25-01-2024 16:06:52","","Shibsankar Das","","29-01-2024 14:48:58","Approved","Anup Sherekar","","01-02-2024 11:47:30","Approved","","","","Pending","","","","","","Pending","","","","","","","","","","","","","","","","","","","","","","","","","","","","","","","","","","","","","","","","","","","","","","","","","","","","","","","","","","","","","","","","","","","","","","","","","","","","","","","","","","","","","","","","","","","","","","","","","","","","","","","","","","","","","","","","","","","","","","","","","","","","","","","","","","","","","","","","","","","","","","","","","","","","","","","","","","","","","","","","","","","","","","","","","","","","","","","",""
"IN/2024/0009","C","IN","O","Sukhwinder  Singh","2024-01-25 16:06:42","Soniya Malhotra","2024-02-12 13:43:09","Aisan India","PRD","2024-01-18","18-jan-24","C","12:00:00","YHB","","FP","086510-1980KD","Abnormal heat-caulking","Abnormal heat-caulking observed in YHB case","Visual check","1","Child part issue","1","Yes","May impact functionality of part (Functionality issue)","3","2","N","","Occurrence","N","","N","","","","","","","","sorted parts received from QA","19-01-2024","","","","","","","","","","","","","Sukhwinder  Singh","25-01-2024 15:50:49","","Shibsankar Das","","29-01-2024 14:49:37","Approved","Anup Sherekar","","01-02-2024 11:48:47","Approved","Pardeep  Kaushik","","10-02-2024 08:45:13","Approved","No","Yes","Ajay Dhall","","12-02-2024 08:58:50","Approved","Production Stop","Shipment Hold","","","","","Shipment Hold","","","","","","","","","","","","","","","","","","","","","","","","","","","","","","","","","","","","","","","","","","","","","","","","","","","","","","","","","","","","","","","","","","","","","","","","","","","","","","","","","","","","","","","","","","","","","","","","","","","","","","","","","","","","","","","","","","","","","","","","","","","","","","","","","","","","","","","","","","","","","","","","","","","","","","","","","","","","","","","","","","","","","","","","",""
"IN/2024/0008","B","IN","O","Sukhwinder  Singh","2024-01-23 16:25:57","Soniya Malhotra","2024-02-12 13:44:58","SMG","PRD","2024-01-18","HA02-14-05 -NG","B","04:00:00","7021(l60)","","FP","HA064342-1170","Housing plating pilling-out","Housing plating pilling-out after Hot staking process.","Hot staking","2","","","Yes","May impact functionality of part","3","3","N","","Occurrence","Y","84","Y","C","","","","","","","Production resumed after receiving sorted parts from SQ","19-01-2024","","","","","","","","","","","","","Sukhwinder  Singh","23-01-2024 15:25:15","","Shibsankar Das","","23-01-2024 16:59:05","Approved","Anup Sherekar","","29-01-2024 09:21:35","Approved","Pardeep  Kaushik","","10-02-2024 08:46:36","Approved","No","No","Ajay Dhall","","12-02-2024 08:58:25","Approved","Production Stop","Shipment Hold","","","","","Shipment Hold","","","","","","","","","","","","","","","","","","","","","","","","","","","","","","","","","","","","","","","","","","","","","","","","","","","","","","","","","","","","","","","","","","","","","","","","","","","","","","","","","","","","","","","","","","","","","","","","","","","","","","","","","","","","","","","","","","","","","","","","","","","","","","","","","","","","","","","","","","","","","","","","","","","","","","","","","","","","","","","","","","","","","","","","",""
"OT/2024/0002","B","OT","O","Deepak  Garg","2024-01-23 11:38:06","Soniya Malhotra","2024-02-12 13:46:11","TIEI","PRD","2024-01-10","10/01/24","A","11:15:00","TNGA-EX","","VCT","HA229800-4600","Sprocket teeth crack observed in TNGA-EX model .","While Visual check under magnifier after bolt tighteninng machine, Sprocket teeth crack observed in TNGA-EX model .","Additional visual check after bolt tightening","01","Supplier problem Local  <Supplier : Porite>","01","Yes","Teeth may break due to crack","4","2","N","","Reoccurrence","N","","Y","(C)","","","250","0","0","0","200% check available ","11-01-2024","","","","","","","","","","","","","Deepak  Garg","23-01-2024 11:20:45","","Shibsankar Das","","23-01-2024 14:02:57","Approved","Anup Sherekar","","29-01-2024 09:22:01","Approved","Pardeep  Kaushik","","10-02-2024 08:57:23","Approved","No","No","Ajay Dhall","","12-02-2024 08:58:01","Approved","Production Stop","Shipment Hold","","","","","Shipment Hold","","","","","","","","","","","","","","","","","","","","","","","","","","","","","","","","","","","","","","","","","","","","","","","","","","","","","","","","","","","","","","","","","","","","","","","","","","","","","","","","","","","","","","","","","","","","","","","","","","","","","","","","","","","","","","","","","","","","","","","","","","","","","","","","","","","","","","","","","","","","","","","","","","","","","","","","","","","","","","","","","","","","","","","","",""
"OT/2024/0001","D","OT","O","Deepak  Garg","2024-01-23 11:06:17","Anup Sherekar","2024-01-29 09:22:37","MSIL","PRD","2024-01-04","04/01/2024","A","12:30:00","KC-IN","","VCT","HA229800-3240","Housing Bush stopper press fit ID higher side NG","Housing ID spec:12.800- 12.818 mm  Actual :12.960 mm","Bush stopper press fit machine","6","Machining line","Will be updated by PRD-Parts","No","","1","1","Y","Already ATR raised","Reoccurrence","Y","48","Y","A","","","","","","","100 % Check available ","12-01-2024","","","","","","","","","","","","","Deepak  Garg","23-01-2024 10:40:14","Take action to avoid outflow to Assembly so that assembly DR can be achieved.","Shibsankar Das","","23-01-2024 14:04:23","Approved","Anup Sherekar","","29-01-2024 09:22:37","Approved","","","","Pending","","","","","","Pending","","","","","","","","","","","","","","","","","","","","","","","","","","","","","","","","","","","","","","","","","","","","","","","","","","","","","","","","","","","","","","","","","","","","","","","","","","","","","","","","","","","","","","","","","","","","","","","","","","","","","","","","","","","","","","","","","","","","","","","","","","","","","","","","","","","","","","","","","","","","","","","","","","","","","","","","","","","","","","","","","","","","","","","","","","","","","","","",""
"IN/2024/0007","D","IN","O","Surendra  Yadav","2024-01-20 11:07:34","Anup Sherekar","2024-01-29 09:23:33","MSIL","PRD","2023-11-21","Not Applicable","G","10:00:00","YCA ENG","","ECU","HA112017-0990","Case Fitment NG ","Due to Case dimension NG , fitment on Jig is NG","Silicon Application ","01","Supplier Process","01","Yes","Fitment NG","2","1","N","","Occurrence","Y","Not Apllicable","Y","D","","","","","","","NG Lot rejected & production resumed","19-01-2024","","","","","","","","","","","","","Surendra  Yadav","20-01-2024 10:58:35","","Rajeev  Gupta","No Comment","20-01-2024 12:07:14","Approved","Anup Sherekar","","29-01-2024 09:23:33","Approved","","","","Pending","","","","","","Pending","","","","","","","","","","","","","","","","","","","","","","","","","","","","","","","","","","","","","","","","","","","","","","","","","","","","","","","","","","","","","","","","","","","","","","","","","","","","","","","","","","","","","","","","","","","","","","","","","","","","","","","","","","","","","","","","","","","","","","","","","","","","","","","","","","","","","","","","","","","","","","","","","","","","","","","","","","","","","","","","","","","","","","","","","","","","","","","",""
"IN/2024/0006","D","IN","O","Rajesh  Bhardwaj","2024-01-19 15:26:54","Dilip Kayaratt","2024-01-30 08:51:19","TTIPL","PCD","2024-01-10","1R923105321","G","12:00:00","INSULATION BUSH","","12V Battery Pack","HA210537-00301U","3 pcs found short. ","381 nos found instead of 384.","DURING RECEIVING","381","During RECEIVING QTY VARIFICATION check","381","No","","1","1","N","","Reoccurrence","N","","N","","","","","","","","check all Part and no abnormality observed","11-01-2024","","","","","","","","","","","","","Rajesh  Bhardwaj","19-01-2024 14:54:08","","Jai  Bhagwan","","29-01-2024 16:21:21","Approved","Dilip Kayaratt","","30-01-2024 08:51:19","Approved","","","","Pending","","","","","","Pending","","","","","","","","","","","","","","","","","","","","","","","","","","","","","","","","","","","","","","","","","","","","","","","","","","","","","","","","","","","","","","","","","","","","","","","","","","","","","","","","","","","","","","","","","","","","","","","","","","","","","","","","","","","","","","","","","","","","","","","","","","","","","","","","","","","","","","","","","","","","","","","","","","","","","","","","","","","","","","","","","","","","","","","","","","","","","","","",""
"IN/2024/0005","D","IN","O","Rajesh  Bhardwaj","2024-01-18 09:16:42","Dilip Kayaratt","2024-01-19 08:48:29","TTIPL","QAD","2024-01-17","2023/50","G","08:19:00","HA210516-0090","","12V Battery Pack","Case Large","1 Pc found short during 100% check at TTBIL 
","Problem reported by TBIS QA: 1pcs found short in case large. (107pcs found in  jumbo box)
","100% inspection check","108","SQ sample check","108","No","","1","1","Y","Jan-24	TTBIL- WAREHOUSE	DNHA	1R923105321	ROAD	ROAD	HA210537-00301U	INSULATION BUSH	SHORT FOUND DURING  100% QAUNTITY CHECK PROCESS Dec-23	TTBIL- WAREHOUSE	DNHA	1R923104953	ROAD	ROAD	HA210537-00301U	INSULATION BUSH	SHORT FOUND DURING  100% QAUNTITY CHECK PROCESS Dec-23	TTBIL- WAREHOUSE	DNHA	1R923104822	ROAD	ROAD	HA210537-00301U	INSULATION BUSH	SHORT FOUND DURING  100% QAUNTITY CHECK PROCESS Dec-23	TTBIL- WAREHOUSE	DNHA	1R923104668	ROAD	ROAD	HA210537-00301U	INSULATION BUSH	SHORT FOUND DURING  100% QAUNTITY CH","Chronic","N","","N","","","","","","","","Hold fraction part and arrange short qty from DNHA to TTBIL for Dispatch","18-01-2024","","","","","","","","","","","","","Rajesh  Bhardwaj","18-01-2024 08:57:45","Please support for short supply","Jai  Bhagwan","","19-01-2024 08:46:54","Approved","Dilip Kayaratt","","19-01-2024 08:48:29","Approved","","","","Pending","","","","","","Pending","","","","","","","","","","","","","","","","","","","","","","","","","","","","","","","","","","","","","","","","","","","","","","","","","","","","","","","","","","","","","","","","","","","","","","","","","","","","","","","","","","","","","","","","","","","","","","","","","","","","","","","","","","","","","","","","","","","","","","","","","","","","","","","","","","","","","","","","","","","","","","","","","","","","","","","","","","","","","","","","","","","","","","","","","","","","","","","",""
"CC/2024/0002","S","CC","O","Pankaj  Sharma ","2024-01-17 09:27:37","Soniya Malhotra","2024-01-22 09:27:29","MSIL","Customer","2024-01-06","13 12 G (13th Dec’23)","B","10:00:00","Y1K ","","ECU","HA152100-1561 ","Vehicle reported for DTC Code - B1003-04 ","ECU Internal failure ","Assembly Line @MSIL","1","TBD","1","Yes","A/B ECU functional failure ","","","N","","Occurrence","N","","N","","","","","","","","Product will fail if DTC recorded","07-01-2024","","","","","","","","","","","","","Pankaj  Sharma ","09-01-2024 16:23:37","","Atul  Pandit","Customer Claim in A/B ECU: ECU Internal Failure, R/C is under investigation with DNJP support. ","17-01-2024 10:19:12","Approved","Soniya Malhotra","","17-01-2024 15:14:25","Approved","Atul  Pandit","","20-01-2024 14:59:21","Approved","Yes","Yes","Ajay Dhall","","22-01-2024 08:48:36","Approved","Production Stop","Shipment Hold","","","","","No Shipment Hold","","","","","","","","","","","","","","","","","","","","","","","","","","","","","","","","","","","","","","","","","","","","","","","","","","","","","","","","","","","","","","","","","","","","","","","","","","","","","","","","","","","","","","","","","","","","","","","","","","","","","","","","","","","","","","","","","","","","","","","","","","","","","","","","","","","","","","","","","","","","","","","","","","","","","","","","","","","","","","","","","","","","","","","","",""
"CC/2024/0001","S","CC","O","Jagdeep  Singh","2024-01-13 15:55:18","Soniya Malhotra","2024-01-24 09:29:16","SIM","Customer","2024-01-11","16 Oct 2023","G","10:52:00","KB Intake","","VCT","HA229800-1200","VCT Sprocket Line timing mark position shift ","Sprocket Line timing mark position shift as 180 Deg.","Customer end","372","Compaction (Supplier : SFL)","","Yes","Line Timing mark used for alignment check during Engine repair.","","","N","","Occurrence","N","","N","","","","13265","2700","154245","43","Sorted OK part use for production","12-01-2024","","","","","","","","","","","","","Jagdeep  Singh","13-01-2024 15:41:36","","Pardeep  Kaushik","","19-01-2024 10:11:22","Approved","Soniya Malhotra","","20-01-2024 14:54:00","Approved","Pardeep  Kaushik","","22-01-2024 09:25:20","Approved","Yes","Yes","Ajay Dhall","","23-01-2024 09:04:39","Approved","Production Stop","Shipment Hold","","","","","Shipment Hold","","","","","","","","","","","","","","","","","","","","","","","","","","","","","","","","","","","","","","","","","","","","","","","","","","","","","","","","","","","","","","","","","","","","","","","","","","","","","","","","","","","","","","","","","","","","","","","","","","","","","","","","","","","","","","","","","","","","","","","","","","","","","","","","","","","","","","","","","","","","","","","","","","","","","","","","","","","","","","","","","","","","","","","","",""
"IN/2024/0004","B","IN","O","Sukhwinder  Singh","2024-01-10 12:05:02","Soniya Malhotra","2024-01-16 10:04:26","MSIL","PRD","2023-12-12","02-Jan","B","09:15:00","YCA","","FP","HA196129-0740","High Defect rate- Close valve NG in YCA Supporter","YCA Close valve NG issue continues from long time (From June'23)
6.6% Defect rate observed in last improved lot handover by SQ.","Performance Inspection","6.6% Defect rate ","Child part issue","6.6% approx/lot","Yes","May impact functionality of part","3","3","Y","Continue from long time .","Reoccurrence","Y","84","Y","C","","","","","","","Production continues with assy angle of 180deg. to minimize defect rate ","11-01-2024","","","","","","","","","","","","","Sukhwinder  Singh","10-01-2024 11:50:31","","Shibsankar Das","","10-01-2024 16:50:05","Approved","Anup Sherekar","","12-01-2024 08:53:50","Approved","Pardeep  Kaushik","","15-01-2024 12:03:04","Approved","No","No","Ajay Dhall","","16-01-2024 09:11:45","Approved","Production Stop","Shipment Hold","","","","","No Shipment Hold","","","","","","","","","","","","","","","","","","","","","","","","","","","","","","","","","","","","","","","","","","","","","","","","","","","","","","","","","","","","","","","","","","","","","","","","","","","","","","","","","","","","","","","","","","","","","","","","","","","","","","","","","","","","","","","","","","","","","","","","","","","","","","","","","","","","","","","","","","","","","","","","","","","","","","","","","","","","","","","","","","","","","","","","",""
"IN/2024/0003","B","IN","O","Sukhwinder  Singh","2024-01-10 11:50:19","Pushpendra Agrawal","2024-01-30 08:55:13","TTIPL","PRD","2023-12-12","02-Jan-24","G","09:15:00","COV","","FP","HA101965-0152","COV 7 kPa flow NG","7Kpa Flow NG issue continue from last few months.
As per PED analysis -Major contribution is due to Spring.","Float Performance inspection","Defect rate- 20% approx.","Child parts issue","Defect rate- 20% approx./Lot","Yes","May impact functionality of part","3","3","Y","Continue from long time (Multiple time occurrence)","Reoccurrence","Y","64","Y","A","","","","","","","Production on-going with high defect rate with CFT Consensuses","03-01-2024","","","","","","","","","","","","","Sukhwinder  Singh","10-01-2024 11:17:19","","Shibsankar Das","","10-01-2024 16:51:04","Approved","Anup Sherekar","","12-01-2024 08:55:16","Approved","Pardeep  Kaushik","","15-01-2024 12:06:23","Approved","No","No","Ajay Dhall","","16-01-2024 09:12:17","Approved","Production Stop","Shipment Hold","","","","","No Shipment Hold","PED","None","None","None","None","None","None","26-12-2023","will be update by PRD/QA","00","0","0","will be update by PRD/QA","will be update by PRD/QA","0","0","0","will be update by PRD/QA","will be update by PRD/QA","0","0","0","will be update by PRD/QA","will be update by PRD/QA","0","0","0","will be update by PRD/QA","will be update by PRD/QA","0","0","0","will be update by PRD/QA","will be update by PRD/QA","0","0","0","will be update by PRD/QA","will be update by PRD/QA","0","0","0","will be update by PRD/QA","will be update by PRD/QA","0","0","0","will be update by PRD/QA","will be update by PRD/QA","0","0","0","will be update by PRD/QA","Child part combination impact (Valve, seat valve & Spring)","None","Root cause not clear","Latent Defect","Root cause analysis ongoing","100% inspection & auto stamp on OK part","70","A","Pradeep Kumar","29-01-2024 08:46:24","","Himanshu  Gautam ","none","29-01-2024 09:21:17","Approved","Pushpendra Agrawal","QAD & SQD are requested to take next action as per above investigation report.","30-01-2024 08:54:15","Approved","","","","","","","","","","","","","","","","","","","","","","","","","","","","","","","","","","","","","","","","","","","","","","","","","","","","","","","","","","","","","","","","","","","","","","","","","","","","","","","","","","","","","","","","","","","","","","","","",""
"IN/2024/0002","D","IN","O","Deepak  Garg","2024-01-06 10:27:11","Anup Sherekar","2024-01-12 08:56:50","MSIL","PRD","2024-01-04","04/01/2024","B","05:00:00","KC-IN","","VCT","HA229800-3240","Bush stopper press fit load NG","Load coming lower than specification.","Offline measurement","1","Supplier problem Local","Will be updated by SQD","No","","1","1","Y","Already ATR raised","Reoccurrence","Y","48","Y","A","","","","","","","100 % Check available ","05-01-2024","","","","","","","","","","","","","Deepak  Garg","06-01-2024 10:05:17","Please take action to control In-process defect rate ","Shibsankar Das","","06-01-2024 13:09:34","Approved","Anup Sherekar","","12-01-2024 08:56:50","Approved","","","","Pending","","","","","","Pending","","","","","","","","","","","","","","","","","","","","","","","","","","","","","","","","","","","","","","","","","","","","","","","","","","","","","","","","","","","","","","","","","","","","","","","","","","","","","","","","","","","","","","","","","","","","","","","","","","","","","","","","","","","","","","","","","","","","","","","","","","","","","","","","","","","","","","","","","","","","","","","","","","","","","","","","","","","","","","","","","","","","","","","","","","","","","","","",""
"IN/2024/0001","D","IN","C","Sukhwinder  Singh","2024-01-05 10:12:47","Anup Sherekar","2024-02-10 12:55:24","Aisan India","PRD","2023-10-05","03-Jan-24","A","08:00:00","TATA","","FP","HA195140-7081","Magnet(Jig component) found missing from magnet-spring(Child part) resting jig.","Magnet(Jig component) found missing from magnet-spring(Child part) resting jig.
Abnormality observed by stage person while production <No Such check point>
When : 03-Jan @ 08:30hrs","Magnet spring assy","0","Magnet spring assy","0","Yes","May impact functionality of part (Functionality issue)","3","1","N","","Occurrence","N","","N","","113","","","","","","Immediate Action : 1.Line stopped & information shared with CFT<MTD/QAD/PED> 2.Interviewed stage person & as per TM Feedback – he saw this magnet last @ 07:50hr At 07:50 part was stuck in jig & TM follow stop call wait & TL handle that part. Similar issue ","04-01-2024","","","","","","","","","","","","","Sukhwinder  Singh","05-01-2024 09:26:48","","Shibsankar Das","","05-01-2024 10:22:41","Approved","Anup Sherekar","","12-01-2024 08:57:22","Approved","","","","Pending","","","","","","Pending","","","","","","","","MTD","NA","NA","NA","NA","NA","NA","19-10-2023","0","0","0","0","0","0","0","0","0","0","0","0","0","0","0","0","0","0","0","0","0","0","0","0","0","0","0","0","0","0","0","0","0","0","0","0","0","0","0","0","0","0","0","0","0","Under Analysis (With CFT Support)","NA","Root cause not clear","Process skipped","On Suspected basis , Spring Resting jig design change","NA","NA","NA","Ankur  Bansal","29-01-2024 10:07:00","","Yogesh  Anand","T.D of implementation is 15th Feb with CFT approval","30-01-2024 09:38:35","Approved","Yogesh  Dhyani","","30-01-2024 13:28:40","Approved","02-11-2023","Yes","Tick mark on Kanban/Prd Slip","Yes","Jig design as shared by MTD","ok","Final Countermeasure Target date: 15-Feb-24","No","0","No","0","No","0","No","15-02-2024","No","Not applicale","No","Not applicable","Sukhwinder  Singh","08-02-2024 12:13:21","Cause - Identified (jig issue)
New jig under fabrication, MTD will implement till 15-feb-24.","","","","","","","","Approved","Shibsankar Das","","10-02-2024 12:42:04","Approved","Anup Sherekar","","10-02-2024 12:55:06","Approved","","","","","","","","","","","","","","","","","","","","","","","","","","","","","","","","","","","","","","","","","","","","","","","","","","","","","","","","","","",""
"OT/2023/0030","C","OT","C","Bindu Kakkar","2023-12-16 16:35:27","Soniya Malhotra","2024-01-22 09:48:44","Aisan India","Customer","2023-12-14","28-11-2023","B","09:37:00","YRA","","FP","HA101962-9635","NG identification on SIFS FG bin","NG mentioned outside bin passed to Aisan","TTIBL Visual Inspection-Aisan","4 ","TBC","TBC","No","","1","3","N","","Occurrence","N","","N","","","","","","","","Not related to Production","15-12-2023","","","","","","","","","","","","","Bindu Kakkar","16-12-2023 16:29:42","","Pardeep  Kaushik","","18-12-2023 13:53:10","Approved","Soniya Malhotra","","19-12-2023 09:10:06","Approved","Pardeep  Kaushik","","22-12-2023 10:27:00","Approved","No","No","Ajay Dhall","","23-12-2023 09:39:48","Approved","Production Stop","Shipment Hold","","","","Pending","Shipment Hold","PCD","na","na","na","na","na","na","28-12-2023","0","1040","1040","0","0","0","300","300","0","0","0","600","0","0","0","0","0","0","0","0","0","0","0","0","0","0","0","0","0","0","0","0","0","0","0","0","0","0","0","0","0","0","0","0","0","NG identification written by AISAN QA at Gujrat Plan. ","NG identification written by AISAN QA at Gujrat Plan. 
","Insufficient Operation & Standardization  ","Insufficient Abnormality Handling","We Informed to Aisan Not to mark on Bin, Matter is closed.","AS there is no involvement from DNHA side, So we informed to Aisan not to mark on Bin. ","0","0","Rajesh  Bhardwaj","09-01-2024 09:19:54","","Jai  Bhagwan","- As occurrence and out flow is from Aisan Side, So There is no role of DNHA.","10-01-2024 08:55:37","Approved","Dilip Kayaratt","Please change countermeasure. ","12-01-2024 13:24:54","Approved","11-01-2024","Yes","","Yes","","ok","This is external cause (marking by Aisan members)","No","","No","","No","","No","18-01-2024","No","No change","No","","Bindu Kakkar","18-01-2024 10:29:40","","Approved","Pardeep  Kaushik","","20-01-2024 10:46:21","Approved","Mala Goyal","Approved","","","","","","","","","","11-01-2024","Yokonirami not required","","","","","","","","","","","","","","","","Mala Goyal","20-01-2024 16:20:34","","Soniya Malhotra","AISAN taken measures for future prevention.","22-01-2024 09:31:13","Approved","","","","Pending","","","","","","","","","","","","","","","","","","","","","","","","","","","","","","",""
"IN/2023/0066","C","IN","O","Rajesh  Bhardwaj","2023-12-14 14:59:43","Soniya Malhotra","2023-12-23 11:23:21","Aisan India","PCD","2023-12-14","packing code-8126058","G","12:00:00","TATA X104","","FP","HA101965-01521R","DURING PACKING AT SANKYU WH -->CAP MISSING AFTER QA CHECK","","DURING REPACKING AT SANKYU WH","1 PCS/40 PCS","RE-INSPECTION AT SANKYU WH BEFORE CUSTOMER DELIVERY","1 PC","Yes","1 PC","3","2","N","","Occurrence","N","","N","","","","0","1000","3600","0","HOLD-40 PCS","15-12-2023","","","","","","","","","","","","","Rajesh  Bhardwaj","14-12-2023 14:38:56","","Jai  Bhagwan","","19-12-2023 09:21:09","Approved","Dilip Kayaratt","","19-12-2023 09:41:55","Approved","Pardeep  Kaushik","","22-12-2023 10:30:15","Approved","No","No","Ajay Dhall","","23-12-2023 09:39:25","Approved","Production Stop","Shipment Hold","","","","","Shipment Hold","","","","","","","","","","","","","","","","","","","","","","","","","","","","","","","","","","","","","","","","","","","","","","","","","","","","","","","","","","","","","","","","","","","","","","","","","","","","","","","","","","","","","","","","","","","","","","","","","","","","","","","","","","","","","","","","","","","","","","","","","","","","","","","","","","","","","","","","","","","","","","","","","","","","","","","","","","","","","","","","","","","","","","","","",""
"IN/2023/0065","B","IN","O","Sukhwinder  Singh","2023-12-14 13:04:47","Anup Sherekar","2024-01-29 09:24:02","Aisan India","PRD","2023-12-12","12-Dec-23","A","09:15:00","TATA","","FP","HA101965-0152","One broken piece of flange nail found inside the flange bin.","One broken piece of flange nail found inside the flange bin.
Other Significant details:
-Broken nail found is of TATA flange used to lock COV in flange<Refer image>.  
-Bin in which problem found i","FSA-4 <Visual inspection>","1","Under investigation","1","Yes","May impact functionality of part","2","3","Y","Last observed in Feb'21","Reoccurrence","N","","N","","","","712","1080","9968","0","Quality alert raised to enhance TM sensitivity","13-12-2023","","","","","","","","","","","","","Sukhwinder  Singh","14-12-2023 12:38:47","","Shibsankar Das","","15-12-2023 08:25:36","Approved","Anup Sherekar","","15-12-2023 17:02:32","Approved","Pardeep  Kaushik","Problem details shared with AIsan for checking  Aisan stock  at sankyu and tank maker @ Pune ","19-12-2023 11:53:11","Approved","Yes","No","Ajay Dhall","","20-12-2023 08:53:46","Approved","Production Stop","Shipment Hold","","","","","Shipment Hold","PRD","No Change","No Change","None","No Change","No Change","None","26-12-2023","12-Dec-24","0","0","0","Not applicable","12-Dec-24","0","0","0","Not applicable","12-Dec-24","9360","2076","1","Tick mark on Kanban","Not Applicable","0","0","0","Not applicable","Not applicable","0","0","0","Not applicable","Not Applicable","0","0","0","Not Applicable","Not applicable","0","0","0","Not applicable","Not applicable","0","0","0","Not Applicable","Not Applicable","0","0","0","Not applicable","Chances of hitting, part recreated during simulation trail.
(Refer attached report)","Insufficient instruction in CPIS","Insufficient Equipment Design","Method not sufficient","Jig modified with PED support.
(Refer attached ppt)","Checking method improved.
(Refer attached ppt)","Not available","Not available","Sukhwinder  Singh","23-01-2024 13:25:25","","Shibsankar Das","","23-01-2024 14:01:05","Approved","Anup Sherekar","","29-01-2024 09:23:53","Approved","","","","","","","","","","","","","","","","","","","","","","","","","","","","","","","","","","","","","","","","","","","","","","","","","","","","","","","","","","","","","","","","","","","","","","","","","","","","","","","","","","","","","","","","","","","","","","","","",""
"CC/2023/0028","S","CC","O","Rahul  Singh","2023-12-14 12:11:10","Pushpendra Agrawal","2024-02-01 18:29:00","MSIL","QAD","2023-10-12","6.12.2023","B","05:00:00","YRA Dual","","INJ","HA297500-2471","Air Leak NG","Air Leak NG","Sub Assy Air Leak station","1","At MSIL_M","1","Yes","Air Leak NG","","","Y","Quality ALert raised","Reoccurrence","N","","N","","","","0","0","0","0","Information shared to CFT","13-12-2023","","","","","","","","","","","","","Rahul  Singh","14-12-2023 11:58:23","Please approve","Pushpendra  Singh","","23-12-2023 08:49:20","Approved","Soniya Malhotra","","23-12-2023 11:24:19","Approved","Pushpendra  Singh","","20-01-2024 15:27:51","Approved","Yes","Yes","Ajay Dhall","","22-01-2024 08:48:14","Approved","Production Stop","Shipment Hold","","","","","No Shipment Hold","PED","None","None","None","None","None","None","19-10-2023","0","0","0","0","0","0","0","0","0","0","0","0","0","0","0","0","0","0","0","0","0","0","0","0","0","0","0","0","0","0","0","0","0","0","0","0","0","0","0","0","0","0","0","0","0","Root Cause unclear.

Suspected root cause-1 : FM wear out from Air Leak check Jig & pass inside product.
Suspected root cause-2 : FM remain inside Needle after Ultrasonic washing operation at assembly line.","FM not available at Nozzle Hole area during Inspection. ","Foreign Material","Method not sufficient","Suspected cause-1 : To be explained by PRD/MTD.
Suspected cause-2 : Investigation ongoing w/DNJP for "FM Total count" criteria addition after Washing operation at Needle Machining line.","None","72","A","Saurabh  Kapoor","01-02-2024 17:37:11","BKD Draft investigation report attached for reference.","Himanshu  Gautam ","NONE","01-02-2024 17:58:57","Approved","Pushpendra Agrawal","","01-02-2024 18:26:18","Approved","","","","","","","","","","","","","","","","","","","","","","","","","","","","","","","","","","","","","","","","","","","","","","","","","","","","","","","","","","","","","","","","","","","","","","","","","","","","","","","","","","","","","","","","","","","","","","","","",""
"CC/2023/0027","S","CC","O","Shivangi  Dwivedi","2023-12-13 09:25:03","Anup Sherekar","2024-01-29 09:57:56","TDSG","Customer","2023-11-29","Nov 23","B","12:00:00","ISS BMU","","12V Battery Pack","210550-0250-00HA","Extra Sealer on the Connector Body","Extra Humiseal was found on the connector body  during camera inspection","customer end","828","sealer application process at dnha","8000","Yes","There is high chance that this humiseal may enter into connector terminal is high and can create performance issue.","","","N","","Occurrence","Y","70","Y","C","","","0","0","8000","0","Check point added at production line","30-11-2023","","","","","","","","","","","","","Shivangi  Dwivedi","13-12-2023 08:46:10","extra humiseal observed by TDSG at connector are. Sorting ongoing at customer end to check suspected stock (approx. 8000)","Anil  Chhatri","Need to Coordinate with DNJP design to modify the drawing","04-01-2024 09:50:37","Approved","Soniya Malhotra","","04-01-2024 10:49:39","Approved","Anil  Chhatri","Regarding correction in drawing, follow up ongoing with DNJP Design, progress will update in JAN2W/24.","06-01-2024 11:32:00","Approved","Yes","Yes","Ajay Dhall","","09-01-2024 09:31:30","Approved","Production Stop","Shipment Hold","","","","","Shipment Hold","PRD","No change point","Coat -1 & 2 width adjust","No change point","No change point","No change point","No change point","06-12-2023","16-11-2023","9467","9467","828","Dot mark on kanban","23-11-23","0","0","0","NIL","24-11--23","72","72","0","Dot mark on kanban","NA","0","0","0","NA","NA","0","0","0","NA","NA","0","0","0","NA","23-11-23","12","12","0","Dot mark on KANBAN","NA","0","0","0","NA","NA","0","0","0","NA","Nozzle chip loose","That particular area hide while holding the product","Insufficient Equipment management","Method not sufficient","Nozzle chip tight and check point added in machine check sheet","Holding method revised while doing the inspection","NA","C","Shijoy  Vv","23-01-2024 16:14:28","","Rajeev  Gupta","Temporary Actions already taken by MTD & PRD , For Permanent Action, Pallet Modification ongoing  by PED through MMD Support. (by  end Feb'24)","29-01-2024 09:47:26","Approved","Anup Sherekar","","29-01-2024 09:57:40","Approved","","","","","","","","","","","","","","","","","","","","","","","","","","","","","","","","","","","","","","","","","","","","","","","","","","","","","","","","","","","","","","","","","","","","","","","","","","","","","","","","","","","","","","","","","","","","","","","","",""
"CC/2023/0026","S","CC","O","Pankaj  Sharma ","2023-12-12 14:54:03","Soniya Malhotra","2023-12-19 16:01:01","SMG","Customer","2023-12-07","21st Nov 23     ","G","11:00:00","YTB Air Bag","","ECU","HA151100-3091 ","DTC B1003-04 (ECU Internal failure)","Vehicle reported for DTC Code - B140E-02 (A/B Communication Error) & B1003-04 (ECU Internal failure)","SMG (EOL)","01","Vehicle fitment","01","Yes","Functional failure","","","Y","Same DTC observed in Past and concluded as Cause not clear","Occurrence","N","","N","","","","","","","","Information shared to CFT and no other in-process defect nearby claim part manufacturing date","08-12-2023","","","","","","","","","","","","","Pankaj  Sharma ","12-12-2023 14:14:43","","Atul  Pandit","","13-12-2023 09:54:34","Approved","Soniya Malhotra","","14-12-2023 11:26:00","Approved","Atul  Pandit","","15-12-2023 09:15:17","Approved","Yes","Yes","Ajay Dhall","","18-12-2023 14:22:23","Approved","Production Stop","Shipment Hold","","","","","No Shipment Hold","","","","","","","","","","","","","","","","","","","","","","","","","","","","","","","","","","","","","","","","","","","","","","","","","","","","","","","","","","","","","","","","","","","","","","","","","","","","","","","","","","","","","","","","","","","","","","","","","","","","","","","","","","","","","","","","","","","","","","","","","","","","","","","","","","","","","","","","","","","","","","","","","","","","","","","","","","","","","","","","","","","","","","","","",""
"CC/2023/0025","S","CC","O","Pankaj  Sharma ","2023-12-11 17:15:48","Anup Sherekar","2024-01-29 09:26:57","TKM","Customer","2023-11-28","7 11 G (7th Nov’23)","G","03:00:00"," 560B","","ECU","HA277600-0231 ","Abnormal Noise / Rattling Noise in the part","TKM stated that during assembly of the parts they found abnormal noise .","Assembly Process @TKM","2","TBC","","Yes","Noise in Vehicle ","","","N","","Occurrence","N","","N","","","","384","0","0","0","Quality alert at Manufacturing Line for Abnormal rattling noise","29-11-2023","","","","","","","","","","","","","Pankaj  Sharma ","11-12-2023 16:22:32","","Atul  Pandit","","13-12-2023 09:57:20","Approved","Soniya Malhotra","","14-12-2023 11:26:53","Approved","Atul  Pandit","","15-12-2023 09:06:50","Approved","No","No","Ajay Dhall","","18-12-2023 14:25:58","Approved","Production Stop","Shipment Hold","","","","","Shipment Hold","PRD","No","No","No","No","No","No","05-12-2023","NA","0","0","0","NA","NA","0","0","0","0","24-11-2023","360","360","0","Posca Mark on Kanban","NA","0","0","0","0","NA","0","0","0","0","NA","0","0","0","0","NA","0","0","0","0","NA","0","0","0","0","NA","0","0","0","0","Under Investigation by SQD","Not detectable ","Root cause not clear","Method not sufficient","SQD will share","Shaking method changed to detect sound (Before Shake X-Axis only & After Shake Y-Axis) --> ","Not Applicable","D","Surendra  Yadav","18-01-2024 09:20:51","SQD need to investigate & share Occurrence Cause & C/M","Rajeev  Gupta","From PRD , Already Consider Action for Flow out  (Change method of Shaking the Assy. ) So that Sound will be Detect during Shaking","20-01-2024 11:59:58","Approved","Anup Sherekar","","29-01-2024 09:26:33","Approved","","","","","","","","","","","","","","","","","","","","","","","","","","","","","","","","","","","","","","","","","","","","","","","","","","","","","","","","","","","","","","","","","","","","","","","","","","","","","","","","","","","","","","","","","","","","","","","","",""
"OT/2023/0029","B","OT","O","Bindu Kakkar","2023-12-08 09:24:57","Dilip Kayaratt","2024-01-12 13:24:25","MSIL","QAD","2023-12-07",",30-11-23","G","12:00:00","YFG","","FP","HA101965- 09911A","Parts found in tilt condition during sorting","Problem observed in Sorting of Dust proof cap torn out during sorting:
1. Part orientation change.
2. Bin found in misaligned condition
3. Parts found misaligned in 1 bin.","Sorting","132","Handling","TBC","Yes","We faced several issues from tank maker and customer regarding Sender gauge arm bend, broken, resistance NG.","3","3","N","","Occurrence","N","","N","","","","","","","","Sorting already ongoing","08-12-2023","","","","","","","","","","","","","Bindu Kakkar","08-12-2023 08:58:08","","Pardeep  Kaushik","","12-12-2023 15:54:51","Approved","Soniya Malhotra","","14-12-2023 11:27:47","Approved","Pardeep  Kaushik","","22-12-2023 10:26:06","Approved","No","No","Ajay Dhall","","23-12-2023 09:39:00","Approved","Production Stop","Shipment Hold","","","","","Shipment Hold","PCD","YES","NO","YES","YES","NO","YES","21-12-2023","0","12500","12500","8","0","0","0","0","0","0","0","00","0","0","0","NA","0","0","0","0","NA","0","0","0","0","NA","0","0","0","0","NA","0","0","0","0","NA","0","0","0","0","NA","0","0","0","0","Parts handling by multiple members during inspection","NA","Insufficient Abnormality Handling","Insufficient Abnormality Handling","NA","NA","NA","NA","Rajesh  Bhardwaj","06-01-2024 09:06:38","SIFS Abnormal handling Report","Jai  Bhagwan","There is no abnormal handling issue from Warehouse and PCD side, As Parts were handled by multiple members so Root cause can't be established, But From PCD side one point lesson is raised   from PC side for sensitization of T.M.'s ","10-01-2024 08:46:51","Approved","Dilip Kayaratt","","12-01-2024 13:23:28","Approved","","","","","","","","","","","","","","","","","","","","","","","","","","","","","","","","","","","","","","","","","","","","","","","","","","","","","","","","","","","","","","","","","","","","","","","","","","","","","","","","","","","","","","","","","","","","","","","","",""
"OT/2023/0028","D","OT","O","Sukhwinder  Singh","2023-12-06 15:41:14","Shibsankar Das","2024-02-12 14:34:54","HCIL","PRD","2023-10-05","01-04-23","B","06:00:00","2CT-G","","FP","HA292100-6053","Air-leak NG <Heavy leakage observed from Pump side O-Ring Area>","Air-leak NG <Heavy leakage observed from Pump side O-Ring Area>
Spec : < 216pa, Actual : not shown by m/c
Immediate action : As leakage was observed from O-Ring area, disassembly done to check O-Rin","Air-Leak inspection","1","Case stainer & Pump assy","1","Yes","May impact functionality of part (Functionality issue)","3","1","N","","Occurrence","Y","64","Y","A","","","240","0","0","0","1.TM Hand motion was observed – No abnormality observed. 2.Ondina oil flow condition checked – Found OK 3.Ondina oil application area checked/part side – Found OK 4.Press fitting m/c verified – Punch condition found abnormal. Observation : Punch was found ","02-12-2023","","","","","","","","","","","","","Sukhwinder  Singh","06-12-2023 15:29:59","","Shibsankar Das","","06-12-2023 16:05:33","Approved","Anup Sherekar","","06-12-2023 17:31:36","Approved","","","","Pending","","","","","","Pending","","","","","","","","PRD","Not applicable","Press fitting punch mounting unit thread found wear-out.","none","Not applicable","Not applicable","None","19-10-2023","1-Dec-24","0","0","0","Not applicable","1-Dec-24","0","0","0","Not applicable","1-Dec-24","0","0","0","Not applicable","Not Applicable1","0","0","0","Not applicable","Not applicable","0","0","0","Not applicable","Not Applicable","0","0","0","Not Applicable","Air-leak inspection","40","40","0","Not applicable","Not applicable","0","0","0","Not Applicable","Not Applicable","0","0","0","Not applicable","Punch found in loose condition. (Thread wear-out/Refer attached report)","Not applicable (Part detected @ Air-leak inspection)","Insufficient Equipment management","Rule not available","Check point added for changeover & PM check sheet","Not applicable","64","A","Sukhwinder  Singh","23-01-2024 13:37:56","Request to QA : As Outflow not applicable in this case but I have to select one of given option as unable to write my own due to system limitation, Kindly do the needful.","Shibsankar Das","","23-01-2024 14:47:37","Approved","Anup Sherekar","","29-01-2024 09:25:31","Approved","02-11-2023","No","100% detection by m/c, Sorting not required.","Yes","","ok","Yes, related documents also update.","No","0","No","No part other than Air-leak NG scrap","No","0","Yes","08-02-2024","No","Not Applicable","No","Not Applicable","Sukhwinder  Singh","08-02-2024 12:19:22","","","","","","","","","Approved","Shibsankar Das","","12-02-2024 14:34:34","Approved","Anup Sherekar","","","Pending","","","","","","","","","","","","","","","","","","","","","","","","","","","","","","","","","","","","","","","","","","","","","","","","","","","","","","","","","","",""
"IN/2023/0064","C","IN","O","Sukhwinder  Singh","2023-12-06 11:32:30","Soniya Malhotra","2023-12-19 08:57:49","MSIL","PRD","2023-10-05","Lead wire lot : 231104L2B","C","08:00:00","YTA","","FP","HA101962-9624"," Lead Wire pump side blue wire come out from connector. ","Lead Wire pump side blue wire come out from connector. Problem was detected by stage person after assembly of lead wire, Wire terminal come out from connector when TM  Pull lead wire gently to confirm","Lead-wire assembly","1","Child part issue(Suspected)","1","Yes","May impact functionality of part (continuity issue)","3","2","Y","Last observed in Nov'21","Reoccurrence","N","","N","","","","","","","","All Doubtful lot handover to SQD & Production continue with Different lot","05-12-2023","","","","","","","","","","","","","Sukhwinder  Singh","06-12-2023 11:16:59","","Shibsankar Das","","06-12-2023 12:20:17","Approved","Anup Sherekar","","06-12-2023 17:32:08","Approved","Pardeep  Kaushik","","12-12-2023 15:53:40","Approved","No","No","Ajay Dhall","","18-12-2023 14:25:29","Approved","Production Stop","Shipment Hold","","","","","Shipment Hold","","","","","","","","","","","","","","","","","","","","","","","","","","","","","","","","","","","","","","","","","","","","","","","","","","","","","","","","","","","","","","","","","","","","","","","","","","","","","","","","","","","","","","","","","","","","","","","","","","","","","","","","","","","","","","","","","","","","","","","","","","","","","","","","","","","","","","","","","","","","","","","","","","","","","","","","","","","","","","","","","","","","","","","","",""
"OT/2023/0027","B","OT","O","Bindu Kakkar","2023-12-04 15:23:58","Anup Sherekar","2024-01-29 09:28:00","Aisan India","Customer","2023-12-01","22-11-2023","B","09:37:00","YTA","","FP","HA101962-9624","YTA SIFS Dust Proof Cap found Tear off ","YTA SIFS Dust Proof Cap found Tear off at TTIBL","TTIBL Visual Inspection","1","Cap assy","TBC","No","","2","4","Y","Root cause not clear.","Reoccurrence","N","","N","","","","18649","2160","0","0","Q-alert raised to DNHA SIFS line","02-12-2023","","","","","","","","","","","","","Bindu Kakkar","04-12-2023 14:46:20","","Pardeep  Kaushik","","05-12-2023 11:07:26","Approved","Soniya Malhotra","","07-12-2023 15:57:41","Approved","Pardeep  Kaushik","This issue reported by Aisan team  so report till AIsan only","12-12-2023 09:52:21","Approved","No","No","Ajay Dhall","","18-12-2023 14:22:53","Approved","Production Stop","Shipment Hold","","","","","Shipment Hold","SQD","No Change","Heater cut ","No Change","no change","no change","no change","15-12-2023","-","0","0","0","-","-","0","0","0","-","-","0","0","0","-","318834","2000","2000","0","SQD OK Tag","-","0","0","0","-","318848","45000","45000","0","Stratification tag","-","0","0","0","-","-","0","0","0","-","-","0","0","0","-","Thickness observed less (0.1 mm) due to tool less Preheat as heater Malfunction at Preheating Stage.
Initial 3 Round scrap(Current Rule) & NG Parts made in 4th Round as confirmed by simulation trial.
","No check point in 100% visual inspection work instruction.
- Skip by member (method not appropriate).
","Insufficient Abnormality Handling","Method not sufficient","Revised the setup rule in work instructions for Denso caps. First 4 rounds parts should be ejected into the red bin during setup, power cut, heater cut.
Before: 3 rounds scrap
After: 4 rounds scrap
-Training given to provided to all the operators on fourth and fifth round parts.
","Check point added in work instructions for Denso caps to ensure the thickness of parts with help of fingers.
-Training given to provided to all the inspectors on ensure the part thickness of parts with help of fingers during 100% visual inspector.
","no change in PFMEA","no change ","Harish  Yadav","20-01-2024 10:55:11","","Shibsankar Das","","23-01-2024 16:01:08","Approved","Anup Sherekar","","29-01-2024 09:27:29","Approved","","","","","","","","","","","","","","","","","","","","","","","","","","","","","","","","","","","","","","","","","","","","","","","","","","","","","","","","","","","","","","","","","","","","","","","","","","","","","","","","","","","","","","","","","","","","","","","","",""
"","","","","","","","","","","","","","","","","","","","","","","","","","","","","","","","","","","","","","","","","","","","","","","","","","","","","","","","","","","","","","","","","","","","","","","","","","","","","","","","","","","","PRD","None","None","None","None","None","None","15-12-2023","Not Applicable","0","0","0","Not applicable","Not applicable","0","0","0","Not applicable","Not Applicable","0","0","0","Not applicable","Not applicable","0","0","0","Not applicable","Not applicable","0","0","0","Not applicable","Not applicable","0","0","0","Not applicable","Not applicable","0","0","0","Not applicable","Not applicable","0","0","0","Not applicable","Not applicable","0","0","0","Not applicable","Actual cause not clear
- May be child parts, will be updated by SQ.
- May be Storage or handling will be updated by PCD.

Assembly side multiple trail done in CFT presence but unable to recreate such defect while inserting ot taken-out.","No Check point for stated abnormality.","Root cause not clear","Rule not available","Not applicable.
Will be update by SQ or PCD.","Not applicable.
Will be update by SQ or PCD","Not considered.","Not considered.","Sukhwinder  Singh","23-01-2024 14:54:34","","Pardeep  Kumar","","20-01-2024 11:16:24","Approved","devraj bansal","","","","","","","","","","","","","","","","","","","","","","","","","","","","","","","","","","","","","","","","","","","","","","","","","","","","","","","","","","","","","","","","","","","","","","","","","","","","","","","","","","","","","","","","","","","","","","","","","","","",""
"IN/2023/0063","D","IN","O","Surendra  Yadav","2023-12-02 11:16:43","Anubhav  Grover ","2024-01-22 17:07:56","TKM","PRD","2023-11-21","Not Applicable","A","10:00:00","GD1B ENG","","ECU","HA175210-0460","Abnormal Mark on Case ","Cold Shot mark observed on Case at FG Level (Case Lot No - 230909)","Final Appearance Check ","01","Supplier Process","Need to investigate","No","","2","1","N","","Occurrence","Y","Not Apllicable","Y","D","","","","","","","Production resumed after confirming 1 Lot Parts at Child Part Level","02-12-2023","","","","","","","","","","","","","Surendra  Yadav","02-12-2023 11:08:58","","Rajeev  Gupta","No Comment ","04-12-2023 09:33:10","Approved","Anup Sherekar","","06-12-2023 17:32:28","Approved","","","","Pending","","","","","","Pending","","","","","","","","QAD","NA","NA","NA","NA","NA","NA","05-12-2023","NA","0","0","0","NA","NA","0","0","0","NA","NA","0","0","0","NA","NA","0","0","0","NA","NA","0","0","0","NA","NA","0","0","0","NA","NA","0","0","0","NA","NA","0","0","0","NA","NA","0","0","0","NA","Not Clear","Not Clear","Root cause not clear","Std. process not followed","NA","NA","NA","NA","Ashish  Bar ","19-12-2023 09:04:09","SQD will close this report. As it is Local supplier Issue (Asahi koesi-Malyasia)","Atul  Pandit","","05-01-2024 17:12:09","Approved","Soniya Malhotra","","06-01-2024 10:03:25","Approved","","","","","","","","","","","","","","","","","","","","","","","","","","","","","","","","","","","","","","","","","","","","","","","","","","","","","","","","","","","","","","","","","","","","","","","","","","","","","","","","","","","","","","","","","","","","","","","","",""
"","","","","","","","","","","","","","","","","","","","","","","","","","","","","","","","","","","","","","","","","","","","","","","","","","","","","","","","","","","","","","","","","","","","","","","","","","","","","","","","","","","","SQD","No change ","No Change ","No Change ","No change ","No change ","No change ","05-12-2023","_","0","0","0","_","_","0","0","0","_","_","0","0","0","_","_","0","0","0","_","_","0","0","0","_","_","0","0","0","No Stock available ","_","0","0","0","_","_","0","0","0","_","-","0","0","0","_","During In process, Cold shut occurred because Temperature near claim region become lower due to higher water spray timing.","During Final Inspection, This Defect got skipped because of inspector negligence.(Due to similar black color near defect area inspector misjudged it OK)","Human negligence","Operator Miss judgement","During In process , Water spray timing reduced.(0.6 to 0.3 sec.)
Process Parameter standard revised and awareness provided to operators for adherence.","Awareness provided to inspectors to focus on checking fin area for cold shut.","_","_","Anubhav  Grover ","22-01-2024 16:45:29","Please approve ","Pardeep  Kumar","","","","","","","","","","","","","","","","","","","","","","","","","","","","","","","","","","","","","","","","","","","","","","","","","","","","","","","","","","","","","","","","","","","","","","","","","","","","","","","","","","","","","","","","","","","","","","","","","","","","","","","",""
"IN/2023/0062","D","IN","O","Surendra  Yadav","2023-11-21 16:54:54","Pardeep  Kumar","2024-01-12 10:10:37","MSIL","PRD","2023-11-21","11 May 2022","A","10:00:00","YCA ENG","","ECU","HA115600-725X ","Screw Tightening Hold Blocked ","Metallic Part attached in Screw Tightening Hole which blocked the hole (Lot No. - 01/11/2023)","Packaging ","01","Supplier Process","Need to investigate","No","","2","1","N","","Occurrence","Y","Not Apllicable","Y","A","","","","","","","Production resumed after confirming 1 Lot Parts at Child Part Level","22-11-2023","","","","","","","","","","","","","Surendra  Yadav","21-11-2023 16:01:12","","Rajeev  Gupta","","25-11-2023 11:49:42","Approved","Anup Sherekar","","29-11-2023 08:57:07","Approved","","","","Pending","","","","","","Pending","","","","","","","","SQD","No change ","No Change ","No Change ","No change ","No change ","No change ","05-12-2023","_","0","0","0","_","_","0","0","0","_","_","0","0","0","_","_","12000","12000","0","SQD OK Tag Provided","_","0","0","0","_","-","1400","1400","0","100% Dot mark near hole confirmation marking implemented","_","0","0","0","_","_","0","0","0","_","-","0","0","0","_","Tool tip remain inside machining hole","During Final Visual Inspection, Inspector skipped all 4 hole confirmation due to negligence.","Foreign Material","Std. process not followed","Training provided to machining operator to confirm each tool tip condition(n=5)during setup.","Awareness provided to inspector for checking all 4 corners of part to confirm hole block defect.","_","_","Anubhav  Grover ","14-12-2023 11:00:18","Please approve ","Pardeep  Kumar","","12-01-2024 10:10:07","Approved","devraj bansal","","","","","","","","","","","","","","","","","","","","","","","","","","","","","","","","","","","","","","","","","","","","","","","","","","","","","","","","","","","","","","","","","","","","","","","","","","","","","","","","","","","","","","","","","","","","","","","","","","","",""
"IN/2023/0061","C","IN","O","Surendra  Yadav","2023-11-21 12:46:27","Ashish  Bar ","2024-02-12 08:52:55","AL","PRD","2023-11-18","18-11-2023","C","12:00:00","DC1V ENG","","ECU","HA276700-0631","Abnormal Mark on Case","Black spots observed on Case Surface","Final Appearance Check ","03","Need to Investigate","Need to Investigate","Yes","Appearance Defect","2","2","N","","Occurrence","Y","Not Apllicable","Y","D","","","","","","","Temporary Check Point added & Sorting at Part Level","19-11-2023","","","","","","","","","","","","","Surendra  Yadav","21-11-2023 12:38:00","","Rajeev  Gupta","","25-11-2023 11:51:29","Approved","Anup Sherekar","","29-11-2023 08:57:42","Approved","Atul  Pandit","","13-12-2023 10:00:51","Approved","No","No","Ajay Dhall","","18-12-2023 14:21:58","Approved","Production Stop","Shipment Hold","","","","","Shipment Hold","QAD","NO Change","NO Change","NO Change","NO Change","NO Change","NO Change","02-12-2023","0","0","0","0","Not required","0","0","0","0","Not required","0","0","0","0","Not required","0","0","0","0","Not required","0","0","0","0","Not required","0","0","0","0","Not required","0","0","0","0","Not required","0","0","0","0","Not required","0","0","0","0","Not required","Root cause not clear","CKD Part no inspection","Root cause not clear","Rule not available","Not Applicable","Not Applicable","Not Applicable","Not Applicable","Ashish  Bar ","12-01-2024 11:42:30","Due to lack of evidence suggesting occurrence at Supplier, this issue is closed with Root cause not found.","Atul  Pandit","As per Supplier ( DNJP) comment : Before Dispatch 100% Lot Confirmation by supplier ( 1Pc/ Lot) --> So only possibility is after Dispatch 
As in DNHA only 3 Pcs rust observed so we cannot doubt on  storgae condition. 

Suspected Cause : Abnormal handling of these 3 parts. 

Further : We are monitoring the situation for rust issue. ","12-01-2024 15:23:40","Approved","Soniya Malhotra","","15-01-2024 11:30:50","Approved","16-12-2023","Yes","same lot parts sorted all Ok","No","","ok","Not applicable","No","0","Yes","3","No","0","No","12-02-2024","No","0","No","0","Ashish  Bar ","12-02-2024 08:49:47","","Approved","Atul  Pandit","","","Pending","","Pending","","","","","","","","","","","","","","","","","","","","","","","","","","","","","","","","","","","","","","","","","","","","","","","","","","","","","","","","","","","","","","","","","","","",""
"IN/2023/0060","C","IN","O","Anurag Bhatt","2023-11-20 15:39:27","Soniya Malhotra","2024-02-03 10:32:21","TDSG","PRD","2023-11-17","21055502500023111603971","A","02:00:00","ISS BMU","","ECU","HA210550-0250","Extra Component Found Dropped on Circuit assembly..","During Visual check at final assembly line, Inspection TM observed Extra component dropped on Circuit assembly area.","Final Visual Inspection","01","Mounting Assembly","","No","","2","2","Y","In past also, similar defect was observed at Customer end. In that product a extra diode was found dropped.","Reoccurrence","Y","84","Y","B","","","","","","","Quality alert raised at Final visual inspection and information shared with TMs.","18-11-2023","","","","","","","","","","","","","Anurag Bhatt","20-11-2023 14:56:54","","Sunil Poonia","","16-01-2024 08:58:35","Approved","Anup Sherekar","","29-01-2024 09:24:53","Approved","Atul  Pandit","","31-01-2024 09:22:21","Approved","No","Yes","Ajay Dhall","","03-02-2024 08:52:09","Approved","Production Stop","Shipment Hold","","","","","Shipment Hold","","","","","","","","","","","","","","","","","","","","","","","","","","","","","","","","","","","","","","","","","","","","","","","","","","","","","","","","","","","","","","","","","","","","","","","","","","","","","","","","","","","","","","","","","","","","","","","","","","","","","","","","","","","","","","","","","","","","","","","","","","","","","","","","","","","","","","","","","","","","","","","","","","","","","","","","","","","","","","","","","","","","","","","","",""
"IN/2023/0059","B","IN","O","Rajesh  Bhardwaj","2023-10-20 11:53:31","Soniya Malhotra","2023-12-08 11:39:47","TTIPL","PCD","2023-10-10","SQD Stamp Confirmation","G","12:00:00","HA210536-00701U","","12V Battery Pack","HA210536-00701U","SQD check stamp missing","SQD check stamp was unavailable at 1 Box of battery parts","Staging","324","Inspection at SQ level","324","Yes","High Chance of NG part shipout","3","3","Y","2","Reoccurrence","N","","N","","","","","","","","NG part return to SQ and Confirm all Existing stock","11-10-2023","","","","","","","","","","","","","Rajesh  Bhardwaj","20-10-2023 11:38:24","","Jai  Bhagwan","","29-11-2023 13:23:13","Approved","Dilip Kayaratt","","30-11-2023 08:56:12","Approved","Soniya Malhotra","Pls jointly check by SQ and PC regarding the inspection process and segrgation method at storage.","04-12-2023 16:17:53","Approved","No","No","Ajay Dhall","","08-12-2023 08:57:04","Approved","Production Stop","Shipment Hold","","","","","Shipment Hold","","","","","","","","","","","","","","","","","","","","","","","","","","","","","","","","","","","","","","","","","","","","","","","","","","","","","","","","","","","","","","","","","","","","","","","","","","","","","","","","","","","","","","","","","","","","","","","","","","","","","","","","","","","","","","","","","","","","","","","","","","","","","","","","","","","","","","","","","","","","","","","","","","","","","","","","","","","","","","","","","","","","","","","","",""
"IN/2023/0058","D","IN","O","Manas  Behera","2023-10-16 15:55:14","Yogesh  Dhyani","2024-01-24 09:19:47","MSIL","PRD","2023-08-29","NA","A","10:45:00","I2-Long L-60 model. (Armature) ","","FP","HA064210-1300","Resistance NG in Armature L-60 model due to wrong program.","Resistance NG in L-60 model.
(L-60 parts made in L-90 program during breakdown because of MTD load the program for trial and forget to change the No. of turns according to L-60 model)","Electrical Inspection","112","150","38","Yes","Actual parts are L-90 model.","2","1","N","","Occurrence","Y","64","Y","C","150","","","","","","Program reverted by MTD & Quality confirm by PRD. ","30-08-2023","","","","","","","","","","","","","Manas  Behera","16-10-2023 14:37:32","","Shibsankar Das","Please follow the department approval flow.","07-12-2023 14:28:11","Approved","Anup Sherekar","","09-12-2023 17:04:15","Approved","","","","Pending","","","","","","Pending","","","","","","","","MTD","NA","One Parameter change because of lack of awareness during defect reduction activity","NA","NA","NA","NA","12-09-2023","0","0","0","0","0","0","0","0","0","0","0","00","0","0","0","0","0","0","0","0","0","0","0","0","0","0","0","0","0","0","0","150","0","0","0","0","0","0","0","0","0","0","0","0","0","This particular parameter change was carried out first time, so lack of awareness.
","NA","Insufficient Change Management","Low frequency Job","Awareness Provided to all T.M.","NA","64","C","Ankur  Bansal","18-01-2024 09:29:10","","Yogesh  Anand","Only Number of turns are different, other all parameters are same. So request is to use check & utilize this parts for other model.","23-01-2024 09:20:53","Approved","Yogesh  Dhyani","Whenever any change in winding m/c, we need to confirm number of turn manually to avoid such issue.","24-01-2024 09:00:45","Approved","","","","","","","","","","","","","","","","","","","","","","","","","","","","","","","","","","","","","","","","","","","","","","","","","","","","","","","","","","","","","","","","","","","","","","","","","","","","","","","","","","","","","","","","","","","","","","","","",""
"CC/2023/0024","S","CC","C","Rahul  Singh","2023-10-14 10:25:58","Soniya Malhotra","2023-12-23 11:20:31","MSIL","QAD","2023-10-12","9.10.2023","B","12:00:00","YRA Dual","","INJ","HA297500-2471","Double Sleeve found at Nozzle body","Double Sleeve found at Nozzle body","Sleeve Assy process","1","Sleeve Assy process","1","Yes","Functional issue [Seat leak defect due to deform]","","","N","","Occurrence","N","","N","","","","55000","55000","7073","7073","Quality ALert raised","13-10-2023","","","","","","","","","","","","","Rahul  Singh","14-10-2023 10:15:59","Please approve","Pushpendra  Singh","","14-10-2023 10:25:58","Approved","Soniya Malhotra","","25-10-2023 09:33:02","Approved","Pushpendra  Singh","PLease approve","07-12-2023 09:12:26","Approved","Yes","Yes","Ajay Dhall","","08-12-2023 08:57:41","Approved","Production Stop","Shipment Hold","Soniya Malhotra","","23-12-2023 11:20:12","Approved","Shipment Hold","PRD - INJ","No change","Sleeve angle fault due to camera misjudgement","No change","No change","No change","No change","","0","0","0","0","0","0","0","0","0","0","0","0","0","0","0","0","0","0","0","0","0","0","0","0","0","0","0","0","0","0","0","0","0","0","0","0","0","0","0","0","0","0","0","0","0","Part taken out during chokotei reset were Re-run again in machine by ATL judging as OK part and rely on machine pokayoke to pass part without sleeve press-fit (Function is existing in machine to Re-check NG parts which come in NG chute in similar way)","1)No window in camera inspection to detect Double sleeve.
2)Visual inspection member judged Double sleeve as Single sleeve and pass the part (No past experience)","Insufficient Abnormality Handling","Operator Miss judgement","i)Abnormality handling rule revision done , doubtful parts treatment responsibility changed from ATL -> TL/HoSs
ii) OMS prepared for Operation to do during memory reset.","1)Tool added in camera inspection machine to detect Double sleeve
2)Point added in CPIS , Surprise visual check and Daily Say and do sheet.","0","D","","","","","","","","","","","","02-11-2023","Yes","No NG part in DNHA & MSIL","Yes","","ok","C/m done","No","","No","","No","","Yes","14-12-2023","No","0","No","","Rahul  Singh","14-12-2023 11:49:34","","Approved","Pushpendra  Singh","","23-12-2023 08:49:36","Approved","Mala Goyal","Approved","","","","","","","","","","02-11-2023","Yokonirami not required","","","","","","","","","","","","","","","","Mala Goyal","23-12-2023 10:07:00","Yokonirami issued on 11/Dec to PRD.","Soniya Malhotra","To confirm Yokonirami and Quality System upgradation.","23-12-2023 11:16:24","Approved","Soniya Malhotra","","23-12-2023 11:20:12","Approved","","","","","","","","","","","","","","","","","","","","","","","","","","","","","","",""
"","","","","","","","","","","","","","","","","","","","","","","","","","","","","","","","","","","","","","","","","","","","","","","","","","","","","","","","","","","","","","","","","","","","","","","","","","","","","","","","","","","","PRD","No change","Sleeve angle fault due to camera misjudgement","No change","No change","No change","No change","19-10-2023","0","0","0","0","0","0","0","0","0","0","0","0","0","0","0","0","0","0","0","0","0","0","0","0","0","0","0","0","0","0","0","0","0","0","0","0","0","0","0","0","0","0","0","0","0","Part taken out during chokotei reset were Re-run again in machine by ATL judging as OK part and rely on machine pokayoke to pass part without sleeve press-fit (Function is existing in machine to Re-check NG parts which come in NG chute in similar way)","1)No window in camera inspection to detect Double sleeve.
2)Visual inspection member judged Double sleeve as Single sleeve and pass the part (No past experience)","Insufficient Abnormality Handling","Operator Miss judgement","i)Abnormality handling rule revision done , doubtful parts treatment responsibility changed from ATL -> TL/HoSs
ii) OMS prepared for Operation to do during memory reset.","1)Tool added in camera inspection machine to detect Double sleeve
2)Point added in CPIS , Surprise visual check and Daily Say and do sheet.","0","D","Anshul Gaba","08-12-2023 12:09:44","","Manish Jain","","11-12-2023 08:50:45","Approved","Anup Sherekar","","13-12-2023 17:40:33","Approved","","","","","","","","","","","","","","","","","","","","","","","","","","","","","","","","","","","","","","","","","","","","","","","","","","","","","","","","","","","","","","","","","","","","","","","","","","","","","","","","","","","","","","","","","","","","","","","","",""
"CC/2023/0023","S","CC","C","Jagdeep  Singh","2023-10-12 11:31:42","Soniya Malhotra","2024-01-20 17:22:19","SMG","Customer","2023-10-11","09G25-120402 (25/Sep/2023)","G","02:00:00","YSD-NB","","ETB","HA197950-6230","ETB valve stuck during Vehicle inspection","Metallic FM stuck between Valve OD & Bore ID","SMG - Vehicle inspection","1","TBC","TBC","Yes","ETB function failure ","","","N","","Occurrence","Y","120","Y","A","","","0","4560","2340","0","Awareness given to PRD VI operator- more focus on FM inside bore area","12-10-2023","","","","","","","","","","","","","Jagdeep  Singh","12-10-2023 10:07:30"," ETB - Valve stuck due to FM","Pardeep  Kaushik","","14-10-2023 09:02:09","Approved","Soniya Malhotra","","16-10-2023 09:18:00","Approved","Pushpendra  Singh","","23-12-2023 08:51:47","Approved","Yes","Yes","Ajay Dhall","","04-01-2024 08:47:26","Approved","Production Stop","Shipment Hold","Soniya Malhotra","","20-01-2024 17:21:35","Approved","Shipment Hold","PRD","No Change","No Change","No Change","No Change","No Change","No Change","18-10-2023","NA","0","0","0","Visual for FM","NA","0","0","0","Visual for FM","NA","0","7440","0","Visual for FM","NA","0","0","0","NA","NA","0","0","0","NA","NA","0","0","0","NA","NA","0","0","0","NA","NA","0","0","0","NA","NA","0","0","0","NA","Not Applicable for DNHA, as FM Type identified as Tin which was not used in DNHA processing. Same information given to Customer & issue was closed from Customer end @ same time.","NOT APPLICABLE","Foreign Material","Insufficient Abnormality Handling","NOT APPLICABLE","NOT APPLICABLE","NOT APPLICABLE","NOT APPLICABLE","Navdeep  Yadav","04-01-2024 09:04:40","This case was not related to DENSO, as per the FM analysis. FM type was Tin which was not used or available in DNHA process. Same information was report to the Customer & case was closed.","Manish Jain","","05-01-2024 08:47:35","Approved","Anup Sherekar","","05-01-2024 08:51:10","Approved","01-11-2023","Yes","FG level sorting done, all found OK","No","External cause, no Denso responsibility","notok","Countermeasures not required as its external cause.","No","No rejection","No","No scrap","No","No rework","No","18-01-2024","No","No change","No","N/A","Jagdeep  Singh","18-01-2024 09:18:22","FM not matched with DNHA used parts/ material, expectedly it came from external source after shipping to SMG. Conclude as External Cause.","Approved","Pardeep  Kaushik","","20-01-2024 10:47:16","Approved","Mala Goyal","Approved","","","","","","","","","","01-11-2023","Yokonirami not required","","","","","","","","","","","","","","","","Mala Goyal","20-01-2024 16:23:02","concluded as external cause","Soniya Malhotra","","20-01-2024 17:20:15","Approved","Soniya Malhotra","","20-01-2024 17:21:35","Approved","","","","","","","","","","","","","","","","","","","","","","","","","","","","","","",""
"","","","","","","","","","","","","","","","","","","","","","","","","","","","","","","","","","","","","","","","","","","","","","","","","","","","","","","","","","","","","","","","","","","","","","","","","","","","","","","","","","","","PED","NA","NA","NA","NA","NA","NA","18-10-2023","0","0","0","0","0","0","0","0","0","0","0","0","0","0","0","0","0","0","0","0","0","0","0","0","0","0","0","0","0","0","0","0","0","0","0","0","0","0","0","0","0","0","0","0","0","F.M stuck between Body bore & Valve. After SEM analysis, FM found as Tin material (Sn) which does not match with Child parts material and also not used in both assembly line and packing box. So, it is established as external cause.","External cause established.","Foreign Material","Insufficient Abnormality Handling","NA for DNHA","NA for DNHA","NA","NA","Biswa Rath","10-01-2024 10:14:54","ATR was generated immediately after customer claim information but later concluded due to external cause","Ranajit Sarkar","ATR was generated immediately after customer claim information but later concluded due to external cause. If such FM bit between body & valve, then sensor performance & air flow will be NG and not possible to pass from ASSY line. ","11-01-2024 09:09:36","Approved","Pushpendra Agrawal","","12-01-2024 11:37:27","Approved","","","","","","","","","","","","","","","","","","","","","","","","","","","","","","","","","","","","","","","","","","","","","","","","","","","","","","","","","","","","","","","","","","","","","","","","","","","","","","","","","","","","","","","","","","","","","","","","",""
"IN/2023/0057","D","IN","C","Shiv  Shekhawat","2023-10-11 17:31:00","Anup Sherekar","2023-12-19 17:26:04","YAMAHA","PRD","2023-10-11","10G1107","A","07:30:00","5000","","O2","HA212400-5000","Laser marking Hourly digit observed shifted. ","Problem observed during visual inspection.","Visual inspection","1400","Laser marking","","No","","1","2","N","","Occurrence","N","","N","","","","","","","","laser marking contents position adjusted","12-10-2023","","","","","","","","","","","","","Shiv  Shekhawat","11-10-2023 17:12:52","","Manish Jain","","12-10-2023 08:57:48","Approved","Anup Sherekar","","16-10-2023 18:43:49","Approved","","","","Pending","","","","","","Pending","","","","","","","","PED","No change","No change","No change","No change","No change","No change","25-10-2023","NA","0","0","0","NA","NA","0","0","0","NA","NA","0","0","0","NA","NA","0","0","0","NA","NA","0","0","0","NA","NA","0","0","0","NA","NA","0","0","0","NA","NA","0","0","0","NA","NA","0","0","0","NA","Not clear
1> As per investigation there is no change point reported & recorded in 5M+1E change point sheet.
2> Machine side also there was no abnormal condition observed from programme or Jig side.","It is not a outflow. This abnormality is detected by the stage person.","Root cause not clear","Latent Defect","PED side Parameter adjusted IN LASER MARKING PROGRAMME & re-verification done from QAD/PRD again for all the models before resuming production.","This abnormal defect mode dimension is a reference item in Denso drawing.  Also such criteria is not a point of customer drawing. Laser marking overall dimension was ok & all alphabet & digits are readable.
So programmed side again re-adjustment done by PED.","70","C","Mukesh  Malakar","04-12-2023 09:27:07","","Ipsita Behera","","04-12-2023 10:18:04","Approved","Pushpendra Agrawal","","05-12-2023 08:54:36","Approved","08-11-2023","Yes","","No","","ok","ALL MODEL PROGARM ADJUSTMENT DONE","No","","No","","No","","Yes","19-12-2023","No","No change","No","","Shiv  Shekhawat","19-12-2023 09:20:23","","","","","","","","","Approved","Manish Jain","","19-12-2023 16:48:25","Approved","Anup Sherekar","","19-12-2023 17:25:51","Approved","","","","","","","","","","","","","","","","","","","","","","","","","","","","","","","","","","","","","","","","","","","","","","","","","","","","","","","","","","",""
"","","","","","","","","","","","","","","","","","","","","","","","","","","","","","","","","","","","","","","","","","","","","","","","","","","","","","","","","","","","","","","","","","","","","","","","","","","","","","","","","","","","PRD","No change","No change","No change","No change","No change","No change","25-10-2023","10G1107","1400","1400","0","overall Width is ok & marking readable  and this dimesnion is not part of customer drawing, so all part passed.","NA","0","0","0","NA","NA","0","0","0","NA","NA","0","0","0","NA","NA","0","0","0","NA","NA","0","0","0","NA","10G1107","60","60","0","all parts ok","NA","0","0","0","NA","NA","0","0","0","NA","Root cause not clear
1.As per investigation there is no changepoint reported and no 5m+e changepoint.
2.also machine side no abnormal condition found","not an outflow as abnormality detected by visual TM.","Root cause not clear","Latent Defect","program adjustment done for laser marking & verification done by QAD/PRD before production resume.","as this dimension part of reference drawing and this dimension is not a mentioned in customer drawing and laser marking overall dimension was ok and alphabets are readable so program side again re-adjustment done","70","C","Shiv  Shekhawat","28-11-2023 09:20:18","","Naveen  Jain","","02-12-2023 08:54:14","Approved","Yogesh  Dhyani","","08-12-2023 09:23:57","Approved","","","","","","","","","","","","","","","","","","","","","","","","","","","","","","","","","","","","","","","","","","","","","","","","","","","","","","","","","","","","","","","","","","","","","","","","","","","","","","","","","","","","","","","","","","","","","","","","",""
"","","","","","","","","","","","","","","","","","","","","","","","","","","","","","","","","","","","","","","","","","","","","","","","","","","","","","","","","","","","","","","","","","","","","","","","","","","","","","","","","","","","MTD","No","No","No","No","No","No","25-10-2023","0","0","0","0","0","0","0","0","0","0","0","0","0","0","0","0","0","0","0","0","0","0","0","0","0","0","0","0","0","0","0","0","0","0","0","0","0","0","0","0","0","0","0","0","0","N.A","N.A","Root cause not clear","Latent Defect","N.A","N.A","70","C","Narender Jangra","30-11-2023 08:59:16","machine checked for any looseness, no abnormality in machine.  Final action marking program modified by PED","Manish Jain","","12-12-2023 09:17:42","Approved","Anup Sherekar","","12-12-2023 14:11:08","Approved","","","","","","","","","","","","","","","","","","","","","","","","","","","","","","","","","","","","","","","","","","","","","","","","","","","","","","","","","","","","","","","","","","","","","","","","","","","","","","","","","","","","","","","","","","","","","","","","",""
"IN/2023/0056","C","IN","O","Sukhwinder  Singh","2023-10-11 17:08:04","Pardeep  Kumar","2024-01-12 10:09:45","MSIL","PRD","2023-10-05","HA-01-93-53 & HA-01-93-48 ","B","08:00:00","L60 (housing)","","FP","HA064342-1170","Casing coming-off after Casing Press-fitting ","Casing coming-off after Casing Press-fitting (n=10) detected at Air suction jig. Casing Came-off from Housing","Air-Blow after casing press fitting","10","Child part issue","will be update by SQD","Yes","May impact functionality of part","2","2","N","","Occurrence","Y","42","Y","A","","","","","","","100% Sorted parts provided by SQD","06-10-2023","","","","","","","","","","","","","Sukhwinder  Singh","11-10-2023 16:43:48","","Shibsankar Das","","12-10-2023 08:27:57","Approved","Anup Sherekar","","16-10-2023 18:45:01","Approved","Pardeep  Kaushik","","04-11-2023 08:34:34","Approved","No","No","Ajay Dhall","","23-11-2023 12:39:35","Approved","Production Stop","Shipment Hold","","","","","Shipment Hold","SQD","No Change","No Change","No Change","Gauge Change","No Change","No Change","19-10-2023","-","0","0","0","-","-","0","0","0","-","-","0","0","0","-","Oct'23","30660","30660","457","SQD OK Tag","-","0","0","0","-","Oct'23","38665","38665","8083","Stratification tag","-","0","0","0","-","-","0","0","0","-","-","0","0","0","-","-ID oversize due to wrong feedback to CNC asmeasuring instrument (digital type) change without validation.
-4M change rule not follow as running gauge (analog type) showing erratic reading (connecting rod loose).","Parts skip from 100% gauging as work done in non standard way(Mix-up happen).
update: 
1. Scrap note attached in file.
2. For mixup of huge quantity : 457 quantity was flown out to DNHA due to  non standard 100% gauging way and  8082 quantity was detected and rejected at E&H end.","Insufficient Change Management","Std. process not followed","-New analog gauge installed and education given to members to follow the change point & abnormality treatment rule.
-Check point added to confirm ID by CMM in Set-Up & patrol inspection.","-Sorting management guidelines defined including steps, sorting instructions, material flow, etc.","NA","NA","Harish  Yadav","08-12-2023 11:48:21","","Pardeep  Kumar","","08-12-2023 12:09:06","Approved","devraj bansal","","09-12-2023 08:15:39","Pending","02-11-2023","","","","","","","","","","","","","","08-01-2024","","","","","Bindu Kakkar","08-01-2024 14:41:50","Request: 
1.	Root cause of mixup is not identified. Please share details of mixup possibility, how above qty (457+8075+8 pcs) got mixup and passed.
2.	Please share scrap evidence of NG parts scrapped.
","Rejected","","","","Pending","","Pending","","","","","","","","","","","","","","","","","","","","","","","","","","","","","","","","","","","","","","","","","","","","","","","","","","","","","","","","","","","","","","","","","","","",""
"IN/2023/0055","C","IN","O","Sukhwinder  Singh","2023-10-11 16:43:39","Pardeep  Kumar","2024-02-01 15:38:23","MSIL","PRD","2023-10-11","230930D3","A","12:00:00","YTA/YFG","","FP","HA196161-2010","Sender gauge and Rod fitment area found short short on Subtank","Sender gauge and Rod fitment area found short short on Subtank, n=3parts observed from same bin","Flapper valve assembly","3","Child part issue","will be confirm by SQD","Yes","May impact functionality of part","2","2","N","","Occurrence","N","","N","","","","3268","0","0","0","Sorted parts provided by SQD","12-10-2023","","","","","","","","","","","","","Sukhwinder  Singh","11-10-2023 12:27:22","","Shibsankar Das","","12-10-2023 08:26:55","Approved","Anup Sherekar","","16-10-2023 18:46:13","Approved","Pardeep  Kaushik","","04-11-2023 08:35:37","Approved","No","No","Ajay Dhall","","23-11-2023 12:39:55","Approved","Production Stop","Shipment Hold","","","","","Shipment Hold","SQD","No Change","No Change ","No Change","No Change","No Change","No Change","25-10-2023","-","0","0","0","-","-","0","0","0","-","-","0","0","0","-","Sep & Oct'23","900","900","0","SQD OK Tag","-","0","0","0","-","Sep & Oct'23","5920","5920","0","OK on Kanban Tag","-","0","0","0","-","-","0","0","0","-","-","0","0","0","-","Injection cycle delay due to machine door not closed timely by operator which lead to droolling in Die & short shot happen(Rule not defined to scrap part if machine stop upto 1 Min)","No Specific Check Point for Short shot in VWI for Pipe & Nail Portion(Not last fill area)","Insufficient Operation & Standardization  ","Latent Defect","-1- Add the Robot on the machine to overcome manual works.
2.-Training provided to all operators about the impact of cycle time delay.
3. Start-up rule revised and  interruption matrix updated","1-Visual WI have revised and add specific check .

2.Training provided to all inspectors about updated Visual WI .
","-","C","Harish  Yadav","01-02-2024 15:27:06","","Pardeep  Kumar","","01-02-2024 15:36:20","Approved","devraj bansal","","","","","","","","","","","","","","","","","","","","","","","","","","","","","","","","","","","","","","","","","","","","","","","","","","","","","","","","","","","","","","","","","","","","","","","","","","","","","","","","","","","","","","","","","","","","","","","","","","","",""
"CC/2023/0022","S","CC","C","Bindu Kakkar","2023-10-09 16:12:48","Soniya Malhotra","2024-02-13 12:12:21","SMC","Customer","2023-10-05","10th Apr 2023","G","02:34:00","Y3J","","FP","HA195140-70116E","Engine Not Starting ","I2 Long- Fuel Pump Brush's spring missing.","Vehicle running at SMC","1","1","1","Yes","Electric continuity break, Engine not started. ","","","N","","Occurrence","Y","24","Y","A","","","0","4480","0","0","Q alert raised at PRD line before cover end support assy to confirm presence of spring.","06-10-2023","","","","","","","","","","","","","Bindu Kakkar","09-10-2023 15:35:16","","Pardeep  Kaushik","","11-10-2023 16:34:24","Approved","Soniya Malhotra","","11-10-2023 21:52:58","Approved","Pardeep  Kaushik","-> DNJP and OGC - also started X-Ray check 
-> DNHA QA started X-Ray check for Export shipment","14-10-2023 10:39:05","Approved","Yes","Yes","Ajay Dhall","","16-10-2023 11:10:28","Approved","Production Stop","Shipment Hold","Soniya Malhotra","","13-02-2024 12:11:50","Approved","Shipment Hold","PRD","Not applicable","Brush Terminal Press fitting process- Rib Damage","Not applicable","Not applicable","Not applicable","Not applicable","12-10-2023","Will be update by QA","5980","5980","0","tick mark on kanban","0","0","0","0","0","Mutiple dates","5120","5120","0","tick mark on kanban","Not Applicable","0","0","0","Not applicable","Not applicable","0","0","0","Not applicable","Not Applicable","0","0","0","Not Applicable","Not applicable","0","0","0","Not applicable","Not applicable","0","0","0","Not Applicable","Not Applicable","0","0","0","Not applicable","M/C Alignment","Not considered any check(neighter through m/c nor Visual)","Insufficient Equipment management","Method not sufficient","MTD will Work on m/c to Improve alignment & Accuracy
(One additional Cam unit will be installed)","Sensor will be installed before Cover-end-support assy to detect Spring miss.","Will be update by PED","Will be update by PED","Sukhwinder  Singh","26-10-2023 16:41:24","","Himanshu  Gautam ","None","29-01-2024 08:18:31","Approved","Pushpendra Agrawal","","29-01-2024 08:45:34","Approved","26-10-2023","Yes","","Yes","","ok","Countermeasure verified.","No","","No","","No","","Yes","29-01-2024","Yes","PFMEA Updated RPN: 48, QA net Rank:A ","Yes","OMS, WI, Machine checksheet","Bindu Kakkar","29-01-2024 15:03:40","","Approved","Pardeep  Kaushik","","13-02-2024 10:49:47","Approved","Mala Goyal","Approved","","","","","","","","","","26-10-2023","Yokonirami not required","","","","","","","","","","","","","","","","Mala Goyal","13-02-2024 11:53:57","Yokonirami not applicable as discussed with PED (Part & Process specific case, not general)","Soniya Malhotra","","13-02-2024 12:09:16","Approved","Soniya Malhotra","","13-02-2024 12:11:50","Approved","","","","","","","","","","","","","","","","","","","","","","","","","","","","","","",""
"","","","","","","","","","","","","","","","","","","","","","","","","","","","","","","","","","","","","","","","","","","","","","","","","","","","","","","","","","","","","","","","","","","","","","","","","","","","","","","","","","","","PED","No Change","No Change","No Change","No Change","No Change","No Change","12-10-2023","NA","0","0","0","NA","NA","0","0","0","NA","NA","0","0","0","NA","NA","0","0","0","NA","NA","0","0","0","NA","NA","0","0","0","NA","NA","0","0","0","NA","NA","0","0","0","NA","NA","0","0","0","NA","Refer PRD report","Not Detectable","Insufficient Equipment management","Latent Defect","Refer PRD report","Spring presence confirmation sensor introduced Before Cover End Support Assembly & Press Fitting.","48","B","Sunil Lodhi","25-01-2024 16:52:03","Report Attached","Shibsankar Das","","29-11-2023 08:51:13","Approved","Anup Sherekar","","29-11-2023 08:56:10","Approved","","","","","","","","","","","","","","","","","","","","","","","","","","","","","","","","","","","","","","","","","","","","","","","","","","","","","","","","","","","","","","","","","","","","","","","","","","","","","","","","","","","","","","","","","","","","","","","","",""
"FC/2023/0005","S","FC","O","Chayan  Das","2023-09-29 14:54:09","Pushpendra  Singh","2024-02-13 14:09:35","MSIL","QAD","2023-09-22","10F29 (29th Oct'22)","G","04:30:00","YSD HB","4187","O2","HA150200-7551","Warning lamp glowing","Minus holder terminal broken","Vehicle running time","1","WFA","TBC","Yes","Feedback does not provide to ECU","","","N","","Occurrence","Y","112","Y","D","","","","","","","Production by current process","24-09-2023","","","","","","","","","","","","","Chayan  Das","29-09-2023 10:33:59","","Pushpendra  Singh","Field returned part due to warning light glowing & as per investigation found double welding.","30-09-2023 12:41:04","Approved","Soniya Malhotra","","04-10-2023 10:15:03","Approved","Pushpendra  Singh","This is field  return claim due to double welding at output lead wire","13-10-2023 14:13:27","Approved","Yes","Yes","Ajay Dhall","","16-10-2023 11:10:09","Approved","Production Stop","Shipment Hold","","","","Pending","Shipment Hold","PRD","Nil","Nil","Nil","Nil","Nil","Nil","29-09-2023","NA","0","0","0","Nil","NA","0","0","0","Nil","NA","0","0","0","Nil","NA","0","0","0","Nil","NA","0","0","0","Nil","NA","0","0","0","Nil","NA","0","0","0","Nil","NA","0","0","0","Nil","NA","0","0","0","Nil","TM misjudge light Welding NG part & re-run in Welding machine. ","Double welding overlook by TMs (TM thought welding is available on part & pass to next process).","Insufficient Operation & Standardization  ","Method not sufficient","Immediate Action : 
1. Shared abnormality with all TMs & Q-alert raised ( Resp: PRD) 
2. Strict instruction given to ATL for handling of Doubtful parts ( Resp : PRD ) 

Permanent action : 
1. Doubtful part handling system to be reviewed ( Resp : PRD - 15th Dec ) ","Immediate Action : 
1. Welding defects training given to all TMs/ATL ( Resp - PRD ) 
2. Inspection area additional lightening provided ( PRD)

Permanent Action : 
1. Feasibility check for magnifying welding area , for better check & Control ( PED - ongoing ) ","Not available","Not available","Vinay Gawas","30-11-2023 13:34:39","","Manish Jain","","05-12-2023 12:42:56","Approved","Anup Sherekar","","06-12-2023 17:32:53","Approved","13-10-2023","No","","Yes","","ok","OK","No","","No","","No","","Yes","17-01-2024","No","N/A","No","","Chayan  Das","17-01-2024 12:06:18","","Pending","Pushpendra  Singh","1. There is a mismatch in report: Occurrence factor - Insufficient operation & standardization Outflow factor - Method not sufficient. However, Concluded as 'EC' means external cause. 2. Kindly update c/m implementation status in attached report (target Dec'23 mentioned)","20-01-2024 15:23:51","Rejected","Mala Goyal","Rejected","","","","","","","","","","13-10-2023","Yokonirami not required","","","","","","","","","","","","","","","","Mala Goyal","20-01-2024 16:26:23","1. There is a mismatch in report:
Occurrence factor - Insufficient operation & standardization 
Outflow factor - Method not sufficient.
However, Concluded as 'EC' means external cause.
2. Kindly update c/m implementation status in attached report (target Dec'23 mentioned)","","","","Pending","","","","Pending","","","","","","","","","","","","","","","","","","","","","","","","","","","","","","",""
"OT/2023/0026","B","OT","C","Bindu Kakkar","2023-09-28 08:55:39","Soniya Malhotra","2023-12-08 11:38:39","KDJP","KDJP","2023-09-26","10th Apr 2023","G","12:00:00","Y3J","","FP","195140-7011","FP Foreign Body Biting Into Discharge Port","Seems like Hair/FM fitted into CES","KDJP assy","1","CES assy","1","No","","2","4","N","","Occurrence","N","","N","","","","","","","","Q-alert raised to confirm FM condition at discharge porrt","27-09-2023","","","","","","","","","","","","","Bindu Kakkar","28-09-2023 08:39:21","","Pardeep  Kaushik","","30-09-2023 13:37:30","Approved","Soniya Malhotra","","04-10-2023 10:19:49","Approved","Pardeep  Kaushik","","06-10-2023 12:06:58","Approved","No","Yes","Ajay Dhall","","09-10-2023 08:20:49","Approved","Production Stop","Shipment Hold","","","","Pending","Shipment Hold","PRD","No Change","No Change","Unstandardized method ","No Change","No Change","None","10-10-2023","none","0","0","0","none","none","0","0","0","none","Sept'23","2068","2068","0","Not required, all available inventory verified","none","0","0","0","none","none","0","0","0","none","none","0","0","0","none","none","0","0","0","none","none","0","0","0","none","none","0","0","0","none","Child Part Tray cleaning system not considered. (FM risk consideration weak).
","Due to black background of cover end support, it is difficult to see black FM 

","Foreign Material","Method not sufficient","-Sticky roll added before Part pick-up.(Reflected in OMS)
-Tray Cleaning Frequency defined(Before Refilling Tray)
-Training given to TM-not To invert 1 bin into other to transfer remaining parts. 
","CPIS updated to check FM condition By tilting the part.
","Not considered","Not considered","Sukhwinder  Singh","18-10-2023 09:13:12","","Shibsankar Das","","18-10-2023 13:57:41","Approved","Anup Sherekar","","18-10-2023 14:08:02","Approved","24-10-2023","No","No sorting conducted","Yes","FM consideration weak","ok","Countermeasure verified.","No","","No","","No","","Yes","05-12-2023","No","No update","Yes","OMS, CPIS, Q Alert","Bindu Kakkar","05-12-2023 09:04:55","","Approved","Pardeep  Kaushik","","06-12-2023 15:50:20","Approved","Mala Goyal","Approved","","","","","","","","","","24-10-2023","Yokonirami not required","","","","","","","","","","","","","","","","Mala Goyal","08-12-2023 11:25:17","","Soniya Malhotra","","08-12-2023 11:37:07","Approved","","","","Pending","","","","","","","","","","","","","","","","","","","","","","","","","","","","","","",""
"IN/2023/0054","D","IN","C","Sukhwinder  Singh","2023-09-15 12:07:50","Anup Sherekar","2024-01-12 08:58:52","MSIL","PRD","2023-09-11","28/8/2023","A","01:30:00","YTA","","FP","HA196143-0190  ","Flapper valve plate<yellow part> found short- short ","Flapper valve plate<yellow part> found short- short , detecting by stage person During snap fitting operation inside jig, snap fit sound didn't come-->TM reported ATL--> ATL checked the press-fitting ","Subtank & falpper valve assy. ","2","Supplier (Elin)","Will be update by SQ","Yes","May impact part functionality","3","1","Y","Refer past ATR Summary","Reoccurrence","Y","128","Y","A","","","","","","","Sorted parts handover by SQD","12-09-2023","","","","","","","","","","","","","Sukhwinder  Singh","15-09-2023 11:50:53","","Shibsankar Das","","15-09-2023 12:29:17","Approved","Anup Sherekar","","16-09-2023 10:23:18","Approved","","","","Pending","","","","","","Pending","","","","","","","","SQD","No Change ","No Change ","No Change","No Change ","No Change","No Change","25-09-2023","-","0","0","0","-","-","0","0","0","-","-","0","0","0","-","23H03","20000","20000","0","SQD OK tag","-","0","0","0","-","23H03","25000","25000","0","OK on Kanban Tag","-","0","0","0","-","-","0","0","0","-","-","0","0","0","-","-Set-up part not scarp by operator (mix with ok).
-Machine run in auto mode & after ejection parts collected in bin under machine & operator pick-up multiple parts for checking.","Skip by member (in-attentiveness). ","Standard Process not followed","Process skipped","-Conveyor installed to transfer parts after ejection instead of falling in bin.
-Operator educated to follow single part for inspection.","Quality alert displayed & awareness given to members.","No Change","No Change","Harish  Yadav","25-10-2023 11:07:39","","Pardeep  Kumar","","25-10-2023 11:13:03","Approved","devraj bansal","","09-12-2023 08:16:13","Approved","09-10-2023","Yes","","Yes","As shared by SQ(refer attached report)","ok","Countermeasure confirm by SQ & Scrap confirmation method also.","No","Will be update by SQ","No","Will be update by SQ","No","Will be update by SQ","No","05-01-2024","No","Supplier docs Will be update by SQ, DNHA Check point already availble","No","","Sukhwinder  Singh","05-01-2024 11:17:11","Abnormal part observed by PRD, was handover to SQ","","","","","","","","Approved","Shibsankar Das","","05-01-2024 12:19:36","Approved","Anup Sherekar","","12-01-2024 08:57:59","Approved","","","","","","","","","","","","","","","","","","","","","","","","","","","","","","","","","","","","","","","","","","","","","","","","","","","","","","","","","","",""
"OT/2023/0025","D","OT","C","Sukhwinder  Singh","2023-09-15 09:43:49","Anup Sherekar","2024-01-12 08:53:05","MSIL","PRD","2023-09-13","1/9/23","A","12:30:00","YRA","","FP","HA086012-3300","FM observed on YRA pipe bend. ","Molded burr observed at pipe band O-ring resting area. ","Pipe Bend  Assy.","1","","","Yes","This can cause leakage from top of the flange","3","1","N","","Occurrence","Y","140","Y","C","1740","","","","","","-Production started with SQD Ok sorted parts","14-09-2023","","","","","","","","","","","","","Sukhwinder  Singh","15-09-2023 09:12:38","","Shibsankar Das","","15-09-2023 10:10:06","Approved","Anup Sherekar","","26-09-2023 13:50:41","Approved","","","","Pending","","","","","","Pending","","","","","","","","SQD","No Change","No Change","No Change","No Change","No Change","No Change","27-09-2023","-","0","0","0","-","-","0","0","0","-","-","0","0","0","-","23H0120PR","6200","6200","0","SQD OK Tag","-","0","0","0","-","23H0120PR","6900","6900","0","OK on Kanban Tag","-","0","0","0","-","-","0","0","0","-","-","0","0","0","-","Resin get drool in die & become like thread and when injection happen, it get embedded with gate periphery as delay occur in injection cycle as operator make delay in closing m/c door.","Flash embedded with part, Could not detect during Visual inspection","Human negligence","Latent Defect","Barrel unit move backward after every injection (PLC programming done) to prevent drooling in die spur portion.","Checking Method Change to check part with Finger touch for embedded flash.
-Magnifying glass implemented at final visual inspection.","No Change","No Change","Harish  Yadav","08-12-2023 12:00:42","","Pardeep  Kumar","","08-12-2023 12:10:12","Approved","devraj bansal","","09-12-2023 08:16:29","Approved","11-10-2023","Yes","","Yes","As shared by SQ(refer attached report)","ok","Supplier side countermeasure verification done by SQ","No","","No","","No","","Yes","05-01-2024","No","Supplier documents will be confirmed by SQ","No","","Sukhwinder  Singh","05-01-2024 11:31:00","NG part observed by PRD was handover to SQ ","","","","","","","","Approved","Shibsankar Das","","05-01-2024 12:25:06","Approved","Anup Sherekar","","12-01-2024 08:52:40","Approved","","","","","","","","","","","","","","","","","","","","","","","","","","","","","","","","","","","","","","","","","","","","","","","","","","","","","","","","","","",""
"IN/2023/0053","D","IN","O","Surendra  Yadav","2023-09-08 11:07:10","Soniya Malhotra","2024-01-06 09:56:17","TKM","PRD","2023-09-05","05-09-2023","A","10:00:00","GD1B ENG","","ECU","HA283100-0191","Coating on Cover removed (Cover Part No HA175210-0470)","Inner surface on cover is visible due to outer coating surface is removed ","Final Appearance Check ","01","Supplier Process","Not applicable","Yes","Appearance Defect","2","1","N","","Occurrence","N","","Y","D","","","","","","","Temporary Visual Check added at Child Part Level before Packaging","06-09-2023","","","","","","","","","","","","","Surendra  Yadav","08-09-2023 10:57:52","","Rajeev  Gupta","","08-09-2023 11:51:52","Approved","Anup Sherekar","","08-09-2023 13:51:07","Approved","","","","Pending","","","","","","Pending","","","","","","","","SQD","No change ","No Change ","No Change ","No change ","No change ","No change ","19-09-2023","_","0","0","0","_","_","0","0","0","_","_","0","0","0","_","_","0","0","0","_","_","0","0","0","_","_","0","0","0","_","_","0","0","0","_","_","0","0","0","_","-","0","0","0","_","_","_","Root cause not clear","Latent Defect","_","_","_","_","Anubhav  Grover ","05-01-2024 15:36:51","","Pardeep  Kumar","","","","","","","","","","","","","","","","","","","","","","","","","","","","","","","","","","","","","","","","","","","","","","","","","","","","","","","","","","","","","","","","","","","","","","","","","","","","","","","","","","","","","","","","","","","","","","","","","","","","","","","",""
"","","","","","","","","","","","","","","","","","","","","","","","","","","","","","","","","","","","","","","","","","","","","","","","","","","","","","","","","","","","","","","","","","","","","","","","","","","","","","","","","","","","QAD","No change ","No change ","No change","No change","No change ","no change","19-09-2023","NA","0","0","0","NA","NA","0","0","0","NA","NA","0","0","0","NA","NA","0","0","0","NA","NA","0","0","0","NA","NA","0","0","0","NA","NA","0","0","0","NA","NA","0","0","0","NA","NA","0","0","0","NA","NA External Cause","NA External Cause","","Rule not available","NA","NA","NA","NA","Ashish  Bar ","23-09-2023 12:45:38","Part received on 20-09-23. LOT number shared by PRD on 5th Oct'23 & Parts sent to supplier on 6th Oct'23.SQD will close this report. As it is Local supplier Issue (Asahi koesi-Malyasia)","Atul  Pandit","","13-12-2023 10:23:21","Approved","Soniya Malhotra","Pls correspond through SQD","15-12-2023 08:49:17","Approved","","","","","","","","","","","","","","","","","","","","","","","","","","","","","","","","","","","","","","","","","","","","","","","","","","","","","","","","","","","","","","","","","","","","","","","","","","","","","","","","","","","","","","","","","","","","","","","","",""
"IN/2023/0052","D","IN","O","Surendra  Yadav","2023-09-06 16:42:09","Pardeep  Kumar","2024-01-12 10:11:30","MSIL","PRD","2023-09-02","02-09-2023","C","12:00:00","YNC ENG","","ECU","HA115600-576X","Crack on Case","Air Leakage due to Crack available on Case","Air Leak Failure Analysis ","02","Supplier Process","02","Yes","Air Leakage Issue","2","1","Y","Similar Issue Observed in Past. For which Supplier had taken countermeasure","Reoccurrence","N","","Y","A","","","","","","","SQD sorting done to continue next production","03-09-2023","","","","","","","","","","","","","Surendra  Yadav","06-09-2023 16:36:18","","Rajeev  Gupta","","07-09-2023 09:05:36","Approved","Anup Sherekar","","07-09-2023 17:59:59","Approved","","","","Pending","","","","","","Pending","","","","","","","","SQD","No change ","No Change ","No Change ","No change ","No change ","No change ","16-09-2023","_","0","0","0","_","_","0","0","0","_","_","0","0","0","_","_","12000","12000","0","100% Dot mark near hole confirmation marking implemented ","_","0","0","0","_","-","4000","4000","0","_","_","0","0","0","_","_","0","0","0","_","-","0","0","0","_","Catching observed with Trimming Die due to rubbish struck during Inprocess.(Process Constraint)","Leak tester sensor accuracy not adequate to detect hair line crack(Comparison done with DNHA leak testing machine)","","Method not sufficient","_","New leak tester sensor( having high accuracy)being implemented in leak testing machine. T.date 7 Oct 23

Till above action,100% parts checked with Magnifier on separate visual inspection station. ","_","_","Anubhav  Grover ","21-09-2023 08:34:06","Please approve","Pardeep  Kumar","","12-01-2024 10:11:12","Approved","devraj bansal","","","","","","","","","","","","","","","","","","","","","","","","","","","","","","","","","","","","","","","","","","","","","","","","","","","","","","","","","","","","","","","","","","","","","","","","","","","","","","","","","","","","","","","","","","","","","","","","","","","",""
"IN/2023/0051","D","IN","C","Surendra  Yadav","2023-09-06 16:36:07","Anup Sherekar","2023-10-18 14:09:27","TKM","PRD","2023-08-28","28-08-2023","C","03:00:00","GD1B ENG","","ECU","HA283100-0390","Connector Broken","Connector Found broken. As there is no hitting mark near damage area, suspected is the damage was available at Child Part Level ","Visual Check after Packaging","01","Supplier Process","01","Yes","Air Leakage & Fitment Issue","2","1","N","","Occurrence","N","","Y","A","","","","","","","Production resumed with 200% regular check point. ","29-08-2023","","","","","","","","","","","","","Surendra  Yadav","06-09-2023 16:26:19","","Rajeev  Gupta","No Comment","07-09-2023 09:08:27","Approved","Anup Sherekar","","07-09-2023 18:00:28","Approved","","","","Pending","","","","","","Pending","","","","","","","","QAD","No change ","No change ","No change ","No change ","No change ","No change ","11-09-2023","NA","0","0","0","NA","NA","0","0","0","NA","NA","0","0","0","NA","NA","0","0","0","NA","NA","0","0","0","NA","NA","0","0","0","NA","NA","0","0","0","NA","NA","0","0","0","NA","NA","0","0","0","NA","External Factor. Not at Supplier end. Supplier Report Received on 10th Oct'23","Not Applicable","","","Not Applicable","Not Applicable","Not Required","Not Required","Ashish  Bar ","30-09-2023 16:13:24","Part sent on 27th Sep'23 after DNJP PIC confirmation. Target date to received reply/report  from supplier by 15th Oct'23. Supplier Report Received on 10th Oct'23 . <External Factor>","Atul  Pandit","","13-10-2023 09:26:54","Approved","Soniya Malhotra","Pls confirm DNHA mfg and storage process to find the cause as a CFT.","13-10-2023 15:35:47","Approved","25-09-2023","No","NA","No","Not identified","notok","Root Cause unclear","No","0","Yes","01","No","Not Applicable","No","13-10-2023","No","Not required","No","Not Applicable","Surendra  Yadav","13-10-2023 16:05:24","","","","","","","","","Approved","Rajeev  Gupta","No","13-10-2023 16:53:07","Approved","Anup Sherekar","","18-10-2023 14:09:10","Approved","","","","","","","","","","","","","","","","","","","","","","","","","","","","","","","","","","","","","","","","","","","","","","","","","","","","","","","","","","",""
"IN/2023/0050","D","IN","C","Surendra  Yadav","2023-09-06 16:26:08","Anup Sherekar","2023-12-15 17:26:19","MSIL","PRD","2023-08-25","25-08-2023","B","05:00:00","YCA ENG","","ECU","HA15600-489X","Gap between Cover & Case","Due to abnormal die mark on case , gap created between Case & Cover after Packaging ","Packaging","01","Supplier Process","01","Yes","Product may loose air tightness property ","2","1","N","","Occurrence","N","","Y","A","","","","","","","Available Child Part WIP rechecked. NG Parts (Qty) segregated . Production resumed with check point at child part level","26-08-2023","","","","","","","","","","","","","Surendra  Yadav","06-09-2023 15:44:08","","Rajeev  Gupta","","07-09-2023 09:10:38","Approved","Anup Sherekar","","07-09-2023 18:01:06","Approved","","","","Pending","","","","","","Pending","","","","","","","","SQD","No change ","No Change ","No Change ","No change ","No change ","No change ","08-09-2023","_","0","0","0","_","_","0","0","0","_","_","0","0","0","_","_","352","351","1","SQD OK Tag Provided","_","0","0","0","_","-","8000","8000","0","100% Dot mark near hole confirmation marking implemented","_","0","0","0","_","_","0","0","0","_","-","0","0","0","_","Ejector pin outer edge get wear out.","
Operator do not focus on checking ejector area for burr.(Operator negligence)
","","","Rule made to confirm ejector pin condition during every loading(instead of every PM)when Die life exceed 70 K Shots


","Training given to quality inspector to focus on checking ejector areas for this defect.
","_","_","Anubhav  Grover ","21-09-2023 08:43:33","Please approve","Pardeep  Kumar","","13-10-2023 15:30:38","Approved","devraj bansal","","09-12-2023 08:16:43","Approved","22-09-2023","Yes","NA","Yes","Not identified","ok","Please share C/M Report","No","0","Yes","01","No","Not Applicable","Yes","13-10-2023","No","Not required","No","Not Applicable","Surendra  Yadav","15-12-2023 09:11:42","","","","","","","","","Approved","Rajeev  Gupta","nO","15-12-2023 12:26:14","Approved","Anup Sherekar","","15-12-2023 17:03:16","Approved","","","","","","","","","","","","","","","","","","","","","","","","","","","","","","","","","","","","","","","","","","","","","","","","","","","","","","","","","","",""
"IN/2023/0049","C","IN","C","Surendra  Yadav","2023-09-06 15:43:54","Soniya Malhotra","2023-12-13 11:47:55","AL","PRD","2023-08-16","16-08-2023","B","10:00:00","DC1V ENG","","ECU","HA276700-0902","Nut trapped inside Product ","Jig Nut got opened & trapped inside product . Detected by TM due to sound coming while shaking product at Final Appearance check ","Final Appearance Check ","01","Gel Pressing","01","Yes","Chance of shorting due to metallic nut inside product and hence may cause product malfunction.","2","2","N","","Occurrence","N","","Y","D","","","480","0","0","0","Suspected Products Hold . Nut assembled on Gel Pressing Jig . (Lock Type Nut installed to continue further production)","17-08-2023","","","","","","","","","","","","","Surendra  Yadav","06-09-2023 14:37:35","Current Production is ongoing by attaching Lock Nut Type on Gel Pressing Jig   ","Rajeev  Gupta","","07-09-2023 09:15:04","Approved","Anup Sherekar","","07-09-2023 18:01:29","Approved","Atul  Pandit","Thanks for good countermeasure, 
Please mention Horizontal deployment also for Nut fixing in other jig / Model where possibility available of nut looseness.","13-09-2023 12:03:54","Approved","No","Yes","Ajay Dhall","","25-09-2023 11:46:06","Approved","Production Stop","Shipment Hold","","","","Pending","Shipment Hold","PED","None","None","None","None","None","None","30-08-2023","Not applicable","0","0","0","Not applicable","Not applicable","0","0","0","Not applicable","Not applicable","0","0","0","Not applicable","Not applicable","0","0","0","Not applicable","Not applicable","0","0","0","Not applicable","Not applicable","0","0","0","Not applicable","Not applicable","0","0","0","Not applicable","Not applicable","0","0","0","Not applicable","Not applicable","0","0","0","Not applicable","Gel press upper jig stopper adjustment was not sufficient due to which load was transferring to the LM bush's nut. Due to continues application of force on nut, it become loss and fell into product.   ","Not outflowed, it was detected by visual check member.","Human negligence","","1.  Stopper adjustment done.
2. Normal nuts changed with nyloc nuts to have better locking.","Not applicable","This abnormality was not defined in PFMEA","This abnormality was not defined in QA N/W","Aman Bhaishaj","19-10-2023 15:19:51","Please approve","Naveen George","Please approve","19-10-2023 16:21:55","Approved","Pushpendra Agrawal","","19-10-2023 16:33:37","Approved","13-09-2023","Yes","","Yes","","ok","Countermeasure verified @ production line and found OK","No","0","No","0","No","0","Yes","01-12-2023","No","No change in PFMEA ","No","","Pankaj  Sharma ","01-12-2023 16:11:15","","Approved","Atul  Pandit","","13-12-2023 10:01:25","Approved","Mala Goyal","Approved","","","","","","","","","","13-09-2023","Yokonirami not required","","","","","","","","","","","","","","","","Mala Goyal","13-12-2023 11:20:15","","Soniya Malhotra","Pls consider Yokonirami","13-12-2023 11:41:53","Approved","","","","Pending","","","","","","","","","","","","","","","","","","","","","","","","","","","","","","",""
"OT/2023/0024","C","OT","C","Surendra  Yadav","2023-09-06 14:30:19","Soniya Malhotra","2023-10-13 15:15:05","AL","PRD","2023-08-19","19-08-2023","B","05:30:00","DC1V ENG","","ECU","HA276700-0902","Year Code Orientation NG in Date Stamp ","Batch marked on Product with Year Code (G) Orientation Opposite","Final Appearance Check ","492 (360 YCA , 96 DC1U , 36 DC1V)","Final Appearance Check ","492 (360 YCA , 96 DC1U , 36 DC1V)","No","","2","2","N","","Occurrence","N","","Y","D","","","456","0","0","36","Year Code orientation correction done & Production resumed. NG Batch Code rework done. ","20-08-2023","","","","","","","","","","","","","Surendra  Yadav","06-09-2023 14:15:29","Countermeasure already taken ","Rajeev  Gupta","No Comment","06-09-2023 14:36:53","Approved","Anup Sherekar","","07-09-2023 18:02:07","Approved","Atul  Pandit","","13-09-2023 11:56:46","Approved","No","No","Ajay Dhall","","27-09-2023 12:25:23","Approved","Production Stop","Shipment Hold","","","","Pending","Shipment Hold","PRD","No","No","No","No","No","No","02-09-2023","NA","0","0","0","NA","NA","0","0","0","NA","19-08-2023","456","0","0","Recheck , Rework  & Posca Mark on Kanban ","NA","0","0","0","NA","NA","0","0","0","NA","NA","0","0","0","NA","NA","0","0","0","NA","NA","0","0","0","NA","NA","0","0","0","NA","Human Mistake","Visual Skip","Human negligence","Operator Miss judgement","Operator will mark stamp on check sheet & reconfirm by writing actual date on check sheet  ","First & Last Piece Check Sheet Impleme","NA","D","Surendra  Yadav","27-09-2023 16:28:54","","Rajeev  Gupta","","27-09-2023 17:10:24","Approved","Anup Sherekar","","28-09-2023 16:34:30","Approved","16-09-2023","Yes","","Yes","","ok","Countermeasure verified @ production line and found OK","No","","No","","Yes","","Yes","06-10-2023","Yes","No change in PFMEA ","No","","Pankaj  Sharma ","06-10-2023 16:45:58","","Approved","Atul  Pandit","","13-10-2023 09:25:34","Approved","Mala Goyal","Approved","","","","","","","","","","16-09-2023","Yokonirami not required","","","","","","","","","","","","","","","","Mala Goyal","13-10-2023 11:09:07","","Soniya Malhotra","","13-10-2023 15:14:16","Approved","","","","Pending","","","","","","","","","","","","","","","","","","","","","","","","","","","","","","",""
"OT/2023/0023","A","OT","O","Yogesh Awasthi","2023-09-01 16:20:21","Dilip Kayaratt","2023-10-07 08:54:48","TDSG","QAD","2023-08-31","27-06-2023","G","12:30:00","12V Battery Pack","","12V Battery Pack","HA210515-0020","Part Send to TTBIL without SQD inspection. ","Part Send to TTBIL without SQD inspection. (SQD Inspection tag/Confirmation is missing)","TTBIL Inspection ","324","DNHA ","324","Yes","Multiple defect may pass to customer which may lead to customer Assy Line stoppage","3","4","N","","Occurrence","N","","N","","","","","","","","Part Visual Inspection to be performed at TTBIL QC Warehouse ","01-09-2023","","","","","","","","","","","","","Yogesh Awasthi","01-09-2023 15:03:41","","Jaspal Singh","","07-09-2023 11:12:12","Approved","Soniya Malhotra","","07-09-2023 15:51:49","Approved","Jaspal Singh","","23-09-2023 12:19:46","Approved","No","No","Ajay Dhall","","25-09-2023 11:45:46","Approved","Production Stop","Shipment Hold","","","","","Shipment Hold","PCD","No","No","No Check Point","No","No","NO","07-09-2023","0","0","0","0","0","0","0","0","0","0","0","0","0","0","0","0","0","0","0","0","0","0","0","0","0","0","0","0","0","0","0","0","0","0","0","0","0","0","0","0","0","0","0","0","0","No Check Point available","No Check Point","Insufficient Operation & Standardization  ","Method not sufficient","Check Point add and Quality alert Raise","Check Point add and Quality alert Raise","NA","NA","Rajesh  Bhardwaj","26-09-2023 11:50:48","Need to attach File","Jai  Bhagwan","","07-10-2023 08:51:26","Approved","Dilip Kayaratt","","07-10-2023 08:53:41","Approved","","","","","","","","","","","","","","","","","","","","","","","","","","","","","","","","","","","","","","","","","","","","","","","","","","","","","","","","","","","","","","","","","","","","","","","","","","","","","","","","","","","","","","","","","","","","","","","","",""
"FC/2023/0004","S","FC","O","Bindu Kakkar","2023-08-29 10:11:00","Yogesh  Dhyani","2023-10-06 11:20:08","MSIL","QAD","2023-08-25","12th Apr'23","G","12:00:00","YTB","683","FP","HA101962-9623","Vehicle not starting due to commutator wear out","Commutator and carbon brush both wear out (identified by X ray)","Vehicle running","1","Winding machine","TBC","Yes","Coil resistance will NG. Commi and carbon brush may wear out. FP lock.","","","Y","Problem is same but cause was different i.e. Misalignment of part loading in armature molding machine. (Occurred in Apr'13)","Reoccurrence","Y","98","Y","C","","","","","","","Q alert raised on Armature line to check cross wire condition","26-08-2023","","","","","","","","","","","","","Bindu Kakkar","29-08-2023 09:34:21","","Pardeep  Kaushik","- Armature winding hook come out  observed ","29-08-2023 10:20:01","Approved","Soniya Malhotra","","29-08-2023 16:51:49","Approved","Pardeep  Kaushik","","29-08-2023 16:55:27","Approved","Yes","Yes","Ajay Dhall","","01-09-2023 12:30:47","Approved","Production Stop","Shipment Hold","","","","","Shipment Hold","PRD","NA","NA","NA","NA","NA","NA","01-09-2023","0","0","0","0","0","0","0","0","0","0","0","0","0","0","0","0","0","0","0","0","0","0","0","0","0","0","0","0","0","0","0","0","0","0","0","0","0","0","0","0","0","0","0","0","0","Not clear","1. Possibility of ignorance due to extremely rare defect","","Operator Miss judgement","Recreation Trial ongoing","1.  Quality alert raised in line.
2. Microscope display orientation changed from Landscape to portrait for easier the visual check after Fusing.
3.Inspection DOJO implemented for Winding & Fusing process. 
4. CPIS improved with clearer & bigger pictures.","98","C","Manas  Behera","28-09-2023 12:55:37","","Yogesh  Anand","","29-09-2023 11:17:16","Approved","Yogesh  Dhyani","","06-10-2023 11:19:52","Approved","","","","","","","","","","","","","","","","","","","","","","","","","","","","","","","","","","","","","","","","","","","","","","","","","","","","","","","","","","","","","","","","","","","","","","","","","","","","","","","","","","","","","","","","","","","","","","","","",""
"","","","","","","","","","","","","","","","","","","","","","","","","","","","","","","","","","","","","","","","","","","","","","","","","","","","","","","","","","","","","","","","","","","","","","","","","","","","","","","","","","","","MTD","NA","NA","NA","NA","NA","NA","01-09-2023","0","0","0","0","0","0","0","0","0","0","0","0","0","0","0","0","0","0","0","0","0","0","0","0","0","0","0","0","0","0","0","0","0","0","0","0","0","0","0","0","0","0","0","0","0","Possible reason is current Hooking method
(Start & Last End in Opposite Direction)
Same issue was faced in DNJP also
DNJP abnormality history for this case: 5 cases in market (Last case was reported in 2019).","NG Part judged as OK Part","","Operator Miss judgement","As per DNJP Analysis report , Winding hooking  pattern need to change (Start & Last End should be in same direction , Please see attachment)","1. Camera Orientation Change
2. Inspection DOJO prepared
3. Auto judgement camera will install 
(Feasibility study  on going)","98","C","Ankur  Bansal","29-09-2023 09:31:10","","Himanshu  Gautam ","None.","18-09-2023 17:17:51","Approved","Pushpendra Agrawal","","18-09-2023 17:42:35","Approved","","","","","","","","","","","","","","","","","","","","","","","","","","","","","","","","","","","","","","","","","","","","","","","","","","","","","","","","","","","","","","","","","","","","","","","","","","","","","","","","","","","","","","","","","","","","","","","","",""
"","","","","","","","","","","","","","","","","","","","","","","","","","","","","","","","","","","","","","","","","","","","","","","","","","","","","","","","","","","","","","","","","","","","","","","","","","","","","","","","","","","","PED","No Change","No Change","No Change","No Change","No Change","No Change","01-09-2023","NA","0","0","0","NA","NA","0","0","0","NA","NA","0","0","0","NA","NA","0","0","0","NA","NA","0","0","0","NA","NA","0","0","0","NA","NA","0","0","0","NA","NA","0","0","0","NA","NA","0","0","0","NA","Start wire come out due to abnormal winding.
(Phenomenon: Finish wire push back start wire during hooking.)
","Operator judged NG part as OK part","","Operator Miss judgement","Winding machine modification same as of DNJP.
Change in method of start wire hooking direction during winding process. (DNJP m/c modification finish, but not implemented due to Customer approval. Quality confirmation done by DNJP with modified method in June 2022)","Under preparation by DNHA PRD FP.
Visual insp. is being done with microscope + camera + monitor, Image automatically generated & judgement by operator (same method as DNJP).","98","C","Sunil Lodhi","18-09-2023 17:07:17","","Shibsankar Das","","28-09-2023 15:46:47","Approved","Anup Sherekar","","28-09-2023 16:35:39","Approved","","","","","","","","","","","","","","","","","","","","","","","","","","","","","","","","","","","","","","","","","","","","","","","","","","","","","","","","","","","","","","","","","","","","","","","","","","","","","","","","","","","","","","","","","","","","","","","","",""
"OT/2023/0022","A","OT","O","Yogesh Awasthi","2023-08-25 19:00:58","Yogesh Awasthi","2023-12-18 14:37:39","TDSG","Customer","2023-08-25","3F05-1327","G","12:00:00","12V Battery Pack","","12V Battery Pack","HA210515-0020","Bus Bar Found in Loosed Condition","One Bus Bar Found in Loosed Condition (Screw & busbar found in Open Condition)","Customer End","01","Supplier end ","01","Yes","FITMENT WITH OTHER MATING PART IS NOT POSSIBLE ","3","4","N","","Occurrence","Y","7","Y","C","","","","","","","Information shared to supplier along with containment action & Sorting started at warehouse at TTBIL warehouse ","26-08-2023","","","","","","","","","","","","","Yogesh Awasthi","25-08-2023 18:39:01","","Jaspal Singh","","01-09-2023 09:49:04","Approved","Soniya Malhotra","","01-09-2023 12:21:20","Approved","Jaspal Singh","","23-09-2023 12:20:38","Approved","No","No","Ajay Dhall","","25-09-2023 11:45:26","Approved","Production Stop","Shipment Hold","","","","","Shipment Hold","SQD","No","No","Yes","No","No","No","01-09-2023","All available at TDSG","3709","3709","0","Green dot marking","NA","0","0","0","--","All available","10000","10000","0","Green dot on QR code","NA","0","0","0","--","NA","0","0","0","--","10404","10404","10404","0","Green dot","NA","0","0","0","--","NA","0","0","0","--","NA","0","0","0","--","Less torque applied on bolt due to Manual tightening done by Operator (reworked
","Bolt Looseness not checked by Inspector because cannot check visually.
","Standard Process not followed","Method not sufficient","< Temporary C/M>
1- Double check at station B by vocal until implementation of permanent counter measures - Ongoing
2- 0.25 Nm torque confirmation by digital torque meter till permanent counter measure implementation @ final inspection - Implemented
<Permanent C/M>
1- Creating a mechanism to hold, align and confirm availability of the terminal at desired 6 locations on fixture by locking mechanism at terminal position (T date by 30/Oct)

2- Rule to be defined - In case any NG part  made at station C, ","Additional station added for torque confirmation (0.25 Nm) by digital torque meter 
","--","C","Chandra Mohan","19-10-2023 12:28:06","Check and approve","Chandra Mohan","Pls approve","19-10-2023 12:48:47","Pending","devraj bansal","","09-12-2023 08:16:56","Pending","15-09-2023","","","","","","","","","","","","","","18-12-2023","","","","","Yogesh Awasthi","18-12-2023 14:33:54","Wrong File Attached --> Countermeasure of heat Sink leg bend 
Please attached Right file for final approval ","Rejected","","","","Pending","","Pending","","","","","","","","","","","","","","","","","","","","","","","","","","","","","","","","","","","","","","","","","","","","","","","","","","","","","","","","","","","","","","","","","","","",""
"OT/2023/0021","B","OT","C","Deepak  Garg","2023-08-23 10:54:39","Soniya Malhotra","2023-12-19 16:20:39","SMG","PRD","2023-08-09","9/8/23","B","04:00:00","3240","","VCT","HA229800-3240","Dent  & projection on sprocket teeth","Dent  & projection on sprocket teeth","Final visual inspection at final assy line","1","Supplier side problem","To be updated by SQD","Yes","Chain fitment issue at customer side","3","3","Y","","Reoccurrence","N","","N","","","","","","","","100 % Check available at final visual","10-08-2023","","","","","","","","","","","","","Deepak  Garg","23-08-2023 10:39:05","","Shibsankar Das","","23-08-2023 12:26:25","Approved","Anup Sherekar","","26-08-2023 10:15:49","Approved","Pardeep  Kaushik","","28-08-2023 10:44:02","Approved","No","No","Ajay Dhall","","01-09-2023 12:30:21","Approved","Production Stop","Shipment Hold","","","","Pending","Shipment Hold","SQD","No Change Point","No Change Point","No Change Point","No Change Point","No Change Point","No Change Point","23-08-2023","-","00","00","00","-","-","00","00","00","-","-","00","00","00","-","-","3000","00","00","-","-","00","00","00","-","-","2000","00","00","-","-","00","00","00","-","-","00","00","00","-","-","00","00","00","-","-Simulation trial done for before & After Induction hardening Damage
After IHA damage surface looks whitish.
-NG Part damage happen before IHA
-During deburring Operation Part drop & Hit with Hard surface.
-Part came out from Gripper fixture as gripper got loose in running condition","Skip from member","Insufficient Equipment management","Process skipped","-Daily Verification check Point added in process Control Chart to ensure Gripper Condition
","Visual Work Instruction updated to check teeth by dedicated operator & remaining portion by different operator.","No Change Point","No Change Point","Archit  Jain ","19-10-2023 09:27:30","","Pardeep  Kumar","","19-10-2023 09:45:54","Approved","devraj bansal","","09-12-2023 08:17:15","Approved","06-09-2023","Yes","Child part level sorting done - all part found OK.","Yes","","ok","Verified by SQD","No","No rejection","No","No scrap","No","No rework","Yes","13-12-2023","Yes","JI, OMS updated","No","N/A","Jagdeep  Singh","13-12-2023 15:05:48","Root cause identified & C/M's taken at supplier.","Approved","Pardeep  Kaushik","","19-12-2023 10:35:59","Approved","Mala Goyal","Approved","","","","","","","","","","06-09-2023","Yokonirami not required","","","","","","","","","","","","","","","","Mala Goyal","19-12-2023 12:13:09","","Soniya Malhotra","","19-12-2023 16:01:12","Approved","","","","Pending","","","","","","","","","","","","","","","","","","","","","","","","","","","","","","",""
"OT/2023/0020","C","OT","O","Deepak  Garg","2023-08-23 10:38:12","Jagdeep  Singh","2023-11-25 14:14:46","SMG","PRD","2023-07-29","29/7/23","A","12:00:00","3240","","VCT","HA229800-3240","Non-Filling/crack image observed on housing surface","Non-Filling/crack image observed on housing surface & Judged NG by Parts team & QA","Final visual inspection at final assy line","2","Parts area","To be shared by PRD VCT parts","Yes","If penetration is more then oil leakage will happen","3","2","N","","Occurrence","N","","N","","00","","","","","","100 % visual check available","30-07-2023","","","","","","","","","","","","","Deepak  Garg","23-08-2023 10:29:00","","Shibsankar Das","","23-08-2023 12:28:22","Approved","Anup Sherekar","","26-08-2023 10:18:01","Approved","Pardeep  Kaushik","","28-08-2023 10:45:03","Approved","No","No","Ajay Dhall","","01-09-2023 12:29:55","Approved","Production Stop","Shipment Hold","","","","","Shipment Hold","PRD","NA","NA","NA","NA","NA","NA","12-08-2023","0","0","0","0","0","0","0","0","0","0","0","0","0","0","0","0","0","0","0","0","0","0","0","0","0","0","0","0","0","0","0","0","0","0","0","0","0","0","0","0","0","0","0","0","0","Probable Cause: Material stuck inside die cavity. ","Wrong judgement","Root cause not clear","Operator Miss judgement","NA","1. Quality alert raised
2. Defective part shown to all TMs
3. Defective part kept in Inspection Dojo for TM Awareness & judgement improvement.","28","C","Manas  Behera","20-10-2023 09:26:38","","Shibsankar Das","","20-10-2023 14:24:57","Pending","Anup Sherekar","","25-11-2023 11:17:00","Pending","26-08-2023","No","","No","Root cause not clear","notok","","No","No rejection","No","No scrap","No","No rework","No","25-11-2023","No","No change","No","N/A","Jagdeep  Singh","25-11-2023 14:08:44","No countermeasure available in closure report.
If not taken please plan, implement & reflect.","Rejected","","","","Pending","","Pending","","","","","","","","","","","","","","","","","","","","","","","","","","","","","","","","","","","","","","","","","","","","","","","","","","","","","","","","","","","","","","","","","","","",""
"OT/2023/0019","C","OT","O","Deepak  Garg","2023-08-23 10:28:06","Jagdeep  Singh","2023-12-13 15:05:36","SMG","PRD","2023-08-20","20/8/23","A","10:00:00","KC-IN","","VCT","HA229800-3240","Bush stopper OD NG ","Bush stopper OD NG on lower side,leads to bush stopper press fit load NG","Bush stopper P/F m/c","20","Supplier side problem","To be shared by SQD","Yes","Bush stopper fittment can become loose","3","2","Y","Same issue repeated earlier","Reoccurrence","Y","48","Y","A","","","","","","","100 % Detection available in Press fit m/c","21-08-2023","","","","","","","","","","","","","Deepak  Garg","23-08-2023 10:19:11","Request for permanent action & problem repeats multiple times","Shibsankar Das","","23-08-2023 13:26:51","Approved","Anup Sherekar","","26-08-2023 10:20:26","Approved","Pardeep  Kaushik","","28-08-2023 10:46:46","Approved","No","No","Ajay Dhall","","01-09-2023 12:29:31","Approved","Production Stop","Shipment Hold","","","","","No Shipment Hold","SQD","No Change Point","No Change Point","No Change Point","No Change Point","No Change Point","No Change Point","03-09-2023","-","00","00","00","-","-","00","00","00","-","-","00","00","00","-","-","00","00","00","-","-","00","00","00","-","-","00","00","00","-","-","00","00","00","-","-","00","00","00","-","-","00","00","00","-","We have done trial with Bush Stopper Higher side & Housing Vane lower side parts along with PED support & found parts NG during assy. trial (See trail results in attachment)","---","","","---","---","-","-","Archit  Jain ","21-10-2023 10:01:22","","Pardeep  Kumar","","25-10-2023 11:13:58","Pending","devraj bansal","","09-12-2023 08:17:31","Pending","17-09-2023","","","","","","","","","","","","","","13-12-2023","","","","","Jagdeep  Singh","13-12-2023 15:03:04","Bush stopper OD observed NG, but still no root cause analysis & no actions.","Rejected","","","","Pending","","Pending","","","","","","","","","","","","","","","","","","","","","","","","","","","","","","","","","","","","","","","","","","","","","","","","","","","","","","","","","","","","","","","","","","","",""
"OT/2023/0018","D","OT","C","Deepak  Garg","2023-08-21 15:21:34","Anup Sherekar","2023-10-18 14:10:09","TIEI","PRD","2023-08-04","4/8/23","A","12:00:00","TNGA-IN ","","VCT","HA229800-4580","Step on rotor at customer bolt mounting area","Step on rotor at customer bolt mounting area","Final visual inspection","1","At supplier","SQD will update","Yes","Bolt mounting area at customer end","3","1","N","","Occurrence","N","","N","","","","","","","","100 % Check available at final visual","05-08-2023","","","","","","","","","","","","","Deepak  Garg","21-08-2023 15:07:45","","Shibsankar Das","","21-08-2023 15:27:46","Approved","Anup Sherekar","","26-08-2023 10:21:05","Approved","","","","Pending","","","","","","Pending","","","","","","","","SQD","SQD QK Tag","SQD QK Tag","SQD QK Tag","SQD QK Tag","SQD QK Tag","SQD QK Tag","18-08-2023","-","00","00","00","--","-","00","00","00","-","-","00","00","00","-","-","2000","2000","02","SQD QK Tag","-","00","00","00","-","-","00","00","00","-","-","00","00","00","-","-","00","00","00","-","--","00","00","00","-","Step form in Compaction stage & further Cut in Machining. 
Step Unclean happen when Total thickness become Lower side.(No margin for cutting during machining)","No Check Point","","Latent Defect","Compaction punch modified by removing the step to give uniform machining stock all over the face.
","Quality Alert raised & check point add in VWI","No Change Point","No Change Point","Archit  Jain ","23-09-2023 13:57:49","","Pardeep  Kumar","","23-09-2023 16:29:06","Approved","devraj bansal","","30-09-2023 08:51:37","Approved","01-09-2023","Yes","","Yes","","ok","OK as per SQD report","Yes","2","Yes","2","No","","Yes","11-10-2023","No","No update","No","","Deepak  Garg","11-10-2023 12:46:40","","","","","","","","","Approved","Shibsankar Das","","12-10-2023 08:24:50","Approved","Anup Sherekar","","18-10-2023 14:09:52","Approved","","","","","","","","","","","","","","","","","","","","","","","","","","","","","","","","","","","","","","","","","","","","","","","","","","","","","","","","","","",""
"IN/2023/0048","A","IN","C","Deepak  Garg","2023-08-21 15:06:58","Soniya Malhotra","2023-11-29 10:37:17","FIAT","PRD","2023-08-10","10/8/23","B","05:00:00","TA-IN","","VCT","HA229800-3290","Oil route NG part judge OK by Machine","OIl route NG misjudgment coming in machine.Gives OK judgment for Actual NG part","Rotor housing ASSY TM (Not a check point)","1","Sleeve P/F","Not clear","Yes","OIl flow will be less if oil route hole is in blocked /semi blocked condition","3","4","N","","Occurrence","Y","42","Y","A","","","3373","0","00","00","Production of TA-IN model is stopped as machine is still giving wrong judgmentg","11-08-2023","","","","","","","","","","","","","Deepak  Garg","21-08-2023 14:06:49","Present production of TA-IN model is stop & Actions ongoing by PED/MTD","Shibsankar Das","","21-08-2023 15:07:31","Approved","Anup Sherekar","","21-08-2023 15:16:29","Approved","Pardeep  Kaushik","QA side discussing with DNJP Design - Possibility for evaluation of oil route hole partially blockage in Assy level ","25-08-2023 15:51:59","Approved","No","Yes","Ajay Dhall","","28-08-2023 12:14:06","Approved","Production Stop","Shipment Hold","Soniya Malhotra","","29-11-2023 10:32:01","Approved","Shipment Hold","PED","0","Machine adjustment during breakdown on 10th July'23","0","0","0","0","17-08-2023","0","0","0","0","0","0","0","0","0","0","7-23, 8-23","477","477","22","0","0","0","0","0","0","0","0","0","0","0","0","0","0","0","0","0","0","0","0","0","0","0","0","0","0","0","0","0","0","0","Mis-adjustment of Oil route inspection mechanism for TATA-IN model during breakdown (OK parts misjudgement issue) on 10th July'2023-MTD","1)Improper quality confirmation after Machine adjustment.
2)NG Metal master not made in worst conditon","Insufficient Abnormality Handling","Method not sufficient","Always Confirm m/c adjustment with NG parts along with NG master : Completed","1)Confirm machine with NG parts after adjustment  
(Instructions to MTD/PRD) : Completed
2)Replace metal master with work master : Completed","42","A","Pravinder Singh","02-09-2023 15:47:54","","Ranajit Sarkar","","18-09-2023 09:22:05","Approved","Pushpendra Agrawal","It took much time to close this ATR due to reason as next mentioned. Line unavailability to recheck doubtful parts. Parts were run only in last week of 9/Oct by PRD.","18-09-2023 10:31:31","Approved","31-08-2023","No","FG level sorting not feasible","Yes","","ok","Countermeasures completed","Yes","22 pcs NG during rework - handling dent / damage","Yes","22 pcs NG during rework - handling dent / damage","Yes","All suspected parts- 477 reworked","Yes","22-09-2023","No","Change point reflected in PCS and JI","No","N/A","Jagdeep  Singh","22-09-2023 10:53:15","Root cause identified and CM's taken, Metal master replaced with part master.","Approved","Pardeep  Kaushik","","04-11-2023 08:37:13","Approved","Mala Goyal","Approved","","","","","","","","","","31-08-2023","Yokonirami not required","","","","","","","","","","","","","","","","Mala Goyal","25-11-2023 08:49:43","","Soniya Malhotra","","29-11-2023 10:28:50","Approved","Soniya Malhotra","","29-11-2023 10:32:01","Approved","","","","","","","","","","","","","","","","","","","","","","","","","","","","","","",""
"","","","","","","","","","","","","","","","","","","","","","","","","","","","","","","","","","","","","","","","","","","","","","","","","","","","","","","","","","","","","","","","","","","","","","","","","","","","","","","","","","","","MTD","N","FAULT DISTRIBUTION FROM  COMBINED FAULT TO TWO DIFFERENT FAULTS (OIL ROUTE NG & DIMENSION NG)","N","metal master available(product master not available","n","n","17-08-2023","0","0","0","0","0","0","0","0","0","0","0","0","0","0","0","0","0","0","0","0","0","0","0","0","0","0","0","0","0","0","0","0","0","0","0","0","0","0","0","0","0","0","0","0","0","1. error in plc modification
2. insufficient mc confirmation mehod
3. play in jig guide"," insufficient mc confirmation mehod  ","Insufficient Equipment Design","Method not sufficient","1. plc program corrected
2. mc confirmation ng part also to be confirmed
3. machine play corrected (judgement dependent on mechanical adjustment only)→ requested m/c design upgrade","2. mc confirmation ng part also to be confirmed
(Refer attached file)","42","A","Anurag  Srivastava","06-09-2023 14:24:07","KINDLY APPROVE","Naveen  Jain","","07-09-2023 13:32:27","Approved","Yogesh  Dhyani","","22-09-2023 10:20:40","Approved","","","","","","","","","","","","","","","","","","","","","","","","","","","","","","","","","","","","","","","","","","","","","","","","","","","","","","","","","","","","","","","","","","","","","","","","","","","","","","","","","","","","","","","","","","","","","","","","",""
"IN/2023/0047","A","IN","C","Shijoy  Vv","2023-08-21 12:33:51","Soniya Malhotra","2024-01-06 10:02:28","MSIL","PRD","2023-08-10","100823","G","10:00:00","YSD","","RTS","HA100775-1702","Extra material inside the hole of Aspirator","While assemble the aspirator TM observed the extra material on aspirator hole ","Aspirator assembly","01","Child part","01","Yes","It can be interrupt of air flow","3","4","N","","Occurrence","N","","N","","","","","","","","Child part sorting done by SQD","11-08-2023","","","","","","","","","","","","","Shijoy  Vv","21-08-2023 12:02:11","","Rajeev  Gupta","Request to SQD , Pls consider effective Countermeasure  for Occuerence & Outflow of Defect.","21-08-2023 13:22:34","Approved","Anup Sherekar","","21-08-2023 15:13:23","Approved","Atul  Pandit","","23-08-2023 10:51:04","Approved","No","No","Ajay Dhall","","24-08-2023 08:49:38","Approved","Production Stop","Shipment Hold","Soniya Malhotra","","06-01-2024 10:02:04","Approved","Shipment Hold","SQD","No change ","No Change ","No Change ","No change ","No change ","No change ","17-08-2023","_","0","0","0","_","_","0","0","0","_","_","2820","2820","0","_","_","4550","4550","0","100% Dot mark near hole confirmation marking implemented ","_","0","0","0","_","_","1000","1000","0","100% Dot mark near hole confirmation marking implemented","_","0","0","0","_","_","0","0","0","_","-","0","0","0","_","This flash inside hole was generated during Setup when Barrel temperature was kept high during Purging.","This Setup part got mixup due to operator negligence & was skipped from final inspection because inspector do not focus checking hole region.(It is overlooked by operator since no issue faced from past 3 years inside hole region so inspector didnot focus this area)","","Std. process not followed","_","a)Training provided to operator to properly cross check all the setup qty. before scrapping in red bin. 
b)Awareness provided to inspectors to focus on checking hole regions(n=3)for detection of molding defects.","_","_","Anubhav  Grover ","24-08-2023 09:30:55","","Chandra Mohan","Please verify and approve","20-10-2023 10:43:26","Approved","devraj bansal","","09-12-2023 08:17:44","Approved","31-08-2023","Yes","","Yes","","ok","Countermeasure verified with report and found OK","No","","No","","No","","Yes","05-01-2024","No","No change in PFMEA ","No","","Pankaj  Sharma ","05-01-2024 16:13:11","","Approved","Atul  Pandit","","05-01-2024 17:15:48","Approved","Mala Goyal","Approved","","","","","","","","","","31-08-2023","Yokonirami not required","","","","","","","","","","","","","","","","Mala Goyal","06-01-2024 08:33:09","","Soniya Malhotra","","06-01-2024 09:58:56","Approved","Soniya Malhotra","","06-01-2024 10:02:04","Approved","","","","","","","","","","","","","","","","","","","","","","","","","","","","","","",""
"IN/2023/0046","D","IN","C","Anshul Gaba","2023-08-18 12:11:36","Anup Sherekar","2023-11-25 11:16:28","MSIL","PRD","2023-08-17","HA297500-24711A","A","12:45:00","2471","","INJ","2471","Pipe bend parts observed in Air leak NG part","HIgh Air leak NG part observed as defect in Air leak machine.ATL checked Pipe bend condition and found Pipe bend & immediately part handover to TL. Called discussion meeting with CFT to decide next ac","Air leak inspection","1","","","Yes","Air leak NG","3","1","Y","Previous ATR OT/2023/0005 already raise by Injector Housing line (under process)","Reoccurrence","N","","N","","","","","","","","1) Quality alert added at Final visual inspection in UC-2 & UC-3 line , 2) 100% Pipe lot inspection started at Housing line","18-08-2023","","","","","","","","","","","","","Anshul Gaba","18-08-2023 11:54:06","","Manish Jain","","18-08-2023 15:56:56","Approved","Anup Sherekar","","21-08-2023 15:14:25","Approved","","","","Pending","","","","","","Pending","","","","","","","","MTD","No change ","No change ","No change ","No change ","No change ","No change ","31-08-2023","0","0","0","0","0","0","0","0","0","0","0","0","0","0","0","0","0","0","0","0","0","0","0","0","0","0","0","0","0","0","0","0","0","0","0","0","0","0","0","0","0","0","0","0","0","Not clear","Part detection ok at air leak ","Insufficient Equipment Design","","For inside bend pipe, Load spec changed 320N  → 290N 
In abnormal load >290 N machine will detect it as NG and Outflow will not occur","For inside bend pipe, Load spec changed 320N  → 290N 
In abnormal load >290 N machine will detect it as NG and Outflow will not occur","0","0","Sourabh  Gupta","25-09-2023 14:12:01","","Himanshu  Gautam ","Past defect conclusion was due to Pipe Assy abnormality such defect occur at DNHA UC 3 line. In past 100% in-house VI done for Pipe assy by SQD team no case reported.","08-09-2023 09:16:38","Approved","Pushpendra Agrawal","","16-09-2023 12:12:46","Approved","14-09-2023","No","","No","","ok","No C/M taken for this issue (Suspected is Child part level)","No","0","No","0","No","0","No","17-10-2023","No","0","No","","Anshul Gaba","17-10-2023 14:54:15","No C/M taken for this issue (Suspected is Child part level)","","","","","","","","Approved","Manish Jain","","20-10-2023 08:56:33","Approved","Anup Sherekar","","25-11-2023 11:15:42","Approved","","","","","","","","","","","","","","","","","","","","","","","","","","","","","","","","","","","","","","","","","","","","","","","","","","","","","","","","","","",""
"","","","","","","","","","","","","","","","","","","","","","","","","","","","","","","","","","","","","","","","","","","","","","","","","","","","","","","","","","","","","","","","","","","","","","","","","","","","","","","","","","","","PED","None","None","None","None","None","None","31-08-2023","0","0","0","0","0","0","0","0","0","0","0","0","0","0","0","0","0","0","0","0","0","0","0","0","0","0","0","0","0","0","0","0","0","0","0","0","0","0","0","0","0","0","0","0","0","SDM supplied Pipe assy having circularity NG, results in such kind defect occurrence in DNHA Assy line. Previous Case to be referred. Small Notch/Deformation in Pipe Assy Leads to Abnormal PF/Assy in UC Line","Part Came as Air Leak Inspection NG and Checked Visually >> Found Pipe Bend.  Outflow from Previous Process Occurred and Detected at Air Leak Station","","","None As Suspected is Child Part Issue. ","To check the Feasibility for adding Camera below Index Table Jig at UC 3 M/c HSG Upper Backup Ring PF Loading Station >> Checked and Confirmed Cannot Add as No Space Available for Setup","32","D","Vibhor  Kumar","07-09-2023 13:47:22","","Yogesh  Anand","This pipe dent issue related to child part issue  , Action-1 , For Abnormal load detection at machine we studied & reduced the load criteria as per PPT.  Action-2 on going by PED san they are planning load vs displacement graph same as Japan mother plant  to catch the abnormal load.
","29-09-2023 09:33:29","Approved","Yogesh  Dhyani","Part side action is required from SQD.","11-10-2023 09:56:05","Approved","","","","","","","","","","","","","","","","","","","","","","","","","","","","","","","","","","","","","","","","","","","","","","","","","","","","","","","","","","","","","","","","","","","","","","","","","","","","","","","","","","","","","","","","","","","","","","","","",""
"IN/2023/0045","C","IN","C","Anshul Gaba","2023-08-18 11:01:19","Soniya Malhotra","2023-12-23 11:27:34","MSIL","PRD","2023-08-08","HA297500-24711A","B","03:58:00","2471","","INJ","2471","Lower Backup ring (B/R) Broken part observed","Lower Backup ring (B/R) Broken part observed at Final visual station by TM (Ravikant Joshi) & immediately followed Stop call wait rule & inform TL Pradeep MP
Checked Lower B/R Pressfit Jig-2 & found ","Final Visual Station","1","Lower Backup ring (B/R) Pressfit station","","Yes","Can result in Lower O-ring fall off ","4","1","N","","Occurrence","N","","Y","A","","","1440","0","0","0","1)    Available stock check by PRD.  Available 1440 pcs Visual Re-check by PRD (All Found OK) 2)    Broken Child part Part Recovery by PRD.  Broken Child part recovered completely from Lower B/R Pressfit Jig-2   3)    Machine Static Accuracy check by MTD","09-08-2023","","","","","","","","","","","","","Anshul Gaba","18-08-2023 09:57:22","Please Approve","Manish Jain","","18-08-2023 15:56:26","Approved","Anup Sherekar","","22-08-2023 15:01:50","Approved","Pushpendra  Singh","","21-09-2023 11:50:10","Approved","No","No","Ajay Dhall","","22-09-2023 09:53:22","Approved","Production Stop","Shipment Hold","","","","Pending","Shipment Hold","MTD","No change ","No change ","No change ","No change ","No change ","No change ","22-08-2023","0","0","0","0","0","0","0","0","0","0","0","0","0","0","0","0","0","0","0","0","0","0","0","0","0","0","0","0","0","0","0","0","0","0","0","0","0","0","0","0","0","0","0","0","0","Finger wear out so possibility of loose chuck and Lower backup can broken during jig loading ","broken Lower oring detection by camera","","","Finger change frequency to be add 1/6month .","na","0","0","Sourabh  Gupta","14-10-2023 09:06:04","Please approve this ATR","Yogesh  Anand","We will change in PM point check & change to always change 1/6 M in PM checksheet. T.D 20th October.","14-10-2023 09:45:41","Approved","Yogesh  Dhyani","","14-10-2023 10:00:47","Approved","05-09-2023","No","N/A","Yes","Yes","ok","C/m done","No","","No","","No","","Yes","14-12-2023","No","N/A","No","","Rahul  Singh","14-12-2023 11:54:34","","Approved","Pushpendra  Singh","","23-12-2023 08:50:17","Approved","Mala Goyal","Approved","","","","","","","","","","05-09-2023","Yokonirami not required","","","","","","","","","","","","","","","","Mala Goyal","23-12-2023 10:01:16","","Soniya Malhotra","","23-12-2023 11:25:32","Approved","","","","Pending","","","","","","","","","","","","","","","","","","","","","","","","","","","","","","",""
"","","","","","","","","","","","","","","","","","","","","","","","","","","","","","","","","","","","","","","","","","","","","","","","","","","","","","","","","","","","","","","","","","","","","","","","","","","","","","","","","","","","PED","No change","No change","No change","No change","No change","No change","22-08-2023","0","0","0","0","In process detection","0","0","0","0","In process detection","0","0","0","0","In process detection","-","0","0","0","-","-","0","0","0","-","-","0","0","0","-","-","0","0","0","-","-","0","0","0","-","-","0","0","0","-","Back up ring pick & place Loader claw finger (used to chuck backup ring at linear feeder & transfer to assembly jig) wear out. [Refer SQD measurement report in attachments]","Same process outflow detection not available. Detection at post process, Final visual inspection station (refer Quality check point no-14 in attached PCS)","","","MTD to reflect claw finger change frequency in Preventive Maintainance (PM) check sheet","NA","72","D","Saurabh  Kapoor","09-10-2023 20:31:21","","Himanshu  Gautam ","none","12-10-2023 10:25:35","Approved","Pushpendra Agrawal","","13-10-2023 08:48:18","Approved","","","","","","","","","","","","","","","","","","","","","","","","","","","","","","","","","","","","","","","","","","","","","","","","","","","","","","","","","","","","","","","","","","","","","","","","","","","","","","","","","","","","","","","","","","","","","","","","",""
"OT/2023/0017","A","OT","C","Yogesh Awasthi","2023-08-17 12:26:30","Soniya Malhotra","2023-10-25 09:31:51","TDSG","Customer","2023-08-16","N23603","G","12:30:00","12V Battery Pack","","12V Battery Pack","HA210531-0070","Mino Thai carrier BMU pin bend","Mino Thai carrier BMU pin bend","Customer End","01","Supplier end ","01","Yes","Fitment can't be done with BMU(Mating part)","3","4","N","","Occurrence","Y","112","Y","C","","","","","","","Information shared to supplier along with containment action & Sorting started at warehouse at TTBIL warehouse ","17-08-2023","","","","","","","","","","","","","Yogesh Awasthi","17-08-2023 12:22:24","","Jaspal Singh","","17-08-2023 12:56:29","Approved","Soniya Malhotra","","21-08-2023 12:23:48","Approved","Jaspal Singh","","21-08-2023 14:00:35","Approved","No","No","Ajay Dhall","","22-08-2023 10:12:26","Approved","Production Stop","Shipment Hold","Soniya Malhotra","","25-10-2023 09:31:37","Approved","Shipment Hold","SQD","No change","No change","No change","No change","No change","No change","23-08-2023","-","0","0","0","0","-","0","0","0","0","-","0","0","0","0","-","0","0","0","-","-","20000","0","0","Sorting is ongoing for all the suspected parts at Sankyu WH by Mino Thai members","-","10000","8112","0","Dot mark on the Tag","-","0","0","0","-","-","0","0","0","-","-","0","0","0","-","Suspect is the part touch at the top plate in the inspection jig during handling","skip by the operator due to No proper mention of bend check in the work instruction.","Insufficient Operation & Standardization  ","Method not sufficient","Remove the top plate of the jig during inspection, 
Re train the operators for handling the parts during inspection","Improve poka-yoke by modification in the bend check jig, 
Add 2 side dial for bend check. Trial to be done for the pin size change from 2 mm to 1 mm for bend detection.","-","-","Shiva  Kumar ","19-09-2023 09:40:37","","Nripendra Chauhan","Evidence & factor analysis attached ","20-09-2023 10:18:36","Approved","devraj bansal","","22-09-2023 10:07:05","Approved","06-09-2023","Yes","Done and found OK","Yes","Completed","ok","Countermeasure identified based on FTA ","No","1","Yes","0","No","0","Yes","23-09-2023","Yes","112 & C","No","0","Yogesh Awasthi","23-09-2023 12:44:55","","Approved","Jaspal Singh","","19-10-2023 16:48:29","Approved","Mala Goyal","Approved","","","","","","","","","","06-09-2023","Yokonirami not required","","","","","","","","","","","","","","","","Mala Goyal","20-10-2023 17:00:22","","Soniya Malhotra","","25-10-2023 09:27:05","Approved","Soniya Malhotra","","25-10-2023 09:31:37","Approved","","","","","","","","","","","","","","","","","","","","","","","","","","","","","","",""
"IN/2023/0044","B","IN","C","Navdeep  Yadav","2023-08-12 15:36:33","Soniya Malhotra","2024-01-10 09:55:33","MSIL","PRD","2023-08-12","08G12","A","10:00:00","6230","","ETB","6230","Motor Terminal Sink Observed after Motor Assembly Process. ( 3 Qty)","Detail Study :

•	After Receiving 1st NG Part, PRD Started checking Motor Terminal Condition before Motor Bin Feeding >>   No Terminal Sink Observed.
•	Also Instruction Shared with TM’s to confirm ","Motor Assembly","3","Motor Assembly","","Yes","Product may stop function if the motor contact break","3","3","N","","Occurrence","Y","56","Y","A","","","1740","0","0","0","•	Dowel Pin & Screw was replaced with the new one. •	At Gear Pitch Machine Detection Process is available for Terminal Sink with Terminal Height less than 11.5 mm. •	Today Part terminal Length was 11.8~12 mm, therefore Detection Process was changed to Term","13-08-2023","","","","","","","","","","","","","Navdeep  Yadav","12-08-2023 14:57:31","","Manish Jain","","16-08-2023 09:08:27","Approved","Anup Sherekar","","28-11-2023 08:56:56","Pending","Pardeep  Kaushik","QA is reviewing with DNJP QA for evaluation of terminal press   failure situation. ","25-08-2023 15:54:22","Approved","No","Yes","Ajay Dhall","Can not understand detail , not filled properly","28-08-2023 09:03:57","Approved","Production Stop","Shipment Hold","","","","Pending","Shipment Hold","PED","None","None","None","None","None","None","26-08-2023","0","0","0","0","0","0","0","0","0","0","08G11, 08G12","1952","1952","16","X-Ray check, No marking done","0","0","0","0","0","0","0","0","0","0","0","0","0","0","0","0","0","0","0","0","0","0","0","0","0","0","0","0","0","0","The Motor guiding unit of the machine is fixed with bolt type dowel pins. The dowel pin bolt was broken & dowel pin came down. As a result, the guiding unit was shift from position & pressed the motor terminal causing sink of terminal.","The dowel pin was detected by operator after it came down & fell inside machine. However, the source of the dowel pin was not checked & production was continued till terminal sink condition was visually detected by next shift operator.","Root cause not clear","Insufficient Abnormality Handling","Change the dowel pins from bolt type to press fit type to eliminate the possibility of bolt break. (same reflection in DNDS Line also)","(1) At gear pitch inspection process, motor terminal current supply unit stroke adjusted. If terminal is sink >1 mm , current supply unit will not touch the motor terminal & defect will occur. 
(2) 1/D check point added Terminal sink work master dimension. ","56","NA","Biswa Rath","14-12-2023 12:02:46","","Ranajit Sarkar","","18-12-2023 09:11:46","Approved","Pushpendra Agrawal","","18-12-2023 11:12:05","Approved","09-09-2023","Yes","FG level sorting done by Xray check (Total: 1952 pcs, OK: 1936 pcs, NG: 16 pcs)","No","Occurrence cause not clear.","ok","Countermeasures completed","Yes","16 pcs (NG found during sorting)","Yes","16 pcs (NG found during sorting)","No","No rework","Yes","23-12-2023","No","1/D NG master check point added in checksheet","No","N/A","Jagdeep  Singh","23-12-2023 08:56:14","All planned countermeasures taken, please approve.","Approved","Pardeep  Kaushik","","06-01-2024 15:27:02","Approved","Mala Goyal","Approved","","","","","","","","","","09-09-2023","Yokonirami not required","","","","","","","","","","","","","","","","Mala Goyal","","","Soniya Malhotra","","10-01-2024 09:52:28","Approved","","","","Pending","","","","","","","","","","","","","","","","","","","","","","","","","","","","","","",""
"IN/2023/0043","C","IN","C","Surendra  Yadav","2023-08-10 10:50:37","Soniya Malhotra","2023-09-07 15:51:26","TKM","PRD","2023-08-09","Not Applicable","C","02:00:00","DC1A ENG","","ECU","HA278400-059X","PCB Defective","Green Masking not available between IC Lead","MRC","03","Supplier Process","Need to Confirm ","Yes","May Resist Solder","3","2","Y","Green Masking Peeling Defect observed in Dec'22 also in GP2A Model. PCB Part No was HA283831-0010 (Maker is same Meiko)","Reoccurrence","N","","N","","","","","","","","Production being carried out with high alert to TMs at MRC check - QAD checking possibility to hold PCB Lot","10-08-2023","","","","","","","","","","","","","Surendra  Yadav","10-08-2023 10:38:00","Need to decide & sort immediately regarding possibility of more NG Stock at PCB Level  ","Rajeev  Gupta","Request to QA to inform to Supplier (PCB) & Get Countermeasure ..","10-08-2023 11:10:08","Approved","Anup Sherekar","","12-08-2023 14:22:18","Approved","Atul  Pandit","","23-08-2023 10:49:52","Approved","No","Yes","Ajay Dhall","","24-08-2023 08:49:15","Approved","Production Stop","Shipment Hold","","","","Pending","Shipment Hold","QAD","NA","NA","NA","NA","NA","NA","23-08-2023","NA","0","0","0","NA","NA","0","0","0","NA","NA","0","0","0","NA","NA","0","0","0","NA","NA","0","0","0","NA","NA","0","0","0","NA","NA","0","0","0","NA","NA","0","0","0","NA","NA","0","0","0","NA","Due to Less Adhesiveness of SR layer due to small surface area between QFP Leads (100micron)","Not applicable at supplier side, because Solder resist peel off occurs after shipping or at Reflow process at DNHA.","Part/Product Design Issue","","SR Layer Surface area increased to both side by 5 micron for better adhesion.  (110 Microns). Based on past experience with other product.","If Solder resist peel off occurs at supplier side, 100% detection available. AVI machine installed at supplier process. (Effective from 30th Jun'23)","NA","NA","Ashish  Bar ","25-08-2023 17:11:12","","Atul  Pandit","","26-08-2023 09:38:32","Approved","Soniya Malhotra","","28-08-2023 11:21:16","Approved","06-09-2023","No","Sorting is not require.","Yes","Due to Low adhesiveness because area of SR layer between QFP lead was low in Design.","ok","SR Area increased from 100micron to 110micron between QFP lead.","No","","Yes","3","No","","Yes","31-10-2023","No","Not Applicable","No","","Ashish  Bar ","04-09-2023 09:17:59","172 hold PCB pass for use with monitoring.","Approved","Atul  Pandit","","07-09-2023 11:50:27","Approved","Mala Goyal","Approved","","","","","","","","","","06-09-2023","Yokonirami not required","","","","","","","","","","","","","","","","Mala Goyal","07-09-2023 13:25:05","","Soniya Malhotra","","07-09-2023 15:47:29","Approved","","","","Pending","","","","","","","","","","","","","","","","","","","","","","","","","","","","","","",""
"OT/2023/0016","A","OT","O","Yogesh Awasthi","2023-08-05 14:25:44","Yogesh Awasthi","2023-12-20 10:49:27","TDSG","Customer","2023-07-17","15-04-2023","G","04:00:00","12V Battery Pack","","12V Battery Pack","HA210533-0020","Heat Sink Leg Bend Issue","Heat Sink Leg Bend Issue due which leads to fitment failure with Mating part ","Customer End","01","Supplier end ","01","Yes","Part fitment is not possible and may leads to functional failure","3","4","N","","Occurrence","Y","105","Y","C","","","","","","","Information shared to supplier along with containment action & Sorting started at TTBIL warehouse ","18-07-2023","","","","","","","","","","","","","Yogesh Awasthi","05-08-2023 13:25:01","","Jaspal Singh","","07-08-2023 10:32:47","Approved","Soniya Malhotra","","07-08-2023 17:37:53","Approved","Jaspal Singh","","17-08-2023 13:43:29","Approved","No","No","Ajay Dhall","","21-08-2023 08:48:19","Approved","Production Stop","Shipment Hold","","","","","Shipment Hold","SQD","No","No","Yes","No","No","No","24-07-2023","All available at TDSG","500","500","0","Marked on bin","0","0","0","0","--","1512","1512","1512","0","Marked on bin","All available","912","912","0","Mentioned bend OK on tag","NA","0","0","0","--","All available in FG","4056","4056","0","Mentioned tick on Lot tag card","NA","0","0","0","--","NA","0","0","0","--","NA","0","0","0","--","Due to excess force exerted in upward direction because abnormal handling done 
1- Part hit from trolley structure
2- Picking part by tong
","Bend gauge inspection skip due to assumption by inspector (part checked or not)
Not verified in visual inspection because check point was not available.","Insufficient Operation & Standardization  ","Process skipped","1. Heat sink casting process handling WI to be prepared.
2. Part holding method to be added in Fettling WI
3- Training and awareness to be given to Operators (Casting/ Fettling)","1- Q-alert displayed at  casting PDI and machining PDI station.
2- After checking on bend gauge, a blue dot is being put on the part backside.
3- Checkpoint added for bend confirmation marking in Visual inspection WI","84","--","Chandra Mohan","19-10-2023 12:06:44","Checked","Chandra Mohan","Pls approve","19-10-2023 12:25:33","Pending","devraj bansal","","09-12-2023 08:17:58","Pending","07-08-2023","","","","","","","","","","","","","","20-12-2023","","","","","Yogesh Awasthi","20-12-2023 10:29:03","As discussed,. 
Same Issue repeated on 25th Oct'23 and separate investigation ongoing, 
please consolidate all FTA items for investigation and attach final report. ","Rejected","","","","Pending","","Pending","","","","","","","","","","","","","","","","","","","","","","","","","","","","","","","","","","","","","","","","","","","","","","","","","","","","","","","","","","","","","","","","","","","",""
"OT/2023/0015","A","OT","O","Yogesh Awasthi","2023-08-05 12:46:21","Yogesh Awasthi","2023-12-20 10:53:42","TDSG","Customer","2023-08-02","05-05-2023","G","05:00:00","12V Battery Pack","","12V Battery Pack","HA210533-0020","Heat Sink M3 Hole Thread Miss","Heat Sink M3 Hole Thread Miss(All 3 thread Miss)","Customer Assy Line ","01","Supplier end ","01","Yes","Part fitment is not possible due to thread miss","3","4","N","","Occurrence","Y","70","Y","C","","","","","","","Information shared to supplier along with containment action & Sorting started at TTBIL warehouse ","03-08-2023","","","","","","","","","","","","","Yogesh Awasthi","05-08-2023 11:29:14","","Jaspal Singh","","05-08-2023 13:26:36","Approved","Soniya Malhotra","","07-08-2023 17:39:27","Approved","Jaspal Singh","","17-08-2023 13:44:48","Approved","No","No","Ajay Dhall","","21-08-2023 08:47:53","Approved","Production Stop","Shipment Hold","","","","","Shipment Hold","SQD","Yes","No","Yes","No","No","No","09-08-2023","29 Jul ","1200","1200","0","Marked on bin","-","00","00","00","-","-","00","00","00","-","1200","1200","1200","0","Mention M3 OK on SQD tag","-","00","00","00","-","1080","1080","1080","0","Mention M3 OK on SQD tag","NA","00","00","00","-","NA","00","00","00","-","NA","00","00","00","-","Machine Alarm NG part mix with OK parts because operator did not put red spray 

","M3 tap inspection process skip because Cycle time not balanced with Visual Inspection output
","Insufficient Abnormality Handling","Process skipped","• Machine work instruction rule change: 
If any alarm come on , machine , don’t reset alarm to run , machine , inform to line engineer then , engineer will  reset the alarm and run , machine after deposition of alarm part .
• Abnormality handling on job training given to all machine operator. w.r.t WI  No :- WI/RIB/QAPDC/40
• BTS to activated in machine.
• Machine door lock system to be implement in machine ","1. Q-alert displayed at PDI station.
2- Final Inspection CT balanced for load re-distribution.
3.  Awareness given to all PDI inspector w.r.t Q-alert.
4. Thread miss check point added in Visual person WI.
","84","--","Chandra Mohan","19-10-2023 11:50:01","All counter measure actions completed at Rockman. Monitoring ongoing.","Chandra Mohan","Checked. Please approve.","19-10-2023 12:05:06","Pending","devraj bansal","","09-12-2023 08:18:12","Pending","23-08-2023","","","","","","","","","","","","","","20-12-2023","","","","","Yogesh Awasthi","20-12-2023 10:49:43","As discussed, 
Same issue has been repeated on 28th Nov'23, Request to Consolidate all FTA items and share the final report (Including outflow from SQ 100% VI) so that re-occurrence of same defect possibility can be eliminated for future. ","Rejected","","","","Pending","","Pending","","","","","","","","","","","","","","","","","","","","","","","","","","","","","","","","","","","","","","","","","","","","","","","","","","","","","","","","","","","","","","","","","","","",""
"IN/2023/0042","C","IN","O","Surendra  Yadav","2023-08-02 11:24:41","Pardeep  Kumar","2024-01-12 10:12:17","MSIL","PRD","2023-07-31","Not Applicable","B","09:00:00","YCA ENG","","ECU","HA112012-1550","Coating NG on Cover","Abnormal mark found on cover surface (Uneven Coating)","Final Appearance Check ","01","Supplier Process","01","Yes","Appearance Defect","2","2","Y","Repeated History ","Reoccurrence","Y","Not Apllicable","Y","D","","","","","","","Information shared with TMs for alertness & production resumed - Temporary check also implemented at Part Level ","01-08-2023","","","","","","","","","","","","","Surendra  Yadav","02-08-2023 11:09:34","","Rajeev  Gupta","","04-08-2023 08:57:54","Approved","Anup Sherekar","","09-08-2023 08:50:14","Approved","Atul  Pandit","","23-08-2023 10:48:21","Approved","No","Yes","Ajay Dhall","","24-08-2023 08:48:46","Approved","Production Stop","Shipment Hold","","","","","Shipment Hold","SQD","No change ","No Change ","No Change ","No change ","No change ","No change ","14-08-2023","_","0","0","0","_","_","0","0","0","_","_","0","0","0","_","_","4000","4000","0","SQD OK Tag Provided","_","0","0","0","_","-","7500","7500","0","_","_","0","0","0","-","_","0","0","0","_","-","0","0","0","_","This is Plating Process Constraint .","During Visual Inspection, Inspector skipped checking of coating mark at side corner area .","","Std. process not followed","_","Training provided to all inspectors to focus on all 4 corners(Clockwise checking)for confirming plating defects.","_","_","Anubhav  Grover ","07-09-2023 08:46:38","","Pardeep  Kumar","","12-01-2024 10:12:01","Approved","devraj bansal","","","","","","","","","","","","","","","","","","","","","","","","","","","","","","","","","","","","","","","","","","","","","","","","","","","","","","","","","","","","","","","","","","","","","","","","","","","","","","","","","","","","","","","","","","","","","","","","","","","",""
"IN/2023/0041","A","IN","C","Sukhwinder  Singh","2023-07-24 10:21:24","Soniya Malhotra","2023-09-14 11:50:13","MSIL","PRD","2023-07-18","18july2023","B","08:30:00","Supporter YCA","","FP","HA19627-5990 ","Tube fuel-A broken from the welding area","Tube fuel-A broken from the welding area","Jet inspection(SIFS-6)","1","Hot Plate Welding-2/New m/c","1","Yes","May impact functioning of part","3","4","Y","Similar issue was observed earlier long back in 2CF model & YRA/YP8","Occurrence","Y","36","Y","C","518","","640","0","84","0","All Available inventory of doubtful lot hold(FG & Sub assy), HPW-2(Doubtfull m/c) stopped until cause not clear & countermeasure . Till then production continue with other set of m/c.","19-07-2023","","","","","","","","","","","","","Sukhwinder  Singh","24-07-2023 09:57:36","","Shibsankar Das","","24-07-2023 15:29:14","Approved","Anup Sherekar","","26-07-2023 09:39:01","Approved","Pardeep  Kaushik","","26-07-2023 12:03:21","Approved","No","No","Ajay Dhall","","27-07-2023 17:07:42","Approved","Production Stop","Shipment Hold","Soniya Malhotra","Pls check for horizontal deployment ","14-09-2023 11:48:46","Approved","Shipment Hold","MTD","NA","NA","NA","NA","NA","NA","25-07-2023","0","0","0","0","0","0","0","0","0","0","0","0","0","0","0","0","0","0","0","0","0","0","0","0","0","0","0","0","0","0","0","0","0","0","0","0","0","0","0","0","0","0","0","0","0","Leakage from Pneumatic fitting that's why Melting area get solidify little bit because of air and welding was not proper","NA","","","Fitting will change other type with more durable
(Countermeasure has been Implemented, Fittings type has been changed)
New type fitting Benefits :=
1. No need to take out pipe so no possibility of wear tear of fittings
2. Fittings can remove very easily, no special skill required","NA","36","C","Ankur  Bansal","08-08-2023 15:11:32","","Yogesh  Anand","","17-08-2023 08:50:18","Approved","Yogesh  Dhyani","Pl. mentioned date of C/m implementation.","17-08-2023 09:36:24","Approved","08-08-2023","Yes","Parts were segregated first based on suspected machine i.e HPW M/c-2. , 320 /640 parts belongs to HPW-2","Yes","","ok","Countermeasure has been considered.","Yes","1/320 (HPW M/C -2)","Yes","1","Yes","319/320 (HPW M/C -2)","Yes","26-08-2023","No","No change in PFMEA & QA Net","No","","Bindu Kakkar","26-08-2023 11:44:44","","Approved","Pardeep  Kaushik","","13-09-2023 16:14:26","Approved","Mala Goyal","Approved","","","","","","","","","","08-08-2023","Yokonirami not required","","","","","","","","","","","","","","","","Mala Goyal","14-09-2023 11:04:31","","Soniya Malhotra","","14-09-2023 11:46:17","Approved","Soniya Malhotra","Pls check for horizontal deployment ","14-09-2023 11:48:46","Approved","","","","","","","","","","","","","","","","","","","","","","","","","","","","","","",""
"CC/2023/0021","S","CC","C","Rahul  Singh","2023-07-21 16:10:44","Soniya Malhotra","2023-12-23 11:29:49","SMG","QAD","2023-07-06","07.03.23","B","12:00:00","YRA Dual","","INJ","HA297500-2471","Engine not starting during VI process 
","Engine not starting during VI process 
","At customer end ","1","Final Vehicle Inspection station ","1","Yes","Air Leak NG","","","N","","Occurrence","N","","N","","","","0","0","0","0","Add Q-Alert","07-07-2023","","","","","","","","","","","","","Rahul  Singh","21-07-2023 15:50:29","","Pushpendra  Singh","","26-07-2023 12:15:12","Approved","Soniya Malhotra","","31-07-2023 16:20:28","Approved","Pushpendra  Singh","","17-08-2023 15:12:38","Approved","Yes","Yes","Ajay Dhall","","22-09-2023 09:53:00","Approved","Production Stop","Shipment Hold","Soniya Malhotra","","23-12-2023 11:29:07","Approved","Shipment Hold","SQD","No Change","Kiriko Machine B/D","No Change","No Change","No Change","No Change","13-07-2023","-","0","0","0","-","-","0","0","0","-","-","0","0","0","-","-","0","0","0","-","-","0","0","0","-","-","75586","75586","0","-","-","0","0","0","-","-","0","0","0","-","-","0","0","0","-","Metal chip not removed during the air blow operation due to a machine breakdown. After visual check, supervisor passed the part to the next process (did not done air blow in machine after machine repair) Unclear Part Handling Rule.","Check point is not available for inside metal chip.
","Insufficient Abnormality Handling","","Revise part handing rule flow in case of
machine alarm/stop.","Add Q-point about cutting chip foreign
material at visual inspection of cutting process
- Add Quality alert at visual inspection of
grinding process
Improve washing at cutting process by
increase current of vibration frequency.
Change current value from 3.8 V to 4.5 V.
Improve washing at grinding process (SDM)
by increase washing time all stations.
Increase washing time from 215 to 220 sec.","128","NA","Harish  Yadav","19-10-2023 09:09:47","","Pushpendra  Singh","","13-10-2023 14:13:45","Approved","Soniya Malhotra","pls attach the C/M information - Done ","13-10-2023 15:30:40","Approved","27-07-2023","No","","Yes","SDM issue","ok","C/m done","No","","No","","No","","Yes","14-12-2023","No","NA","No","","Rahul  Singh","14-12-2023 11:34:45","Please approve","Approved","Pushpendra  Singh","","23-12-2023 08:46:47","Approved","Mala Goyal","Approved","","","","","","","","","","27-07-2023","Yokonirami not required","","","","","","","","","","","","","","","","Mala Goyal","23-12-2023 08:49:50","1. Outflow c/m under implementation at SDM - Improve visual inspection of grinding process by change from magnifying to CCD camera (TD: E/Feb'24). To be monitor.
2. Yokonirami already issued on 20/Sep'23","Soniya Malhotra","","23-12-2023 11:27:57","Approved","Soniya Malhotra","","23-12-2023 11:29:07","Approved","","","","","","","","","","","","","","","","","","","","","","","","","","","","","","",""
"","","","","","","","","","","","","","","","","","","","","","","","","","","","","","","","","","","","","","","","","","","","","","","","","","","","","","","","","","","","","","","","","","","","","","","","","","","","","","","","","","","","QAD","NA","NA","NA","NA","NA","NA","13-07-2023","June'23","360","0","360","0","0","0","0","0","0","0","0","0","0","0","0","0","0","0","0","0","0","0","0","0","0","0","0","0","0","0","0","0","0","0","0","0","0","0","0","0","0","0","0","0","Spatter found in seat area","Spatter (FM) was not present in seat area during ","Foreign Material","Latent Defect","Please refer to attached sheet","Please refer to attached sheet","0","0","Rahul  Singh","12-10-2023 08:59:38","","Pardeep  Kumar","","19-10-2023 09:30:03","Approved","devraj bansal","","09-12-2023 08:18:27","Approved","","","","","","","","","","","","","","","","","","","","","","","","","","","","","","","","","","","","","","","","","","","","","","","","","","","","","","","","","","","","","","","","","","","","","","","","","","","","","","","","","","","","","","","","","","","","","","","","",""
"IN/2023/0040","B","IN","C","Sukhwinder  Singh","2023-07-07 14:46:30","Soniya Malhotra","2023-08-07 14:05:39","HCIL","PRD","2023-06-21","Not available (Lot card not received with this part)","B","04:00:00","2CT-G","","FP","2CT-G (Sub tank part no -KS196161-2520) ","Flapper valve stuck(not moving) ","Minor Burr observed on the stopper near plate locking area.","Flapper valve assembly","2","Flapper valve assy","2","Yes","May impact functionality of part","3","3","N","","Occurrence","Y","128","Y","A","","","","","","","1.SQD did measurement & concern area dimension found lower side  Spec ; 1.4~1.6mm,  Actual : 1.41mm (NG area dimension) Note other side nail dimension: 1.48~1.49mm(Other models dimension for both nails also towards mean side)  Next Action : SQ has shared t","22-06-2023","","","","","","","","","","","","","Sukhwinder  Singh","07-07-2023 14:11:26","","Shibsankar Das","","11-07-2023 14:03:11","Approved","Anup Sherekar","","19-07-2023 08:47:56","Approved","Pardeep  Kaushik","","22-07-2023 08:59:32","Approved","No","No","Ajay Dhall","","23-07-2023 13:40:26","Approved","Production Stop","Shipment Hold","","","","Pending","Shipment Hold","SQD","No Change","No Change","No Change","No Change","No Change","No Change","05-07-2023","-","0","0","0","-","-","0","0","0","-","-","0","0","0","-","-","0","0","0","-","-","0","0","0","-","-","0","0","0","-","-","0","0","0","-","-","0","0","0","-","-","0","0","0","-","Part dimensions Checked. Left Flapper area width found lower side in Subtank .Spec: 1.5±0.1
Observe: Left-1.405, Right-1.485
Mating Plate Dia checked & found OK.
Spec: dia 2-0.1, Observe: 1.94~1.98","Not applicable (Part Dimesnions OK)","","","Requested Supplier(SKD) to level up Subtank Flapper area Dimension.
Die under correction at TPTH(New Slider Pin to be made) & Improve the dimension (TD: E/Sept'23)","Not applicable","No change","No change","Harish  Yadav","26-07-2023 16:11:15","","Pardeep  Kumar","","26-07-2023 17:15:48","Approved","devraj bansal","","27-07-2023 11:24:31","Approved","19-07-2023","No","","Yes","Mating Dimension @ lower side however with in Dwg. spec.","ok","Part is not NG as per Drawing , however improvement action has been considered to make the dimension @ mean. Cav. wise <mean spec>. sorting is being carried out  till the improved part received & lower side parts are being used in other Models as having no combination issue.","No","","No","","No","","No","30-09-2023","No","NA","No","","Bindu Kakkar","28-07-2023 14:34:10","","Approved","Pardeep  Kaushik","","01-08-2023 13:26:34","Approved","Mala Goyal","Approved","","","","","","","","","","19-07-2023","Yokonirami not required","","","","","","","","","","","","","","","","Mala Goyal","01-08-2023 14:25:40","","Soniya Malhotra","","07-08-2023 14:04:41","Approved","","","","Pending","","","","","","","","","","","","","","","","","","","","","","","","","","","","","","",""
"IN/2023/0039","C","IN","C","Vinay Gawas","2023-06-29 16:43:53","Soniya Malhotra","2024-01-20 17:11:06","MSIL","PRD","2023-06-29","29th June 2023","A","01:30:00","7110","","O2","7110","Heater Break in 2 pieces ","On 29th A-shift , Plus holder pressfit TM observed heater ( child part ) got break in two peices after pick up from supply tray ","Plus holder pressfit ","1","supplier ","","Yes","Functional issue","3","2","N","","Occurrence","N","","N","","128","","","","","","1. Heater lot changed with New One    2. Information shared with QA & SQ team  3.. Information shared with line TMs 4. Doubtful parts ( made from heater lot ) hold at PRD ","30-06-2023","","","","","","","","","","","","","Vinay Gawas","29-06-2023 16:38:52","","Manish Jain","","01-07-2023 12:11:52","Approved","Anup Sherekar","","03-07-2023 15:01:49","Approved","Pushpendra  Singh","","26-07-2023 12:14:22","Approved","No","No","Ajay Dhall","","27-07-2023 17:07:21","Approved","Production Stop","Shipment Hold","","","","Pending","Shipment Hold","SQD","NA","NA","NA","NA","NA","NA","13-07-2023","NA","0","0","0","NA","NA","0","0","0","NA","NA","0","0","0","NA","NA","0","0","0","NA","NA","0","0","0","NA","NA","0","0","0","NA","NA","0","0","0","NA","NA","0","0","0","NA","NA","0","0","0","NA","Supplier decline this issue due to 100% resistance & Visual inspection available. Supplier suspect mishandling outside their factory","NA","","","NA","NA","NA","NA","Amit  Kumar","21-10-2023 13:46:55","","Pardeep  Kumar","","25-10-2023 11:14:55","Approved","devraj bansal","","09-12-2023 08:18:47","Approved","27-07-2023","No","","No","","notok","Countermeasure not verfied as supplier denied the issue","No","","No","","No","","No","17-01-2024","No","NA","No","","Chayan  Das","17-01-2024 12:15:17","","Approved","Pushpendra  Singh","","20-01-2024 15:28:08","Approved","Mala Goyal","Approved","","","","","","","","","","27-07-2023","Yokonirami not required","","","","","","","","","","","","","","","","Mala Goyal","20-01-2024 16:25:03","Root cause not identified","Soniya Malhotra","","20-01-2024 17:01:52","Approved","","","","Pending","","","","","","","","","","","","","","","","","","","","","","","","","","","","","","",""
"IN/2023/0038","B","IN","C","Deepak  Garg","2023-06-28 12:54:19","Soniya Malhotra","2023-07-31 16:47:22","TIEI","PRD","2023-06-11","11/6/23","A","12:00:00","TNGA-IN","","VCT","HA229800-4590","Ball check valve fall from part ","Ball check valve freely fall from rotor S/A after press fit operation & m/c judgment is OK","Ball check P/F station TM","1","Supplier problem Local","Will be updated by SQD","Yes","Ball can get disassembled & fall in future also as m/c judgment was OK & if press fitting is Losse it can get disassembled .","3","3","N","","Occurrence","Y","48","Y","A","","","0","0","0","0","Press fitting load lower limit is increased to avoid such parts outflow from P/F m/c  ","12-06-2023","","","","","","","","","","","","","Deepak  Garg","27-06-2023 16:57:23","","Shibsankar Das","","28-06-2023 14:44:25","Approved","Anup Sherekar","","30-06-2023 08:51:07","Approved","Pardeep  Kaushik","","30-06-2023 11:09:58","Approved","No","No","Ajay Dhall","","01-07-2023 08:58:42","Approved","Production Stop","Shipment Hold","","","","Pending","Shipment Hold","PED","0","0","0","0","0","0","25-06-2023","0","0","0","0","0","0","0","0","0","0","0","0","0","0","0","0","0","0","0","0","0","0","0","0","0","0","0","0","0","0","0","0","0","0","0","0","0","0","0","0","0","0","0","0","0","Rotor ID higher side NG","1)Press fitting m/c judge OK as press fit load was within drawing spec.  Drawing spec:  90N~1800N; 
Actual: 149N
2)If Ball check valve free fall can be detected at below 2 processes 
a) Ball check valve dimension check b) Check valve inspection
","","","by SQD","Press fit m/c Load Lower limit changed from 90N to 490N as per P/F load data [5k production parts load data -4sigma]","96","A","Pravinder Singh","08-07-2023 09:16:40","","Ranajit Sarkar","","08-07-2023 15:04:40","Approved","Pushpendra Agrawal","","08-07-2023 17:14:01","Approved","09-07-2023","Yes","Child part level sorting done","Yes","","ok","Verified by SQD","No","No rejection","No","No scrap","No","No rework","Yes","24-07-2023","No","No change in PFMEA / QA network,","No","N/A","Jagdeep  Singh","24-07-2023 11:52:40","Root cause identified & countermeasures taken (Confirmed by SQ at supplier)","Approved","Pardeep  Kaushik","","26-07-2023 12:04:33","Approved","Mala Goyal","Approved","","","","","","","","","","09-07-2023","Yokonirami not required","","","","","","","","","","","","","","","","Mala Goyal","28-07-2023 12:30:09","","Soniya Malhotra","","31-07-2023 16:44:54","Approved","","","","Pending","","","","","","","","","","","","","","","","","","","","","","","","","","","","","","",""
"","","","","","","","","","","","","","","","","","","","","","","","","","","","","","","","","","","","","","","","","","","","","","","","","","","","","","","","","","","","","","","","","","","","","","","","","","","","","","","","","","","","SQD","No Change","No Change","No Change","No Change","No Change","No Change","25-06-2023","-","00","00","00","-","-","00","00","00","-","-","00","00","00","-","-","1398","1398","00","SQD OK tag","-","00","00","00","-","-","00","00","00","-","-","00","00","00","-","-","00","00","00","-","-","00","00","00","-","Operator made mistake while giving wear offset (Give offset of 0.05mm at the place of 0.005mm)","Skip from inspector as No gauging flow /sequence defined at final inspection on air gauge. (Total 4 diameters are defined on air gauge).","Human negligence","Std. process not followed","In Machining 3 (3 Axis VMC) wear offset
limit to be changed from 0.05 max to 0.005 max.","In final inspection area, sequence of ID inspection to be defined on air gauging station to avoid any skip.","No Change","---","Archit  Jain ","17-07-2023 09:22:44","","Pardeep  Kumar","","17-07-2023 10:15:58","Approved","devraj bansal","","22-07-2023 08:50:07","Approved","","","","","","","","","","","","","","","","","","","","","","","","","","","","","","","","","","","","","","","","","","","","","","","","","","","","","","","","","","","","","","","","","","","","","","","","","","","","","","","","","","","","","","","","","","","","","","","","",""
"IN/2023/0037","C","IN","C","Deepak  Garg","2023-06-27 16:44:24","Soniya Malhotra","2023-09-27 11:08:57","SMG","PRD","2023-06-26","26/6/23","A","12:00:00","KC-IN","","VCT","HA229800-3240","Dent on sprocket teeth in KC-IN ","Dent sprocket teeth teeth in KC-IN model (Supplier : porite)","Final visual inspection","1","Supplier problem Local","Will be updated by SQD","Yes","It is a past customer claim (Apperance & Functional NG)","3","2","Y","100 % VI already ongoing at SQD, but still outflow to Final assy line","Reoccurrence","N","","N","","","","0","0","0","00","100 % Check available ","27-06-2023","","","","","","","","","","","","","Deepak  Garg","27-06-2023 16:34:46","","Shibsankar Das","","27-06-2023 16:58:22","Approved","Anup Sherekar","","27-06-2023 17:19:43","Approved","Pardeep  Kaushik","","30-06-2023 11:07:41","Approved","No","No","Ajay Dhall","","01-07-2023 08:56:24","Approved","Production Stop","Shipment Hold","","","","Pending","Shipment Hold","SQD","No Change Point","No Change Point","No Change Point","No Change Point","No Change Point","No Change Point","10-07-2023","-","00","00","00","-","-","00","00","00","--","-","00","00","00","-","-","00","00","00","-","-","00","00","00","-","-","00","00","00","-","-","00","00","00","-","-","00","00","00","-","-","00","00","00","-","By recreation trial it was observed that this teeth broken happen after sintering & before IHA process . So suspect is Deburring process . Suspect cause is Part come out from 
the gripping fixture as Gripper got loosen in running . ","Skip from inspector due to less time for teeth inspection","","Operator Miss judgement","Daily verification check point added in 
Deburring process control chart (PCC) to ensure 
gripper condition.
","Stage-2 Visual inspection sequence change.
 Only teeth inspection to be done in stage-2
 Visual inspection.","No Change","No Change","Archit  Jain ","22-09-2023 08:52:26","","Pardeep  Kumar","","22-09-2023 09:23:19","Approved","devraj bansal","","22-09-2023 10:07:38","Approved","24-07-2023","No","Sorting not required as per SQ.","Yes","","ok","Confirmed by SQD with Supplier","No","No rejection","No","No scrap","No","No rework","Yes","26-09-2023","No","No change in PFMEA, however, Check point added in OMS","No","N/A","Jagdeep  Singh","26-09-2023 09:49:56","Root cause identified & countermeasures taken","Approved","Pardeep  Kaushik","","27-09-2023 09:15:49","Approved","Mala Goyal","Approved","","","","","","","","","","24-07-2023","Yokonirami not required","","","","","","","","","","","","","","","","Mala Goyal","27-09-2023 09:43:46","","Soniya Malhotra","","27-09-2023 11:07:26","Approved","","","","Pending","","","","","","","","","","","","","","","","","","","","","","","","","","","","","","",""
"IN/2023/0036","D","IN","C","Deepak  Garg","2023-06-27 16:32:51","Anup Sherekar","2023-07-19 08:48:48","TIEI","PRD","2023-06-10","10/6/23","A","12:00:00","TNGA-EX","","VCT","HA229800-4600","Rust observed on Sprocket","Rust observed on sprocket in TNGA- EX model","Final visual inspection","1","Supplier problem Local","Will be updated by SQD","Yes","Rust is apperance NG & if increased can lead to fitment issue","3","1","N","","Occurrence","N","","N","","","","0","0","0","0","100 % Check available ","11-06-2023","","","","","","","","","","","","","Deepak  Garg","27-06-2023 16:27:10","","Shibsankar Das","","27-06-2023 17:00:57","Approved","Anup Sherekar","","27-06-2023 17:20:16","Approved","","","","Pending","","","","","","Pending","","","","","","","","SQD","No Change Point","No Change Point","No Change Point","No Change Point","No Change Point","No Change Point","24-06-2023","-","00","00","00","-","-","00","00","00","-","-","00","00","00","-","-","500","500","00","-","-","00","00","00","-","-","00","00","00","-","-","00","00","00","00","-","00","00","00","00","-","00","00","00","00","This is not rust. Marks seem to be superficial stain on part surface.","Operator judge OK (No instruction for stain mark in JI)","","","Stain Mark is common in Powder Metallurgy due to additives burning .","Consensus made with Porite not to send such type parts to DNHA ","No Change ","No Change ","Archit  Jain ","28-06-2023 18:56:11","","Pardeep  Kumar","","29-06-2023 19:18:58","Approved","devraj bansal","","30-06-2023 08:28:54","Approved","08-07-2023","No","","No","","ok","As Porite will not pass any strain parts to DNHA","Yes","1","Yes","1","No","0","No","03-07-2023","No","0","No","","Deepak  Garg","03-07-2023 10:09:22","","","","","","","","","Approved","Shibsankar Das","","11-07-2023 14:04:20","Approved","Anup Sherekar","","19-07-2023 08:48:32","Approved","","","","","","","","","","","","","","","","","","","","","","","","","","","","","","","","","","","","","","","","","","","","","","","","","","","","","","","","","","",""
"IN/2023/0035","C","IN","C","Deepak  Garg","2023-06-27 16:26:30","Soniya Malhotra","2023-09-26 09:53:28","MSIL","PRD","2023-06-10","10/6/23","A","12:00:00","KB-IN","","VCT","HA229800-1200","Bulge & crack in sprocket","Bulge & Crack type impression observed in SFL sprocket","Final visual inspection","1","Supplier problem Local","Will be updated by SQD","Yes","Crack can lead to VCT failure","3","2","N","","Occurrence","N","","N","","","","0","00","0","0","100 % Check available ","11-06-2023","","","","","","","","","","","","","Deepak  Garg","27-06-2023 16:17:07","","Shibsankar Das","","27-06-2023 17:02:54","Approved","Anup Sherekar","","27-06-2023 17:20:45","Approved","Pardeep  Kaushik","","30-06-2023 11:13:03","Approved","No","No","Ajay Dhall","","03-07-2023 08:43:08","Approved","Production Stop","Shipment Hold","","","","Pending","Shipment Hold","SQD","No Change Point","No Change Point","No Change Point","No Change Point","No Change Point","No Change Point","24-06-2023","-","00","00","00","-","-","00","00","00","-","-","00","00","00","-","-","00","00","00","-","-","00","00","00","-","-","00","00","00","-","-","00","00","00","-","-","00","00","00","-","-","00","00","00","-","As per investigation this is not a crack. It is interconnected porosity confirmed by micro-structure analysis.","Operator judge this line OK as 5mm scratch OK on sintering face","","Latent Defect","---","Consensus made with SFL to consider such porosity lines NG in future & Training given to operators about scratch & porosity line . Check point added in VWI ","No change point","---","Archit  Jain ","12-08-2023 16:13:00","","Pardeep  Kumar","","16-08-2023 11:51:31","Approved","devraj bansal","","21-08-2023 08:26:33","Approved","08-07-2023","No","Sorting not done","Yes","","ok","Countermeasures completed verified by SQ at supplier (SFL)","No","No rejection","No","No scrap","No","No rework","Yes","29-08-2023","No","Visual inspection - Work Instruction updated","No","N/A","Jagdeep  Singh","29-08-2023 10:20:49","Root cause identified & actions taken- Check point added in OMS -Part will judge NG","Approved","Pardeep  Kaushik","","29-08-2023 11:44:56","Approved","Mala Goyal","Approved","","","","","","","","","","08-07-2023","Yokonirami not required","","","","","","","","","","","","","","","","Mala Goyal","29-08-2023 11:54:08","","Soniya Malhotra","","29-08-2023 16:53:22","Approved","","","","Pending","","","","","","","","","","","","","","","","","","","","","","","","","","","","","","",""
"IN/2023/0034","B","IN","C","Deepak  Garg","2023-06-27 16:09:09","Soniya Malhotra","2023-07-31 16:44:27","FIAT","PRD","2023-06-05","5/6/23","A","12:00:00","TA-IN","","VCT","HA229800-3290","Timing mark Dia oversize","Timing mark diameter is more than spec on sprocket .","Final visual inspection","1","Supplier problem Local","Will be updated by SQD","Yes","Due to more size sprocket strength may become weak & also customer can detect as he will assemble part by checking timing mark","3","3","N","","Occurrence","N","","N","","","","1320","0","0","0","Quality alert raised on line & information shared with SQD","06-06-2023","","","","","","","","","","","","","Deepak  Garg","27-06-2023 15:56:14","","Shibsankar Das","","27-06-2023 17:03:52","Approved","Anup Sherekar","","27-06-2023 17:21:16","Approved","Pardeep  Kaushik","","30-06-2023 11:06:32","Approved","No","No","Ajay Dhall","","03-07-2023 08:42:24","Approved","Production Stop","Shipment Hold","","","","Pending","Shipment Hold","SQD","No Change","No Change","No Change","No Change","No Change","No Change","19-06-2023","-","00","00","00","-","-","00","00","00","-","-","00","00","00","-","-","00","00","00","-","-","00","00","00","-","-","00","00","00","-","-","00","00","00","-","-","00","00","00","-","-","00","00","00","-","Part face is cut in tapper as Minor burr get pressed between the part face & fixture.","No check point available during visual inspection","Human negligence","Latent Defect","1. Reduce the resting face area of the part during
the machining_1 operation to reduced chances
of burr traps between the part and fixture.
2. Auto air blow provided on machine which
will blow away loose burr after completion of
machining cycle.","Visual standard work chart updated for the
timing mark oversized issue.","AP - Low to Medium","--","Archit  Jain ","17-07-2023 09:12:12","","Pardeep  Kumar","","17-07-2023 10:14:14","Approved","devraj bansal","","22-07-2023 08:51:18","Approved","03-07-2023","No","Sorting not required ","Yes","","ok","Verified by SQD","No","No rejection","No","No scrap","No","No rework","Yes","24-07-2023","Yes","PFMEA: AP changed from 'M' to 'L' (Air blow manual to Auto)","No","N/A","Jagdeep  Singh","24-07-2023 12:07:16","Root cause identified & countermeasures taken","Approved","Pardeep  Kaushik","","26-07-2023 12:13:15","Approved","Mala Goyal","Approved","","","","","","","","","","03-07-2023","Yokonirami not required","","","","","","","","","","","","","","","","Mala Goyal","27-07-2023 10:58:21","","Soniya Malhotra","","31-07-2023 16:40:18","Approved","","","","Pending","","","","","","","","","","","","","","","","","","","","","","","","","","","","","","",""
"IN/2023/0033","D","IN","C","Deepak  Garg","2023-06-27 15:55:51","Anup Sherekar","2023-09-28 16:34:14","SMG","PRD","2023-06-02","2/6/23","B","12:00:00","KC-EC 3250","","VCT","HA229800-3250","Spring found mix-up ","Bigger spring found mixed in regular spring (Supplier :CKD (Japan) )","Part feeder during packet opening","192","Supplier problem CKD","Will be updated by QAD","Yes","Wrong type of spring can be passed if assembled","3","1","N","","Occurrence","N","","N","","","","","","","","Assy is not possible due to bigger size of spring","03-06-2023","","","","","","","","","","","","","Deepak  Garg","27-06-2023 15:40:07","","Shibsankar Das","","27-06-2023 17:06:22","Approved","Anup Sherekar","","27-06-2023 17:18:56","Approved","","","","Pending","","","","","","Pending","","","","","","","","QAD","No","No","No","No","No","No","16-06-2023","N/A","0","0","0","N/A","N/A","0","0","0","N/A","N/A","0","0","0","N/A","N/A","0","0","0","N/A","N/A","0","0","0","N/A","N/A","0","0","0","N/A","N/A","0","0","0","N/A","N/A","0","0","0","N/A","N/A","0","0","0","N/A","Root cause not clear","Root cause not clear, however below concern identified.
1.  If part no. card is dropped, there's risk of mistake putting it back.
2. They scan order sheet and PN card but not verify DN Kanban.","Root cause not clear","","Root cause not clear","1. Put Togo’s lot card in the plastic bag. (Between the first bag and the second bag.) => Already implemented
2. 3-item verification at palletizing (order sheet, DN Kanban, Togo Kanban) => Already implemented","No Change","No Change","Jagdeep  Singh","29-08-2023 12:14:09","Root cause not clear, Estimated cause identified, and actions considered.","Pardeep  Kaushik","","06-09-2023 09:08:28","Approved","Soniya Malhotra","","06-09-2023 17:45:29","Approved","30-06-2023","No","","No","","ok","As per report","Yes","360","No","Presently hold with DNHA QAD","No","","No","21-09-2023","No","NA","No","","Deepak  Garg","21-09-2023 16:09:19","","","","","","","","","Approved","Shibsankar Das","","28-09-2023 15:53:10","Approved","Anup Sherekar","","28-09-2023 16:33:58","Approved","","","","","","","","","","","","","","","","","","","","","","","","","","","","","","","","","","","","","","","","","","","","","","","","","","","","","","","","","","",""
"IN/2023/0032","D","IN","C","Surendra  Yadav","2023-06-27 13:20:48","Anup Sherekar","2023-09-04 10:40:00","MSIL","PRD","2023-06-26","NA","B","06:00:00","YCA ENG","","ECU","HA11017-0990","Adhesive FM on Child Part (Case)","Adhesive Material attached on Silicon Application Area on Case. This created gap below Silicon appllied material.","Silicon Application ","03","Supplier Process","03","Yes","Product May fail at Air Leak Process due to available gap below silicon applied material","1","1","N","","Occurrence","Y","Not Apllicable","Y","A","","","0","0","0","0","Production resumed after adding temporary check point ","27-06-2023","","","","","","","","","","","","","Surendra  Yadav","27-06-2023 13:00:36","Request to SQD to check on priority as this may lead multiple air leak failure.","Rajeev  Gupta","No Comment","03-07-2023 11:49:01","Approved","Anup Sherekar","","03-07-2023 14:52:51","Approved","","","","Pending","","","","","","Pending","","","","","","","","SQD","No Change Point","No Change Point","No Change Point","No Change Point","No Change Point","No Change Point","10-07-2023","-","0","0","0","-","-","0","0","0","-","-","0","0","0","-","-","21000","21000","0","Dot Confirmation marking inside each Case","-","0","0","0","-","-","4000","4000","0","SQD QK Tag provide inside each bin","-","0","0","0","-","_","0","0","0","-","_","0","0","0","-","FM sticked from Internal bin that were having broken foam.(During Gemba Check, Internal Bins having weared out foam observed)","This small FM is difficult to catch with naked eyes.","Foreign Material","Method not sufficient","Old internal bin having weared out foam have been disposed & new bin implemented for internal storage.","Checking through magnifier added for clear visibility of small FM sticked onto the Case.","_","_","Anubhav  Grover ","31-07-2023 16:19:29","","Pardeep  Kumar","","18-08-2023 09:30:39","Approved","devraj bansal","","21-08-2023 08:27:03","Approved","24-07-2023","Yes","NA","Yes","NA","ok","Countermeasure verified with SQD OK Tag","Yes","3","Yes","3","No","Not Applicable","Yes","28-08-2023","No","Not Applicable","Yes","","Surendra  Yadav","28-08-2023 09:36:11","","","","","","","","","Approved","Rajeev  Gupta","No","04-09-2023 09:18:32","Approved","Anup Sherekar","","04-09-2023 10:39:38","Approved","","","","","","","","","","","","","","","","","","","","","","","","","","","","","","","","","","","","","","","","","","","","","","","","","","","","","","","","","","",""
"IN/2023/0031","D","IN","C","Surendra  Yadav","2023-06-27 13:00:15","Anup Sherekar","2023-10-18 14:10:42","MSIL","PRD","2023-06-26","NA","B","10:00:00","YCA ENG","","ECU","HA115600-574X","Metallic Part attached on Child Part","Metallic Part Stuck on Case Mounting Holde","Name Plate Sticking ","01","Supplier Process ","01","Yes","Product May not Mount on Vehicle ","2","1","Y","Similar Issue Observed in Past. For which Supplier had taken countermeasure","Reoccurrence","Y","Not Apllicable","Y","A","","","0","0","0","0","Production resumed after checking next 1 Lot Child Part (No problem observed)","27-06-2023","","","","","","","","","","","","","Surendra  Yadav","27-06-2023 12:48:32","SQD is requested to check current running lot child Part","Rajeev  Gupta","It is Repeated Issue, Request to SQD pls take proper Counter measure (Occurrence & Flow out)","03-07-2023 11:46:08","Approved","Anup Sherekar","","03-07-2023 15:03:10","Approved","","","","Pending","","","","","","Pending","","","","","","","","SQD","No Change Point","No Change Point","No Change Point","No Change Point","No Change Point","No Change Point","10-07-2023","-","0","0","0","-","-","0","0","0","-","-","0","0","0","-","-","21000","21000","0","Dot Confirmation marking inside each Case","-","0","0","0","-","-","4000","4000","0","SQD QK Tag provide inside each bin","-","0","0","0","-","_","0","0","0","-","_","0","0","0","-","During Vibro Process , Media is struck inside the Case holes.(Process Constraint)","This defect was skipped by visual inspector due to operator not focus on hole area.","","Std. process not followed","_","Related to outflow from Final Visual Inspection->
a)Training provided to all inspectors to focus on checking all 4 hole areas for checking media struck issue.

Related to Detection at Leak testing Inspection->
a)In Leak testing fixture, Pin will be added at hole area so that part does not rest if it has media struck in any of the 4 holes.(It   will act as a Poke Yoke.","_","_","Anubhav  Grover ","28-07-2023 09:03:05","Please approve","Nripendra Chauhan","","26-09-2023 09:56:06","Approved","devraj bansal","","30-09-2023 08:52:41","Approved","24-07-2023","No","NA","Yes","Visual Skip at supplier end","ok","Request to SQD to Please share C/M Report from Supplier also ","No","0","No","0","Yes","01","No","06-10-2023","No","Not applicable","No","Not Applicable","Surendra  Yadav","06-10-2023 12:36:07","","","","","","","","","Approved","Rajeev  Gupta","","06-10-2023 14:34:32","Approved","Anup Sherekar","","18-10-2023 14:10:29","Approved","","","","","","","","","","","","","","","","","","","","","","","","","","","","","","","","","","","","","","","","","","","","","","","","","","","","","","","","","","",""
"OT/2023/0014","C","OT","O","Bindu Kakkar","2023-06-23 17:02:34","Anup Sherekar","2023-12-13 17:40:12","Tank Maker","QAD","2023-06-22","06th Jun'23 Shift-A","A","01:23:00","2UA-G ","","FP","HA292100-8462","White 5s cloth found inside SIFS bin","White 5s cloth found inside SIFS bin at Yachio","Yachio Assy","1","TBC","TBC","No","","1","3","N","","Occurrence","N","","N","","","","","","","","Sorting not required.","23-06-2023","","","","","","","","","","","","","Bindu Kakkar","23-06-2023 16:35:02","","Pardeep  Kaushik","","27-06-2023 16:32:28","Approved","Soniya Malhotra","","01-07-2023 08:52:05","Approved","Pardeep  Kaushik","","01-07-2023 09:25:16","Approved","No","No","Ajay Dhall","","03-07-2023 08:42:48","Approved","Production Stop","Shipment Hold","","","","","Shipment Hold","PCD","no","NO","NO","NO","NO","NO","06-07-2023","NA","0","0","0","NA","NA","0","0","0","NA","NA","0","0","0","NA","NA","0","0","0","NA","NA","0","0","0","NA","NA","0","0","0","NA","NA","0","0","0","NA","NA","0","0","0","NA","NA","0","0","0","NA","NOT Occur from PCD Warehouse","NOT OUTFLOW FROM PCD WAREHOUSE","","","NA","NA","NA","NA","Rajesh  Bhardwaj","26-07-2023 09:16:49","","Jai  Bhagwan","","28-07-2023 09:09:47","Approved","Dilip Kayaratt","Issued to wrong department. Please do proper analysis before issuing ATR.","28-07-2023 09:14:27","Approved","20-07-2023","","","","","","","","","","","","","","31-07-2023","","","","","Bindu Kakkar","31-07-2023 16:50:31","Please attach the Investigation Reports.","Pending","","","","Pending","","Pending","","","","","","","","","","","","","","","","","","","","","","","","","","","","","","","","","","","","","","","","","","","","","","","","","","","","","","","","","","","","","","","","","","","",""
"","","","","","","","","","","","","","","","","","","","","","","","","","","","","","","","","","","","","","","","","","","","","","","","","","","","","","","","","","","","","","","","","","","","","","","","","","","","","","","","","","","","PRD","Not applicable","Not applicable","Not applicable","Not applicable","Not applicable","Not applicable","06-07-2023","Not applicable","0","0","0","Not applicable","Not applicable","0","0","0","Not applicable","Not applicable","0","0","0","Not applicable","Not applicable","0","0","0","Not applicable","Not applicable","0","0","0","Not applicable","Not applicable","0","0","0","Not applicable","Not applicable","0","0","0","Not applicable","Not applicable","0","0","0","Not applicable","Not applicable","0","0","0","Not applicable","For occurrence at PRD end we should note 3 Points:

1)5 S cloth usage: frequency-->1/S; when: At the end of shift<Windup>
Bin stock in time: 13:23; which is 13:23 Hrs--> 1 hour prior to the time of windup.
2) Interrogation with TM(ATL,Visual Inline Op.(Electric inspection)): Both TM stated that no 5s done near to the time of abnormality.
3) Environmental factor: No Activity in nearing environment of line that can create dust accumulation or bad 5S, which can ultimately induce the requirement of 5S clot","Considering ATL as the last TM who handles bin, we have considered ATL as last gate.

Checkpoint availability for the stated abnormality: No checkpoint.

Similar checkpoint: Check the presence of critical marking over the flange surface and presence of caps.
Additional Note: In past ATL and visual operator have reported issues similar to this case<Bin condition NG, torn flaps, worn separator, extra material etc>. which suggests TM are having good sensitivity.

Conclusion: With above stated point it i","Root cause not clear","Rule not available","Not applicable at PRD end, although Awareness provided to TM's through Quality alert in case any Bin observed any abnormality will follow stop-call-wait.","Not applicable at PRD end, although Awareness provided to TM's through Quality alert in case any Bin observed any abnormality will follow stop-call-wait.","Not applicable","Not applicable","Sukhwinder  Singh","07-07-2023 13:50:24","","Shibsankar Das","","11-07-2023 14:09:41","Approved","Anup Sherekar","","19-07-2023 08:49:04","Approved","","","","","","","","","","","","","","","","","","","","","","","","","","","","","","","","","","","","","","","","","","","","","","","","","","","","","","","","","","","","","","","","","","","","","","","","","","","","","","","","","","","","","","","","","","","","","","","","",""
"OT/2023/0013","B","OT","C","Bindu Kakkar","2023-06-10 15:08:40","Soniya Malhotra","2023-07-24 11:50:35","SMG","QAD","2023-06-08","2nd May'23 Shift-A","G","12:00:00","YTA","","FP","HA101962-9623","Water found inside SIFS bin","Water found inside SIFS bin below SIFS as well as below separator","TTIPL Visual Inspection","4","TBC","TBC","Yes","May cause rust in metallic parts","3","3","Y","Occurrence: POAI kept empty bin outside. Now changed. Outflow: Checkpoint added to check below bin separator during empty bin receiving.","Reoccurrence","N","","N","","","","","","","","All parts checked by TTIPL Visuial Inspection","09-06-2023","","","","","","","","","","","","","Bindu Kakkar","10-06-2023 14:50:25","","Pardeep  Kaushik","","19-06-2023 09:53:15","Approved","Soniya Malhotra","","22-06-2023 17:35:35","Approved","Pardeep  Kaushik","","27-06-2023 16:35:02","Approved","No","No","Ajay Dhall","","28-06-2023 13:34:51","Approved","Production Stop","Shipment Hold","","","","Pending","Shipment Hold","PCD","NO","No","NO","NO","No","Raining -cyclonic effect in Gujarat","22-06-2023","NA","0","0","0","NO","NA","0","0","0","QAD ALREADY CHECKED","NA","0","0","0","QAD ALREADY CHECKED","NA","0","0","0","NOT REQUIRED","NA","0","0","0","NOT REQUIRED","NA","0","0","0","NOT REQUIRED","NA","0","0","0","NOT REQUIRED","NA","0","0","0","NOT REQUIRED","NA","0","0","0","NOT REQUIRED","Empty bins kept outside at POAI ","During bin cleaning no water detected inside bins but foam inside bin soak the water which unable to identify by operator & feeling based judgement is ok & supplied for production","","Operator Miss judgement","Information share with sales to communicate with customers do not keep bins outside in open conditions.","1.Operator Re-training given for sensitivity for wet bins & foam.
2. Feasibility checking for dryer machine for dry wet bins & foam - Target date ( 2nd week of AUG'23)","63","B","Rajesh  Bhardwaj","06-07-2023 09:19:01","","Jai  Bhagwan","","06-07-2023 11:39:17","Approved","Dilip Kayaratt","","06-07-2023 11:52:17","Approved","06-07-2023","No","","Yes","","ok","Countermeasure has been considered.","Yes","1 Bin <4 parts> containing water","Yes","4 parts","No","","Yes","07-07-2023","No","Not Applicable","Yes","Training Records","Bindu Kakkar","07-07-2023 09:20:03","","Approved","Pardeep  Kaushik","","22-07-2023 08:57:42","Approved","Mala Goyal","Approved","","","","","","","","","","06-07-2023","Yokonirami not required","","","","","","","","","","","","","","","","Mala Goyal","22-07-2023 09:28:24","","Soniya Malhotra","Pls check effectiveness at Bin cleaning area and confirm actual associate understanding..","24-07-2023 11:43:58","Approved","","","","Pending","","","","","","","","","","","","","","","","","","","","","","","","","","","","","","",""
"CC/2023/0020","S","CC","C","Rahul  Singh","2023-06-03 16:33:44","Soniya Malhotra","2023-09-20 14:31:25","MSIL","QAD","2023-05-29","25.05.23","B","12:00:00","YRA Dual","","INJ","HA297500-2471","Air Leak NG","Air Leak NG","At customer end ","1","Air Leak check station","1","Yes","Air Leak NG","","","Y","","Reoccurrence","N","","N","","","","0","0","0","0","Add Q-Alert","30-05-2023","","","","","","","","","","","","","Rahul  Singh","03-06-2023 16:23:29","we received one new claim from MSIL M , Air Leak NG","Pushpendra  Singh","Please approve.","27-06-2023 11:40:41","Approved","Soniya Malhotra","","02-07-2023 22:03:21","Approved","Pushpendra  Singh","","26-07-2023 12:15:50","Approved","Yes","Yes","Ajay Dhall","","27-07-2023 17:05:13","Approved","Production Stop","Shipment Hold","Soniya Malhotra","Based on the information from Mfg side, Pls make plan for physical verification as a part of horizontal deployment effectiveness check.","20-09-2023 14:30:08","Approved","Shipment Hold","PRD","No change","No change","No change","No change","No change","No change","05-06-2023","NA","00","0","0","NA","NA","0","0","0","NA","NA","0","0","0","NA","NA","0","0","0","NA","NA","0","0","0","NA","NA","0","0","0","na","NA","0","0","0","NA","NA","0","0","0","NA","NA","0","0","0","NA","FM detached from brass fitting due to frequent opening.","FM in part not out due to washing process.","Foreign Material","","Brass fitting replaced with SS fitting.","Brass fitting replaced with SS fitting.","NA","NA","Saurav  Mudgal","18-08-2023 15:22:52","","Manish Jain","","18-08-2023 15:55:48","Approved","Anup Sherekar","","21-08-2023 15:18:48","Approved","19-06-2023","No","","Yes","Brass Fitting in process","ok","C/m done","No","","No","","No","","Yes","08-09-2023","No","0","No","","Rahul  Singh","08-09-2023 08:47:49","C/M done","Approved","Pushpendra  Singh","","19-09-2023 09:02:56","Approved","Mala Goyal","Approved","","","","","","","","","","19-06-2023","Yokonirami not required","","","","","","","","","","","","","","","","Mala Goyal","19-09-2023 11:25:10","Some queries related to c/m are under discussion between QA & PR.
Yokonirami to be prepared after clarification only.","Soniya Malhotra","","20-09-2023 14:28:17","Approved","Soniya Malhotra","Based on the information from Mfg side, Pls make plan for physical verification as a part of horizontal deployment effectiveness check.","20-09-2023 14:30:08","Approved","","","","","","","","","","","","","","","","","","","","","","","","","","","","","","",""
"FC/2023/0003","S","FC","O","Jagdeep  Singh","2023-06-02 10:38:05","Pushpendra Agrawal","2023-07-05 15:17:02","MSIL","Customer","2023-06-01","11F14","G","02:45:00","KC Intake","5195","VCT","HA229800-3240","Bush Stopper missing","Bush Stopper not assembled in VCT  ","In Field","1","Denso Assembly line --> Bush stopper press fit","","Yes","Customer detect","","","Y","Same problem reported in Nov 2022 from Line 1","Occurrence","Y","48","Y","A","","","0","0","786","0","Field claim case - production stopped not required ","02-06-2023","","","","","","","","","","","","","Jagdeep  Singh","02-06-2023 09:43:41","","Pardeep  Kaushik","","02-06-2023 10:40:50","Approved","Soniya Malhotra","","02-06-2023 11:06:55","Approved","Pardeep  Kaushik","","08-06-2023 08:52:19","Approved","Yes","Yes","Ajay Dhall","","09-06-2023 11:45:39","Approved","Production Stop","Shipment Hold","","","","","No Shipment Hold","PED","None","None","None","None","None","None","08-06-2023","0","0","0","0","0","0","0","0","0","0","0","0","0","0","0","0","0","0","0","0","0","0","0","0","0","0","0","0","0","0","0","0","0","0","0","0","0","0","0","0","0","0","0","0","0","Standard operation not followed","Bush stopper Press fitting & Dimension check process skipped due to
1) Standard operation not followed
2) Process skip interlinking was not there with next process i.e., Rotor housing assy","Human negligence","Process skipped","Follow standard operation","1)Follow standard operation always 
2) Added double Process skip interlinking with rotor housing assy process
3) Add Auto Pin depth check for IN model at QR code check process by 12th Aug'23. (subject to QA approval).  ","48","A","Pravinder Singh","05-07-2023 13:17:26","","Ranajit Sarkar","","05-07-2023 14:30:26","Approved","Pushpendra Agrawal","","05-07-2023 15:02:07","Approved","","","","","","","","","","","","","","","","","","","","","","","","","","","","","","","","","","","","","","","","","","","","","","","","","","","","","","","","","","","","","","","","","","","","","","","","","","","","","","","","","","","","","","","","","","","","","","","","",""
"IN/2023/0030","B","IN","O","Vinay Gawas","2023-05-31 12:22:22","Yogesh  Dhyani","2023-10-09 09:13:10","MSIL","PRD","2023-05-30","30th May 2023","C","12:00:00","7460","","O2","7460","Coverdust Welding NG ","On 30th May , C-shift Cover dust welding was observed NG by FInal Visual TM ","Final Visual station","6","Cover dust welding machine","6","Yes","Welding position NG will result in weak welding & Air tightness failure in downstream process ","3","3","N","","Occurrence","N","","N","","","","3000","0","0","0","Discussion with CFT for C/M ongoing , line is stopped","31-05-2023","","","","","","","","","","","","","Vinay Gawas","31-05-2023 12:15:54","","Manish Jain","Part position getting shift (part should be fix w.r.t. welding)","01-06-2023 08:48:55","Approved","Anup Sherekar","","01-06-2023 12:15:02","Approved","Pushpendra  Singh","Please approve","27-06-2023 11:48:43","Approved","No","No","Ajay Dhall","","28-06-2023 13:34:25","Approved","Production Stop","Shipment Hold","","","","","Shipment Hold","MTD","No","No","No","No","No","yes, Duct layout change by PED in FY20. after that duct suction reduced","13-06-2023","0","0","0","0","0","0","0","0","0","0","0","0","0","0","0","0","0","0","0","0","0","0","0","0","0","0","0","0","0","0","0","0","0","0","0","0","0","0","0","0","0","0","4","0","0","Dust in machine, Table jig motion became hard due to welding spatter accumulation on jigs. Welding spatter suction capacity reduced after duct modification. Before duct collector connected with one machine, now with three machines.","There is no mechanism in machine to detect this defect. Only visual control by operator as per PCS 100%","","","To be done by PED
Improvement  in machine suction is required
1. Revert duct original.
2. Change duct collector with high capacity (Discussion on going with PED)","Gt sensor will be added in machine to check part actual position ( Tr","84","A","Narender Jangra","04-07-2023 11:10:12","","Naveen  Jain","","10-07-2023 08:52:18","Approved","Yogesh  Dhyani","","17-07-2023 12:05:02","Approved","27-06-2023","","","","","","","","","","","","","","17-07-2023","","","","","Chayan  Das","17-07-2023 15:56:02","Confirmation pending for below items
To be done by PED
Improvement  in machine suction is required
1. Revert duct original.
2. Change duct collector with high capacity (Discussion on going with PED)","Rejected","","","","Pending","","Pending","","","","","","","","","","","","","","","","","","","","","","","","","","","","","","","","","","","","","","","","","","","","","","","","","","","","","","","","","","","","","","","","","","","",""
"OT/2023/0012","D","OT","O","Deepak  Garg","2023-05-25 18:43:50","Anup Sherekar","2023-11-25 11:15:15","SMG","PRD","2023-05-23","23/5/23","C","03:00:00","KC-IN","","VCT","HA229800-3240","Loose machining chip on housing surface","Loose machining chip on housing surface","FInal visual inspection","2","PRD Parts ","Under checking","Yes","Loose bur can get detached/break during later stage & Can obstruct in VCT functioning","2","1","Y","","Reoccurrence","N","","N","","1500","","","","","","100 % visual check","24-05-2023","","","","","","","","","","","","","Deepak  Garg","25-05-2023 18:35:30","","Shibsankar Das","","26-05-2023 08:50:50","Approved","Anup Sherekar","","26-05-2023 12:15:24","Approved","","","","Pending","","","","","","Pending","","","","","","","","PRD","NA","NA","NA","NA","NA","NA","06-06-2023","0","0","0","0","0","0","0","0","0","0","0","0","0","0","0","0","0","0","0","0","0","0","0","0","0","0","0","0","0","0","0","0","00","0","0","0","0","0","0","0","0","0","0","0","0","Machining chip present in coolant stuck on part   guide hole","Wrong judgement","","Process skipped","Air blow jig implemented in line.","1. Quality alert raised.
2. Visual check points brush up done for all Visual TMs.
3. Inspection Dojo implemented in Housing.","128","c","Manas  Behera","20-10-2023 09:57:53","","Shibsankar Das","","20-10-2023 14:23:29","Approved","Anup Sherekar","","25-11-2023 11:14:46","Approved","","","","","","","","","","","","","","","","","","","","","","","","","","","","","","","","","","","","","","","","","","","","","","","","","","","","","","","","","","","","","","","","","","","","","","","","","","","","","","","","","","","","","","","","","","","","","","","","",""
"OT/2023/0011","C","OT","C","Deepak  Garg","2023-05-25 18:35:09","Soniya Malhotra","2023-07-10 08:52:17","TIEI","PRD","2023-05-24","24/5/23","A","12:00:00","TNGA-IN ","","VCT","HA229800-4590","Loose metal bur in rotor","Loose metal bur in rotor","FInal visual inspection","4","Supplier side problem","Under SQD checking","Yes","Loose bur can get detached/break during later stage & Can obstruct in VCT functioning","3","2","Y","","Reoccurrence","N","","N","","","","","","","","100 % check point available","25-05-2023","","","","","","","","","","","","","Deepak  Garg","25-05-2023 18:26:05","","Shibsankar Das","","26-05-2023 08:55:41","Approved","Anup Sherekar","","26-05-2023 12:15:41","Approved","Pardeep  Kaushik","","27-05-2023 14:38:38","Approved","No","No","Ajay Dhall","","05-06-2023 16:24:07","Approved","Production Stop","Shipment Hold","","","","Pending","No Shipment Hold","SQD","No Change Point","No Change Point","No Change Point","No Change Point","No Change Point","No Change Point","07-06-2023","-","00","00","00","-","-","00","00","00","-","-","00","00","00","-","-","5000","00","00","-","-","00","00","00","-","-","00","00","00","-","-","00","00","00","-","-","00","00","00","-","-","00","00","00","-","-Burr is generated at window opening hole due to Intersection of dia. 10 & Groove Dia. 19.5 (Process Constraint) & & not removed by operator properly in manual Deburring","Skip by Mirror Inspection Member as inspection sequence ","Process Skip","Method not sufficient","High Pressure jet installed in next process to remove burr ","Inspection sequence defined 
","No Change Point","No Change Point","Archit  Jain ","28-06-2023 18:29:38","","Pardeep  Kumar","","30-06-2023 09:18:35","Approved","devraj bansal","","01-07-2023 11:45:49","Approved","21-06-2023","Yes","Child part level sorting done","Yes","","ok","Verified by SQD","No","No rejection","No","No scrap","No","No rework","Yes","03-07-2023","No","No change in QA net rank & PFMEA AP number","No","N/A","Jagdeep  Singh","03-07-2023 16:43:16","C/M's taken- jet added in machining to remove burr & Visual sequence defined to detect","Approved","Pardeep  Kaushik","","04-07-2023 13:41:37","Approved","Mala Goyal","Approved","","","","","","","","","","21-06-2023","Yokonirami not required","","","","","","","","","","","","","","","","Mala Goyal","04-07-2023 14:20:02","","Soniya Malhotra","","10-07-2023 08:50:58","Approved","","","","Pending","","","","","","","","","","","","","","","","","","","","","","","","","","","","","","",""
"OT/2023/0010","D","OT","C","Deepak  Garg","2023-05-25 18:21:39","Anup Sherekar","2023-07-07 10:51:18","SMG","PRD","2023-05-16","16/5/23","A","12:00:00","1200","","VCT","HA229800-1200","Sprocket timing mark shift","Sprocket timing mark shift","FInal visual inspection","1","Supplier side problem","1","No","","2","1","N","","Occurrence","N","","N","","","","","","","","100 % check point available","17-05-2023","","","","","","","","","","","","","Deepak  Garg","25-05-2023 18:17:10","","Shibsankar Das","","26-05-2023 08:55:04","Approved","Anup Sherekar","","26-05-2023 12:15:00","Approved","","","","Pending","","","","","","Pending","","","","","","","","SQD","No Change Point","No Change Point","No Change Point","No Change Point","No Change Point","No Change Point","30-05-2023","-","00","00","00","-","-","00","00","00","-","-","00","00","00","-","-","1120","11","00","SQD OK Tag","-","00","00","00","-","-","00","00","00","-","-","00","00","00","-","-","00","00","00","-","-","00","00","00","-","Timing mark tool hit with stem as stem OD found at higher side ","Skip from inspector ","","Latent Defect","Stem diameter spec revise to avoid tool hitting 
Before : 81±0.15 
After    : 81 0/-0.2","Defect sample added in defect gallery & retraining given to operator","RPN-90","-","Archit  Jain ","28-06-2023 18:12:32","","Pardeep  Kumar","","30-06-2023 12:04:13","Approved","devraj bansal","","01-07-2023 11:46:07","Approved","13-06-2023","No","","No","","ok","OK as per SQD report","Yes","1","Yes","1","No","","No","05-07-2023","No","0","No","","Deepak  Garg","05-07-2023 10:18:28","","","","","","","","","Approved","Shibsankar Das","","05-07-2023 10:46:56","Approved","Anup Sherekar","","07-07-2023 10:51:02","Approved","","","","","","","","","","","","","","","","","","","","","","","","","","","","","","","","","","","","","","","","","","","","","","","","","","","","","","","","","","",""
"OT/2023/0009","D","OT","C","Deepak  Garg","2023-05-25 18:10:20","Anup Sherekar","2023-06-30 08:50:50","TIEI","PRD","2023-05-16","16/5/21","B","03:00:00","TNGA-EX","","VCT","HA229800-4600","Numbers written on housing","Numbers written on housing. from supplier","FInal visual inspection","4","Supplier side problem","30","Yes","If any trial parts","2","1","N","","Occurrence","N","","N","","","","","","","","100 % check point available","17-05-2023","","","","","","","","","","","","","Deepak  Garg","25-05-2023 17:57:41","","Shibsankar Das","","26-05-2023 08:54:29","Approved","Anup Sherekar","","26-05-2023 12:16:36","Approved","","","","Pending","","","","","","Pending","","","","","","","","SQD","No Change Point","No Change Point","No Change Point","No Change Point","No Change Point","No Change Point","30-05-2023","-","0","0","0","-","-","0","0","0","-","-","0","0","0","-","-","500","500","00","SQD QK Tag","-","0","0","0","-","-","0","0","0","-","-","0","0","0","-","-","0","0","0","-","-","0","0","0","-","SMAC do annual SPC. During SPC operator pick part from FG bin check the parts & return to FG. After inspection operator not clean marking from some parts as No instruction to clean marking in JI ","After SPC parts kept in FG so No inspection done on these parts ","Insufficient Operation & Standardization  ","","For SPC samples to be collected before FG (Before Visual Inspection Area) 
Separated Marking Bin prepared to collect SPC parts, so that No Marking required on parts. ","SPC samples will be submit before FG (before visual inspection) ","No Change ","No Change","Archit  Jain ","20-06-2023 11:35:15","","Pardeep  Kumar","","23-06-2023 11:41:07","Approved","devraj bansal","","27-06-2023 09:09:39","Approved","13-06-2023","No","","Yes","","ok","OK as per SQD report","Yes","4","Yes","4","No","","No","29-06-2023","No","0","No","","Deepak  Garg","29-06-2023 13:09:28","","","","","","","","","Approved","Shibsankar Das","","30-06-2023 08:47:02","Approved","Anup Sherekar","","30-06-2023 08:50:31","Approved","","","","","","","","","","","","","","","","","","","","","","","","","","","","","","","","","","","","","","","","","","","","","","","","","","","","","","","","","","",""
"OT/2023/0008","D","OT","C","Deepak  Garg","2023-05-25 17:39:33","Anup Sherekar","2023-06-30 08:52:03","SMG","PRD","2023-05-22","22/5/23","C","04:00:00","3250","","VCT","HA229800-3250","Chip-Off at sprocket teeth area","Chip-Off observed at sprocket teeth area.","FInal visual inspection","1","Supplier side problem","Under SQD checking","Yes","Teeth can get broken & VCT malfunction","3","1","Y","","Reoccurrence","N","","N","","","","","","","","100 % check point available","23-05-2023","","","","","","","","","","","","","Deepak  Garg","25-05-2023 16:24:31","","Shibsankar Das","","26-05-2023 08:53:35","Approved","Anup Sherekar","","26-05-2023 12:16:57","Approved","","","","Pending","","","","","","Pending","","","","","","","","SQD","No Change Point","No Change Point","No Change Point","No Change Point","No Change Point","No Change Point","05-06-2023","-","0","0","0","0","-","0","0","0","0","-","0","0","0","0","-","1200","1200","00","SQD QK Tag","-","0","0","0","0","-","0","0","0","0","-","0","0","0","-","-","0","0","0","-","-","0","0","0","-","Foreign material 
mixed with RM due 
to powder sieve 
broken because
sagging happen 
while mixture 
loading.
","Skip from Inspector ","","Process skipped","sieve design modified to provide support 
from bottom side to avoid sagging of the 
sieve. Sieve to be fixed to the ring with 
bolting only","Awareness given to inspectors. ","No Change","No Change","Archit  Jain ","20-06-2023 11:16:57","","Pardeep  Kumar","","23-06-2023 11:42:01","Approved","devraj bansal","","27-06-2023 09:10:03","Approved","19-06-2023","No","","Yes","As per SQD report","ok","OK as per SQD report","Yes","1","Yes","1","No","","No","29-06-2023","No","0","No","","Deepak  Garg","29-06-2023 12:56:44","","","","","","","","","Approved","Shibsankar Das","","30-06-2023 08:49:24","Approved","Anup Sherekar","","30-06-2023 08:51:46","Approved","","","","","","","","","","","","","","","","","","","","","","","","","","","","","","","","","","","","","","","","","","","","","","","","","","","","","","","","","","",""
"OT/2023/0007","C","OT","C","Deepak  Garg","2023-05-25 16:21:53","Soniya Malhotra","2023-07-10 08:50:44","SMG","PRD","2023-05-22","22/5/23","C","02:00:00","3250","","VCT","HA229800-3250","Bur in oil route holes","Bur in Oil route holes","FInal visual inspection","1","Supplier side problem","Under SQD checking","Yes","Bur can flow to oil flow circuit. & can choke VCT working ","4","1","Y","Earlier observed in  in-hose rotor.First time observed in USHA rotor","Reoccurrence","N","","N","","","","","","","","100 % check point available","23-05-2023","","","","","","","","","","","","","Deepak  Garg","25-05-2023 16:06:10","","Shibsankar Das","","26-05-2023 08:52:03","Approved","Anup Sherekar","","26-05-2023 12:17:14","Approved","Pardeep  Kaushik","","27-05-2023 14:40:04","Approved","No","No","Ajay Dhall","","05-06-2023 16:23:36","Approved","Production Stop","Shipment Hold","","","","Pending","No Shipment Hold","SQD","No Change Point","No Change Point","No Change Point","No Change Point","No Change Point","No Change Point","05-06-2023","-","00","00","00","-","-","00","00","00","-","-","00","00","00","-","-","22565","22565","77","SQD QK Tag","-","00","00","00","-","-","00","00","00","-","-","00","00","00","-","-","00","00","00","-","-","00","00","00","-","-Observation: Burr is coming in all drilling holes & further removed by manual deburring.(Process constraint)","-During manual deburring burr remain at hole was detected at Boroscope stage & return to previous stage with Dot mark at specific Hole.-In Re-deburring burr stick to other side of Intersection hole & during Re-Inspection member confirming specific Dot mark Hole only , so burr in other hole pass to DNHA","","Method not sufficient","---","-Additional deburring add for intersection holes by separate operator-After Re-deburring all holes to be checked at Boroscope
","No Change","No Change","Archit  Jain ","28-06-2023 17:47:38","","Pardeep  Kumar","","29-06-2023 19:28:48","Approved","devraj bansal","","30-06-2023 08:29:10","Approved","19-06-2023","Yes","Child part level sorting done","Yes","","ok","Verified by SQD","Yes","Child part - Rotor 77 pcs","Yes","Child part - Rotor 77 pcs","No","No rework","Yes","01-07-2023","No","No change in QA net rank & PFMEA AP number","No","N/A","Jagdeep  Singh","01-07-2023 09:30:07","Root cause identified & C/M's taken - Additional de-burring added for parts having burr","Approved","Pardeep  Kaushik","","04-07-2023 13:42:27","Approved","Mala Goyal","Approved","","","","","","","","","","19-06-2023","Yokonirami not required","","","","","","","","","","","","","","","","Mala Goyal","04-07-2023 14:19:16","","Soniya Malhotra","","10-07-2023 08:48:23","Approved","","","","Pending","","","","","","","","","","","","","","","","","","","","","","","","","","","","","","",""
"IN/2023/0029","B","IN","C","Sukhwinder  Singh","2023-05-25 12:25:41","Soniya Malhotra","2023-07-24 12:05:24","MSIL","PRD","2023-05-16","1G28","A","11:00:00","YRA","","FP","195300-5170 KD","FM was found over the O ring of Pressure regulator","FM was found over the O ring of Pressure regulator.
Note: As per visual observation looks like some coating splashes<refer attached Image> ","Regulator assy","1","Will be update by QA","Will be update by QA","Yes","May hamper the sealing of pressure regulator line in SIFS <Can cause leakage>.","3","3","N","","Occurrence","N","","N","","","","","","","","1.	Infromation share to QAD. 2.	As per closer look, looks like some coating splashes are there on o ring. 3.	QAD is sharing the details to the concerned supplier. 4.	QAD is also discussing the issue with JP considering the criticality of issue. 5.	Line sid","17-05-2023","","","","","","","","","","","","","Sukhwinder  Singh","25-05-2023 12:17:58","","Shibsankar Das","","25-05-2023 13:48:54","Approved","Anup Sherekar","","26-05-2023 12:17:47","Approved","Pardeep  Kaushik","","27-05-2023 14:41:09","Approved","No","Yes","Ajay Dhall","","05-06-2023 16:23:11","Approved","Production Stop","Shipment Hold","","","","Pending","No Shipment Hold","QAD","No change","No change","No change","No change","No change","No change","30-05-2023","0","0","0","0","0","0","0","0","0","0","May'23","1200","1200","1200","QAD ok slip in box","0","0","0","0","0","0","0","0","0","0","0","0","0","0","0","0","0","0","0","0","0","0","0","0","0","0","0","0","0","0","Since it is difficult to prevent the generation of particles during the manufacturing process.","DNJP believe that the silver paint in this case is caused by plating particles in the process transferred by human hands, and usually does not adhere to the product.","Foreign Material","Method not sufficient","DNJP will continue to maintain the system by regular cleaning.","DNJP added a note to the work points to avoid touching dirt when cleaning. 
1. Hands used for post cleaning checks are clean.
2. Work carefully so that hands do not touch the surrounding
equipment and dirt does not adhere to it.
3. Be sure to use clean hands after wiping to check if there are any
foreign objects left unwiped.","Not applicable","Not applicable","Bindu Kakkar","10-07-2023 16:16:59","Please Approve.","Pardeep  Kaushik","","12-07-2023 09:35:11","Approved","Soniya Malhotra","","17-07-2023 10:37:57","Approved","13-06-2023","Yes","","Yes","Suspected cause identified.","ok","Countermeasure has been considered based on suspected cause","Yes","1 (Line reported part- sent to DNJP)","No","","No","","No","10-07-2023","No","NA","Yes","Jig/Fixture cleaning instruction sheet","Bindu Kakkar","17-07-2023 14:10:05","","Approved","Pardeep  Kaushik","","22-07-2023 08:56:40","Approved","Mala Goyal","Approved","","","","","","","","","","13-06-2023","Yokonirami not required","","","","","","","","","","","","","","","","Mala Goyal","22-07-2023 09:24:46","","Soniya Malhotra","","24-07-2023 11:57:51","Approved","","","","Pending","","","","","","","","","","","","","","","","","","","","","","","","","","","","","","",""
"IN/2023/0028","B","IN","C","Sukhwinder  Singh","2023-05-25 11:58:39","Soniya Malhotra","2023-07-17 10:43:52","SMG","PRD","2023-05-18","Case lot--> 03/17 (This lot started from 11/03/C shift)","C","06:00:00","YTA","","FP","086532-1810KD","Air Leak Inspection NG come at Glue Line","Air Leak Inspection NG come at Glue Line,(Total Qty-2) 
Part-1 : visually checked by TL and observed flash in the regulator O-ring area.

Part-2(19-May @ 14:00hr) : found Air-leak NG @ 14:00hr.
Ca","Air-Leak inspection","2","Under analysis","will be update by QA after investigation","Yes","May lead to functional failure.","3","3","N","","Occurrence","N","","N","","","","","","","","Production resumed after receiving sorted parts from QA. Other than this following actions were taken before production resume - Line stopped and sorting method changed. - CFT verify the jig & M/C condition----> Found OK, No chance of crack in line. - Line","19-05-2023","","","","","","","","","","","","","Sukhwinder  Singh","25-05-2023 11:35:59","","Shibsankar Das","","25-05-2023 13:53:09","Approved","Anup Sherekar","","26-05-2023 12:18:15","Approved","Pardeep  Kaushik","","27-05-2023 14:42:09","Approved","No","No","Ajay Dhall","","05-06-2023 16:21:49","Approved","Production Stop","Shipment Hold","","","","Pending","Shipment Hold","QAD","No change","No change","No change","No change","No change","No change","01-06-2023","0","0","0","0","-","0","0","0","0","-","17th Mar lot","1520","1520","0","QAD ok slip in box","0","0","0","0","-","0","0","0","0","-","0","0","0","0","-","0","0","0","0","-","0","0","0","0","-","0","0","0","0","-","-In the KDJP molding process, there is no interference in the regulator section and no load is applied.
-There is no generation of foreign matter like a resin that has been scraped, and the regulator section guarantees all of them by visual inspection.
-Packaging/storage is also covered with a lid to prevent contamination and vinyl packaging.
","-In the investigation, we could not identify the process that causes crack and foreign matter, but as the appearance level is increased,","Root cause not clear","","Nil","A penlight is used in the regulator section to perform the Yu-Jiwa Weld check. - (Added Quality Checkpoint)
","No update","No update","Bindu Kakkar","30-06-2023 16:46:18","","Pardeep  Kaushik","","03-07-2023 09:27:54","Approved","Soniya Malhotra","to confirm and track the Added Quality check point. To consider how to release the existing lot.","10-07-2023 08:52:39","Approved","15-06-2023","Yes","All 1520pcs found OK.","No","","ok","Checking method strengthened","No","","No","","No","","Yes","30-06-2023","No","Not applicable","Yes","CPIS updated with quality checkpoint","Bindu Kakkar","14-07-2023 09:27:42","","Approved","Pardeep  Kaushik","","14-07-2023 09:38:27","Approved","Mala Goyal","Approved","","","","","","","","","","15-06-2023","Yokonirami not required","","","","","","","","","","","","","","","","Mala Goyal","14-07-2023 10:35:48","","Soniya Malhotra","","17-07-2023 10:40:18","Approved","","","","Pending","","","","","","","","","","","","","","","","","","","","","","","","","","","","","","",""
"OT/2023/0006","B","OT","C","Bindu Kakkar","2023-05-17 16:42:38","Soniya Malhotra","2023-07-14 15:12:51","SMG","QAD","2023-05-15","05G02A6","B","08:45:00","YTA","","FP","HA101962-9623","Extra metal pipe found inside SIFS assy","Extra metal pipe(rod) found inside subtank of SIFS assy","TTBIL Visual Inspection","1","TBC","TBC","Yes","Noise ","2","4","N","","Occurrence","N","","N","","0","0","0","0","0","0","Q-Alert raised at DNHA PRD line. ","16-05-2023","Info","Info","Resp","None","None","None","Info","Info","Info","None","","","Bindu Kakkar","17-05-2023 16:30:14","","Pardeep  Kaushik","","18-05-2023 12:12:46","Approved","Soniya Malhotra","","19-05-2023 08:48:05","Approved","Pardeep  Kaushik","","19-05-2023 09:04:54","Approved","No","No","Ajay Dhall","","22-05-2023 08:36:43","Approved","Production Stop","Shipment Hold","","","","Pending","Shipment Hold","prd","No","No","No","No","No","No","29-05-2023","Not Applicable","0","0","0","Not Applicable","Not Applicable","0","0","0","Not Applicable","Not Applicable","0","0","0","Not Applicable","Not Applicable","0","0","0","Not Applicable","Not Applicable","0","0","0","Not Applicable","Not Applicable","0","0","0","Not Applicable","Not Applicable","0","0","0","Not Applicable","Not Applicable","0","0","0","Not Applicable","Not Applicable","0","0","0","Not Applicable","more than 1 part can be taken out during single cycle <refer attached report>","Not a check point and part was not visible as it was not near to the visual checkpoint area.","Insufficient Operation & Standardization  ","Latent Defect","1.Hand motion changed to avoid part drop-age during assembly related documents updated(OMS & TL patrol) Training given to team member with revised Work instructions. 
2.Part feeding mechanism modify  Now only one part feed every cycle.
<Refer attached report>","Quality alert raised for checking the suspected area temporarily till occurrence countermeasure completion.","Not applicable","Not applicable","Sukhwinder  Singh","03-06-2023 16:46:06","","Shibsankar Das","","03-06-2023 16:58:40","Approved","Anup Sherekar","","27-06-2023 17:21:52","Approved","12-06-2023","No","No part hold for sorting","Yes","","ok","Countermeasure has been identified.","No","","No","","No","","Yes","01-07-2023","Yes","Quality Alert","No","","Bindu Kakkar","01-07-2023 08:54:59","Kindly Approve","Approved","Pardeep  Kaushik","","03-07-2023 09:31:51","Approved","Mala Goyal","Approved","","","","","","","","","","12-06-2023","Yokonirami not required","","","","","","","","","","","","","","","","Mala Goyal","10-07-2023 09:32:48","","Soniya Malhotra","","14-07-2023 15:12:27","Approved","","","","Pending","","","","","","","","","","","","","","","","","","","","","","","","","","","","","","",""
"CC/2023/0019","S","CC","C","Sudesh  Verma","2023-05-17 11:14:19","Soniya Malhotra","2023-08-28 11:21:05","TDSG","Customer","2023-05-11","25.04.23","G","10:00:00","YTA","","12V Battery Pack","210550-0250-00HA","Solder abnormality found (Solder ball, Rubish)","Solder abnormality found (Solder ball, Rubish)","Battery pack assembly","20","Spot Soldering","20","Yes","If  extra observed solder  move, possibility of sort, ","","","N","","Occurrence","N","","N","","0","0","0","11844","11844","0","Quality alert and visual check point added","12-05-2023","Info","Info","Resp","Info","Info","Info","Info Action","Info Action","Resp","Info","","","Sudesh  Verma","17-05-2023 11:02:42","","Anil  Chhatri",">Extra solder issue reported by TDSG. (details available as per information in data base)
Request :Please review and share your consensus for further submission.","17-05-2023 11:16:27","Approved","Soniya Malhotra","","18-05-2023 10:53:03","Approved","Atul  Pandit","","19-05-2023 10:44:13","Approved","Yes","Yes","Ajay Dhall","","22-05-2023 08:57:13","Approved","Production Stop","Shipment Hold","Soniya Malhotra","","28-08-2023 11:20:50","Approved","Shipment Hold","ped","None","Finetuning ongoing for soldering defects ","None","None","None","None","18-05-2023","None","0","0","0","Not applicable for PED","None","0","0","0","Not applicable for PED","None","0","0","0","Not applicable for PED","None","00","0","0","Not applicable for PED","None","0","0","0","Not applicable for PED","None","0","0","0","Not applicable for PED","0","0","0","0","Not applicable for PED","0","0","0","0","Not applicable for PED","0","0","0","0","Not applicable for PED","Under investigation .
Jig & program side investigated , no problem observer .
However  this defect is still occurring in Soldering process(refer attached report)","To be filled by PRD","Root cause not clear","","Investigation to reduce defect is ongoing .","To be filled by PRD","64","(C)","Manish  Kothiyal","22-06-2023 08:58:20","","Manish  Kothiyal","","22-06-2023 09:44:06","Approved","Pushpendra Agrawal","","24-06-2023 14:16:04","Approved","01-06-2023","Yes","10804 PCS checked at TDSG, 26 pcs NG found","No","All possible parameters verified however cause is not clear suspected is machine fine tuning is not done .","ok","1. Clear inspection region defined in check sheet 2. verification check point revised for first piece setup check ","Yes","26","Yes","26","No","","Yes","25-08-2023","Yes","64","","","Sudesh  Verma","25-08-2023 09:19:40","","Approved","Anil  Chhatri","","25-08-2023 09:40:36","Approved","Mala Goyal","Approved","","","","","","","","","","01-06-2023","Yokonirami not required","","","","","","","","","","","","","","","","Mala Goyal","25-08-2023 14:59:59","Root cause not identified.","Soniya Malhotra","To monitor of improvement activity and situation by reflecting in monthly discussion for Claim action effectiveness.","28-08-2023 11:12:28","Approved","Soniya Malhotra","","28-08-2023 11:20:50","Approved","","","","","","","","","","","","","","","","","","","","","","","","","","","","","","",""
"","","","","","","","","","","","","","","","","","","","","","","","","","","","","","","","","","","","","","","","","","","","","","","","","","","","","","","","","","","","","","","","","","","","","","","","","","","","","","","","","","","","prd","--","High Defect coming in machine.","-","-","-","-","18-05-2023","0","0","0","0","0","0","0","0","0","0","0","0","0","0","0","0","0","0","0","0","0","0","0","0","0","0","0","0","0","0","0","0","0","0","0","0","0","0","0","0","0","0","0","0","0","Under investigation with support of DNJP and Maker
Suspected : 1. Fine tuning of Program for board separation and Idling wave  ( to be change by 20-Aug-23 by PED)
2. Wave height electrode related issue ( to be change by 20-Aug-23 by MTD)  ","Check point location & sequence  was not clearly defined
 in check sheet (only OMS was reference)
","","Method not sufficient","ongoing ","i. Clear inspection area defined in check point sheet ( for convenience to inspector)
 ii. Additionally, To keep his alertness, check point revision for first piece (after model change &  after break) 
","64","C","Gaurav  Sharma","31-07-2023 14:20:45","","Rajeev  Gupta","","31-07-2023 16:20:54","Approved","Anup Sherekar","","01-08-2023 08:58:29","Approved","","","","","","","","","","","","","","","","","","","","","","","","","","","","","","","","","","","","","","","","","","","","","","","","","","","","","","","","","","","","","","","","","","","","","","","","","","","","","","","","","","","","","","","","","","","","","","","","",""
"CC/2023/0018","S","CC","C","Sudesh  Verma","2023-05-17 11:02:27","Soniya Malhotra","2023-08-28 11:18:17","TDSG","Customer","2023-05-11","26.04.23","A","07:00:00","YTA","","12V Battery Pack","210550-0250-00HA","Extra Diode Part found on part
","Extra Diode Part found on part","Battery pack assembly","01","DNHA SMT","01","Yes","Possibility to sort , if connection done","","","N","","Occurrence","N","","N","","0","0","0","11844","11844","0","Quality alert and visual check point added","12-05-2023","Info","Info","Resp","Info","Info","Info","Info Action","Info Action","Resp","Info","","","Sudesh  Verma","17-05-2023 10:27:18","","Anil  Chhatri",">Claim reported by TDSG : Extra component drop on part.(details available as per data base)
>Request :Please review and share approval for further submission to concern team","17-05-2023 11:14:34","Approved","Soniya Malhotra","","18-05-2023 10:51:46","Approved","Atul  Pandit","","19-05-2023 10:42:15","Approved","Yes","Yes","Ajay Dhall","","22-05-2023 08:34:14","Approved","Production Stop","Shipment Hold","Soniya Malhotra","","28-08-2023 11:17:52","Approved","Shipment Hold","ped","N/A","N/A","N/A","N/A","N/A","N/A","18-05-2023","N/A","0","0","0","N/A","N/A","0","0","0","N/A","N/A","0","0","0","N/A","N/A","0","0","0","N/A","0","0","0","0","N/A","N/A","0","0","0","N/A","N/A","0","0","0","0","N/A","0","0","0","0","N/A","0","0","0","0","Actual Root cause is not clear
Suspected root cause is component chip drop during mounting due to unstable pickup.","There is no detection of Chip drop at blank  location of PCB by any AOI machine.
Chip drop could not be detected by PRD TM during visual check.","Root cause not clear","Method not sufficient","Improve nozzle & feeder maintenance to reduce vaccum chip drop occurrence (current 1/10000 -> 1/100000 parts )","Revised method of Vaccum chip drop error treatment at mounting machines.","96","C ","Arpit Mathur","29-05-2023 11:04:00","","Rajeev  Gupta","No Comment (Occurrence & Outflow Action Considered by PED)","31-07-2023 14:27:45","Approved","Anup Sherekar","","01-08-2023 08:59:11","Approved","01-06-2023","Yes","10804 PCS checked at TDSG, No abnormality observed","No","Suspected cause- extra component (diode) was not picked from the center.","ok","Process revised for outflow prevention: Search for dropped component on error product (compare with drawing)","No","","No","","No","","Yes","23-05-2023","Yes","PFMEA mentions component drop at random land ","","","Sudesh  Verma","22-08-2023 10:50:52","","Approved","Anil  Chhatri","No comment","25-08-2023 09:19:09","Approved","Mala Goyal","Approved","","","","","","","","","","01-06-2023","Yokonirami not required","","","","","","","","","","","","","","","","Mala Goyal","25-08-2023 14:53:37","Root cause not identified.","Soniya Malhotra","","28-08-2023 11:03:30","Approved","Soniya Malhotra","","28-08-2023 11:17:52","Approved","","","","","","","","","","","","","","","","","","","","","","","","","","","","","","",""
"","","","","","","","","","","","","","","","","","","","","","","","","","","","","","","","","","","","","","","","","","","","","","","","","","","","","","","","","","","","","","","","","","","","","","","","","","","","","","","","","","","","prd","NA","NA","NA","NA","NA","NA","18-05-2023","0","0","0","0","0","0","0","0","0","0","0","0","0","0","0","0","0","0","0","0","0","0","0","0","0","0","0","0","0","0","0","0","0","0","0","0","0","0","0","0","0","0","0","0","0","Suspected root cause analysis done by PED. (Updated in PED section)0","Part drop error / Vacuum sensor error handling method not sufficient0","","Method not sufficient","Already taken by PED","Part drop error and Vacuum sensor error handling method strengthening. PCS revised by PED, JI and OMS made by PRD, 
Training given to ATL and TL "How to handle" part drop and vacuum sensor error.","96","C","Anurag Bhatt","31-07-2023 14:10:05","","Sandeep  Kushwaha","","03-06-2023 12:24:47","Approved","Pushpendra Agrawal","","24-06-2023 14:35:20","Approved","","","","","","","","","","","","","","","","","","","","","","","","","","","","","","","","","","","","","","","","","","","","","","","","","","","","","","","","","","","","","","","","","","","","","","","","","","","","","","","","","","","","","","","","","","","","","","","","",""
"FC/2023/0002","S","FC","C","Jagdeep  Singh","2023-05-16 11:23:01","Soniya Malhotra","2023-10-16 09:18:32","MSIL","QAD","2023-05-08","12F08-210495 ","G","12:00:00","KC Intake","5648","VCT","HA229800-3240","Noise from Engine ","Pin get locked due to Pin stopper burr","In Field","1","Supplier","","Yes","Pin stuck","","","Y","Same problem reported in Sep 2021 in KC Exhaust model","Reoccurrence","Y","42","Y","A","0","0","0","0","0","0","Check current condition of Pin stopper , found OK","09-05-2023","Info","Info","Info","Info","Resp","Info","Info","Info","Info","None","","","Jagdeep  Singh","16-05-2023 10:58:59","","Pardeep  Kaushik","","18-05-2023 12:13:49","Approved","Soniya Malhotra","","19-05-2023 08:47:23","Approved","Pardeep  Kaushik","","19-05-2023 09:05:36","Approved","Yes","Yes","Ajay Dhall","","22-05-2023 08:34:50","Approved","Production Stop","Shipment Hold","Soniya Malhotra","","16-10-2023 09:18:14","Approved","No Shipment Hold","sqd","No Change Point","No Change Point","No Change Point","No Change Point","No Change Point","Power Failure","15-05-2023","-","00","00","00","-","-","00","00","00","--","-","00","00","00","-","-","00","00","00","-","-","00","00","00","-","-","00","00","00","-","-","00","00","00","-","-","00","00","00","-","-","00","00","00","-","-Long chip formation in machining process (same as claim part)
-All parts air shower together in tray, suspect is some burr remain in some parts","Visibility become less when burr stick around the radius portion","","Method not sufficient","Form tool to be implemented to eliminate burr generation in ID - 15th Oct-23
Air blow for single part in enclosed chamber before placing in tray added","Visibility level up by adding borescope","-","-","Archit  Jain ","23-09-2023 14:56:22","","Pardeep  Kumar","","23-09-2023 16:41:50","Approved","devraj bansal","","30-09-2023 08:53:02","Approved","29-05-2023","Yes","Sorting done at child part level; all part found OK","Yes","","ok","Confirmed by SQD @Supplier Usha","No","No rejection","No","No scrap","No","No rework","Yes","13-10-2023","Yes","JI, OMS updated (verified by SQ)","No","N/A","Jagdeep  Singh","13-10-2023 09:19:37","Root cause identified; All countermeasures already taken (Confirmed with SQD).","Approved","Pardeep  Kaushik","","14-10-2023 10:39:19","Approved","Mala Goyal","Approved","","","","","","","","","","29-05-2023","Yokonirami not required","","","","","","","","","","","","","","","","Mala Goyal","14-10-2023 10:46:28","C/m completed at supplier (USHA) on 7th Oct'23.","Soniya Malhotra","","16-10-2023 08:56:32","Approved","Soniya Malhotra","","16-10-2023 09:18:14","Approved","","","","","","","","","","","","","","","","","","","","","","","","","","","","","","",""
"CC/2023/0017","S","CC","C","Jagdeep  Singh","2023-05-16 10:45:22","Soniya Malhotra","2023-07-24 11:57:17","SMG","Customer","2023-05-15","05G06","B","10:00:00","KC Exhaust","","VCT","HA229800-3250","Housing Rib Line Missing","Housing Rib Line Missing","SMG Operator","1","Supplier","","Yes","Customer detect","","","N","","Occurrence","N","","N","","0","0","0","0","0","0","Information share to CFT and quality alert raise on line.","16-05-2023","Info","Info","Resp","Info","Resp","Info","Info","Info","Info","None","","","Jagdeep  Singh","16-05-2023 09:57:14","","Pardeep  Kaushik","","18-05-2023 12:14:17","Approved","Soniya Malhotra","","19-05-2023 08:46:38","Approved","Pardeep  Kaushik","","19-05-2023 09:06:07","Approved","Yes","Yes","Ajay Dhall","","22-05-2023 08:33:31","Approved","Production Stop","Shipment Hold","Soniya Malhotra","","24-07-2023 11:56:57","Approved","Shipment Hold","sqd","No Change Point","No Change Point","No Change Point","No Change Point","No Change Point","No Change Point","22-05-2023","-","00","00","00","-","-","1500","1500","00","-","-","3000","3000","00","-","-","2000","2000","00","-","-","00","00","00","-","-","00","00","00","-","-","00","00","00","-","-","00","00","00","-","-","00","00","00","-","To remove die scratch & water marks SMAC deploy buffing operation without approval.- Member notice the Flow Line, so in order to confirm is it penetrating or not , he go to buffing process and try to rub the surface but unfortunately during rubbing Rib surface got vanished","No checkpoint for Rib 
","Insufficient Abnormality Handling","Latent Defect","Training given to members to follow STOP-CALL-WAIT during abnormality.","Rib Line check point added in work instruction.
","No Change ","No Change","Archit  Jain ","28-06-2023 17:34:01","","Shibsankar Das","","11-07-2023 14:14:04","Approved","Anup Sherekar","","19-07-2023 08:49:39","Approved","05-06-2023","Yes","Child part level sorting done","Yes","","ok","Verified by SQD","No","No rejection","No","No scrap","No","No rework","Yes","21-07-2023","No","No change in PFMEA / QA network","No","N/A","Jagdeep  Singh","21-07-2023 09:35:16","Countermeasures taken at supplier & confirmed by SQ.","Approved","Pardeep  Kaushik","","22-07-2023 08:48:51","Approved","Mala Goyal","Approved","","","","","","","","","","05-06-2023","Yokonirami not required","","","","","","","","","","","","","","","","Mala Goyal","22-07-2023 09:02:14","Yokonirami under preparation. Issuance by 29/July'23.","Soniya Malhotra","","24-07-2023 11:54:15","Approved","Soniya Malhotra","","24-07-2023 11:56:57","Approved","","","","","","","","","","","","","","","","","","","","","","","","","","","","","","",""
"","","","","","","","","","","","","","","","","","","","","","","","","","","","","","","","","","","","","","","","","","","","","","","","","","","","","","","","","","","","","","","","","","","","","","","","","","","","","","","","","","","","prd","No change","No change","No change","No change","No change","No change","22-05-2023","0","0","0","0","0","0","0","10275","0","0","0","0","5055","0","0","0","0","0","0","0","0","0","0","0","0","0","0","0","0","0","0","0","0","0","0","0","0","0","0","0","0","0","0","0","0","Supplier issue","No check point at assy line","","","Will be shared by SQD","Check point added as temporary countermeasure at final visual check through quality alert till permanent action closure at supplier side","NA","NA","Deepak  Garg","07-07-2023 16:07:38","Check point added as temporary countermeasure till permanent action at Supplier side","Pardeep  Kumar","","29-06-2023 19:26:51","Approved","devraj bansal","","30-06-2023 08:29:25","Approved","","","","","","","","","","","","","","","","","","","","","","","","","","","","","","","","","","","","","","","","","","","","","","","","","","","","","","","","","","","","","","","","","","","","","","","","","","","","","","","","","","","","","","","","","","","","","","","","",""
"IN/2023/0027","B","IN","C","Sukhwinder  Singh","2023-05-15 12:48:14","Soniya Malhotra","2023-07-24 11:43:19","SMG","PRD","2023-05-15","01-May to 03-May(Supporter Suspected lot), 08-May-2023 onwards(SIFS Suspected lot)","A","12:00:00","YRA/YJC","","FP","HA101962-9634","Flash observed inside the supporter near O-ring seal area.","Flash observed inside the supporter near O-ring seal area.
During sorting 5more parts observed.","Supporter oil application (Before O-Ring assy)","1","Supplier (takahata)","will be confirmed by SQ","Yes","May lead to leakage and impact functionality of part","3","3","N","","Occurrence","N","","N","","340","0","980","7520","0","0","Sorting done & Ok parts supply for production","16-05-2023","None","Info","Info Action","Info","Resp","None","Info Action","Info Action","Info Action","None","","","Sukhwinder  Singh","15-05-2023 11:17:17","","Shibsankar Das","","15-05-2023 13:44:14","Approved","Anup Sherekar","","15-05-2023 14:02:11","Approved","Pardeep  Kaushik","","15-05-2023 16:55:36","Approved","No","Yes","Ajay Dhall","","16-05-2023 08:48:06","Approved","Production Stop","Shipment Hold","","","","Pending","Shipment Hold","sqd","No Change Point","MTC Change","No Change Point","No Change Point","No Change Point","No Change Point","29-05-2023","8-12 May","268","268","128","Cavity Wise Sorting ","-","0","0","0","-","8-12 May","2292","2292","1240","Cavity wise sorting, Cav-1 Use, Cav-2 Hold","1~11 may 23","6460","6460","4","SQD OK tag","-","0","0","0","-","4~13 May 2023","4920","4920","0","Marking on tag","8-12 May","168","168","116","Cavity Wise Sorting","-","0","0","0","-","-","0","0","0","-","Flash Generated due to Overheating of Mould Cavity as water flow not sufficient due to MTC having low LPM.
Spare MTC(Less LPM) used as regular MTC in Breakdown. During change only MTC Temp requirement consider (LPM & other critical parameters not confirmed)","Defective area particular flash check point not available in work instruction       
","Insufficient Change Management","Method not sufficient","Original MTC (Matsui make) Installed on Machine
Visualization improvement- Power rating display on all MTCs
 Training Provide to all team members for-
    a).  MTC related critical check points.
    b). Use of same make and model MTC on     
     machine when any MTC in Break down ","Visual work instruction revised for flash checkpoint and training to team member","-","C","Harish  Yadav","23-06-2023 11:57:58","","Pardeep  Kumar","","23-06-2023 12:51:23","Approved","devraj bansal","","27-06-2023 09:10:21","Approved","12-06-2023","Yes","Sorting has been done supporter cav. wise","Yes","","ok","Countermeasure has been identified.","Yes","02/328 (YJC- Burr found), 03/1420(YRA- Jet pump damage during rework))","Yes","02 (YJC- Supporter Assy), 03 (YRA- Supporter Assy))","Yes","326 (YJC), 1417(YRA)","Yes","01-07-2023","Yes","Supplier QA Net updated & attached as an evidence","Yes","Visual WI","Bindu Kakkar","01-07-2023 08:43:21","","Approved","Pardeep  Kaushik","","20-07-2023 11:03:58","Approved","Mala Goyal","Approved","","","","","","","","","","12-06-2023","Yokonirami not required","","","","","","","","","","","","","","","","Mala Goyal","22-07-2023 09:21:10","","Soniya Malhotra","","24-07-2023 11:04:19","Approved","","","","Pending","","","","","","","","","","","","","","","","","","","","","","","","","","","","","","",""
"IN/2023/0026","B","IN","O","Gaurav  Sharma","2023-05-05 18:24:23","Atul  Pandit","2023-12-13 10:19:48","TKM","PRD","2023-04-24","24-April-23, A-shift","A","12:00:00","DC1A","","ECU","HA278400-0580,   HA278400-0610","Components are missing ","In DC1A ,  In 058 variant : 14 found NG,  and  In 061 variant : 9 parts found NG with Capacitor and Resistor were missing  at SPOT-2, detected by Visual inspection TM ( as No check point for capacitor","SPOT-2 Visual Inspection","In DC1A ,  In 058 variant : 14 found NG,  and  In 061 variant : 9 parts found NG ","SPOT Machine","","Yes","Functional Problem will occur, due to component miss","3","3","N","","Occurrence","N","","N","","23","0","336","0","0","0","Line started with 100 % Visual inspection","25-04-2023","None","Info","Info Action","Info","None","None","Info Action","Info Action","Resp","None","","","Gaurav  Sharma","05-05-2023 18:01:47","","Sunil Poonia","","08-05-2023 08:56:41","Approved","Anup Sherekar","","13-12-2023 10:19:48","Pending","Atul  Pandit","100% Visual Inspection check point added at AOI. ","18-10-2023 14:14:22","Rejected","No","Yes","Ajay Dhall","Attach Image and reconfirm from PED for PFMEA, QAN/W?","22-05-2023 08:25:15","Pending","Production Stop","Shipment Hold","","","","","","","","","","","","","","","","","","","","","","","","","","","","","","","","","","","","","","","","","","","","","","","","","","","","","","","","","","","","","","","","","","","","","","","","","","","","","","","","","","","","","","","","","","","","","","","","","","","","","","","","","","","","","","","","","","","","","","","","","","","","","","","","","","","","","","","","","","","","","","","","","","","","","","","","","","","","","","","","","","","","","","","","","","","","","",""
"OT/2023/0005","C","OT","C","Saurav  Mudgal","2023-05-04 13:54:26","Soniya Malhotra","2023-09-21 12:31:58","SMG","PRD","2023-05-03","Feb 2023","C","03:00:00","Dual Model","","INJ","SM297566-0270","Dent on  Pipe (Nozzle body P/F Area)","Dent on  Pipe (Nozzle body P/F Area)","Visual (Offline)","3","","","Yes","Air Leak NG","3","2","Y","Earlier this type of dent also observed","Reoccurrence","N","","N","","0","0","0","0","0","0","Visual Check of Pipe offline ongoing","04-05-2023","None","Info","Info","Info","Resp","None","None","Info","Info","None","","","Saurav  Mudgal","04-05-2023 13:49:45","","Manish Jain","","05-05-2023 08:46:46","Approved","Anup Sherekar","","05-05-2023 08:53:20","Approved","Pushpendra  Singh","","27-06-2023 11:55:05","Approved","No","Yes","Ajay Dhall","","28-06-2023 13:32:12","Approved","Production Stop","Shipment Hold","","","","Pending","Shipment Hold","sqd","No Change","No Change","No Change","No Change","No Change","No Change","17-05-2023","-","0","0","0","-","-","0","0","0","-","1 & 2 May 23","11880","11880","0","-","Mar~Jul23","1442072","1442072","4631","Small dent & Impression Marks","-","0","0","0","-","-","0","0","0","-","-","0","0","0","-","-","0","0","0","-","-","0","0","0","-","At brushing process, found that gripper can hit the pipe if it tilted in pallet. From confirmation found pallet damage inside, so it make pipe tilt.
Inside damage confirmation by visual is difficult to detect","From Q-point and review working operation of operator and found that it's hard for operator to understand in some point for working step. So it is possible that operator visual missing in some point.","Insufficient Equipment management","Method not sufficient","Add pallet inside damage check in PM check sheet by fill parts to all position in pallet, then shake. If pallet damage, pipe will obviously tilt.
","Revise Q-point that explain deeply detail, step by step for easy to understand for operator.  ","No Change","No Change","Harish  Yadav","28-07-2023 12:25:03","","Pardeep  Kumar","","28-07-2023 12:46:50","Approved","devraj bansal","","09-08-2023 11:50:15","Approved","31-05-2023","No","","No","","ok","C/m action taken","No","","No","","No","","No","08-09-2023","No","0","No","","Rahul  Singh","08-09-2023 08:55:56","","Approved","Pushpendra  Singh","","21-09-2023 11:54:23","Approved","Mala Goyal","Approved","","","","","","","","","","31-05-2023","Yokonirami not required","","","","","","","","","","","","","","","","Mala Goyal","21-09-2023 12:03:51","","Soniya Malhotra","","21-09-2023 12:30:43","Approved","","","","Pending","","","","","","","","","","","","","","","","","","","","","","","","","","","","","","",""
"CC/2023/0016","S","CC","O","Jagdeep  Singh","2023-05-04 12:17:30","devraj bansal","2023-06-30 08:29:47","SMG","Customer","2023-05-03","04G25-120402 (25/Apr/2023)","B","11:00:00","KC-Ex","","VCT","HA229800-3250","Timing mark miss (all 3 marks missing)","Timing mark miss observed by customer during chain assembling at Engine assembly stage (all 3 marks missing)","SMG - Engine assembly","1","TBC","TBC","Yes","Part fitment NG ","","","Y","3 times: 13-Mar-2013 & 16-Oct-2015: KB in from MSIL And 22-Jul-2021 Tata Ex from TML","Chronic","Y","64","Y","(C)","0","0","0","0","0","0","PRD & SQD will raise quality alert & Awareness given to all Visual operators.","04-05-2023","Info","Info","Resp","Info","Resp","Info","Info Action","Info Action","Info Action","Info","","","Jagdeep  Singh","04-05-2023 11:34:16","Please check & approve 
(Range of Suspected lot will be identify & share by PRD/SQD)","Pardeep  Kaushik","","08-05-2023 08:49:13","Approved","Soniya Malhotra","","08-05-2023 11:58:44","Approved","Pardeep  Kaushik","Initial report already submitted to SMG and Claim registered in JIRA ","09-05-2023 08:40:24","Approved","Yes","Yes","Ajay Dhall","","11-05-2023 08:47:09","Pending","Production Stop","Shipment Hold","","","","","Shipment Hold","sqd","No Change Point","No Change Point","No Change Point","No Change Point","No Change Point","No Change Point","10-05-2023","-","00","00","00","-","-","1500","1500","00","-","-","2000","2000","00","-","-","1120","1120","00","-","-","00","00","00","-","-","1482","1482","00","-","-","00","00","00","-","-","00","00","00","-","-","00","00","00","-","Tool Breakage sensor not detect less tool height
-Estimate is Tool wear or tool height not adjust proper (Record not available)-(Wear amount set more 0.5 mm)","-Arun: Operator skip the timing mark due to less focus as two Parts simultaneous check in Fixture at a time. -Vinayaka: Member did not follow Job standard. Main Focus was on Dent/Damages on machining face

","","Std. process not followed","Tool wear amount changed from 0.5 mm to 0.05 mm & Tool Life monitoring sheet add ","-Arun: Fixture Modified to check 1 part at a time.-Vinayaka: Timing Mark Inspection to be done by separate inspector 
Before: 3 Members After: 4 Members 
DNHA -  Check point added by fingure check ","No Change","No Change","Archit  Jain ","28-06-2023 17:21:32","","Pardeep  Kumar","","29-06-2023 19:25:13","Approved","devraj bansal","","30-06-2023 08:29:39","Approved","","","","","","","","","","","","","","","","","","","","","","","","","","","","","","","","","","","","","","","","","","","","","","","","","","","","","","","","","","","","","","","","","","","","","","","","","","","","","","","","","","","","","","","","","","","","","","","","",""
"IN/2023/0025","B","IN","C","Sukhwinder  Singh","2023-04-26 08:50:58","Soniya Malhotra","2023-07-24 11:53:25","MSIL","PRD","2023-04-24","21-April","A","12:00:00","YTA","","FP","HA086524-7180","Flange Terminal found Short(Lower side Terminal/Lead-wire assembly area)","Flange terminal nail found short on the lower side teminal portion. ","Visual inspection<Sub assy/FSA-4>","1","Molding","will be shared by Molding","Yes","May impact functionality of part in long run","3","3","N","","Occurrence","N","","N","","400","0","960","0","0","0","All available inventory at FSA & Molding lines verified. & Quality alert raised in PRD-Molding ","25-04-2023","None","Info","Resp","Info Action","Info","None","Info","Info Action","Info Action","None","","","Sukhwinder  Singh","25-04-2023 17:11:09","PRD-Molding (Manas Sir) will share final countermeasure report","Shibsankar Das","","02-05-2023 13:48:23","Approved","Anup Sherekar","","05-05-2023 08:54:22","Approved","Pardeep  Kaushik","","08-05-2023 08:49:57","Approved","No","No","Ajay Dhall","","09-05-2023 09:08:50","Approved","Production Stop","Shipment Hold","","","","Pending","Shipment Hold","prd","No","No","No","No","Terminal width dimension higher side as per normal running trend but dimension with in spec.","No","08-05-2023","0","0","0","0","0","0","0","0","0","0","25-4-2023","964","964","0","0","25-04-2023","2440","2440","0","200% Checked written on lot card","0","0","0","0","0","0","0","0","0","0","0","0","0","0","0","0","0","0","0","0","0","0","0","0","0","Die design issue( refer the attached sheet)","-Visual skipped(refer the attached sheet)
-Continuity miss judgement","Die Design Issue","Method not sufficient","Die insert modified(More details refer the attached sheet)","-Check point indication sheet modified and Visual strength activity started for low frequency defect
-Continuity check jig will be modified (Target date: 31-08-2023)(refer the attached sheet)","48","B","Manas  Behera","10-07-2023 12:45:24","-----","Shibsankar Das","Please consider the same countermeasure for all available flange model in Molding line","11-07-2023 14:10:36","Approved","Anup Sherekar","","19-07-2023 08:50:10","Approved","22-05-2023","Yes","Both FG & Parts has been rechecked, Refer results in prev. step.","Yes","cause has been identified","ok","Countermeasure has been identified.","No","","No","","No","","Yes","20-07-2023","No","No change applicable","Yes","CPIS & Quality Alert","Bindu Kakkar","20-07-2023 09:31:14","","Approved","Pardeep  Kaushik","","20-07-2023 11:07:50","Approved","Mala Goyal","Approved","","","","","","","","","","22-05-2023","Yokonirami not required","","","","","","","","","","","","","","","","Mala Goyal","22-07-2023 09:22:36","","Soniya Malhotra","","24-07-2023 11:51:23","Approved","","","","Pending","","","","","","","","","","","","","","","","","","","","","","","","","","","","","","",""
"IN/2023/0024","B","IN","O","Navdeep  Yadav","2023-04-25 10:10:14","Yusuke Endo","2023-04-29 09:16:07","MSIL","PRD","2023-04-22","03-23-23 (Shaft Lot)","B","09:00:00","HA197950-62301A","","ETB","HA197950-62301A","Crack Observed in Silver Shaft ","During Part loading @ Sensor Cover Screw Tightening Assembly, TM observed Crack on Shaft","Sensor Cover Screw Tightening Assembly","1","@ Supplier end","","Yes","Product may get fail due to Dislocation of Valve or part function stop due to shaft failure","3","3","Y","In June'2021 similar issue occurred in Mistibushi model shaft","Reoccurrence","Y","96","N","","0","0","5916","0","0","0","1. 100% VI added @ Child Part Level by SQD.               And (2) Additional VI added @ FG Level on Production Line by PRD ","23-04-2023","Info","Info","Info Action","Info","Resp","None","Info Action","Info Action","Info Action","None","","","Navdeep  Yadav","25-04-2023 09:30:28","","Manish Jain","","26-04-2023 08:46:22","Approved","Anup Sherekar","","26-04-2023 08:48:37","Approved","Pardeep  Kaushik","Customer information is under review w/ MD san","27-04-2023 12:05:32","Approved","Yes","Yes","Ajay Dhall","","28-04-2023 09:16:31","Approved","Production Stop","Shipment Hold","","","","","Shipment Hold","","","","","","","","","","","","","","","","","","","","","","","","","","","","","","","","","","","","","","","","","","","","","","","","","","","","","","","","","","","","","","","","","","","","","","","","","","","","","","","","","","","","","","","","","","","","","","","","","","","","","","","","","","","","","","","","","","","","","","","","","","","","","","","","","","","","","","","","","","","","","","","","","","","","","","","","","","","","","","","","","","","","","","","","",""
"IN/2023/0023","A","IN","C","Yogesh Awasthi","2023-04-17 12:10:20","Soniya Malhotra","2023-09-26 09:58:25","YAMAHA","PRD","2023-03-27","27th Mar'23","A","08:00:00","COSMO 3-4W O2 Sensor","","O2","HA212400-5060","Sensor No Response","Sensor No Response detected at production Performance bench (Model characteristic bench)","Model characteristic bench","01","In process","01","Yes","May leads to delay in sensor activation at vehicle end ","3","4","N","","Occurrence","Y","105","Y","A","0","0","860","0","0","0","Information shared to CFT and based on Immediate action Production starts and product shipped to customer...","28-03-2023","Info","Info","Resp","Resp","Info","Info","Info","Info","Resp","None","","","Yogesh Awasthi","14-04-2023 16:35:10","","Jaspal Singh","","17-04-2023 18:06:04","Approved","Soniya Malhotra","","18-04-2023 09:09:16","Approved","Jaspal Singh","","24-04-2023 13:23:54","Approved","No","Yes","Ajay Dhall","","25-04-2023 09:55:18","Approved","Production Stop","Shipment Hold","Soniya Malhotra","","26-09-2023 09:58:06","Approved","Shipment Hold","prd","No change","No change","No change","No change","No change","No change","03-04-2023","NA","0","0","0","NA","NA","0","0","0","NA","03g2909,03G3012,0353110","670","670","0","Part passed based on sampling check result","NA","0","0","0","NA","NA","0","0","0","NA","NA","0","0","0","NA","NA","0","0","0","NA","NA","0","0","0","NA","characteristics check","180","180","0","pass based upon sampling check result","foreign Material due to environmental dust.","No outflow","Foreign Material","","1. To Prevent Foreign material from environment dust all child conveyors covered with PVC sheet.
2.To avoid chance of Machine side foreign material daily PQ check sheet implemented for cleaning management at each stage.","Not applicable","105","A","Shiv  Shekhawat","18-08-2023 09:23:36","","Ipsita Behera","Detail analysis report was jointly prepared with CFT which is attached by QAD.","28-04-2023 09:04:12","Approved","Pushpendra Agrawal","","28-04-2023 15:55:20","Approved","17-04-2023","Yes","","Yes","","ok","Countermeasure OK","No","","No","","No","","Yes","15-09-2023","No","105 & A ","No","","Yogesh Awasthi","15-09-2023 18:41:46","","Approved","Jaspal Singh","","23-09-2023 12:23:43","Approved","Mala Goyal","Approved","","","","","","","","","","17-04-2023","Yokonirami not required","","","","","","","","","","","","","","","","Mala Goyal","23-09-2023 12:37:13","","Soniya Malhotra","","26-09-2023 09:53:42","Approved","Soniya Malhotra","","26-09-2023 09:58:06","Approved","","","","","","","","","","","","","","","","","","","","","","","","","","","","","","",""
"","","","","","","","","","","","","","","","","","","","","","","","","","","","","","","","","","","","","","","","","","","","","","","","","","","","","","","","","","","","","","","","","","","","","","","","","","","","","","","","","","","","ped","No change","No change","No change","No change","No change","No change","03-04-2023","NA","0","0","0","NA","NA","0","0","0","NA","NA","0","860","0","NA","NA","0","0","0","NA","NA","0","0","0","NA","NA","0","0","0","NA","NA","0","0","0","NA","NA","0","0","0","NA","NA","0","0","0","NA","While part investigation, Dust particle observed inside element which is match with Fan dust material..","Detected @ characteristic inspection m/c as SNR NG","Foreign Material","","Jointly Gemba verification done by CFT . Complete line PQ check sheet prepared for periodic cleaning by PRD for further control.","Detection is available @ characteristic inspection m/c .This time problem detection as a SNR NG @ Characteristic inspection stage.","NA","NA","Mukesh  Malakar","28-04-2023 08:50:42","","Naveen  Jain","","10-08-2023 12:20:39","Approved","Yogesh  Dhyani","","26-08-2023 09:16:38","Approved","","","","","","","","","","","","","","","","","","","","","","","","","","","","","","","","","","","","","","","","","","","","","","","","","","","","","","","","","","","","","","","","","","","","","","","","","","","","","","","","","","","","","","","","","","","","","","","","",""
"","","","","","","","","","","","","","","","","","","","","","","","","","","","","","","","","","","","","","","","","","","","","","","","","","","","","","","","","","","","","","","","","","","","","","","","","","","","","","","","","","","","mtd","No","No","No","No","No","No","03-04-2023","0","0","0","0","0","0","0","0","0","0","0","0","860","0","0","0","0","0","0","0","0","0","0","0","0","0","0","0","0","0","0","0","0","0","0","0","0","0","0","0","0","0","19","0","0"," Dust particle observed inside element. Similar dust found inside heater wip jig.","Not clear","","","Element touching parts of all machines checked by CFT for any dust/ lubricant's accumulation. No abnormality observed at machine side.","N.A","N.A","N.A","Narender Jangra","28-04-2023 08:55:00","","Manish Jain","","18-08-2023 16:16:33","Approved","Anup Sherekar","","21-08-2023 15:19:35","Approved","","","","","","","","","","","","","","","","","","","","","","","","","","","","","","","","","","","","","","","","","","","","","","","","","","","","","","","","","","","","","","","","","","","","","","","","","","","","","","","","","","","","","","","","","","","","","","","","",""
"CC/2023/0015","S","CC","C","Chayan  Das","2023-04-14 16:59:15","Soniya Malhotra","2023-09-04 08:56:44","MSIL","Customer","2023-04-13","04G04","G","10:00:00","YCA","","O2","HA150200-7460","Fault Code Observed","P0130(02 Sensor Circuit Malfunction (Bank I Sensor 1)","Customer End","1","DNHA","1","Yes","Vehicle not run","","","Y","2022","Reoccurrence","N","","N","","0","0","0","0","0","0","Based on OK/NG master check","14-04-2023","Info","Info","Resp","Info","Resp","None","None","Info","Resp","None","","","Chayan  Das","14-04-2023 16:29:10","","Pushpendra  Singh","Investigation on going","21-04-2023 12:29:28","Approved","Soniya Malhotra","","25-04-2023 09:09:00","Approved","Pushpendra  Singh","","05-05-2023 09:41:38","Approved","Yes","Yes","Ajay Dhall","","08-05-2023 08:54:56","Approved","Continuation of Production","Shipment Hold","Soniya Malhotra","Pls surely confirm yokoten check within 1 month of issue.","04-09-2023 08:54:46","Approved","Shipment Hold","ped","No","No","No","No","No","No","20-04-2023","NA","0","0","0","NA","NA","0","0","0","NA","NA","0","0","0","NA","NA","0","0","0","NA","NA","0","0","0","NA","NA","0","0","0","NA","NA","0","0","0","NA","NA","0","0","0","NA","NA","0","0","0","NA","Not clear 
But Assumption is only @ plus holder and heater p/f process. Earlier also simulation done with worst case scenario with QAD/PRD/PED , but did not find any crack/chip-off condition. Old report available for reference with QAD/PRD.","100% visual check for heater chipping-off condition. As per history,PRD side never reported Heater chipping abnormality .Only break condition we have experience, that can be detected at the same stage ,also at heater resistance check station 100%. ","Root cause not clear","","Process re-strengthening:
Currently centering jig is not available for heater and plus holder p/f. So, Centering jig design/manufacturing is requested to prepare with MMD.TD: July'23(Tentatively)
Immediate action:
1. Line side press fitting machine all touching parts change. <Punch, heater clamp Jaw & cylinder, part resting jig> & centering confirm with respect to part.
2. Heater movement check manually & adjustment in case of abnormality.","Current condition:
Claim part is detectable at Manufacuring line.
So no chances of outflow from DNHA.
For further strengthening ->customer side process flow/purpose please inform to DNHA.
Reason: As Denso we want to understand the change point difference in customer process, based on which DNHA process can improve .the ","27","B","Sankalp Vashishtha","09-05-2023 08:57:21","","Pardeep  Kumar","","18-08-2023 09:29:48","Approved","devraj bansal","","21-08-2023 08:27:25","Approved","04-05-2023","No","","No","Root cause not clear","ok","Process confirmation done","No","NA","No","NA","No","NA","No","21-08-2023","No","NA","No","NA","Chayan  Das","21-08-2023 08:36:43","","Approved","Pushpendra  Singh","","02-09-2023 16:29:05","Approved","Mala Goyal","Approved","","","","","","","","","","04-05-2023","Yokonirami not required","","","","","","","","","","","","","","","","Mala Goyal","02-09-2023 16:44:34","Yokonirami under preparation, to be issued by 5th Sep.","Soniya Malhotra","","04-09-2023 08:48:17","Approved","Soniya Malhotra","Pls surely confirm yokoten check within 1 month of issue.","04-09-2023 08:54:46","Approved","","","","","","","","","","","","","","","","","","","","","","","","","","","","","","",""
"","","","","","","","","","","","","","","","","","","","","","","","","","","","","","","","","","","","","","","","","","","","","","","","","","","","","","","","","","","","","","","","","","","","","","","","","","","","","","","","","","","","prd","Nil","Nil","Nil","Nil","Nil","Nil","20-04-2023","NA","0","0","0","0","NA","0","0","0","0","NA","0","0","0","0","NA","0","0","0","0","NA","0","0","0","0","NA","0","0","0","0","NA","0","0","0","0","NA","0","0","0","0","NA","0","0","0","0","Suspected cause : 
Chip OFF occurred at Plus holder press fit stage due to play availability in heater after loading in chuck.","Will be updated by PED ","Insufficient Equipment management","","1. All Plus Holder press fit machine touch items 
(Chuck gripper , Upper punch & Cylinder changed ) 
2. chuck Gripper cylinder changed
3. Quality alert displayed at Plus holder press fit stage  ","Will be updated by PED ","27","B","Vinay Gawas","30-06-2023 17:32:11","","Manish Jain","","01-07-2023 12:12:26","Approved","Anup Sherekar","","03-07-2023 15:04:00","Approved","","","","","","","","","","","","","","","","","","","","","","","","","","","","","","","","","","","","","","","","","","","","","","","","","","","","","","","","","","","","","","","","","","","","","","","","","","","","","","","","","","","","","","","","","","","","","","","","",""
"","","","","","","","","","","","","","","","","","","","","","","","","","","","","","","","","","","","","","","","","","","","","","","","","","","","","","","","","","","","","","","","","","","","","","","","","","","","","","","","","","","","sqd","No Change Point","No Change Point","No Change Point","No Change Point","No Change Point","No Change Point","20-04-2023","-","00","00","00","-","-","00","00","00","-","-","00","00","00","-","-","00","00","00","-","-","00","00","00","-","-","00","00","00","-","-","00","00","00","-","-","00","00","00","-","-","00","00","00","-","Not related to child part issue","Not related to child part issue","","","---","---","---","---","Archit  Jain ","12-08-2023 16:36:58","","Ipsita Behera","For detail report , Please refer PRD submitted one which was jointly review from PRD/PED","09-05-2023 09:45:41","Approved","Pushpendra Agrawal","","09-05-2023 13:45:07","Approved","","","","","","","","","","","","","","","","","","","","","","","","","","","","","","","","","","","","","","","","","","","","","","","","","","","","","","","","","","","","","","","","","","","","","","","","","","","","","","","","","","","","","","","","","","","","","","","","",""
"OT/2023/0004","B","OT","C","Bindu Kakkar","2023-04-14 16:30:19","Soniya Malhotra","2023-06-22 17:57:02","MSIL","QAD","2023-04-12","22nd Mar'23 Shift-A","C","11:30:00","YJC","","FP","HA101965-0223","Black FM observed outside main pipe 
","During sorting of FM inside main pipe issue, when dust cap removed, FM found outside main pipe","QA Sorting","3","Dust proof cap manufacturing (To be confirm)","To be confirmed","Yes","Fm may go inside pump, lead to Pump lock","3","3","N","","Occurrence","N","","N","","0","0","716","0","0","0","All parts confirmed in sorting","13-04-2023","Info","Info","Info","None","Resp","None","Info","Info","Info","None","","","Bindu Kakkar","14-04-2023 12:08:58","","Pardeep  Kaushik","","17-04-2023 10:45:51","Approved","Soniya Malhotra","Pls add picture for visual defects and release.","17-04-2023 15:57:53","Approved","Pardeep  Kaushik","","18-04-2023 10:19:55","Approved","No","No","Ajay Dhall","","19-04-2023 08:51:19","Approved","Production Stop","Shipment Hold","","","","Pending","Shipment Hold","sqd","No","No","No","No","No","No","26-04-2023","-","0","0","0","-","-","0","0","0","-","22.3.23","500","500","3","Marking on Kanban","-","0","0","0","-","-","0","0","0","-","-","40000","40000","00","Marked OK","-","0","0","0","-","-","0","0","0","-","-","0","0","0","-","Black Impression on Pipe is Soot 
Soot deposit on Tool due to burning of leftover parts & tool not cleaned (No instruction available) ","Defective Parts skip from Visual Inspection 
(Defect Awareness Less)","Insufficient Operation & Standardization  ","Operator Miss judgement","Work Instruction revised for cleaning.
Training provided to members that After burning the leftover part, tools should be taken out from the machine arm and clean with cloth","Quality Alert Displayed 
Training provided to all Inspectors on Soot parts
","No change","No Change","Harish  Yadav","20-05-2023 13:58:15","","Pardeep  Kumar","","20-05-2023 14:34:45","Approved","devraj bansal","","20-05-2023 16:36:47","Approved","10-05-2023","Yes","","Yes","","ok","Countermeasure established","No","All 3 parts cleaned and passed","No","","No","","Yes","09-06-2023","No","No change","Yes","WI, Training record, QA alert","Bindu Kakkar","09-06-2023 14:45:34","","Approved","Pardeep  Kaushik","","19-06-2023 09:52:19","Approved","Mala Goyal","Approved","","","","","","","","","","10-05-2023","Yokonirami not required","","","","","","","","","","","","","","","","Mala Goyal","19-06-2023 11:22:04","","Soniya Malhotra","","22-06-2023 17:38:06","Approved","","","","Pending","","","","","","","","","","","","","","","","","","","","","","","","","","","","","","",""
"CC/2023/0013","S","CC","C","Chayan  Das","2023-04-14 16:28:57","Yusuke Endo","2023-10-06 09:03:24","MSIL","Customer","2023-04-13","03G06 (6th Mar'23)","G","10:00:00","YCA","","O2","HA150200-7470","Fault code observed in vehicle ","P0136 (02 Sensor Circuit Malfunction (Bank I Sensor 2)","Customer End","1","DNHA","1","Yes","Vehicle not run","","","N","","Occurrence","N","","N","","0","0","0","0","0","0","Based on OK/NG master check","14-04-2023","Info","Info","Resp","Info","Resp","None","Info Action","Info","Resp","None","","","Chayan  Das","14-04-2023 16:07:31","Please approve ","Pushpendra  Singh","This is Quality issue at Customer line and as per analysis it's faulty due to losse burr in between Minus holder & spacer ring.
Request to PRD please share Occurance root cause and countermeasure even though similar issue happened in Oct'22 as inhouse Quality abnormality.","19-04-2023 08:41:07","Approved","Soniya Malhotra","Pls consider immediate measures based on initial investigation with CFT","20-04-2023 08:53:07","Approved","Pushpendra  Singh","Root cause identified and actions under consideration","21-04-2023 12:27:54","Approved","Yes","Yes","Ajay Dhall","","22-04-2023 11:22:45","Approved","Production Stop","Shipment Hold","Yusuke Endo","This countermeasure is just temporary. Monitor the situation in-process defect at least until apply design change timing.","06-10-2023 08:58:34","Approved","Shipment Hold","sqd","-","-","-","-","-","-","20-04-2023","-","00","00","00","-","-","00","00","00","-","-","00","00","00","-","-","00","00","00","-","-","00","00","00","-","-","00","00","00","-","-","00","00","00","-","-","00","00","00","-","-","00","00","00","-","Burr is generated during crimping process at DNHA. 
To avoid this some change required in terminal design .
","Part OK as per the drawing ","","","QA is under discussion with DNJP for design modification. ","-","-","-","Archit  Jain ","18-09-2023 16:29:22","","Ipsita Behera","Daily connector cross section part judgement data is very important from production management view point.One time please check the PED observation & reconfirm it. ","28-04-2023 14:52:25","Approved","Pushpendra Agrawal","","05-05-2023 08:46:35","Approved","04-05-2023","No","","No","","ok","Root cause not clear, However Jig modification done at process side","No","","No","","No","","Yes","23-09-2023","No","Not applicable","No","","Chayan  Das","23-09-2023 15:41:42","QA Quality confirmation data is OK as per DDS ","Approved","Pushpendra  Singh","","30-09-2023 08:35:39","Approved","Mala Goyal","Approved","","","","","","","","","","04-05-2023","Yokonirami not required","","","","","","","","","","","","","","","","Mala Goyal","30-09-2023 12:55:52","Yokonirmai is not applicable as root cause not identified.","Soniya Malhotra","","04-10-2023 08:47:42","Approved","Yusuke Endo","This countermeasure is just temporary. Monitor the situation in-process defect at least until apply design change timing.","06-10-2023 08:58:34","Approved","","","","","","","","","","","","","","","","","","","","","","","","","","","","","","",""
"","","","","","","","","","","","","","","","","","","","","","","","","","","","","","","","","","","","","","","","","","","","","","","","","","","","","","","","","","","","","","","","","","","","","","","","","","","","","","","","","","","","ped","No","No","No","No","No","No","20-04-2023","NA","0","0","0","NA","NA","0","0","0","NA","NA","0","0","0","NA","0","0","0","0","NA","0","0","0","0","NA","0","0","0","0","NA","NA","0","0","0","NA","NA","0","0","0","NA","NA","0","0","0","NA","1. Burr generation at connector crimping  machine of Wire-Sub-assembly process same as DNJP shared Kakotora information.
2. Burr material (Nickle)match with connector material while SEM analysis","1.During customer side vehicle testing,Burr got shifted & make a contact between Minus holder & Ring spacer resulting -& Body Insulation NG.
<DNHA machine capable of detection if burr make a contact> 
2. Claim part when checked in Line machine ,it is detecting as -& Body Insulation NG","Part/Product Design Issue","","Permanent Occurrence countermeasure will be taken by DNJP for connector design change.
From HA SQD section will co-ordinate with QAD.","1. As a immediateaction  Suction unit added along with air purging to remove burr from connector(if completely detached) by MTD/PRD.
2. Connector crimping process: As a precaution point: Change the die, change connector & rechecked the Applicator.
3. Daily Cross section data also checked: Some abnormal judgement can been seen, which need to confirm by DNHA QA.","-","-","Sankalp Vashishtha","28-04-2023 13:17:36","","Pardeep  Kumar","","18-09-2023 16:38:58","Approved","devraj bansal","","19-09-2023 09:07:51","Approved","","","","","","","","","","","","","","","","","","","","","","","","","","","","","","","","","","","","","","","","","","","","","","","","","","","","","","","","","","","","","","","","","","","","","","","","","","","","","","","","","","","","","","","","","","","","","","","","",""
"","","","","","","","","","","","","","","","","","","","","","","","","","","","","","","","","","","","","","","","","","","","","","","","","","","","","","","","","","","","","","","","","","","","","","","","","","","","","","","","","","","","prd","Nil","Nil","Nil","Nil","Connector Terminal lot changed ( as per Normal process ) ","Nil","20-04-2023","NA","0","0","0","0","NA","0","0","0","0","NA","0","0","0","0","NA","0","0","0","0","NA","0","0","0","0","NA","0","0","0","0","NA","0","0","0","0","NA","0","0","0","0","NA","0","0","0","0","Occurrence stage : Connector Crimping ( Blue /Wire / Black wire ) stage 

During Connector Terminal crimping burr generated ( Process design ) 

","Will be explained by PED ","Part/Product Design Issue","","1. Quality alert dispalyed & information shared with all TMs 
2. Part keeping orientation changed while keeping in temporary JIg ( upside down direction ) to prevent connector burr falling inside part
3. Additional suction + Air purging added at temporary Jig after Connector crimping process ","Will be explained by PED ","-","-","Vinay Gawas","30-06-2023 16:50:44","","Manish Jain","","01-07-2023 12:13:02","Approved","Anup Sherekar","","03-07-2023 15:04:45","Approved","","","","","","","","","","","","","","","","","","","","","","","","","","","","","","","","","","","","","","","","","","","","","","","","","","","","","","","","","","","","","","","","","","","","","","","","","","","","","","","","","","","","","","","","","","","","","","","","",""
"IN/2023/0022","B","IN","O","Deepak  Garg","2023-04-10 10:30:09","Jagdeep  Singh","2023-12-13 15:02:43","TIEI","PED","2023-04-07","7/4/23","B","07:00:00","4590","","VCT","HA229800-4590","Pin Found in stuck condition in Pin in NG parts.","During NG part disassembly check pin was found in stuck condition.","Performance check m/c (During NG part Disassembly check)","11","Supplier side problem (Rotor hole OD NG)","Will be shared by SQD","Yes","Pin Locking/unlocking is very important for VCT working.so need to conclude with CFT","3","3","N","","Occurrence","Y","48","Y","A","11","0","0","0","0","0","Need to discuss & conclude with CFT before starting next production. Presently production of this model is stop.","08-04-2023","None","Info","Info","Info","Resp","None","Info","Info","Info","None","","","Deepak  Garg","10-04-2023 09:57:35","ATR rank decided based on current information, May change based on next trials/discussion.","Shibsankar Das","","12-04-2023 08:57:35","Approved","Anup Sherekar","","14-04-2023 10:42:02","Approved","Pardeep  Kaushik","information sharing to customer  not shared 
only observing the customer line feedback ","17-04-2023 10:46:52","Approved","No","Yes","Ajay Dhall","","18-04-2023 11:39:21","Approved","Production Stop","Shipment Hold","","","","","Shipment Hold","sqd","No Change Point","No Change Point","No Change Point","No Change Point","No Change Point","No Change Point","21-04-2023","-","00","00","00","-","-","00","00","00","-","-","00","00","00","-","-","10000","10000","92","SQD OK Tag","-","15000","15000","00","SQD OK Tag","-","5000","5000","00","Startification Tag","-","00","00","00","-","-","00","00","00","-","-","00","00","00","-","Tool Cutting edge found wear lead to step at bottom of Pin Hole Diameter","No check for step confirmation","Root cause not clear","Method not sufficient","-System developed for machining tool identification for traceability purpose.
-Start recording of height & corner radius of Endmill at the start & end of tool life. Runout recording started at the start of tool.
-Define rule to check previous production sample in case white finish observed.
","Check point added at part level during set-up & in process

100% check point added with mating parts (Temporary)","-","-","Archit  Jain ","20-05-2023 11:05:28","All C/M has been implemented. ","Pardeep  Kumar","","20-05-2023 11:58:07","Pending","devraj bansal","","20-05-2023 16:37:05","Pending","05-05-2023","Yes","Child part level sorting done - 92 NG part found.","Yes","","ok","Verified by SQD","Yes","FG:  900 pcs, Child part: 92 pcs (NG found during sorting)","Yes","FG: 900 pcs, Child part: 92 pcs (NG found during sorting)","No","No rework","Yes","01-06-2023","Yes","JI, OMS updated","No","N/A","Jagdeep  Singh","01-06-2023 09:17:22","Please attach latest report w/ current status of countermeasures (completed or still pending)","Rejected","","","","Pending","","Pending","","","","","","","","","","","","","","","","","","","","","","","","","","","","","","","","","","","","","","","","","","","","","","","","","","","","","","","","","","","","","","","","","","","",""
"CC/2023/0006","S","CC","C","Rahul  Singh","2023-04-04 17:07:46","Soniya Malhotra","2023-08-24 09:27:47","AL","Customer","2023-03-27","08F00186","A","08:37:00","A4 BS6","","CRS","HA095600-6590","Vehicle not starting due to Rail assy","Vehicle not starting due to Rail assy","Vehicle Testing at Ashok Leyland","1","","","Yes","Vehicle not starting","","","N","","Occurrence","N","","N","","0","0","0","0","0","0","Information shared with CFT & DNHA process detection confirmed.","28-03-2023","Info","Info","Info Action","Info","Resp","None","None","Info","Info","None","","","Rahul  Singh","04-04-2023 16:43:55","Please approve","Pushpendra  Singh","","05-04-2023 14:43:31","Approved","Soniya Malhotra","","06-04-2023 12:31:46","Approved","Pushpendra  Singh","Pc sensor sent to sensata for further investigation and target  date: 28th Apr'23","21-04-2023 12:15:44","Approved","Yes","Yes","Ajay Dhall","","22-04-2023 11:22:22","Approved","Production Stop","Shipment Hold","Soniya Malhotra","","24-08-2023 09:27:06","Approved","Shipment Hold","sqd","No","No","No","No","No","No","03-04-2023","-","0","0","0","-","-","0","0","0","-","-","0","0","0","-","-","0","0","0","-","-","0","0","0","-","-","0","0","0","-","-","0","0","0","-","-","0","0","0","-","-","0","0","0","-","Sensata FA conclusion is abnormal sensor function due to ASIC fail. Because I-V characteris-tics result showed Vcc-GND / Vout-GND abnormal. And two components connected to GND has damaged with discolor. these results indicate electrical short on GND line.
ASIC fail root cause suspected by applied EOS (Electrical Over Stress) after Sensata shipment.","NA- Failure After Sensata Shipment","","","NA- Failure After Sensata Shipment","NA- Failure After Sensata Shipment","NA","NA","Harish  Yadav","20-05-2023 09:03:41","","Pardeep  Kumar","","20-05-2023 09:33:06","Approved","devraj bansal","","20-05-2023 16:37:22","Approved","17-04-2023","No","No","Yes","EOS","ok","N/A","No","","No","","No","","No","21-07-2023","No","0","No","","Rahul  Singh","21-07-2023 15:24:06","","Approved","Pushpendra  Singh","","07-08-2023 11:52:31","Approved","Mala Goyal","Approved","","","","","","","","","","17-04-2023","Yokonirami not required","","","","","","","","","","","","","","","","Mala Goyal","07-08-2023 11:59:02","","Soniya Malhotra","","24-08-2023 09:18:17","Approved","Soniya Malhotra","","24-08-2023 09:27:06","Approved","","","","","","","","","","","","","","","","","","","","","","","","","","","","","","",""
"CC/2023/0005","S","CC","O","Rahul  Singh","2023-04-03 17:09:07","Rahul  Singh","2023-06-20 16:14:44","MSIL","QAD","2023-03-31","20.03.23","A","12:00:00","YRA","","INJ","HA297500-2490","Appearance NG-Thread available at upper o-ring","Thread available at upper o-ring","At customer end ","1","Visual Check at MSIL","1","Yes","Appearance NG","","","Y","Last time thread available at lower o-ring ","Reoccurrence","N","","N","","0","0","0","0","0","0","Add Q-Alert","01-04-2023","Info","Info","Resp","Info","Info","None","Info","Info Action","Info","None","","","Rahul  Singh","03-04-2023 17:04:12","","Pushpendra  Singh","","04-04-2023 16:32:09","Approved","Soniya Malhotra","Repeat issue due to insufficient action for previous claim","06-04-2023 12:48:31","Approved","Pushpendra  Singh","Level up action considered and implemented. , however Root cause not clear  ","21-04-2023 12:18:24","Approved","Yes","Yes","Ajay Dhall","","22-04-2023 11:18:21","Approved","Production Stop","Shipment Hold","","","","","Shipment Hold","prd","No Change point","No Change point","NA Change point","No change point","No change point","No change point","07-04-2023","0","0","0","0","0","0","0","0","0","0","0","0","0","0","0","0","0","0","0","0","0","0","0","0","0","0","0","0","0","0","0","0","0","0","0","0","0","0","0","0","0","0","0","0","0","Not clear ","Not clear","Root cause not clear","","Dhoti usage Eliminated from all Injector Production line & Alternative cloth X70 used which doesn't generate Thread. ","Dhoti usage Eliminated from all Injector Production line & Alternative cloth X70 used which doesn't generate Thread. ","na","na","Rohit  Saini","16-05-2023 11:05:00","","Manish Jain","Already Horizontal deploy with related product..","17-05-2023 08:52:22","Approved","Anup Sherekar","","21-05-2023 17:01:15","Approved","","","","","","","","","","","","","","","","","","","","","","","","","","","","","","","","","","","","","","","","","","","","","","","","","","","","","","","","","","","","","","","","","","","","","","","","","","","","","","","","","","","","","","","","","","","","","","","","",""
"CC/2023/0004","S","CC","C","Rahul  Singh","2023-04-03 16:59:18","Soniya Malhotra","2023-07-02 21:52:42","MSIL","QAD","2023-03-31","05.03.23","A","12:00:00","YRA","","INJ","HA297500-2490","Appearance NG : FM available inside connector ","FM available inside connector ","At customer end ","1","After Clip Assy at MSIL","01","Yes","Appearance NG","","","N","","Occurrence","N","","N","","0","0","0","0","0","0","Add Q-Alert","01-04-2023","Info","Info","Resp","Info","Info","None","Info","Info Action","Info","None","","","Rahul  Singh","03-04-2023 16:11:42","","Pushpendra  Singh","","05-04-2023 14:44:50","Approved","Soniya Malhotra","To take immediate ","06-04-2023 12:49:55","Approved","Pushpendra  Singh","Root cause  Identified and action considered","21-04-2023 12:06:48","Approved","Yes","Yes","Ajay Dhall","","22-04-2023 11:21:19","Approved","Production Stop","Shipment Hold","Soniya Malhotra","To verify the effectiveness of the measures","02-07-2023 21:51:55","Approved","Shipment Hold","prd","No Change point","No Change point","NA Change point","No change point","No change point","No change point","07-04-2023","0","0","0","0","0","0","0","0","0","0","0","0","0","0","0","0","0","0","0","0","0","0","0","0","0","0","0","0","0","0","0","0","0","0","0","0","0","0","0","0","0","0","0","0","0","Paint peels off from Robot & during motion it fall inside the connector. ","FM was available at Hidden area which can't be detected during visual check & During transportation FM move from Hidden area to visible area.","Foreign Material","Latent Defect","1. All Robot condition checked for paint peel off & Paint peel off area Re-painting done by MTD.
2. Paint peel off check point to be added in MTD PM Check sheet ","NA","NA","NA","Rohit  Saini","16-05-2023 11:13:14","","Manish Jain","First time Experience (ALL CFT MEMEBER)","17-05-2023 08:50:47","Approved","Anup Sherekar","","21-05-2023 17:01:56","Approved","21-04-2023","Yes","No NG part in DNHA & MSIL","Yes","","ok","C/M taken ","No","","No","","No","","No","20-06-2023","No","0","No","","Rahul  Singh","20-06-2023 16:16:37","","Approved","Pushpendra  Singh","","27-06-2023 11:36:23","Approved","Mala Goyal","Approved","","","","","","","","","","21-04-2023","Yokonirami not required","","","","","","","","","","","","","","","","Mala Goyal","27-06-2023 13:43:16","Yokonirami issued to MTD (P1 & P2) on 23/June'23. Target dtae of reply is 30/June'23.","Soniya Malhotra","","02-07-2023 21:43:06","Approved","Soniya Malhotra","To verify the effectiveness of the measures","02-07-2023 21:51:55","Approved","","","","","","","","","","","","","","","","","","","","","","","","","","","","","","",""
