"Month","Date","Cell","Line","Machine","Machine No","Shift","Category","Time","Problem","Cause Why1","Cause Why2","Cause Why3","Cause Why4","Cause Why5","Action","Counter Measure","Category","Is Action Temporary?","Done By","Status"
"Apr","03-04-2024 T09:10","Fuel Pump","SIFS # 5","Zebra tube assy","M-EN-FP-SIF-5-050-1","A","CM","10","Handle broken","During Continuous Running","During Continuous Running","During Continuous Running","N/A","N/A","Handle Change with new one","NA","Problem Category- Mechanical,Breakdown Category- Wear","No","Yogesh Kumar,Anil Kumar","Completed"
"Apr","03-04-2024 T12:25","Fuel Pump","SIFS # 5","Electrical inspection M/C","M-EN-FP-SIF-5-110-1","A","CM","2","Master was coming NG during Running","Air Valve was off","Valve MADE OFF after yesterday production.","NA","NA","NA","Air Valve Open","NA","Problem Category- Pneumatic,Breakdown Category- Process","No","Yogesh Kumar","Completed"
"Apr","03-04-2024 T14:17","Fuel Pump","SIFS # 5","Pump & suction filter assy","M-EN-FP-SIF-5-010-1","A","CM","3","HANDLE BROKEN","MACHNE RUNNING FROM lONG TIME","NA","NAN","NAN","NA","HANDLE CHANGE","NA","Problem Category- Mechanical,Breakdown Category- Wear","No","Yogesh Kumar","Completed"
"Apr","03-04-2024 T17:55","Injector","Housing-3","LASER MARKING MACHINE","HSG3-4020","B","BM","20","Resistance NG coming ","Resistance NG coming","resistance check value coming in higher side ","resistance check probe proper not touch the terminal","probe was bend","part life over","all contact probe changed with new","Probe change frequency to be defined. ","Problem Category- Mechanical,Breakdown Category- Part-Failure","No","Sandeep Kumar","Completed"
"Apr","04-04-2024 T05:21","Injector","Housing-2","LASER MARKING MACHINE","HSG2-4020","C","BM","30","Impulse check probe wire broken found","Impulse check not happening","Electrical signal not send","Impulse check electrical loop incomplete","impulse check probe wire found broken","Stress on wire during impulse check process","Checked & found wire was broken from thimbling area.,Wire re-thimbling done after that OK.","PM POINT is available","Problem Category- Electrical,Breakdown Category- Wear","No","Tinku,Salman ","Completed"
"Apr","04-04-2024 T11:55","Injector","UC # 3","NOZZLE BODY PRESS FITTING","UC3-020","A","BM","35","Transfer Gripper found in disturbed position.","Transfer Gripper position disturbed.","Gripper not moving.","Gripper front mounting guide found in open condition.","Gripper mounting disloacte from spline block.","Mounting guide thread got damaged.","Open the gripper then found mounting guide thread area broken in spline block.Try to remove broken part but working area was no enough. So temporary assemble mouting guide after that home position done.After that m/c running under observation.","N/A","Problem Category- Mechanical,Breakdown Category- Wear","Yes","Kartikey,Gaurav,Akshay","Completed"
"Apr","04-04-2024 T16:35","Injector","Housing-3","LASER MARKING MACHINE","HSG3-4020","B","BM","20","resistance ng coming some part ","resistance ng coming some part","resistance value show data mismatched","actual value zero not saved in resistance unit",".",".","resistance zero setting done ","","Problem Category- Electrical,Breakdown Category- Design","No","Anil Kumar,Tarkeshwar Prasad","Completed"
"Apr","04-04-2024 T19:55","Fuel Pump","FP-Assy","PERFORMANCE INSPECTION","M-EN-FP-FPA-1-230-1,2","B","BM","58","Residual pressure NG coming in 1st station both jig","residual pressure ng coming in both station L60 model","can not reach oil flow in part","oil flow coming in lower side ","regulator proper not working ","regulator was ng ","regulator changed with new",".","Problem Category- Mechanical,Breakdown Category- Part-Failure","No","Sandeep Kumar,Tarkeshwar Prasad","Completed"
"Apr","05-04-2024 T02:21","Injector","UC # 3","SUB ASSY WASHING","UC3-050","C","BM","60","Loader down fault was coming","Loader down fault","Loader not complete its down stroke ","loader chuck -1 part hit with table jig","chuck-1 not chuck part properly",".","loading / unloading all part taken out and memory reset then mc come home ,mc power on/off but fault not goes,then found in PLC fault reset by touch panel button ( wound no conf.)",".","Problem Category- Electrical,Breakdown Category- Part-Failure","No","Keshav,Santosh kumar Majhi","Completed"
"Apr","05-04-2024 T10:40","Injector","Housing-2","TERMINAL PRESS FIT & HEIGHT CHECK","HSG2-1010","A","BM","23","Terminal Drop","na","na","na","na","na","Press fit position change","na","Problem Category- Electrical,Breakdown Category- Wear","No","Yogesh Kumar","Completed"
"Apr","05-04-2024 T16:44","Injector","Housing-1","WIRE WINDING","EIHS-031","B","BM","66","All tail stopper wear out from  bottom position","Part getting lift-up during winding","Pusher not properly pushing the spool","Gap was available between spool & pusher","Pusher found wear out","Continuous use","Checked & found part gets lift-up from st. 2,Checked st. 2 & found tail stock (pusher) was wear out.,All tail stocks replaced with new.","-","Problem Category- Mechanical,Breakdown Category- Wear","No","Anil Kumar,Tarkeshwar Prasad","Completed"
"Apr","06-04-2024 T03:19","Injector","Housing-2","MOLDING MACHINE","HSG2-4010","C","BM","70","molding unit fault coming found NH temperature down at auto running condition","Not clear","N/A","N/A","N/A","N/A","NH and thermocouple wire condition check found ok then machine power off/on then ok ","-","Problem Category- Electrical,Breakdown Category- Process","No","Tinku,Salman ","Completed"
"Apr","06-04-2024 T03:24","Injector","Housing-2","TERMINAL PRESS FIT & HEIGHT CHECK","HSG2-1010","C","BM","66","SPOOL PICK UP  FLIP UNIT BROKEN","SPOOL PICK UP  FLIP UNIT BROKEN","FLIP UNIT MOVEMENT NOT GOOD","CYLINDER SPEED WAS VERY HIGH","SPEED CONTROLLER MAXIMUM OPEN","..","Checked & found pin was broken.,Pin changed with new,Alignment done,Cylinder speed adjusted after that Ok.","SO FLIP UNIT CHANGE WITH NEW & PROPERLY ALIGNMENT DONE ..ALSO CYLINDER SPEED ADJUSTED DONE THEN OK","Problem Category- Mechanical,Breakdown Category- Part-Failure","No","Tinku,Salman ","Completed"
"Apr","05-04-2024 T19:00","Injector","UC # 3","CONNECTOR PRESS FITTING-1","UC3-071","B","BM","70","Part slip during Table unloading ","Part slip during Unloading ","Robot unable to chuck part properly. ","Robot finger wear Tear","Continuous run ","","Robot finger changed with new and Fine teaching done ","Predictive Maintenance to be performed in FY'24 , Finger change on basis of Production qty.","Problem Category- Mechanical,Breakdown Category- Wear","No","Parveen Kumar","Completed"
"Apr","06-04-2024 T12:15","Injector","Housing-4","HOLDER, PLATE & PIPE PRESS FIT MACHINE","HSG4-3020","A","BM","20","Pallet mismatch fault at Unloading statio","Pallet confirmation sensor detect other model pallet ","other model pallet condition match","other model px sensor got on","sensor head side metal dust accumulate","due to continue pallet move on slide","pallet confermantion sensor head cleaning and pallet slider arya cleaning done","request to prd clean the pallet slider area 1/ D","Problem Category- Mechanical,Breakdown Category- Process","No","Yogesh Kumar","Completed"
"Apr","06-04-2024 T12:16","Injector","Housing-2","MOLDING MACHINE","HSG2-4010","A","BM","64","Sensor did not sense the part","robot double part load","die side part confirmation  sensor not sense the part","sensor continue on after model change over","sensor position/alignment  disturb","suspected cause may be during mold change time hiting","sensor alignment done ","we will prepare one master to check sensor ok working.","Problem Category- Mechanical,Breakdown Category- Human","No","Yogesh Kumar","Completed"
"Apr","06-04-2024 T15:58","Fuel Pump","SIFS # 4","Filter and pump Assy m/c.","M-EN-FP-SIF-4-100-1","B","BM","32","Master off during cycle ","Master off during cycle","Jig slider stuck under plate ","Jig front plate touch on metal down side ","Jig side loose happen  ","-","Jig plate re tightening done ",".","Problem Category- Mechanical,Breakdown Category- Human","No","Anil Kumar,Tarkeshwar Prasad","Completed"
"Apr","06-04-2024 T17:35","Injector","Housing-1","WIRE WINDING","EIHS-031","B","BM","15","Remaining wire length higher side ","Wire was longer than defined spec","Cutter cutting from wrong position","Cutter position found disturbed","-","-","Cutter gap adjusted ","-","Problem Category- Mechanical,Breakdown Category- Wear","No","Anil Kumar","Completed"
"Apr","06-04-2024 T20:18","Injector","Housing-1","MUC FUSHING END BENDING","EIHS-071","B","BM","15","resistance ng coming ","resistance ng coming","in between terminal and prob other material  touch ","prob bend cylinder stroke more ","cylinder aligenment not ok ",".","We observed during probe touch terminal bend cylinder touches probe so probe bend cylinder stroke decreased.",".","Problem Category- Mechanical,Breakdown Category- Design","No","Tarkeshwar Prasad","Completed"
"Apr","06-04-2024 T20:22","Injector","Housing-1","VISUAL INSPECTION","EIHS-051","B","CM","100","Machine cycle time is high","Machine cycle time is high","pallet discharge cylinder motion is slow","cylinder stuck during backward time","cylinder seal and rod was damaged","seal was wear out"," pallet cylinder change with new then ok","so pallet cylinder change with new then ok","Problem Category- Mechanical,Breakdown Category- Part-Failure","No","Tinku,Salman ,Anil Kumar","Completed"
"Apr","06-04-2024 T20:26","Injector","Housing-1","FUSHING END BENDING","EIHS-061","B","BM","16","Abnormal sound coming  from machine ","Abnormal sound coming from machine","Cylinder piston hitting with cylinder housing","Cylinder in high speed","-","-","Both side pallet shift cylinder speed adjusted done","-","Problem Category- Pneumatic,Breakdown Category- Human","No","Anil Kumar","Completed"
"Apr","06-04-2024 T15:35","Injector","UC # 3","CONNECTOR PRESS FITTING-1","UC3-071","B","PM","45","Gripper side pick place fault was coming","Robot not pick the part properly","Part was not proper in palate","It was getting tilt during palate lift","Lifter-1 speed was high","NA","Lifter-1 upward speed reduced and robot fine teaching done at pick from palate","NA","Problem Category- Mechanical,Breakdown Category- Process","No","Parveen Kumar","Completed"
"Apr","06-04-2024 T23:31","Injector","Housing-2","TERMINAL PRESS FIT & HEIGHT CHECK","HSG2-1010","C","BM","25","spool unloading memory fault coming","spool unloading memory fault coming","spool drop during unloading ","spool holding ball plunger alignment ng ","Ball plunger loss ",".","spool holding ball plunger adjustment done after that ok","N/A","Problem Category- Mechanical,Breakdown Category- Process","No","Salman ","Completed"
"Apr","07-04-2024 T02:40","Injector","UC # 3","AIR LEAK INSPECTION","UC3-040","C","BM","20","Part pusher cylinder stuck in Auto running ","Part pusher cylinder stuck in Auto running ","part pusher cylinder solenoid hold","part & pallet confirm sensor continue on","oil came in sensor sensing area",".","part pusher cylinder stay oil removed by cleaning and part confirm sensor cleaning done","Request to PRD Clean 1/Shift along with PQ activity ","Problem Category- Mechanical,Breakdown Category- Process","No","Keshav,Santosh kumar Majhi","Completed"
"Apr","07-04-2024 T10:41","Injector","Housing-3","MOLDING MACHINE","HSG3-4010","A","BM","10","Ejector area burr in HE and HG cavity","robot part not proper unloading","part chuck finger not proper clamp","Gap available between part & finger","left side finger was loose from mounting","bolt not properly tight","finger mounting bolt proper tight then ok",".","Problem Category- Mechanical,Breakdown Category- Process","No","Yogesh Kumar","Completed"
"Apr","07-04-2024 T19:52","Injector","Housing-4","MOLDING MACHINE","HSG4-4010","B","BM","35","robot hang during part unloading on b die","Robot IO signal not coming","robot pipe guide finger not chucking the part","finger not going inside part for chuck","unloading side pipe guide finger left side was found broken ","Not Clear","so broken finger remove and change with new finger ","HRC of broken finger to be tested in SQD Lab & compared with drawing then future counter-measure will be decided.","Problem Category- Mechanical,Breakdown Category- Process","No","Tarkeshwar Prasad","Completed"
"Apr","07-04-2024 T21:05","Injector","Housing-2","TERMINAL PRESS FIT & HEIGHT CHECK","HSG2-1010","B","BM","25","spool unloading cycle time over and spool discharge up/down fault come","spool unloading cycle time over and spool discharge up/down fault come","spool stuck in unloading pallet ","spool proper not pressed in unloading unit ","ball plunger come out ","ball plunger not properly set on position","so 2 time ball plunger tight but come out so finally tightened with locktight then ok ","Confirmation available in PM check point ","Problem Category- Mechanical,Breakdown Category- Design","No","Tarkeshwar Prasad","Completed"
"Apr","08-04-2024 T10:33","Fuel Pump","FP-Assy","CASING PRESS FITTING M/C","M-EN-FP-FPA-1-090-1","A","CM","7","Hydraulic oil leakage from Press fitting cylinder","Hydraulic oil leakage from Press fitting cylinder","Oil came with exhaust air during process","cylinder piston seal got damaged ","Due to continue use","Life over ","cylinder was order ,after that cylinder received and changed ",".","Problem Category- Mechanical,Breakdown Category- Wear","No","Sandeep Kumar","Completed"
"Apr","08-04-2024 T10:37","Fuel Pump","FP-Armature","BALANCING M/C","M-EN-FP-ARM-1-160-1","A","CM","0","Cut Shift & Angle rotation defect rate coming",".",".",".",".",".","Sensor Focus and Sensitivity adjusted after that Under Observation",".","Problem Category- Electrical,Breakdown Category- Obsolete","No","Tarkeshwar Prasad","Completed"
"Apr","08-04-2024 T11:40","Injector","UC # 3","SPRING AND  ADJ.PIPE ASSY ","UC3-080","A","CM","110","Pre-Q ng was coming","Root cause is under analysis","NA","NA","NA","NA","Zero claim part changed as per CFT ","NA","Problem Category- Mechanical,Breakdown Category- Wear","No","SOURABH GUPTA,Parveen Kumar","Completed"
"Apr","08-04-2024 T16:18","Injector","Housing-3","LASER MARKING MACHINE","HSG3-4020","B","BM","22","Resistance coming higher side in some part ","Resistance Value higher side","More resistance than defined spec","Coating from probes found removed from terminal contact area","Friction between probes & terminals","Gap between probes was less","Probe alignment check found ok ,Probe cleaning done with electric CRC but not Ok,Probes changed with new after that Ok","-","Problem Category- Electrical,Breakdown Category- Wear","No","Tinku,Anil Kumar","Completed"
"Apr","08-04-2024 T20:45","Injector","UC # 3","FILTER ASSEMBLY","UC3-140","B","BM","30","Filter wash fluid pressure low fault","Filter wash fluid pressure low fault","Washing fluid pressure was coming lower side ","Filter washing main line filter choked ","Continue usage ","","Filter washing 2 line metal filter cleaned ","Instructed to PRD for  Filter washing line filter change","Problem Category- Mechanical,Breakdown Category- Part-Failure","No","Keshav,Gaurav","Completed"
"Apr","09-04-2024 T07:40","Injector","UC # 3","FILTER ASSEMBLY","UC3-140","A","BM","30","Filter wash fluid pressure low fault was coming","Filter wash fluid pressure low","Filter wash fluid pressure value not came ","oil pressure line filter chocked ","Suspected due to continue use ",".","checked & found pressure came but output not on of the sensor amplifire then its set value change and fault reset afterthat again value revert back","Filter change frequency has to revise ","Problem Category- Electrical,Breakdown Category- Process","No","SAHIL SAINI,Keshav","Completed"
"Apr","09-04-2024 T14:35","Fuel Pump","Suction Filter","Leaser triming ","M-EN-FP-SUF-1-070-1","B","CM","110","Laser trimming abnormal cutting","part ng cutting on laser trimming ","laser position in part  cutting position shift 
","may be laser X Y position shift ","Jig Side cap not clamp properly in Cap P/F","Spring was damage so spring change with new one ","IAI robot cylinder position teaching done. ,Cap P/F Jig side Spring change with new one",".","Problem Category- Both,Breakdown Category- Part-Failure","No","Sandeep Kumar,Tarkeshwar Prasad","Completed"
"Apr","09-04-2024 T09:30","Fuel Pump","FP-Assy","PERFORMANCE INSPECTION","M-EN-FP-FPA-1-230-1,2","A","CM","60","Flow rate NG","Flow rate NG","during part set oil leakage happen ","aligenment not ok ","seal wear out ",".","our side aligenment check and prd side seal change ",".MTD will check the condition of both stations of the machine and change the components as per requirement. T.D - 11-04-2024","Problem Category- Mechanical,Breakdown Category- Part-Failure","Yes","Sandeep Kumar,Tarkeshwar Prasad","Completed"
"Apr","09-04-2024 T13:55","Fuel Pump","FP-Assy","Cover end support press-fitting M/C","M-EN-FP-FPA-1-170-1","A","BM","30","Recheck issue<Spring presence error,  judge OK part as NG>","Recheck issue<Spring presence error, judge OK part as NG>","some time sensor on some time not on ","Sensor alignment NG","Sensor Mounting bolt loose","During Running this get loose","so aligenment done on part and wrt to sensor ",".Information conveyed to PRD regarding the jig side issue ( Kaizen activity)","Problem Category- Mechanical,Breakdown Category- Design","Yes","Sandeep Kumar,Tarkeshwar Prasad","Completed"
"Apr","09-04-2024 T18:40","Fuel Pump","FP-Assy","PERFORMANCE INSPECTION","M-EN-FP-FPA-1-230-1,2","B","CM","65","Flow rate coming NG ","Root cause under analysis","-","-","-","-","Both station many time pressure adjusted after that part ok","-","Problem Category- Electrical,Breakdown Category- Process","Yes","Tinku,Anil Kumar","Completed"
"Apr","09-04-2024 T18:57","Injector","Housing-4","FUSING MACHINE","HSG4-2020","B","BM","33","camera 1 ng coming","Parameter goes out of spec","start side wire lengh coming less","wire properly cut not happen ","cutter unit side gap available","-","Cutter gap adjusted done then ok","CM","Problem Category- Mechanical,Breakdown Category- Process","No","Tinku","Completed"
"Apr","09-04-2024 T09:00","Injector","Housing-2","MOLDING MACHINE","HSG2-4010","A","CM","110","After model change Holder scratch coming ","Both die L-side Holder scratch was coming","Holder area in contact with die","Part not properly aligned wrt die","Holder & pipe guide in/out finger position was disturbed","Under analysis","Checked & found dent was coming on holder area during loading process ,Observed the problem was coming from both die L-side only,Holder chuck finger mechanically adjusted,Pipe guide in/out finger mechanically adjusted & accordingly robot teaching done","All mounting condition checked & found Ok.","Problem Category- Mechanical,Breakdown Category- Wear","No","Tarkeshwar Prasad,Bikash Pradhan","Completed"
"Apr","10-04-2024 T16:11","Fuel Pump","YG4 (HONDA)","Glue applying machine","M-EN-FP-SIF-4-050-1","B","CM","169","pump servo fault coming","pump servo fault coming","pump motion not good","pump side load apply happen during running time","material passing not happen","dispenser unit side material path was block","dispenser unit change with new","so, one time servo screw cleaning done properly also poppet vale cleaning done then check without dispenser unit pump home position ok coming also material coming ok. but when dispenser unit assemble then again same problem coming ... so prd cleaning / lubrication done the dispenser unit .. then check machine running ok..","Problem Category- Mechanical,Breakdown Category- Part-Failure","No","Sandeep Kumar,Tinku,Anil Kumar","Completed"
"Apr","10-04-2024 T23:55","Fuel Pump","SIFS # 6","Air leak test and plate assy M/C","M-EN-FP-SIF-6-060-1","C","BM","45","Regulator coupler finger broken in YTA model","part not clamp  ","part clamping cuppler not work","clamping finger broken","finger wear and tear","na","PRD did the model changeover to run the production and MTD side  new part making request sent to supplier. ","this part to be in the stocking","Problem Category- Mechanical,Breakdown Category- Wear","Yes","Yogesh Kumar","Completed"
"Apr","11-04-2024 T03:49","Injector","Housing-3","MOLDING MACHINE","HSG3-4010","C","BM","20","'NH' HEATER TEMP goes .DOWN ","NH' HEATER TEMP. DOWE","NH Thermocouple malfunction","Internal malfunction",".",".","m/c power off/ on ","NA","Problem Category- Electrical,Breakdown Category- Process","Yes","Yogesh Kumar","Completed"
"Apr","11-04-2024 T05:43","Injector","Housing-1","HOUSING MOULDING","EIHS-091","C","BM","60","chain  broken ","conveyer not run","conveyer chain broken","pallet stuck in chain","pallet tilt",".","chain re joint ","chain condition check in pm time","Problem Category- Mechanical,Breakdown Category- Process","No","Sandeep Kumar,Yogesh Kumar","Completed"
"Apr","11-04-2024 T09:40","Injector","UC # 3",""NEEDLE & CONNECTOR ASSY  CONNECTOR REVERSE CHECK"","UC3-060","A","BM","30","RB-1 fault was coming","J3 axis over load fault was coming","It was coming during needle ASSY ","Needle ASSY st. work clamp confirmation not coming","Cylinder clamp motion not smooth","Its LM guide motion hard","Robot motion check manually found ok ( Robot greasing done ),Cylinder lubrication done and mc power reset after that mc run,Cylinder change with new after production complete","NA","Problem Category- Mechanical,Breakdown Category- Wear","No","SAHIL SAINI,Parveen Kumar","Completed"
"Apr","12-04-2024 T06:40","Fuel Pump","FP-Armature","ARMATURE CNC-4","M-EN-FP-ARM-1-140-4","A","BM","60","Hydraulic oil level low fault","Hydraulic oil level low fault","oil level sensor input was on ","level sensor not touch in oil ","oil level low ","","prd side oil fill ",".","Problem Category- Mechanical,Breakdown Category- Part-Failure","No","Sandeep Kumar,Tarkeshwar Prasad","Completed"
"Apr","12-04-2024 T08:01","Fuel Pump","FP-Armature","FUSING  # 02","M-EN-FP-ARM-1-110-2","A","CM","0","Displacement NG at Nail-1",".",".",".",".",".","Collet cleaning done after that Under Observation",".","Problem Category- Mechanical,Breakdown Category- Part-Failure","No","Sandeep Kumar","Completed"
"Apr","12-04-2024 T08:41","Injector","Housing-3","HOLDER, PLATE & PIPE PRESS FIT MACHINE","HSG3-3020","A","BM","50","Plate P/f Part confirm sensor fault","Plate P/f Part confirm sensor fault","plate position was disturbed","plate proper not set on jig","plate guide pin not on position","plate guide pin was broken","pin and jig changed  both new.",".","Problem Category- Mechanical,Breakdown Category- Wear","No","Sandeep Kumar","Completed"
"Apr","12-04-2024 T13:45","Injector","Housing-2","TERMINAL PRESS FIT & HEIGHT CHECK","HSG2-1010","A","BM","104","Part drop during unloading ","Part drop during unloading","Spool guide Pin broken ","Pin touch with part on pallet ","Spool insert proper not happen","Alignment was ng w r t pallet ","Change pin with new ,Pin side polishing and grinding done ,Ball plunger adjusted and alignment done ","-","Problem Category- Mechanical,Breakdown Category- Process","No","Tinku,Anil Kumar","Completed"
"Apr","12-04-2024 T14:57","Fuel Pump","SIFS # 6","Air leak test and plate assy M/C","M-EN-FP-SIF-6-060-1","B","CM","100","regulator coupler damaged","regulator coupler not working","regulator finger properly not clamp","finger holding portion was wear out","Used in every part during inspection","..","so coupler repair done","so repair the finger and again assy done then ok","Problem Category- Mechanical,Breakdown Category- Wear","Yes","Tinku,Anil Kumar","Completed"
"Apr","13-04-2024 T09:29","Fuel Pump","FP-Armature","FUSING  # 02","M-EN-FP-ARM-1-110-2","A","CM","61","Some time displacement coming Ng","Some time displacement coming Ng","During part clamping part slip","Part grip force Ng","In side collet step available ","Part wear and tear ","In both loader part d cut stopper position adjusted ,In side cleaning  done ,Change collet with new ","Need to add in PM check sheet this point yearly","Problem Category- Mechanical,Breakdown Category- Wear","No","Anil Kumar,Arun","Completed"
"Apr","13-04-2024 T15:23","Fuel Pump","Bearing Holder","CHOKE COIL WINDING M/C-3","M-EN-FP-BRH-1-070-3","B","CM","27","From jig no 2 and 4 core end hight lower side ","From jig no 2 and 4 core end hight lower side","Winding profile Ng","Wire tension coming lower side","Wire bobbing side issue available","-","PRD side change wire bobbing with new ","-","Problem Category- Mechanical,Breakdown Category- Process","No","Tinku,Anil Kumar","Completed"
"Apr","13-04-2024 T21:21","Injector","Housing-4","HOLDER, PLATE & PIPE PRESS FIT MACHINE","HSG4-3020","B","BM","9","Pallet stuck  at Unloading station","Pallet stuck  at Unloading station","pallet position distrub during shifting time ","escape fwd/bwd cylinder mounting was loose also escape plate position distrub","cylinder speed was high","speed controller fully open","Cylinder properly mounting done.,Escape plate alignment done,Cylinder speed adjusted after that Ok","-","Problem Category- Mechanical,Breakdown Category- Process","No","Tinku","Completed"
"Apr","13-04-2024 T15:08","Injector","Housing-2","LASER MARKING MACHINE","HSG2-4020","B","BM","60","Impluse NG,Step-dimension NG (100 %)","Values going out of spec","Improper wire contact","Some wires found broken on both sides","Stress on Impulse check wires during full downward motion","Improper dressing & routing of wire","Checked Step dimension & Impulse Check station & found both side some wires were in broken condition.,Wire re-thimbling done.,Impulse Master checked & found Ok","Wire dressing & routing to be improved in coming holidays.","Problem Category- Electrical,Breakdown Category- Wear","No","Tinku,Anil Kumar","Completed"
"Apr","13-04-2024 T03:35","Injector","Housing-2","MOLDING MACHINE","HSG2-4010","C","BM","45","Material stuck out side nozzle.","thermocouple wire stuck with molding pvc material","Material stuck out side nozzle area","material came outside nozzle during injection",".",".","material clean out side nozzle","Check nozzle condition by doing plan with PRD.","Problem Category- Mechanical,Breakdown Category- Process","No","Yogesh Kumar,Arun","Completed"
"Apr","14-04-2024 T06:30","Injector","Housing-1","LASER MARKING","EIHS-101","A","BM","30","transfer unit ls fault long cylinder up/down fault coming","transfer unit ls fault long cylinder up/down fault coming","Long cylinder down cnf not come ","reed switch original position not have ","reed switch mounting was loose","reed switch mounting was damage ","so reed switch change with new then ok ",".","Problem Category- Electrical,Breakdown Category- Part-Failure","No","Tarkeshwar Prasad","Completed"
"Apr","14-04-2024 T08:20","Injector","Housing-2","TERMINAL PRESS FIT & HEIGHT CHECK","HSG2-1010","A","BM","30","spool discharge up/down fault coming","Spool discharge not complete","Spool discharge flip unit pin got broken","Actual cause not clear but suspected cause may b spool stuck during flip & pin got broken due to tilted load coming","Pin not properly guide by its Block","Block wear out & may b its grinding during when ever pin change last time.","Planned activity,Change Pin & Block with spare new","Part compare with drawing & do correction as per requirement","Problem Category- Mechanical,Breakdown Category- Wear","No","Anil Kumar,Tarkeshwar Prasad,Arun","Completed"
"Apr","15-04-2024 T06:37","Fuel Pump","FP-Assy","PERFORMANCE INSPECTION","M-EN-FP-FPA-1-230-1,2","A","BM","18","Master (991 model) not check in performance m/c","991 model master not check in performance m/c","pallet not read  by ID reader sensor ","Pallet side ID issue because all other master running ok ","Actual cause not clear ,suspected cause may b pallet ID life over or internal issue ","NA","manully master id add & check master for mc run.","we request to PRD san for check/change 991 master pallet id with PED san.","Problem Category- Electrical,Breakdown Category- Part-Failure","No","Tarkeshwar Prasad","Completed"
"Apr","15-04-2024 T06:20","Injector","Housing-2","FUSING","HSG2-2020","A","BM","30","Camera -3 NG came at fusing mc","Camera -3 detect little terminal bend","Terminal came little bend from terminal PF mc","Spool unloading time may be r-side terminal little got bend ","Spool & unloading station pin alignment disturb","-","Spool unloading station pin properly align with spool","we study its drawing for take permanent countermeasure.","Problem Category- Mechanical,Breakdown Category- Human","No","Tarkeshwar Prasad,Arun","Completed"
"Apr","15-04-2024 T07:09","Fuel Pump","YG4 (HONDA)","Glue applying machine","M-EN-FP-SIF-4-050-1","A","BM","60","total Weight less than spec","Final part weight coming less as per spec","May b  mixing or nozzle side some restriction/blockage, because before this unit weight ok.","May b nozzle  not clean properly ","Actual cause not clear, problem under analysis.",".","Temporary resign weight adjust to run mc,Before mixing unit we check resign & hardener weight , found ok, finally we request to PRD san for checking mixer unit or nozzle side","Check each unit setting as per manual","Problem Category- Mechanical,Breakdown Category- Part-Failure","No","Tarkeshwar Prasad","Completed"
"Apr","15-04-2024 T07:10","Injector","UC # 3","BACK UP RING PRESS FIT","UC3-010","A","BM","50","Back up ring assy part lift fault","
Back up ring not pf in part","BUR pf cylinder not move ","Cylinder side air not came ","air operated solenoid not move ","its exhuast  air silencer chocked","Air operated solenoid Silencer change with new one",".","Problem Category- Pneumatic,Breakdown Category- Part-Failure","No","Keshav,Arun","Completed"
"Apr","15-04-2024 T09:00","Injector","Housing-4","FUSING PORTION AND TERMINAL BENDING M/C","HSG4-3010","A","BM","60","in auto condition mc was stop no alarm coming ","in auto condition mc was stop no alarm coming","part unloading time absodex vibrate","aligenment not ok ","in chuck unit part guide pin spring was damage ","spring got broken due to continue use.","mmd given to our side spring then assy done ","As per drawing we check spring not assy on pin,
Check with PED/MMD Design, found spring selection NG.
Now MMD temporary different spring assy to run mc & they given modified spring part no.","Problem Category- Mechanical,Breakdown Category- Design","No","Tinku,Tarkeshwar Prasad,Arun","Completed"
"Apr","15-04-2024 T11:00","Injector","UC # 3",""NEEDLE & CONNECTOR ASSY  CONNECTOR REVERSE CHECK"","UC3-060","A","BM","30","Needle supply RB-1 fault","Needle supply RB-1 fault","Needle supply robot not completed its cycle","Robot J3 axis motor  over load fault in teaching pendent",".",".","ROBOT J3 axis cleaning & Lubrication done ",".","Problem Category- Mechanical,Breakdown Category- Obsolete","No","Keshav","Completed"
"Apr","15-04-2024 T23:35","Fuel Pump","FP-Assy","MAGNET & SPRING ASSY","M-EN-FP-FPA-1-030-1","C","BM","40","Manet drop during press fit ","Manet not proper hold by magnet setting jig"," Manet  hold suction/vacuum was low"," vacuum got leak between magnet & jig srface","Jig surface wear out, due to life over","","Magnet jig replace with old because of new jig not available in spare ","Magnet jig change plan also mention in PM point.  ","Problem Category- Mechanical,Breakdown Category- Wear","Yes","Sandeep Kumar,Anil Kumar","Completed"
"Apr","15-04-2024 T23:50","Injector","UC#1","SUB ASSY WASHING","EIAS-081","C","BM","60","Nozzle  got bend due to table jig hit with it ","Washing nozzle bend ","Table jig hit with nozzle ","Nozzle did not move downward","Suspected Manual Table Move by PRD ",".","Washing nozzle removed and made machine home ,Washing Nozzle changed with new ,Nozzle Run Out set to 60 micron,table jig clamping shaft tightened  and checked for any abnormality , But found OK","Information given to PRD for safe handling of Table","Problem Category- Both,Breakdown Category- Communication","No","Gaurav,Akshay","Completed"
"Apr","17-04-2024 T07:57","Injector","Housing-2","MOLDING MACHINE","HSG2-4010","A","CM","10","part guide cylinder reed switch alignment ng","robot hang","Robot program on standstill","IO confirmation not coming","part guide finger cylinder reed switch not on","reed witch position ng","part guide cylinder reed switch alignment done","N/A","Problem Category- Electrical,Breakdown Category- Process","No","Tinku,Salman ","Completed"
"Apr","17-04-2024 T09:25","Injector","Housing-4","MOLDING MACHINE","HSG4-4010","A","CM","25","After continuity NG robot hang on die & Ejector pin fault coming","After continuity NG robot hang on die","ejector pin fault coming during auto cycle ","this fault coming after continuity ng coming","under investigation",".","After continuity NG robot hang on die & Ejector pin fault coming . so root case not clear. so plc program study on going with comparer line 2 & 3    ","Program to be modified with self study","Problem Category- Both,Breakdown Category- Process","No","Tinku,Salman ","Completed"
"Apr","18-04-2024 T06:35","Fuel Pump","FP-Armature","SHAFT POLISHING","M-EN-FP-ARM-1-150-1","A","BM","35","Machine auto start condition not coming","Machine not  show home position after process complete","Part loading jig out confirmation not coming","Cylinder outward confirmation sensor was not ON","Part holding outward stopper head got damage","Due to impact coming in each cycle","Stopper adjust as per requirement, run mc","We change stopper type ","Problem Category- Mechanical,Breakdown Category- Wear","No","Tinku,Arun","Completed"
"Apr","18-04-2024 T06:30","Fuel Pump","YG4 (HONDA)","Glue applying machine","M-EN-FP-SIF-4-050-1","A","BM","30","Total weight ng coming","Total weight ng coming","material not come properly as per required","nozzle unit side  path not clear","material stuck in path",".."," prd change the nozzle ..then check machine running ok","so prd change the nozzle ..then check machine running ok","Problem Category- Mechanical,Breakdown Category- Part-Failure","No","Tinku","Completed"
"Apr","18-04-2024 T12:01","Fuel Pump","SIFS # 4","Main tube press fitting","M-EN-FP-SIF-4-180-1","A","BM","40","clamping unit movement was hard","Zebra tube claiming not done ","clamping unit movement was hard","clamping unit handle position distrub","handle thread portion was damaged","due to movement was hard"," new handle made done and assy done then ok","so new handle made done and assy done then ok","Problem Category- Mechanical,Breakdown Category- Part-Failure","No","Tinku","Completed"
"Apr","18-04-2024 T12:00","Injector","Housing-2","TERMINAL PRESS FIT & HEIGHT CHECK","HSG2-1010","A","BM","80","spool flip unit gear guide plate mounting bolt broken","spool flip unit gear guide plate mounting bolt broken","during running time force apply happen","fliper unit rotate speed very high","cylinder movement very fast","cylinder speed controller was maximum open","so take out the fliper unit & remove the broken bolt,bolt assembled & properly adjustment done,cylinder speed adjusted","CM","Problem Category- Mechanical,Breakdown Category- Part-Failure","No","Tinku,Keshav","Completed"
"Apr","19-04-2024 T01:43","Injector","Housing-2","MOLDING MACHINE","HSG2-4010","C","BM","30","Part lift from b die R side","Part lift from b die R side",".",".",".",".","our side only observe no action ",".","Problem Category- Mechanical,Breakdown Category- Design","No","Sandeep Kumar,Tarkeshwar Prasad","Completed"
"Apr","19-04-2024 T05:29","Injector","Housing-1","HOUSING MOULDING","EIHS-091","C","BM","23","Discharge loader runner break chuck motion fault","Discharge loader runner break chuck motion fault","Cylinder motion not complete ","Friction in LM guide ","Less lubrication ","No effective lubrication last time ","lubrication done","Lubrication frequency to be checked and revised ","Problem Category- Mechanical,Breakdown Category- Part-Failure","No","Sandeep Kumar,Tarkeshwar Prasad","Completed"
"Apr","19-04-2024 T05:36","Injector","Housing-1","HOUSING MOULDING","EIHS-091","C","BM","15","continuity ng coming from AL & BR cavity","continuity ng coming from AL & BR cavity",".",".",".",".","our side only observe",".","Problem Category- Mechanical,Breakdown Category- Process","No","Tarkeshwar Prasad","Completed"
"Apr","19-04-2024 T09:16","Injector","Housing-1","HOUSING MOULDING","EIHS-091","A","BM","30","Runner break not happen","Runner break not happen","Runner break cylinder movement not good
","Chuck finger stuck during rotate time","Chuck cylinder signal loss","Read switch position disturb ","So beak cylinder alignment done and read switch adjusted done then ok..","So break cylinder alignment done and read switch adjusted done then ok..","Problem Category- Mechanical,Breakdown Category- Communication","No","Tinku","Completed"
"Apr","19-04-2024 T23:32","Injector","Housing-1","WIRE WINDING","EIHS-031","C","BM","110","Terminal caulking 4 operation error","caulking cylinder confirmation not coming   ","Cylinder stroke not complete","Solenoid output not coming ","Solenoid Spool stuck ","Possibly due to dust or moisture","so caulking 4 station cylinder and solenoid changed with new then ok ","Dryer to be install by Aug'24 ","Problem Category- Mechanical,Breakdown Category- Part-Failure","No","Sandeep Kumar,Tarkeshwar Prasad","Completed"
"Apr","20-04-2024 T10:00","Fuel Pump","SIFS # 4","Main tube press fitting","M-EN-FP-SIF-4-180-1","A","BM","75","Zebra tube clamping jaw properly movement","Zebra tube clamping jaw properly movement
","chuck not properly movement","sliding plate stuck during chuck open close time","bearing not properly movement","bearing was damage","bearing change with new","","Problem Category- Mechanical,Breakdown Category- Wear","No","Yogesh Kumar,Tinku","Completed"
"Apr","20-04-2024 T15:00","Fuel Pump","SIFS # 4","Main zebra tube press fitting to case stainer","M-EN-FP-SIF-4-165-1","B","BM","25","clamp roller mounting bolt open due to thread damage","Zebra tube not clamp","left side tube clamp not happen","clamp roller lose","mounting bolt open ","thread damage","clamp roller mounting bolt change with new after that ok","PM point","Problem Category- Mechanical,Breakdown Category- Wear","No","Salman ","Completed"
"Apr","22-04-2024 T08:49","Injector","Housing-2","HOLDER, PLATE & PIPE PRESS FIT M/C","HSG2-3020","A","CM","11","ROBOT PIPE DROP FOR TEMP. PLACE,ROBOT PIPE NOT CHUCK PROPERLY","ROBOT PIPE DROP FAULT COMING","PIPE DROP IN TEMP PLACE","ROBOT PIPE NOT CHUCK PROPERLY","PIPE PLATE POSTION ABNORMAL FOUND",".","PIPE PALLET CHANGE WTH NEW BY PRD ","N/A","Problem Category- Mechanical,Breakdown Category- Process","No","Salman ","Completed"
"Apr","22-04-2024 T09:19","Fuel Pump","SIFS # 3","Under water leak testing machine (YL7)","M-EN-FP-SIF-3-090-2","A","BM","61","Leakage from gasket area","Leakage from gasket area","GASKET WEAR AND TEAR","CLAMP POSITION NOT OK","ONE CLAMP LOSS FOUND ","CYLINDER NOT WORKING PROPERLY","GASKET CHANGE WITH NEW AND PART CLAMP ONE CYLINDER CHANGE WITH NEW ","N/A","Problem Category- Mechanical,Breakdown Category- Process","No","Salman ","Completed"
"Apr","22-04-2024 T12:15","Injector","Housing-2","MOLDING MACHINE","HSG2-4010","A","BM","15","robot stop at unloading home position,part lift up fault coming","robot stop at unloading home position","part lift up fault coming","A die r side part lift up ",".",".","part lift up sensor alignment check and sensor sensivity adjust after that ok","u/o","Problem Category- Electrical,Breakdown Category- Process","No","Salman ","Completed"
"Apr","22-04-2024 T12:50","Fuel Pump","FP-Assy","Cover end support press-fitting M/C","M-EN-FP-FPA-1-170-1","A","BM","20","Right side spring is not detecting.,sensor alignment ng","cover and support pressfit machine auto start not happen","Spring detecting process not ok before cover end support press fit","sensor alignment ng ",".",".","SPRING DEDECTION SENSOR ALIGNMENT DONE AFTER THAT OK","N/A","Problem Category- Electrical,Breakdown Category- Process","No","Salman ","Completed"
"Apr","22-04-2024 T13:26","Fuel Pump","Cover End Support","Heated Ball Assy. M/C","M-EN-FP-CES-1-040-1","A","BM","40","ALARM BUZZER ON AFTER MACHINE AUTO START ,PART CONFIRMATION BIT NOT ON ,TIMER 34 BIT NOT ON","BUZZER ALARM ON AFTER MACHINE AUTO START ","PART CONFIRMATION BIT NOT ON FOR PLC SIDE","PROGRAM SIDE NG","NOT CLEAR","NOT CLEAR","PLC SIDE PART CONFIRMATION BIT NOT ON SO PLC PROGRAM MODIFICATION DONE AFTER THAT OK","N/A","Problem Category- Electrical,Breakdown Category- Design","No","Salman ","Completed"
"Apr","22-04-2024 T15:10","Fuel Pump","SIFS # 3","Under water leak testing machine (YL7)","M-EN-FP-SIF-3-090-2","B","BM","30","gasket come out during process","gasket come out during process","gasket was tight with part","gasket was expand ","Due to long use & contact with water","Every cycle leak check time part deep in water ","gasket change with new then ok ",".","Problem Category- Mechanical,Breakdown Category- Part-Failure","No","Sandeep Kumar,Tarkeshwar Prasad","Completed"
"Apr","22-04-2024 T16:30","Injector","Housing-1","HOUSING MOULDING","EIHS-091","B","BM","10","Discharge loader runner break chuck motion fault","Discharge loader runner break chuck motion fault","Reed switch not on ","Cylinder motion not complete. ","cylinder seal wear out ","life over ","aligenment done","runner cylinder change ","Problem Category- Mechanical,Breakdown Category- Design","Yes","Tarkeshwar Prasad","Completed"
"Apr","22-04-2024 T15:40","Fuel Pump","SIFS # 4","Air Leak Test","M-EN-FP-SIF-4-190-1","B","BM","110","Air leak NG in YFG model","Air leak NG in YFG model","air leakage happening from the machine circuit during the process","Air leakage happening from the special coupler","Special Coupler internal seals found wear out",".Seals got wear out due to presence of foreign particles present in the air","Air Pipe from the leak tester to coupler changed with new. Existing pipe was  found twisted & bent from few locations.,Pipe fittings tightened properly after applying sealant (swagelok) on it.,Main air special coupler cleaned followed by changing its wear out seals with new. ( for example piston seal & other packings). After that okay",".Special Coupler stock in quantity has been revised  as per the current requirement","Problem Category- Mechanical,Breakdown Category- Part-Failure","No","Sandeep Kumar,Tarkeshwar Prasad","Completed"
"Apr","22-04-2024 T20:19","Injector","Housing-1","MUC FUSHING END BENDING","EIHS-071","B","BM","30","Terminal visible part found at visual station ","Terminal visible part found at visual station ","terminal left side ear come down ","ear bend stroke more then ",".",".","terminal ear bendig stroke decrse ",".","Problem Category- Mechanical,Breakdown Category- Wear","No","Tarkeshwar Prasad","Completed"
"Apr","22-04-2024 T20:22","Injector","Housing-2","MOLDING MACHINE","HSG2-4010","B","BM","0","Part lift from AR & BR cavity","Part lift from AR & BR cavity",".",".",".",".","Checked part condition & found part is not lift-up but still part lift-up fault come ,Fault reset","finger model change same will do  ","Problem Category- Mechanical,Breakdown Category- Design","No","Tarkeshwar Prasad","Completed"
"Apr","23-04-2024 T08:55","Fuel Pump","SIFS # 3","Under water leak testing machine (YL7)","M-EN-FP-SIF-3-090-2","A","BM","75","PART CHECK TIME LEKAGE HAPPEN","PART CHECK TIME LEKAGE HAPPEN","ONE PART CLAMP POSITION NG","PART CLAMP CYLINDER MOTION ABNORMAL","CYLINDER WEAR AND TEAR",".","SO CHECK AND FOUND ONE CYLINDER MOTION NG AND OTHER ONE CYLINDER SIDE LEAKAGE HAPPEN SO BOTH CYLINDER CHANGE WITH NEW AFTER THAT OK","PM CHECK POINT","Problem Category- Pneumatic,Breakdown Category- Wear","No","Salman ,Tarkeshwar Prasad","Completed"
"Apr","23-04-2024 T13:02","Injector","Housing-2","MOLDING MACHINE","HSG2-4010","A","BM","20","Part lift from a die R side","ROBOT STOP AT UNLOADING HOME POSITION","PART LIFT UP FAULT COMING","Part lift from a die R side","PART LIFT UP FOUND",".","ROBOT HOME DONE AND FAULT RESET . AFTER THAT OK","U/O","Problem Category- Electrical,Breakdown Category- Process","No","Salman ","Completed"
"Apr","23-04-2024 T03:50","Fuel Pump","SIFS # 6","Return Tube Assembly Machine","M-EN-FP-SIF-6-020-1","C","BM","30","Flange side base jig dowel pin loose due to broken inside","Flange side base jig dowel pin loose ","due to broken inside","Sudden Force Impact",".",".","dowel pin change with new then ok ",".","Problem Category- Mechanical,Breakdown Category- Design","No","Tarkeshwar Prasad","Completed"
"Apr","23-04-2024 T14:35","Fuel Pump","FP-Armature","FUSING  # 02","M-EN-FP-ARM-1-110-2","B","BM","75","Voltage NG is coming continuously","Voltage NG is coming continuously",".",".",".",".","1 collet cleaning done, 2. collet block mounting was loose so tight done, 3. collet change with old no impact then again revert back , 4. prd side main electrod and sub electrod change with new then ok ",".","Problem Category- Mechanical,Breakdown Category- Process","No","Sandeep Kumar,Tarkeshwar Prasad","Completed"
"Apr","23-04-2024 T15:16","Fuel Pump","Bearing Holder","CHOKE COIL WINDING M/C-3","M-EN-FP-BRH-1-070-3","B","CM","110","Dowel pin bolt damage","Dowel pin bolt damage"," r-side coil pick-up pin mounting blot broken","not clear",".",".","1. R-side check dowl in/out cylinder changed with new. ,R-side both pin and both shaft changed with new. ,R-side all mechanical unit alignment  done. ,R-side core press fit station robot position check and teaching done. ",".","Problem Category- Mechanical,Breakdown Category- Wear","No","Sandeep Kumar,Tinku","Completed"
"Apr","23-04-2024 T22:06","Injector","Housing-1","VISUAL INSPECTION","EIHS-051","B","BM","60","camera 1 ng coming","camera 1 ng coming","wire length long ","cutter gap more ","movable cutter mounting shift ",".","so 4th st cutter gap adjust and crimping adjust then ok ",".","Problem Category- Mechanical,Breakdown Category- Wear","No","Sandeep Kumar,Tarkeshwar Prasad","Completed"
"Apr","23-04-2024 T21:10","Injector","Housing-3","LASER MARKING MACHINE","HSG3-4020","B","BM","30","Resistance NG coming ","Resistance NG coming ","resistance check value coming in higher side ","strip not contact in terminal ","all strip was wear out ","continue running ","All probe strip changed with new, and unit alignment done. ",".","Problem Category- Both,Breakdown Category- Wear","No","Sandeep Kumar,Keshav,Bikash Pradhan","Completed"
"Apr","24-04-2024 T02:20","Injector","UC # 3",""NEEDLE & CONNECTOR ASSY  CONNECTOR REVERSE CHECK"","UC3-060","C","CM","40","C.T. was high","Reverce check st. procees was slow","Its upward motion slow","Up/down cylinder issue","Cylinder seal damage","Cylinder life over","So its cylinder changed with new ",".","Problem Category- Mechanical,Breakdown Category- Wear","No","Parveen Kumar,Sumit Kumar","Completed"
"Apr","24-04-2024 T20:44","Fuel Pump","FP-Assy","MAGNET & SPRING ASSY","M-EN-FP-FPA-1-030-1","B","BM","30","71 no. fault coming","71 no. fault coming","spring & magnet damaged during p/f time","housing position little bit disturb","press fit unit little alignment disturb as per housing position","","so preesfit unit & housing holding unit alignment done then m/c run & u/o","so press fit unit & housing holding unit alignment done then m/c run & u/o","Problem Category- Mechanical,Breakdown Category- Part-Failure","No","Tinku","Completed"
"Apr","24-04-2024 T21:29","Injector","Housing-3","LASER MARKING MACHINE","HSG3-4020","B","BM","30","resistance ng coming","resistance ng coming","resistance check value coming in higher side ","strip proper not set the terminal ","all strip was wear out ","continuous running","terminal strip changed and unit alignement done.",".","Problem Category- Both,Breakdown Category- Wear","No","Sandeep Kumar,Keshav,Bikash Pradhan","Completed"
"Apr","24-04-2024 T23:23","Fuel Pump","FP-Assy","MAGNET & SPRING ASSY","M-EN-FP-FPA-1-030-1","C","BM","30","83 no fault coming ","83 no fault coming ","magnet & spring damage during press fit time","magnet jig properly not insert in housing","magnet position distrub happen during p/f time","alignment little disturb","so alignment done the pressfit unit then machine run ok u/o","so alignment done the pressfit unit then machine run ok u/o","Problem Category- Mechanical,Breakdown Category- Part-Failure","No","Tinku","Completed"
"Apr","25-04-2024 T01:49","Injector","Housing-2","TERMINAL PRESS FIT & HEIGHT CHECK","HSG2-1010","C","BM","30","unload pallet part memory fault COMING","unload pallet part memory fault COMING","SOME TIME UNLOADING CONFIRMATION SENSOR MALFUNTION HAPPEN","SENSOR BEAM WAS VERY HIGH","SENSIVITY SET VALUE WAS HIGH","..","SENSOR CLEANING DONE AND SENSIVITY ADJUSTED DONE & machine memory reset done then okSO ","SENSOR CLEANING DONE AND SENSIVITY ADJUSTED DONE & machine memory reset done then ok ","Problem Category- Electrical,Breakdown Category- Process","No","Tinku","Completed"
"Apr","25-04-2024 T05:00","Injector","Housing-3","LASER MARKING MACHINE","HSG3-4020","C","BM","20","RESISTANCE  NG COMING","PART NG COMING","RESISTANCE  NG COMING","PROBE SIDE CARBON AVAILABLE","DUST DUE TO CONTINUE USE",".","SO PROBE CLEANING DONE WITH CRC THEN OK","SO PROBE CLEANING DONE WITH CRC THEN OK","Problem Category- Electrical,Breakdown Category- Part-Failure","No","Tinku","Completed"
"Apr","25-04-2024 T01:00","Injector","Housing-1","VISUAL INSPECTION","EIHS-051","C","BM","20","camera 1 ng coming","part ng coming","camera 1 ng coming","long wire coming from station no.4","unit no. 4 cutting not good ","dust accumulate in cutter unit
","so that time we busy in another breakdown ..so PRD  cleaning the cutter unit then machine run ok","so that time we busy in another breakdown ..so PRD  cleaning the cutter unit then machine run ok","Problem Category- Mechanical,Breakdown Category- Part-Failure","No","Tinku","Completed"
"Apr","25-04-2024 T08:19","Injector","Housing-1","WIRE WINDING","EIHS-031","A","BM","11","camera ng coming","camera 1 ng coming ","finish side extra wire coming","wire cutting position ng ","cutter gap ng ",".","MOVEBLE CUTTER GAP ADJUST DONE","N/A","Problem Category- Mechanical,Breakdown Category- Process","No","Yogesh Kumar","Completed"
"Apr","25-04-2024 T08:34","Fuel Pump","FP-Assy","MAGNET & SPRING ASSY","M-EN-FP-FPA-1-030-1","A","BM","26","Cylinder is not coming forward","magnet ASSY time 71 no fault ","spring not press fit","magnet position disturbed","magnet resting jig alignment ng",".","MAGNET ASSY JIG ALIGNMENT DONE AFTER THAT OK","plan for new jig change ","Problem Category- Mechanical,Breakdown Category- Process","No","Yogesh Kumar,Salman ","Completed"
"Apr","25-04-2024 T15:24","Injector","Housing-3","LASER MARKING MACHINE","HSG3-4020","B","BM","30","Top dent found at visual station","Top dent found at visual station","part top touch in uneven area ","in finger dent mark coming ",".",".","unloading side left finger polishing done ",".","Problem Category- Mechanical,Breakdown Category- Part-Failure","No","Tarkeshwar Prasad","Completed"
"Apr","25-04-2024 T23:13","Fuel Pump","Bearing Holder","BRUSH TERMINALS ( L & R ) PRESS FIT","M-EN-FP-BRH-1-030-1","C","BM","17","master getting off during running condition","master getting off during running condition","machine home position signal cut happen during running time","change over jig stay PH sensor signal not come","change over jig not properly set in jig","..","so properly set the jig then check confirmation coming ok..machine run ok","so properly set the jig then check confirmation coming ok..machine run ok","Problem Category- Mechanical,Breakdown Category- Design","No","Tinku","Completed"
"Apr","25-04-2024 T08:28","Injector","Housing-1","WIRE WINDING","EIHS-031","A","BM","102","camera 1 ng coming","camera one ng coming","finish side  wire length long coming ","cutter gap high ","finish side moveable cutter mounting arm broken","suspected cutter arm hit ","cutter arm change with new after that ok","pm check point to be add","Problem Category- Mechanical,Breakdown Category- Process","No","Yogesh Kumar,Salman ","Completed"
"Apr","26-04-2024 T18:24","Injector","Housing-4","MOLDING MACHINE","HSG4-4010","B","BM","60","in nozzle material  leak happened ","in nozzle material  leak happened ","shutoff nozzel not move ","nozzel was choked ","material was stuck ",".","1. material remove done.,2. thermocouple wire broken so change with new ","Request to PRD to do purging whenever machine stops for longer duration.","Problem Category- Electrical,Breakdown Category- Wear","No","Tarkeshwar Prasad","Completed"
"Apr","27-04-2024 T00:20","Injector","Housing-2","MOLDING MACHINE","HSG2-4010","C","BM","60","pipe tip portion dent coming","part ng coming","pipe tip portion dent coming","during unloading time","finger generate the dent during gripping time","finger tip portion bar available","so all finger polishing done then machine run ok and u/o.","so all finger polishing done then machine run ok and u/o.","Problem Category- Mechanical,Breakdown Category- Part-Failure","No","Tinku","Completed"
"Apr","27-04-2024 T03:45","Fuel Pump","FP-Assy","RADIAL CLEARANCE  INSPECTION","M-EN-FP-FPA-1-100-1","C","BM","20","part confirmation sensor not working ","part confirmation sensor not working ","sensor alignment distrub","sensor stay mounting was loose","one mounting bolt missing ","bolt come out from mounting","so sensor alignment done and properly mounting done then ok","so sensor alignment done and properly mounting done then ok","Problem Category- Mechanical,Breakdown Category- Part-Failure","No","Tinku","Completed"
"Apr","27-04-2024 T10:50","Injector","Housing-4","LASER MARKING MACHINE","HSG4-4020","A","BM","20","Resistance NG coming ","Resistance NG coming","resistance value higher side coming ","probe contact not properly  ",".",".","resistance probe cleaning done","u/o","Problem Category- Electrical,Breakdown Category- Process","No","Yogesh Kumar","Completed"
"Apr","29-04-2024 T06:15","Fuel Pump","FP-Assy","PERFORMANCE INSPECTION","M-EN-FP-FPA-1-230-1,2","A","BM","60","CT Time over fault in 2nd station ","CT Time over fault in 2nd station  ","2nd station side part not check ","procees cycle not start","electrice propbe wire was broken ","wire was hard","2nd station wire again thimbling done. And all wire proper dressing  done. ",".","Problem Category- Electrical,Breakdown Category- Wear","No","Sandeep Kumar","Completed"
"Apr","29-04-2024 T06:10","Fuel Pump","SIFS # 6","Electric Inspection Machine","M-EN-FP-SIF-6-140-1","A","BM","110","Master NG come of 6v","Master NG come of 6v","current not come ","6 volt and 12 volt not check ","adcmt unit not working properly","","Mc power off/on but same,Adcmt unit change with new but same ,PLC backup taken  and send again ,adcmt unit revert back , then error code rset ,connector wire change ,Master side soldering carried out (As per PED) , After that OK",".","Problem Category- Electrical,Breakdown Category- Communication","No","Sandeep Kumar,Tarkeshwar Prasad","Completed"
"Apr","29-04-2024 T09:30","Fuel Pump","FP-Assy","RADIAL CLEARANCE  INSPECTION","M-EN-FP-FPA-1-100-1","A","BM","30","part confirmation sensor not working","part confirmation sensor not working","sensor was continously on","sensor aligement distrubed ","Jig side grub screw found loose",".","sensor aligement done.","..","Problem Category- Mechanical,Breakdown Category- Communication","No","Sandeep Kumar","Completed"
"Apr","29-04-2024 T11:30","Fuel Pump","FP-Assy","MAGNET & SPRING ASSY","M-EN-FP-FPA-1-030-1","A","BM","30","83 no fault & Magnet spring is getting damage while press fit into housing.","83 no fault & Magnet spring is getting damage while press fit into housing.","magnet stuck in housing body ","aligenment not ok ",".",".","saligenment done ",".","Problem Category- Mechanical,Breakdown Category- Wear","No","Tarkeshwar Prasad","Completed"
"Apr","29-04-2024 T13:00","Fuel Pump","SIFS # 4","Rod pressfitting.","M-EN-FP-SIF-4-140-1","A","BM","30","5 no fault not reset ","5 no fault not reset","fault reset push button  input not come ","pushbutton wire come out ","pushbutton was loose happen ",".","found push button wire  come out , so wire rethimbling done ",".","Problem Category- Electrical,Breakdown Category- Wear","No","Tarkeshwar Prasad","Completed"
"Apr","29-04-2024 T13:16","Injector","Housing-1","HOUSING MOULDING","EIHS-091","A","CM","119","step dimension check unit prob motion fault coming,Probes downward confirmation not coming,Step dimension value out of spec","Probe not coming down","Escape cylinder forward confirmation not coming","Fingers hitting the pallet","Fingers not on proper position","Escape unit position disturb","Checked the escape cylinder finger of Step dimension unit & found it was hitting with pallet.,Escape unit alignment as per requirement.,Checked the step dim unit probe's downward motion & found it was hitting top of pipe so  its alignment done.,Now the probe downward confirmation was not coming so disassembled the step dim unit & checked the reed switch condition & found it was damage so changed with new.,Step dim unit master checked & found value out of spec.,Checked probes & found they were not touching the terminals so disassembled the step dim unit & alignment done.","Marking provided on escape unit & step dimension unit for future alignment.","Problem Category- Mechanical,Breakdown Category- Process","No","MUKESH KUMAR,Sandeep Kumar,Tinku,Salman ","Completed"
"Apr","29-04-2024 T15:58","Fuel Pump","FP-Assy","MAGNET & SPRING ASSY","M-EN-FP-FPA-1-030-1","B","BM","100","spring bend during p/f","83 no fault & Magnet spring is getting damage while press fit into housing","Cylinder stop during press fitting","magnet stuck in housing","magnet not set on jig & magnet guide jig alignment ng","vacuum pressure high ","all jig unit alignment done & magnet vacuum pressure reduce after that machine run ok","u/o ","Problem Category- Mechanical,Breakdown Category- Process","No","Tinku,Salman ","Completed"
"Apr","29-04-2024 T21:51","Fuel Pump","FP-Armature","SHAFT PRESS FIT","M-EN-FP-ARM-1-010-1","B","BM","19","SHAFT ROTAT COMING ","Shaft rotate defects coming ","SHAFT CLAMPING JAW ALIGNMENT NG",".",".","","shaft clamping jaw alignment done","U/O","Problem Category- Mechanical,Breakdown Category- Process","No","Tinku,Salman ","Completed"
"Apr","29-04-2024 T23:47","Fuel Pump","FP-Armature","SHAFT PRESS FIT","M-EN-FP-ARM-1-010-1","C","BM","43","Shaft rotate coming some time ","Shaft rotate coming ","shaft not proper clamper finger","clamper force less as per reqrment","na","na","so as per requrment clamper force adjust then ok","na","Problem Category- Mechanical,Breakdown Category- Process","No","Yogesh Kumar,Arun","Completed"
"Apr","29-04-2024 T23:05","Fuel Pump","FP-Assy","RADIAL CLEARANCE  INSPECTION","M-EN-FP-FPA-1-100-1","C","BM","19","OK lamp goes off, with delay","Part confirmation sensor was not cut on time","Sensor range not pass through part jig hole","Jig position shift, found","Part jig locking grub screw not proper lock","Due to continue use ,may be ball little wear out, so grub screw adjust. after that ok.","Grub screw position adjust.","NA","Problem Category- Mechanical,Breakdown Category- Wear","No","Yogesh Kumar,Arun","Completed"
"Apr","30-04-2024 T06:56","Fuel Pump","FP-Assy","MAGNET & SPRING ASSY","M-EN-FP-FPA-1-030-1","A","BM","30","83 no fault & Magnet spring is getting damage while press fit into housing.","83 no fault & Magnet spring is getting damage while press fit into housing","magnet stuck in housing ","aligenment not ok ",".",".","aligenment done ",".","Problem Category- Mechanical,Breakdown Category- Wear","No","Tarkeshwar Prasad","Completed"
"Apr","30-04-2024 T11:50","Injector","Housing-4","FUSING MACHINE","HSG4-2020","A","CM","55","Proper fusing not happen ","As per plan activity ","-","-","-","-","Both station gap check between electrode to electrode ,Both station gap check with part ,In 2nd station front electrode gap adjusted 0.15mm ","-","Problem Category- Both,Breakdown Category- Process","No","MUKESH KUMAR,Anil Kumar,Tarkeshwar Prasad","Completed"
"Apr","30-04-2024 T15:35","Fuel Pump","FP-Armature","SHAFT PRESS FIT","M-EN-FP-ARM-1-010-1","B","BM","30","shaft rotate coming","shaft rotate coming","shaft position distrub during press fit time","shaft position not good as per punch position","upper punch little bit wear out & also little bit clamper unit alignment distrub","..","clamper unit alignment done and upper punch change with new then ok","clamper unit alignment done and upper punch change with new then ok","Problem Category- Mechanical,Breakdown Category- Part-Failure","No","Tinku","Completed"
"Apr","30-04-2024 T21:39","Fuel Pump","Sender Gauge","Resistance Check","M-EN-FP-SIFS-1-090-1","B","BM","81","sender gauge l.w not holding in jig due to connector pin was broken found .","sender gauge l.w not holding in jig","connector pin was broken found","may be wear and tear",".",".","Connector change with new one , after that OK","add pm point ","Problem Category- Electrical,Breakdown Category- Wear","No","Tinku,Salman ","Completed"
"May","01-05-2024 T06:40","Injector","Housing-3","LASER MARKING MACHINE","HSG3-4020","A","CM","22","Unchuck motion fault was coming some time ","After unchuck fault come","Part confirmation sensor 4.08 some time off","After part unchuck and unit up so part tield ","Unloading side part collecting jig sitting position Ng","Collecting jig wear out ","Replace jig with new ","Also add in PM check sheet ","Problem Category- Both,Breakdown Category- Wear","No","Anil Kumar,Tarkeshwar Prasad","Completed"
"May","01-05-2024 T08:44","Fuel Pump","FP-Assy","MAGNET & SPRING ASSY","M-EN-FP-FPA-1-030-1","A","BM","30","83 no fault & Magnet spring is getting damage while press fit into housing.","Magnet spring  getting damage during press fit in part ","Magnet stuck down side in housing during pf ","Magnet holding jig alignment not possible","Jig was new, (Suspected any dimension issue)","","alignment  done then ok ","Check NG magnet jig  dimension as per drawing & modified its with MMD support if possible.","Problem Category- Mechanical,Breakdown Category- Wear","No","Anil Kumar,Tarkeshwar Prasad","Completed"
"May","01-05-2024 T11:05","Injector","Housing-3","LASER MARKING MACHINE","HSG3-4020","A","BM","20","Some time part rotate in unloading side  on collecting jig ","Part rotate when unchuck unit goes up ","Part guide and part alingment Ng","Collecting jig replace in morning time ","-","-","Unloding side jig slider stopper position adjusted according to requirement  of backward ","","Problem Category- Mechanical,Breakdown Category- Human","No","Anil Kumar,Tarkeshwar Prasad","Completed"
"May","01-05-2024 T13:49","Fuel Pump","FP-Armature","CORE CHAMFERING","M-EN-FP-ARM-1-020-1","A","CM","56","As per PRD plan punch change activity ","As per plan activity ","-","-","-","-","Both side upper and lower crimping and chamfring punch replace with new but some quality parametr was NG so all punch revert back","-","Problem Category- Mechanical,Breakdown Category- Wear","Yes","Anil Kumar,Tarkeshwar Prasad","Completed"
"May","01-05-2024 T20:18","Fuel Pump","FP-Assy","PERFORMANCE INSPECTION","M-EN-FP-FPA-1-230-1,2","B","BM","30","residual pressure ng coming","part ng coming","residual pressure ng coming","one station thimble was broken","wire getting hard during movement time","..","cut the damage portion & re thimble done then check machine run ok","so cut the damage portion & re thimble done then check machine run ok","Problem Category- Electrical,Breakdown Category- Wear","No","Tinku","Completed"
"May","01-05-2024 T22:11","Injector","Housing-4","HOLDER, PLATE & PIPE PRESS FIT MACHINE","HSG4-3020","B","BM","20","holder shift plate side holder stuck","holder assy fault coming","holder assy not load to holder ","holder tilt chuck found ","holder shift plate  side holder condition ng","plate side dent coming","holder shift plate side dent polishing done after that ok","pm point to be added ","Problem Category- Mechanical,Breakdown Category- Process","No","Tinku,Salman ","Completed"
"May","01-05-2024 T15:30","Injector","UC # 2",""Dynamic Flow Adjustment &  Inspection"","EICI-132","B","BM","40","Micro computer fault coming","Micro computer fault coming","Power supply error came in micro computer ","Contact ng coming in micro computer","probe contact not happened with part ","probe was damage due to weartear","Both probe change with new one ","Predictive maintenance to be done in FY'24","Problem Category- Electrical,Breakdown Category- Wear","No","Keshav,Sumit Kumar","Completed"
"May","02-05-2024 T08:06","Fuel Pump","YG4 (HONDA)","Glue applying machine","M-EN-FP-SIF-4-050-1","A","CM","99","Ratio and glue profile in part is ok but total weight NG (lower side )","Total weight is lower side of glue ","Root Cause Under Analysis","-","-","-","Two time nozzel change by PRD but same ,Nozzel mounting housing cleaning done ,Finally adjusted Hardner weight 1.5mg ","-","Problem Category- Both,Breakdown Category- Design","No","Anil Kumar,Tarkeshwar Prasad","Completed"
"May","02-05-2024 T12:55","Injector","Housing-1","MUC FUSHING END BENDING","EIHS-071","A","BM","35","Ear was visible after molding ","Ear is visible after molding ","Left side ear proper bend not happen","Both punch between more gap ","Root cause not clear but suspected cause was punch guide pin wear out ","-","Ear bending cylinder strock adjusted after that ok","Need to change punch guide pin ","Problem Category- Mechanical,Breakdown Category- Wear","Yes","Anil Kumar,Tarkeshwar Prasad","Completed"
"May","02-05-2024 T13:23","Injector","UC # 2","Connector Press Fitting","EIAS-200","A","BM","30","Micro comp. fault was coming","Load ng was coming","Load high coming","Servo home position distrub","Root cause not clear under analysis",".","19mm check and adjust","Already controlled in PM check sheet ","Problem Category- Both,Breakdown Category- Communication","No","SAHIL SAINI,Parveen Kumar,Bikash Pradhan","Completed"
"May","02-05-2024 T14:30","Fuel Pump","YG4 (HONDA)","Glue applying machine","M-EN-FP-SIF-4-050-1","B","BM","30","ratio ng coming","ratio ng coming","hardner  sight weight high coming","stroke was higher side available","some time need to adjust for ratio & total weight as required","..","so adjusted the hardner stroke also prd clean the nozzle unit then check ratio coming ok and machine run ok","so adjusted the hardner stroke also prd clean the nozzle unit then check ratio coming ok and machine run ok","Problem Category- Mechanical,Breakdown Category- Part-Failure","No","Tinku","Completed"
"May","02-05-2024 T20:00","Injector","UC # 3","SPRING AND  ADJ.PIPE ASSY ","UC3-080","B","BM","35","Loading chuck count fault was coming.","Loading chuck count fault coming.","adjust pipe not detected at part presence check ST.","oil in adjust pipe feeding area create misjudgment ","oil coming from Child part ","Ultrasonic washing machine drying not working properly ","air blow done at escape also air blow apply on all jigs.,Open the escape unit cleaning done with IPA. After that clean the feeding path after that OK.","Ultrasonic machine drying filters has been changed ","Problem Category- Mechanical,Breakdown Category- Process","No","Kartikey,Keshav","Under PRD TL Approval"
"May","02-05-2024 T00:42","Fuel Pump","FP-Armature","POWDER COATING","M-EN-FP-ARM-1-050-1","C","BM","15","jig out B side AD-RE motion cylinder fault came","Jig out B-side AD-RE motion not complete","Jig out B-side AD unit dis-connect from cylinder","Cylinder attached plate mounting bolt got broken","Due to continue impact coming in each cycle","Suspected Cylinder speed was very fast","Broken bolt take out & new bolt assembled","Cylinder speed reduced one turn.","Problem Category- Mechanical,Breakdown Category- Process","No","Yogesh Kumar,Arun","Completed"
"May","03-05-2024 T08:33","Injector","Housing-2","MOLDING MACHINE","HSG2-4010","A","BM","60","NH hearter temprature is showing lower /higher ,Master On not happen ","Nh heater temprature side flactuation ","Nh thermocouple was broken  ","Tool hit with NH while material removal ","cleaning frequency not defined ","cleaning frequency to be added in daily check sheet ","Machine power off/on done ,Machine take home and robot side integer zero reset done ,Replace thermocouple with new ","cleaning frequency to be added in daily check sheet ","Problem Category- Electrical,Breakdown Category- Wear","No","Anil Kumar,Tarkeshwar Prasad","Completed"
"May","03-05-2024 T04:38","Injector","Housing-3","WIRE WINDING","HSG3-2010","C","BM","30","camera 1 ng coming","camera 1 ng coming","only 4th & 8th station part remaining wire length ng coming","cutter unit not proper cutting ","cutter gap with part was less around the 30 microns","under analysis","4th station cutter unit gap increased up to 100-micron","we will check again this gap during PM also.","Problem Category- Mechanical,Breakdown Category- Process","No","Yogesh Kumar","Completed"
"May","04-05-2024 T10:30","Fuel Pump","FP-Assy"," BEARING HOLDER PRESS FITTING","M-EN-FP-FPA-1-020-1","A","PM","70","Some time spring damage  during auto cycle ","Between process magnet touch on left side housing ","Magnet p/f unit alignment Ng","Magnet set position wear out ","Part life over ","","Magnet and spring unit alignment done many time but problem is same so magnet jig replace with old ,After replacement jig again spring jig alignment done ","-","Problem Category- Mechanical,Breakdown Category- Wear","No","Anil Kumar,Tarkeshwar Prasad","Completed"
"May","04-05-2024 T11:55","Injector","Housing-4","MOLDING MACHINE","HSG4-4010","A","BM","10","In both die continuity NG coming on both die ","continuity SIGNAL NOT COMING","TERMINAL NOT INSERT IN SLIDE CORE","TERMINAL BEND DURING FORWERD SLIDE CORE MOTION","ROBOT PART NOT PROPER LOAD IN DIE","ROBOT PART NOT PROPER CHUCK IN LOADING UNIT
","Robot teaching done P22 position take robot down 0.4 mm ","Finger condition checked & found Ok. ","Problem Category- Electrical,Breakdown Category- Process","No","Anil Kumar,Tarkeshwar Prasad","Completed"
"May","05-05-2024 T10:08","Injector","Housing-1","HOUSING MOULDING","EIHS-091","A","BM","87","Robot hang unloading position both die ","IO Signal blink during turn/return","Not clear",".",".",".","Robot cylinder turn and return speed adjusted ","CM","Problem Category- Both,Breakdown Category- Design","No","Anil Kumar,Tarkeshwar Prasad","Completed"
"May","05-05-2024 T07:20","Injector","Housing-2","MOLDING MACHINE","HSG2-4010","A","CM","60","Hopper temprature inrease ","Hopper temrature was increases","Water line circulation not happen","In side water not come ","In sol valve path block ","Foreign material accumulated  ","All water line flushing done but same so sol valve cleaning done ","Already add water flow sensor for blockage check","Problem Category- Both,Breakdown Category- Design","No","Anil Kumar,Tarkeshwar Prasad","Completed"
"May","05-05-2024 T09:40","Injector","Housing-1","HOUSING MOULDING","EIHS-091","A","BM","20","Top dent coming in both die ","Root cause not clear ","-","-","-","-","Jig change over again after that ok","-","Problem Category- Both,Breakdown Category- Process","No","Anil Kumar,Tarkeshwar Prasad","Completed"
"May","04-05-2024 T19:30","Injector","UC # 3","NOZZLE BODY PRESS FITTING","UC3-020","B","CM","60","Angle NG and  Notch NG coming","Angle NG and Notch NG coming","Pressiting Time Nozzle body rotates ","Nozzle not properly suck by PF unit ","Position is not as per requirement ","Suspected Servo side backlash of 50um ","Up-down unit value adjusted from 32.7 to 32.4 (J231)","NA","Problem Category- Mechanical,Breakdown Category- Wear","No","Kartikey,Keshav","Completed"
"May","06-05-2024 T07:59","Injector","UC # 3","FILTER ASSEMBLY","UC3-140","A","BM","50","Filter PF cycle time over fault coming ","Filter PF cycle not complete","Pallate lift confirmation not coming ","pallet lift confirmation sensor not on","Cylinder mounting got loose","Due to high vibration in unit motion ","Cylinder mounting tightened,Cylinder height adjusted after that OK","Vibration cant eliminate so cylinder speed monitoring predictive will be done ","Problem Category- Mechanical,Breakdown Category- Process","No","Kartikey,Keshav","Completed"
"May","04-05-2024 T22:30","Injector","UC # 3","OIL CUTTING ","UC3-150","B","BM","25","ST-3 oil drain fault was coming.","ST-3 oil drain fault was coming.","Suction flow not achieve.","No value coming in flow sensor.","Flow sensor line chocke.","St-3 filter found in Dirty condition.","Flow sensor found in dirty condition so cleaning done.,ST-3 line filter changed with new after that OK.","Filter check and change frequency to be optimized ","Problem Category- Pneumatic,Breakdown Category- Process","No","Kartikey","Completed"
"May","06-05-2024 T12:04","Fuel Pump","FP-Armature","FUSING # 1","M-EN-FP-ARM-1-110-1","A","BM","60","Displacement NG at Nail-1","Displacement NG at Nail-1","nail postion was shifted
","procees time part was rotate ","u/o",".","collet cleaning done,frist nail teaching done,both electrode changed ,collet chuck cylinder stroke adjusted ,Pre bending unit only ( 1no. nail) bending height stopper adjusted ",".","Problem Category- Mechanical,Breakdown Category- Process","No","Sandeep Kumar","Completed"
"May","06-05-2024 T06:20","Injector","Housing-1","HOUSING MOULDING","EIHS-091","A","CM","100","continuity ng coming for AL & BL SIDE,die side terminal position ng found","Continuity signal not coming from AL & BL side","Terminals didn't insert in slide core","Part loaded above slide core slots","Robot loading position found NG","Detum change after model change over ","Checked & found terminals are not getting inside the slide core.,Z-Axis & X-Axis robot teaching done as per requirement.,Slide core motion found hard so found terminals not properly hold in fingers therefore fingers adjustment done.","Robot - Balancing Cylinder motion was found little jerky so pressure reduced from 2.4 MPa to 2 MPa.","Problem Category- Mechanical,Breakdown Category- Process","No","Sandeep Kumar,Salman ","Completed"
"May","06-05-2024 T13:46","Fuel Pump","Bearing Holder","PLATE TERMINAL PRESS FITTING","M-EN-FP-BRH-1-060-1","A","BM","30","press fit fault was coming","press fit fault was coming","press fit not confriom ","press fit confriom touch sensor was maulfuction","touch sensor postion was distrubed ","touch sensor tightening nut was loose because cylinder touches the sensor in each cycle","L-side touch sensor postion was adjusted and proper tight done.",".","Problem Category- Both,Breakdown Category- Communication","No","Sandeep Kumar","Completed"
"May","07-05-2024 T05:13","Injector","Housing-2","LASER MARKING MACHINE","HSG2-4020","C","BM","11","Step dimension ng coming continually","Sensor malfunction","Value hold in amplifier","Communication failure","Under Investigation ","-","Checked & found step dimension value not coming in amplififer,As per previous breakdown history, Power on/off done after that Ok..","CM","Problem Category- Electrical,Breakdown Category- Communication","No","Anil Kumar","Completed"
"May","07-05-2024 T05:18","Injector","Housing-2","LASER MARKING MACHINE","HSG2-4020","C","BM","35","Step dimension ng coming continually","Sensor malfunction","Value hold in amplifier","Communication failure","possibly system hang ",".","wiring check found ok,alignment  check found ok ,amplifier  check wiring found ok ,master check found ng ,power off on done then ok ","NA","Problem Category- Electrical,Breakdown Category- Communication","No","Anil Kumar,Tarkeshwar Prasad","Completed"
"May","06-05-2024 T06:15","Injector","UC#1","Seat Oil Leakage Inspection","EICI-052","A","BM","30","Master check NG coming","Seal check Coming NG","Air Available in Oil Circuit","high seat leak product run in machine ","Global Design concern ","","flange and oil tub cleaned ,flange o ring changed and head gasket changed ,Air released ","NA","Problem Category- Mechanical,Breakdown Category- Process","No","Kartikey,Keshav","Completed"
"May","06-05-2024 T08:00","Injector","Housing-1","HOUSING MOULDING","EIHS-091","A","CM","110","robot hang for unloading at die","Robot hang on die during unloading process","Part guide finger touch on slide core","Robot turn stroke not complete","Pneumatic pipe pushing robot jig","Dressing was improper.","Observed robot turn was incomplete,Checked pneumartic pipe was pushing robot outwards,Pneumatic pipe dressing done,Sometimes, robot not properly chucking the part from die so X-Axis teaching done","1. Robot communication cable to be changed.
2. Pneumatic pipe to be changed, TD :12-May ","Problem Category- Mechanical,Breakdown Category- Process","No","Sandeep Kumar,Salman ","Completed"
"May","07-05-2024 T15:00","Injector","UC # 2",""Dynamic Flow Adjustment &  Inspection"","EICI-132","B","BM","25","Nitrogen flow fault ","Nitrogen flow fault while part inspection","Nitrogen flow was coming less than its spec ","Less flow was supplied to the product ","Pressure dropped from Source ","Filter element choked of Main Nitrogen line","Checked  on flow switch of N2 if supply available or not , found available .,N2 flow adjusted as within spec,N2 line main filter element changed  and again  flow adjusted ","NA","Problem Category- Pneumatic,Breakdown Category- Wear","No","Keshav,Gaurav","Completed"
"May","07-05-2024 T19:00","Fuel Pump","Bearing Holder","PLATE TERMINAL PRESS FITTING","M-EN-FP-BRH-1-060-1","B","BM","60","Plate terminal is not picking up from terminal holding jig.","Plate terminal pickup unit not goes upward , after suction on.","Plate terminal pick unit (L-side) down confirmation not coming.","Terminal pickup unit came more down & hits on terminal guide unit","Cylinder piston rod attached unit mounting bolt got loose (3~4 turn)","Suspected cause may b due to vibration","Tight the cylinder piston rod attached unit,Terminal PF stopper adjust  due to gap coming in terminal after Pf.,Terminal pf complete confirmation touch sensor adjust.","We check cylinder piston rod inner type thread & retighten its again, by doing plan or holiday.","Problem Category- Mechanical,Breakdown Category- Process","No","Yogesh Kumar,Arun","Completed"
"May","07-05-2024 T19:40","Injector","UC#1","CONNECTOR PRESS FITTING","EIAS-111","B","BM","15","Table Position motion fault","Table positioning motion fault coming","Both reed switch of table position cylinder was OFF ","Table positioning cylinder motion was not happening ( down )","Leakage from cylinder","Seal damaged ","Checked the seal of positioning cylinder and found leakage, so cylinder changed with new .","NA","Problem Category- Mechanical,Breakdown Category- Wear","No","Gaurav","Completed"
"May","08-05-2024 T10:00","Injector","Housing-1","WIRE WINDING","EIHS-031","A","BM","20","data abnormal fault coming for station no-04,theta axis coupling loss found","data abnormal fault coming","table position disturb found","table coupling theta axis pin loss found","grub screw loss  ","Due to vaibration <Design issue >","so check and found theta axis coupling pin loss found so tight done after that ok","pm check point","Problem Category- Mechanical,Breakdown Category- Design","No","Salman ","Completed"
"May","08-05-2024 T10:07","Fuel Pump","FP-Armature","FUSING # 1","M-EN-FP-ARM-1-110-1","A","BM","80","Sub electrode broken during auto mode","sub electrode broken from mounting area ","sub and main electrode centering disturb found ","sub electrode down stopper position  not ok as per  drawing ","stopper was loose ","cylinder speed was very high","sub and main electrode alignment done.,sub electrode stopper position adjusted as per drawing,cylinder speed adjusted as per requirement ","stopper position mention in pm check sheet","Problem Category- Mechanical,Breakdown Category- Process","No","Sandeep Kumar,Salman ","Completed"
"May","08-05-2024 T12:50","Injector","Housing-2","MOLDING MACHINE","HSG2-4010","A","CM","110","Heater disconnection fault coming","Nozzle heater CT not detect current & its SSR was ON","Heater have no supply voltage.","Heater supply fuse goes burn out. (10A)","Heater goes short.","During nozzle outside stuck material cleaning time (by prd san) heater connecting wire got damage & short circuit.","Nozzle Heater (NH) change with spare new,Nozzle heater supply fuse (65A) change with spare fuse (66A)","Request to PRD san please take care during nozzle outside burn material cleaning time ","Problem Category- Electrical,Breakdown Category- Process","No","Salman ,Gaurav,Arun","Completed"
"May","08-05-2024 T17:21","Fuel Pump","FP-Armature","MOULDING","M-EN-FP-ARM-1-120-1","B","BM","30","robot some time not working","robot some time not working","some time robot side signal malfunction happen","some time signal not going for robotot backward movement","relay side one wire internal damage","movement time wire was pinch","so firstly doubt basis robot fwd/bwd solenoid change done ..but same so check found wire was damaged so repair done then ok","so firstly doubt basis robot fwd/bwd solenoid change done ..but same so check found wire was damaged so repair done then ok","Problem Category- Electrical,Breakdown Category- Wear","No","Tinku","Completed"
"May","09-05-2024 T01:00","Injector","Housing-4","FUSING MACHINE","HSG4-2020","C","BM","30","weld-1 unit stop fault","weld-1 unit stop fault","weld 1 unit stop in forward position ","suspected prd side electrode change not ok ",".",".","prd side again electrode change then mc run and u/o",".","Problem Category- Mechanical,Breakdown Category- Part-Failure","No","Tarkeshwar Prasad","Completed"
"May","08-05-2024 T01:45","Fuel Pump","FP-Assy","7-Points Crimping M/C","M-EN-FP-FPA-1-180-1-","C","BM","30","In auto cycle machine stop between cycle ","Crimping cylinder not coming in  home position ","Reed switch was off ","Cylinder motion was abnormal ","Between cylinder supporting plate bolt broken","Dowel pin side rust available ","Remove broken bolt ,Suporting plate and dowel pin rust remove ,After that assy done with new bolt ","-","Problem Category- Both,Breakdown Category- Wear","No","Anil Kumar,Tarkeshwar Prasad","Completed"
"May","08-05-2024 T05:00","Injector","Housing-1","HOUSING MOULDING","EIHS-091","C","BM","20","FM coming on part after molding ","FM coming on part after molding","For dust cleaning air line block in jig side ","Jig side pneumatic fitting Ng ","Root cause not clear but suspected cause is fitting touch on die ","-","Change pneumatic fitting with old ","-","Problem Category- Pneumatic,Breakdown Category- Wear","No","Tarkeshwar Prasad","Completed"
"May","09-05-2024 T07:35","Fuel Pump","FP-Armature","FUSING # 1","M-EN-FP-ARM-1-110-1","A","BM","75","Sub electrode broken during auto mode","Sub electrode broken during the process","Sub electrode botton stopper  had more gap w.r.t mounting bracket of sub electrode unit","Due to more gap during the process contact not being made with the stopper","due to no contact more load exerted on the sub electrode during the process","Due to more load the sub electrode getting broken","checked the static accuracy of the main electrode and sub electrode  unit taking the reference of machine drawing. found okay,the gap between sub electrode and main electrode unit was not okay.  So, the sub electrode adjustment was done as per drawing..( 0.5MM).,found that the sub electrode stopper was not properly touched with the mounting bracket of sub electrode unit.  So the respective stopper adjusted as per the drawing. ( due to more  gap available extra load was being exerted on the sub electrode leading to its damage, as per our observation),Additionally J1 axis  teach done (1,4 and 5 nail position robot teaching done) as per centering jig.","","Problem Category- Mechanical,Breakdown Category- Process","No","Salman ","Completed"
"May","09-05-2024 T11:21","Injector","UC#1","Seat Oil Leakage Inspection","EICI-052","A","BM","40","Seal leak large NG and recheck coming.","Seal leak measurment value NG coming.","Air coming inside the measurment circuit.","Part not proper clamping in jig No2","Jig No2 has jerky motion ","Cylinder rod wearout <suspected >","Oil tube flange open and proper cleaning done.,Air release done from measurment circuit.,Table Jig open and Proper reassemble done.","Plan preparation ongoing for Cylinder replace ","Problem Category- Mechanical,Breakdown Category- Process","No","Santosh kumar Majhi,Sumit Kumar","Completed"
"May","09-05-2024 T15:55","Injector","Housing-1","LASER MARKING","EIHS-101","B","BM","30","Insulation wire broken","Insulation NG was coming from m/c side.","Insulation check signal not received by PLC","Insulation check station insulation wire got broken ","Continuous Movement of insulation wire Derlin part broke the wire","","Reshouldering done after that OK","Checked all station wire soldering found OK.","Problem Category- Electrical,Breakdown Category- Wear","No","Gaurav,Sumit Kumar","Completed"
"May","09-05-2024 T16:15","Injector","UC # 2","Connector Press Fitting","EIAS-200","B","BM","100","Index 1  fault occured ","Index got overloaded due to excess load ","Pressfit pin hit with  Part at pressfit station","Tilt part loaded in machine ","Tilt part loading confirmation sensor did not confirmed part.","Tilt  part confirmation PX sensor position disturbed ","Taken out damaged part from jig .,Pressfit  and measurement pin changed with new . ( P/F pin got bend ),Tilt part loading PX condition checked and found disturbed so position adjusted ,Servo 19 mm position checked and found higher side so  zero position adjusted .,Pressfit pin centring checked and found OK on both jigs .","Master HAS To be added for Sensor confirmation ","Problem Category- Both,Breakdown Category- Process","No","Gaurav,Akshay,Santosh kumar Majhi","Completed"
"May","10-05-2024 T07:14","Fuel Pump","Bearing Holder","BRUSH TERMINALS ( L & R ) PRESS FIT","M-EN-FP-BRH-1-030-1","A","BM","20","machine auto running not happen","Machine not working","machine home position not coming","auto/ind signal not coming","auto/ind selector switch not working","contact portion disconnect from switch","switch properly connected","so switch properly connected done then okj","Problem Category- Electrical,Breakdown Category- Communication","No","Tinku","Completed"
"May","10-05-2024 T10:30","Injector","Housing-1","HOUSING MOULDING","EIHS-091","A","BM","30","nozzle leakage","shutoff cylinder needle proper not shut","mold material coming between needle and housing ","the clerance between in needle and housing ","Due to continues running",".","nozzle arae key cleaning done.","n/a","Problem Category- Mechanical,Breakdown Category- Process","No","Sandeep Kumar,Tinku","Completed"
"May","10-05-2024 T16:53","Fuel Pump","Bearing Holder"," PLATE-TERMINAL HOT STAKING ","M-EN-FP-BRH-1-120-1","B","BM","90","jig stuck in intermediate","Rodless cylinder motion was not smooth (sticky)","Cylider have air leakage from mechanical seal
","Seal wearout","Due to continuous use","","Slide cylinder (Rodless) change with spare,Slider LM guide also change due to its some Ball came out","LM guide lubrication done","Problem Category- Pneumatic,Breakdown Category- Wear","No","Yogesh Kumar,Arun","Completed"
"May","10-05-2024 T00:00","Injector","Housing-1","PLATE PRESS FITTING","EIHS-081","C","BM","30","holder  feeder fault ","holder  feeder fault ","prd side wrong model selection ",".",".",".","check feeder sensor found ok ,then check plc side found other model selection on ","information given to PRD for Training of new members ","Problem Category- Electrical,Breakdown Category- Human","No","Tarkeshwar Prasad","Completed"
"May","13-05-2024 T13:09","Injector","Housing-2","MOLDING MACHINE","HSG2-4010","A","BM","30","upper "o" dent","upper "o" dent","part loading time touch in die","part guide finger position not good","after change over problem happen",".","part guide finger position adjust ( change over finger)","request to prd please proper set the finger if dent come after change over","Problem Category- Mechanical,Breakdown Category- Human","No","Yogesh Kumar","Completed"
"May","13-05-2024 T14:05","Injector","UC # 2","Laser Welding & Marking","EIAS-140","A","CM","90","RB loader fault","RB loader fault was coming","RB loader chuck did not pick part from Gripper ","Chuck cylinder damaged","LM guide Broken ","Part failure ","Broken Cylinder changed with repaired one ,Loading side alignment check and found OK,Chuck  unchuck motion speed reduced by 1 turn .","NA","Problem Category- Mechanical,Breakdown Category- Wear","No","Yogesh Kumar,Gaurav","Completed"
"May","13-05-2024 T14:29","Injector","Housing-2","MOLDING MACHINE","HSG2-4010","A","BM","31","slide core motion fault","slide core motion fault","slide core  middle motion not happen","slide core side air not come ","cylinder movement pneumatic pipe come out for fitting side","pneumatic pipe locking fitting wear out","pnumatice pipe locking fitting change ","Machine detection already available, and DIe MTD check in PM ","Problem Category- Pneumatic,Breakdown Category- Wear","No","Yogesh Kumar","Completed"
"May","14-05-2024 T08:38","Injector","Housing-2","TERMINAL PRESS FIT & HEIGHT CHECK","HSG2-1010","A","BM","32","unload pallet part memory fault","unload pallet part memory fault","spool confirmantion sensor continous on","flip unit pin gatting down","pin locking nut gatting louse","pin thread wear out ","new locking bolt add and sensor adjust","Part will be changed when  new part come.","Problem Category- Mechanical,Breakdown Category- Wear","No","Yogesh Kumar","Completed"
"May","14-05-2024 T09:14","Fuel Pump","YG4 (HONDA)","Glue applying machine","M-EN-FP-SIF-4-050-1","A","BM","30","After process completion OK comfirmation sensorsensor not cut ","After process completion OK comfirmation sensor not cut "," after process part place sensor signal not coming"," part confermantion sensor continous on","sensor mall function","sensor wire internal damage","sensor change with new ","sensor wire proper dressing done","Problem Category- Electrical,Breakdown Category- Part-Failure","No","Yogesh Kumar,Arun","Completed"
"May","14-05-2024 T06:15","Injector","UC#1","SEAT LEAK","EICI-051","A","BM","15","Seal Leak NG was coming During part insp.","Seal leak NG was coming.","Leak difference coming negative side.
","Air accumulate inside the inspection circuit.","Inspection oil supply not proper.","Oil delivery system trip in night shift.","Air release done from all ports after that check master value coming OK.","Air release done from all ports.","Problem Category- Pneumatic,Breakdown Category- Process","No","Kartikey,Gaurav","Completed"
"May","14-05-2024 T13:20","Injector","UC # 3","AIR LEAK INSPECTION","UC3-040","A","BM","15","Stopper motion fault was coming.","Stopper motion fault was coming.","Stopper was not moving.","Stopper was found in stuck condition.","Stopper stuck due to temporary modified coupling washer.","As no spare available so coupling was modified.< Previous BD>","open the stopper unit found cylinder in stuck condition. So coupling washer cut area was stuck in cover. Change the washer position after that motion OK.","New coupling Will change after receive.(Already on order)","Problem Category- Mechanical,Breakdown Category- Wear","Yes","Kartikey","Completed"
"May","14-05-2024 T16:15","Fuel Pump","FP-Assy","PERFORMANCE INSPECTION","M-EN-FP-FPA-1-230-1,2","B","BM","30","12v test pr. ng coming more st.2 jig no.1","12v test pr. ng coming more st.2 jig no.1","part side oil leakage  happen ","part proper not set ","part and nozzle  not align ","in nozzle seal dust and chip was come ","so nozzel seal open and found in seal dust and chip come so cleaning done and alignment done then ok ",".","Problem Category- Mechanical,Breakdown Category- Wear","No","Anil Kumar,Tarkeshwar Prasad","Completed"
"May","14-05-2024 T19:48","Fuel Pump","Bearing Holder","PLATE TERMINAL PRESS FITTING","M-EN-FP-BRH-1-060-1","B","BM","30","right side Plate terminal is not picking up from resting jig","right side Plate terminal is not picking up from resting jig","may be suction air leakage ","fitting was damage ","",".","so right side suction fitting change with new then ok ",".","Problem Category- Mechanical,Breakdown Category- Part-Failure","No","Tarkeshwar Prasad","Completed"
"May","14-05-2024 T23:45","Injector","Housing-4","MOLDING MACHINE","HSG4-4010","C","BM","30","upper o ring side dent coming","upper o ring side dent coming from both die l side part","during loading time dent generate happen","during robot part pick up time dent generate happen","metal chuck finger side bar available","..","chuck finger polishing done","so robot side loading chuck finger pick portion polishing done then ok","Problem Category- Mechanical,Breakdown Category- Part-Failure","No","Sandeep Kumar,Tinku","Completed"
"May","14-05-2024 T23:25","Injector","Housing-1","WIRE WINDING","EIHS-031","C","BM","50","visition station camera 1 ng coming","visition station camera 1 ng coming","finish wire length extra long coming","check the winding part then found st4 finesh wire ng cutting ","check finesh wire then found crimping not ok ","terminal less crimping ","winding m/c 4th station finesh wire crimping adjust after that ok","PRD quality check point 1/d","Problem Category- Mechanical,Breakdown Category- Process","No","Sandeep Kumar,Tinku,Salman ","Completed"
"May","14-05-2024 T01:27","Fuel Pump","Bearing Holder","PLATE TERMINAL PRESS FITTING","M-EN-FP-BRH-1-060-1","C","BM","30","right side plate terminal damage problem coming","right side plate terminal damage ","terminal proper not set in suction unit ","suction unit hit on terminal","terminal resting jig alignment not good ","jig mounting was loose","right side terminal resting jig alignment done, and right side suction unit cleaning done.",".","Problem Category- Mechanical,Breakdown Category- Wear","No","Sandeep Kumar","Completed"
"May","15-05-2024 T00:30","Injector","Housing-1","FUSHING END BENDING","EIHS-061","C","BM","80","displacement  ng coming in 2nd station","Displacement ng coming in 2nd station","check the ball foam cylinder air presure ","near by the electrod life over","ball foam cylinder frw speed slow as per 1st station",".","check the belfoam cylinder presure adjust but ng,prd change the new electrod but same,bell foam cylinder speed adjust as per reguirement after that ok","plan for unit alignment and adjustment ","Problem Category- Pneumatic,Breakdown Category- Process","No","Sandeep Kumar,Tinku,Salman ","Completed"
"May","15-05-2024 T03:49","Injector","Housing-1","FUSHING END BENDING","EIHS-061","C","BM","60","conveyor broken for empty pallet side","conveyor was not run ","conveyor was broken during machine runing time ","conveyor side part was stuck ","Part drop by Robot ","Possibly due to Lift up part ","conveyor repair done.","n/a","Problem Category- Mechanical,Breakdown Category- Process","No","Sandeep Kumar,Tinku,Salman ","Completed"
"May","15-05-2024 T06:15","Injector","Housing-1","VISUAL INSPECTION","EIHS-051","A","BM","40","pallet stuck at discharge unit station","pallet stuck at discharge unit station","pallet discharge plate not proper guide ","pallet discharge plate contact area was less","machine starting time ","may be design issue","pallet guide plate change with modified ","plate design change","Problem Category- Mechanical,Breakdown Category- Design","No","Yogesh Kumar","Completed"
"May","15-05-2024 T13:05","Fuel Pump","SIFS # 6","Filter and Pump Assembly Machine","M-EN-FP-SIF-6-040-1","A","BM","55","Press fitting handle broken","Press fitting not happen "," press fit unit handel not working"," handel assy pinion gear shaft broken","shaft broken area is less(10mm) as per compare to handel applied force area(20mm)","design issue ","pinion gear shaft change ","na","Problem Category- Mechanical,Breakdown Category- Design","No","Yogesh Kumar","Completed"
"May","15-05-2024 T10:00","Injector","UC # 3","O RING AND BACKUP RING ASSY","UC3-160","A","CM","20","Entrance side O ring area Air blow not happening ","Entrance side  O ring area air blow not taking place ","Its Air operated valve was not being actuated sometimes","Its spool was being stuck","Dust accumulated inside","Continuous usage ","Air operated valve changed with new ","NA","Problem Category- Pneumatic,Breakdown Category- Wear","No","Gaurav","Completed"
"May","15-05-2024 T13:48","Injector","UC # 2","Nozzle Body Press Fitting","EIAS-120","A","BM","20","Machine silent stop","Machine silent stop","Suspected Mc hang ","","","","All table and Gripper side sensor condition checked and  found ok.,Machine power reset and memory reset then machine run OK","NA","Problem Category- Electrical,Breakdown Category- Process","No","Gaurav","Completed"
"May","15-05-2024 T20:02","Injector","Housing-4","HOLDER, PLATE & PIPE PRESS FIT MACHINE","HSG4-3020","B","BM","30","Holder drop during holder transfer time","Holder drop during holder transfer time","holder was stuck in slide unit ","dent mark coming in slide unit ","in slide unit chips come ",".","so slide unit polishing done then ok ",".","Problem Category- Mechanical,Breakdown Category- Wear","No","Anil Kumar,Tarkeshwar Prasad","Completed"
"May","13-05-2024 T20:05","Injector","Housing-1","FUSING","EIHS-041","B","CM","90","Electrode counter location changed ","Electrode counter location changed ",".",".",".",".","Electrode counter location changed  in kept password protector",".","Problem Category- Electrical,Breakdown Category- Process","No","Tarkeshwar Prasad","Completed"
"May","14-05-2024 T20:11","Injector","Housing-1","FUSING","EIHS-041","B","CM","90","Electrode counter location changed","Electrode counter location changed",".",".",".",".","Electrode counter location changed and  also mc stop if electrode change warning come",".","Problem Category- Electrical,Breakdown Category- Process","No","Anil Kumar,Tarkeshwar Prasad","Completed"
"May","15-05-2024 T23:25","Injector","Housing-3","LASER MARKING MACHINE","HSG3-4020","C","BM","30","Resistance NG coming","Resistance NG coming","resistance value higher side coming","contact condition not good","probe wire thimble side disconnect","during running time wire was pinch","so one time probe cleaning done and re-thimblimg done then ok","so one time probe cleaning done and re-thimblimg done then ok","Problem Category- Electrical,Breakdown Category- Wear","No","Tinku","Completed"
"May","15-05-2024 T01:15","Fuel Pump","FP-Armature","CORE CHAMFERING","M-EN-FP-ARM-1-020-1","C","BM","60","during powder coating blow hull coming on part   ,core sheet punch condition ng coming same time","during powder coating blow hole coming on part","core sheet punching  condition ng coming same time","upper core sheet chamfering higher side ","new punch change was carried out (With PRD Agreement)",".","cylinder stock adjust and hydraulic pressure reduce after that ok ","upper/lower punch plan ","Problem Category- Mechanical,Breakdown Category- Process","No","Sandeep Kumar,Salman ","Completed"
"May","15-05-2024 T00:00","Injector","Housing-1","HOUSING MOULDING","EIHS-091","C","BM","10","unloading chuck 2 confirmation not coming","robot hang for unloading station","check robot program side then found part unloading r side cylinder chuck close signal not coming","reed switch not on","reed switch cover broken and reed switch loss found",".","reed switch cover change with new and reed switch adjust done after that ok","wire properly dressing","Problem Category- Electrical,Breakdown Category- Wear","No","Salman ","Completed"
"May","15-05-2024 T03:20","Injector","Housing-2","TERMINAL PRESS FIT & HEIGHT CHECK","HSG2-1010","C","BM","30","spool unload flip unit pin locking nut missing","spool unloading memory fault","spool unload flip unit pin locking nut missing","spool guide pin thread wear out",".",".","new lock nut assy done on spool guide pin ","new part order done.( part drawing update for part hardening)  ","Problem Category- Mechanical,Breakdown Category- Process","No","Tinku,Salman ","Completed"
"May","16-05-2024 T08:40","Injector","Housing-1","HOUSING MOULDING","EIHS-091","A","BM","20","robot hang for unloading station","robot hang for unloading station","robot guide in out signal not come","signal wire internal damage","stress coming on wire robot moving time","wire hard","wire dressing done","signal wire to be changed","Problem Category- Electrical,Breakdown Category- Wear","No","Yogesh Kumar","Completed"
"May","16-05-2024 T09:05","Injector","Housing-2","MOLDING MACHINE","HSG2-4010","A","BM","45","nozzle area material stuck","part not made","material not fil in die","material stuck in nozzel","material solidified in nozzle tip","Nozzle key area wearout ","extra material remove "," Nozzle to be changed in Shutdown ","Problem Category- Mechanical,Breakdown Category- Process","No","Yogesh Kumar","Completed"
"May","16-05-2024 T08:30","Fuel Pump","FP-Armature","POWDER COATING","M-EN-FP-ARM-1-050-1","A","BM","60","High voltage OCR fault came continue","High current drawn","Current passes through porous plate powder side","Powder have moisture","May be Powder absorbed moisture from environment","May be weather condition change ","Porous plate top side all powder takeout & new powder add, after that mc run ok.","We change Air Dryer pneumatic filter ","Problem Category- Electrical,Breakdown Category- Process","No","Yogesh Kumar,Arun","Completed"
"May","16-05-2024 T13:00","Injector","UC # 3","LASER WELDING & MARKING","UC3-030","A","BM","25","Height check cylinder speed fault was coming .","Height check Cylinder speed time was coming higher than spec  ( i.e. 40 to 64 ms)","Marking station height check cylinder upward motion was slow ","Speed controller's air supply function not properly happening.","Speed controller locking was loose.","suspected due to vibration ","Firstly welding side height check Cylinder upward motion speed controller installed insted of One touch joint.,Welding side height check unit upward speed incresed by 1 turn ,Fianlly marking side height check unit cylinder's upward motion speed little  increase  to make its time in spec and speed controller locked ","NA","Problem Category- Both,Breakdown Category- Design","No","Gaurav","Completed"
"May","16-05-2024 T05:35","Injector","Housing-2","MOLDING MACHINE","HSG2-4010","C","BM","25","nozzel side material leakage during auto","molding poor product fault coming","nozzel side material leakage during auto","key arae side material stuck and key movement not ok",".",".","heater and tharmocouple side stuck materail remove done,key area cleaning done after that ok","plan for nozzle head change ","Problem Category- Both,Breakdown Category- Process","Yes","Sandeep Kumar,Tinku,Salman ","Completed"
"May","17-05-2024 T11:00","Injector","UC#1","SEAT LEAK","EICI-051","A","BM","20","Robo cylinder fault","Software soft limit exceeded fault coming in IAI controller","Robo cylinder over travelling(-0.29 mm ) while moving to home position ( i.e. 0.00 mm) .","Oil head connect cylinder making impact on Robot Cylinder while its upward motion .","Oil head connect cylinder speed high","U/I","IAI controller  power reset then machine run ,Connect the IAI pandent and observed that IAI is over travelling ,Jig balance pressure reduced from 0.20 Mpa to 0.18 Mpa  but no impact so revert back .,Oil head connect Cylinder upward speed reduced. Also it is not  making any impact on cycle time ","NA","Problem Category- Mechanical,Breakdown Category- Process","No","Gaurav","Completed"
"May","17-05-2024 T19:00","Injector","UC # 3","SPRING AND  ADJ.PIPE ASSY ","UC3-080","B","BM","15","Loading check fault was coming","Loading check fault was coming","Adjust pipe was not coming on table jig at loading time","It was sometime stuck in feeding unit","There is moisture coming in the escape unit of adj.pipe block","Due to oily environment of the machine.","Open the escape block of the feeding path & cleaning done. After that OK","","Problem Category- Mechanical,Breakdown Category- Process","No","Parveen Kumar,Bikash Pradhan","Completed"
"May","17-05-2024 T23:45","Fuel Pump","FP-Assy","PERFORMANCE INSPECTION","M-EN-FP-FPA-1-230-1,2","C","BM","25","12v test pr. ng coming more st.2 jig no.","12V Test Pressure NG.","pump side leakage during testing ","seal wear out","cft working ongoing ",".","change the both st. upper and lower seal . and buster pressure adjust after that ok","cft working ongoing ","Problem Category- Both,Breakdown Category- Process","No","Tinku,Salman ","Completed"
"May","17-05-2024 T03:30","Injector","UC # 3","LASER WELDING & MARKING","UC3-030","C","BM","40","Height Check Cylinder Speed Fault coming ,Machine Cyle time coming high","Heght check cylinder speed high","Reed switch switching fast","Actual speed high ","Speed controller was loose","Due to vibration in Unit ","solenoid and spacer chaged with new no impact so revert back,cylinder speed increased after that cycle time Coming OK but cylinder speed fault coming so revert back,Cylinder speed value changed in PLC <from 0.40 s to 0.30 s> and then again Increased the cylinder speed after that OK","Speed controller locked and marking done ","Problem Category- Both,Breakdown Category- Process","No","SAHIL SAINI,Akshay,Santosh kumar Majhi","Completed"
"May","18-05-2024 T10:35","Fuel Pump","FP-Armature","SHAFT PRESS FIT","M-EN-FP-ARM-1-010-1","A","BM","75","Shaft clamper finger's & slide post got broken","On Shaft clamper finger/slide post  more force applied by Hydrolic cylinder.","Hydrolic cylinder take more stroke during mc auto running ( During operarion 1st step)","Actual cause not clear , suspected cause may be Hyd. solenoid valve malfunction","May be spool motion got hard due to continue use .","Under investigation","Shaft clamper finger's & slide post  change,On doubt base we change Pushing punch also .","Change Hyd. solenoid valve with spare new & observe problem","Problem Category- Both,Breakdown Category- Process","No","Sandeep Kumar,Arun","Completed"
"May","18-05-2024 T12:52","Fuel Pump","FP-Assy","PERFORMANCE INSPECTION","M-EN-FP-FPA-1-230-1,2","A","BM","20","12v test pr. ng coming more st.2 jig no.1","12v test pr. ng coming more st.2 jig no.1","electrice probe wire was broken","wire was hard","continuous contact with the oil"," ","	Corrective actions taken as per holiday job plan. Station 2 jig no. 1's mechanical components changed with new such as circular shaft, Nozzle,Nozzle seal and LM Guides with new. Accordingly alignment done. After that machine confirmation done and the machine is running okay under observation"," To discuss with the maker Taiyo to provide the more oil resistant type of wire to avoid the frequent breaking of wire","Problem Category- Electrical,Breakdown Category- Process","No","Sandeep Kumar,Tinku","Completed"
"May","18-05-2024 T13:20","Injector","Housing-1","LASER MARKING","EIHS-101","A","BM","20","lower shutter confermation note coming","lower shutter motion fault coming ","lower shutter open confirmation was not coming ","reed swtich was not on","rees swtich was loose ","reed swtich wire was stuck/wire dressing ng","sensor postion adjusted an wire proper dressing done","During BD or PM confirm the dressing ","Problem Category- Electrical,Breakdown Category- Process","No","Sandeep Kumar","Completed"
"May","18-05-2024 T01:19","Injector","UC # 3","SPRING AND  ADJ.PIPE ASSY ","UC3-080","C","BM","31","Adjust pipe Loading cycle time over fault coming","Adjust pipe not getting loaded in Jig","Adjust pipe getting stuck in Adjust pipe block","water available in Adj pipe block wall","Adjust pipe not dried properly","Ultrasonic rinising and drying not proper","Adjust pipe block opened and cleaning done after that OK","PLAN TO MAKE KAIZEN.","Problem Category- Mechanical,Breakdown Category- Process","No","Akshay,Santosh kumar Majhi","Completed"
"May","19-05-2024 T20:18","Injector","Housing-4","TERMINAL PRESSFIT & HEIGHT CHECK","HSG4-1010","B","BM","20","Terminal press fit height ng coming","Terminal press fit height ng coming","terminal not insert proper ","in terminal pf unit terminal not set proper ","left side terminal loose happened ","left side terminal not align","after prd side  left side terminal lot change then terminal height ng coming ,then robo cylinder teaching  30 mic forward then ok ",".","Problem Category- Mechanical,Breakdown Category- Process","No","Tarkeshwar Prasad","Completed"
"May","19-05-2024 T22:42","Injector","Housing-3","LASER MARKING MACHINE","HSG3-4020","B","BM","13","Resistance value higher side ng coming ","Resistance value higher side ng coming","check zero master ng coming .","during master check value +coming","unit and probe alignment done in b shift ",".","resistance unit zero set after that ok","plan for resistance unit probe wire change","Problem Category- Electrical,Breakdown Category- Process","No","Salman ","Completed"
"May","20-05-2024 T09:05","Fuel Pump","SIFS # 3","Hot plate welding m/c-1 (YP8)","M-EN-FP-SIF-3-040-1","A","BM","5","Zero point Ng coming in auto cycle some time ","After melting from magna scale side  input coming NG","Upper side jig cylinder motion abnormal ","Cylinder side  air leakage ","Cylinder rod seal is damage ","Cylinder life over","PRD side check both jig stopper height found ok,In side cylinder lubrication provide , For temporary ","Need to change cylinder ","Problem Category- Pneumatic,Breakdown Category- Wear","Yes","Anil Kumar,Tarkeshwar Prasad","Completed"
"May","20-05-2024 T09:30","Fuel Pump","FP-Armature","FUSING # 1","M-EN-FP-ARM-1-110-1","A","BM","50","Sub-Electrode motion fault was coming","Sub-Electrode motion fault was coming","Fusing process getting stopped in between","Home position sensor was malfunctioning","Sensor position disturbed","sensor mounting plate was loose. loose due to vibration or other factors","Home position sensor position was disturbed as its mounting found loose. So the sensor alignment done and its  mounting tightened properly and after that okay","","Problem Category- Mechanical,Breakdown Category- Process","No","Anil Kumar,Tarkeshwar Prasad","Completed"
"May","18-05-2024 T13:35","Injector","UC # 3","ULTRASONIC MACHINE","UC3-200","A","BM","300","RINSING PRESSURE FAULT WAS COMING","Rinsing Water pressure (PS2 ON) available after  Solenoid Valve Off","Water Pressure is hold  within the rinsing Line ","Water Pressure is not releasing ","90 um Filter choke","Alkaline solution is use in the machine for cleaning purpose <Spare Not available, Delay from vendor  >","Many times clean the  filter elements but after some cycle same condition.,Changed filter from Uc2 and Pressure change 0.2→0.38 Mpa ., 3 sec delay time added to relaese the  Pressure of rinsing line.","Spare delay - Spare review system need to strengthen","Problem Category- Mechanical,Breakdown Category- Part-Failure","No","Gaurav,Parveen Kumar,Santosh kumar Majhi,Bikash Pradhan","Completed"
"May","20-05-2024 T22:25","Fuel Pump","FP-Assy","PERFORMANCE INSPECTION","M-EN-FP-FPA-1-230-1,2","B","BM","30","12v pressure ng coming","12v test pressure ng coming
","pump pressure not build up","current not apply in pump","probe wire broken on thimble side","wire insulation was hard due to oil constant contact with the oil","cut the damage portion of wire and again re thimbling done then ok","so cut the damage portion of wire and again re thimbling done then ok","Problem Category- Electrical,Breakdown Category- Part-Failure","No","Sandeep Kumar","Completed"
"May","21-05-2024 T17:00","Injector","UC # 3","BACK UP RING PRESS FIT","UC3-010","B","BM","22","Index fault coming","Robot part unloading time part hit with table jig and robot lower cylinder mounting loose.","Part not proper in Robot chuck finger.","Part pickup time part slip from chuck  finger ","Part tight in magazine try.","Design concern ","All part taken out & power reset by prd ,Robot inner chuck cylinder mounting tight ,machine all home poistion done manually ","Inform to PRD check magazine condition & machine side Robot Vibration sensor setting to be optimize for Tight part detection ","Problem Category- Mechanical,Breakdown Category- Process","No","Keshav,Santosh kumar Majhi","Completed"
"May","21-05-2024 T18:15","Injector","UC # 3","AIR LEAK INSPECTION","UC3-040","B","BM","20","Gripper transfer cycle time over fault","Pallet transfer gripper not move","Pallet stopper return confirmation not coming ","Stopper Cylinder return stroke not complete","cylinder floating joint stuck  ","Floating joint broken ","Temporary floating unit set by adding a one  washer ","Broken part in order when new part will receive then part will be change ","Problem Category- Mechanical,Breakdown Category- Wear","Yes","Keshav,Santosh kumar Majhi","Completed"
"May","21-05-2024 T20:40","Injector","Housing-2","LASER MARKING MACHINE","HSG2-4020","B","BM","25","Resistance NG coming","resistance coming in higer side ","probe wire was damaged ","probe aligement ng ","probe got bend ","Due to continuous use ","both wire again rethimbling done. and unit aligement done.","Metal MASTER TO BE PREPARED ","Problem Category- Both,Breakdown Category- Wear","No","Sandeep Kumar","Completed"
"May","21-05-2024 T23:20","Injector","Housing-2","LASER MARKING MACHINE","HSG2-4020","C","BM","40","Resistance NG coming","Resistance NG coming","Resistance value heiger side coming","probe contact not proper ","aligenment ng",".","probe aligenment done and zero set by master ","aligenment check pm time","Problem Category- Both,Breakdown Category- Process","No","Yogesh Kumar","Completed"
"May","22-05-2024 T11:42","Injector","Housing-4","WIRE WINDING","HSG4-2010","A","BM","39","1 st crimping ng "," 1st st. crimping ng","proper not cylinder pressed ","crimping cylinder not take full stroke ","stopper wear out ","mc long run time ","start side and finish side 1st st crimping adjust as per quilty ","Stopper to be checked 1/3M in PM ","Problem Category- Mechanical,Breakdown Category- Wear","No","Tarkeshwar Prasad","Completed"
"May","22-05-2024 T14:11","Injector","Housing-2","LASER MARKING MACHINE","HSG2-4020","A","CM","30","Step dimension Coming NG in auto cycle some time ","Right side step dimension coming NG ","In Magna scale amplifier FFFF fault coming","Its wire insulation was broken ","Wire touch in conduite pipe ","Dressing not good ","Replace magna scale with new and proper dressing done ","-","Problem Category- Electrical,Breakdown Category- Wear","No","Anil Kumar,Tarkeshwar Prasad","Completed"
"May","22-05-2024 T16:20","Fuel Pump","Bearing Holder","PLATE TERMINAL PRESS FITTING","M-EN-FP-BRH-1-060-1","B","BM","70","right side plate terminal damage problem coming","right side plate terminal damage problem coming","right side terminal damage during press fit time","plate proper pick up not happen in press fit unit","plate position disturb  as per pick up unit position","plate loading unit alignment disturb ","plate pick up unit suction path cleaning done and plate loading unit alignment done. then ok","so one time plate pick up unit suction path cleaning done and plate loading unit alignment done. then ok","Problem Category- Mechanical,Breakdown Category- Part-Failure","No","Tinku","Completed"
"May","23-05-2024 T14:31","Injector","Housing-2","MOLDING MACHINE","HSG2-4010","B","BM","75","Continuity ng coming from AL & BL cavity","Continuity ng coming from both die after model changed over ","Robot loading terminal chuck finger broken","not clear",".",".","changed the guide finger with new and accordingly did the alignment.After that okay. (This problem came after the model changeo","N/A ","Problem Category- Mechanical,Breakdown Category- Process","No","Sandeep Kumar,Salman ","Completed"
"May","23-05-2024 T17:20","Injector","Housing-2","WIRE WINDING","HSG2- 2010","B","BM","30","wire broken ng coming all station,ear terminal bend found same part","winding machine side wire broken for different station ","same part ear terminal bend found","spool loss hold on spool unloading pin  ( terminal pf machine )","spool holding ball plunger loss","Due to continuous use ","spool unloading pin ball plunger adjust after that ok","check point available in pm point","Problem Category- Mechanical,Breakdown Category- Process","No","Sandeep Kumar,Salman ","Completed"
"May","24-05-2024 T15:20","Injector","Housing-4","LASER MARKING MACHINE","HSG4-4020","B","BM","30","Resistance  NG coming higher side","Resistance value higher side ng coming","probe side dent and probe tension week","wear and tear ",".",".","Probe change with new and resistance zero set after that ok","under discussion","Problem Category- Electrical,Breakdown Category- Wear","No","Sandeep Kumar,Salman ","Completed"
"May","24-05-2024 T16:00","Injector","Housing-1","TERMINAL PRESS FIT","EIHS-011","B","BM","60","TERMINAL CHUCK UNIT FAULT coming","machine auto start not happen","TERMINAL CHUCK UNIT FAULT coming","terminal confirmation not signal not coming","laser sensor beam position disturb ","sensitivity value down","so one time machine home position done by manually and all device net connector tightness check done ,,because of some time machine stop during running time ..& terminal laser sensor adjusted done then ok","Sensor condition to be checked in block holidays ","Problem Category- Electrical,Breakdown Category- Communication","No","Tinku","Completed"
"May","24-05-2024 T18:00","Injector","Housing-2","MOLDING MACHINE","HSG2-4010","B","BM","20","upper oring area side dent coming","upper oring area side dent coming","part loading time part touch on die ","part guide finger assy ng",".",".","part loading guide finger alignmnet done after that ok","model change over finger. control by prd","Problem Category- Mechanical,Breakdown Category- Process","No","Sandeep Kumar,Salman ","Completed"
"May","26-05-2024 T00:44","Injector","Housing-2","TERMINAL PRESS FIT & HEIGHT CHECK","HSG2-1010","C","BM","60","unload pallet part memory fault","part unloading station part confermation sensor continuous on","part dropped during unloading time ","part proper not lock flip unit ","flip unit pin and ball plunger wear out","long used ","changed with new pin but new pin diemension ng,old pin polshing done and ball pulnger adjusted .","frequency we will be revised ","Problem Category- Mechanical,Breakdown Category- Wear","No","Sandeep Kumar","Completed"
"May","26-05-2024 T00:47","Injector","Housing-1","HOUSING MOULDING","EIHS-091","C","BM","60","Continuity ng coming from AL & BL cavity","continuity ng coming both die","terminal was bend during continuity check time ","terminal was hit on die insert  ","robot part proper not pick-up","terminal guide finger postion was distrubed ","terminal guide finger postion adjusted . and robot teaching done.","Finger change with modified design by 10-June ","Problem Category- Mechanical,Breakdown Category- Process","No","Sandeep Kumar","Completed"
"May","27-05-2024 T07:10","Fuel Pump","Suction Filter","Assy welding m/c-2","M-EN-FP-SUF-1-060-1","A","BM","30","lower jig screen guide plate mounting bolt broken in side of plate","screen guide plate mounting bolt broke","bolt material strength week ","bolt heat up during running condition also vibration generate ","welding process available in machine side ",".","broken bolt remove with support of MMD . ,guide plate mounting thread modified done   ","mounting thread modified done ","Problem Category- Mechanical,Breakdown Category- Process","No","Tinku,Salman ","Completed"
"May","27-05-2024 T08:50","Injector","Housing-2","TERMINAL PRESS FIT & HEIGHT CHECK","HSG2-1010","A","BM","80","cam-03 ng coming in fusing machine ,terminal bend during spool unload","cam-03 ng coming in fusing machine ","terminal are bend coming during terminal unloading time in terminal pf machine ","spool properly not insert flip unit","flip unit pin spool holding portion damage ","ball plunger wear out","pin change with new and flipper unit alignment done","pin change with new and flipper unit alignment done","Problem Category- Mechanical,Breakdown Category- Process","No","Tinku,Salman ,Anil Kumar","Completed"
"May","27-05-2024 T15:01","Injector","Housing-2","TERMINAL PRESS FIT & HEIGHT CHECK","HSG2-1010","B","BM","60","camera 3 coming NG ","camera 3 coming NG ","terminal bend from terminal press fit machine","terminal hit on flip unit","flip unit pin ball plunger tight ","ball plunger not proper tight ( thread no fine )","ball plunger tight sealent apply then ok","sealent apply ","Problem Category- Mechanical,Breakdown Category- Process","No","Yogesh Kumar","Completed"
"May","28-05-2024 T05:10","Injector","Housing-3","HOLDER, PLATE & PIPE PRESS FIT MACHINE","HSG3-3020","C","BM","20","pin abnormal fault","machine stop during auto runing condiction ","pin confirmation sensor was off","jig no. 3 pin was broken ","pin was proper not lock ","pin locking ball plunger was loose ","changed old spare pin and ball plunger postion adjusted .","frequency we will be revised ","Problem Category- Mechanical,Breakdown Category- Wear","No","Sandeep Kumar","Completed"
"May","27-05-2024 T05:41","Fuel Pump","Bearing Holder","PLATE TERMINAL PRESS FITTING","M-EN-FP-BRH-1-060-1","C","BM","20","Plate terminal is not picking up from resting jig.","l-side plate terminal was damaged during pick-up time","terminal proper not pick-up","terminal was stuck in terminal resting jig ","Dust was available","long use","terminal resting jig cleaning done. and suction unit cleaning done.","new jig making under progress","Problem Category- Mechanical,Breakdown Category- Wear","No","Sandeep Kumar","Completed"
"May","28-05-2024 T05:50","Injector","Housing-4","WIRE WINDING","HSG4-2010","C","BM","20","wire cut-1 operation error,fixed cutter loss found in station 1","wire cut-1 operation error","part crimping process cylinder reed switch not on ","part not properly crimping ","fixed cutter loose found","Cutter due to high vibration ","fix cutter tight done after that ok","pm point to be added","Problem Category- Mechanical,Breakdown Category- Process","No","Sandeep Kumar,Salman ","Completed"
"May","27-05-2024 T13:30","Injector","UC # 3","ULTRASONIC MACHINE","UC3-200","A","BM","20","Rinsing pressure fault","Rinsing line pressure switch output not come","Air blow time Pressure swing in water line pressure switch.","Air pressure not pass after line filter.","It's filter chocked.","","Air line pipe cleaning done ,filter ultrasonic washing done","its filter will be change with new  when recevie","Problem Category- Mechanical,Breakdown Category- Process","Yes","Keshav,Santosh kumar Majhi","Completed"
"May","27-05-2024 T03:30","Injector","UC # 3","SPRING AND  ADJ.PIPE ASSY ","UC3-080","C","BM","35","AJP loading fault was coming","AJP loading st. PH sensor was on continue"," AJP available outside jig ","Double AJP load","AJP stuck at feeding path","Moisture available in feeding path","Its feeding path open and cleaning done",".","Problem Category- Mechanical,Breakdown Category- Process","No","SAHIL SAINI,Parveen Kumar,Bikash Pradhan","Completed"
"May","28-05-2024 T12:52","Injector","Housing-4","FUSING MACHINE","HSG4-2020","A","CM","98","Weld-1 Displacement NG,every 4th part ng coming","displacement ng coming in weld 1 station","every 4th part ng coming","check winding machine 1st station part ng coming","part crimping higher side coming","crimping stroke ng ","fusing machine weld station alignment check as per PED requirement ,check crimping value by PRD side 1st station data higher side coming,winding m/c 1st station crimping stroke adjust as per requirement  . after that fusing machine displace data ok coming ","check pm time all station crimping ratio data check by PRD . if abnormal found then crimping adjusted.","Problem Category- Mechanical,Breakdown Category- Process","No","Tinku,Salman ","Completed"
"May","28-05-2024 T17:44","Fuel Pump","Bearing Holder","PLATE TERMINAL PRESS FITTING","M-EN-FP-BRH-1-060-1","B","BM","20","plate terminal p/f time right terminal bend","plate terminal p/f time right terminal bend","terminal pick position ng","terminal holding jig wear out","jig long use","jig wear and tear","right side terminal holding jig aligenment done","wear out part are in order 'we well change after reseve","Problem Category- Mechanical,Breakdown Category- Wear","No","Yogesh Kumar","Completed"
"May","28-05-2024 T02:55","Injector","Housing-1","WIRE WINDING","EIHS-031","C","BM","30","return conveyor broken","return conveyor chain  broken","convyear chain wear out ","not clear but suspect pallet stuck",".",".","broken chain remove and new chain add done ","NA","Problem Category- Mechanical,Breakdown Category- Wear","No","Tarkeshwar Prasad","Completed"
"May","28-05-2024 T11:30","Injector","UC # 2","Ultrasonic Washing Machine","EIAS-250","A","CM","580","Wave generation frequency observed low side in Tank-1 wave generator unit.","Oscillator 1 frequency low","Oscillator Piezoelectric material damaged with its mounting bolts","Very high vibrations in the oscillator unit","Generator Operating on 3 times more Power than the Spec","Wrong spec settings","Spare Oscillator kept in tool room, repaired by using the OK parts from the machine NG Oscillator ,Repaired Oscillator assembled in machine after that machine handover to PRD","1. Conclude with PED for Spec reduction and control. 
2. Set Sound wave in Optimum Level with PED In shutdown..
3. Procedure to be developed for Optimum setting of Sound wave ","Problem Category- Both,Breakdown Category- Part-Failure","No","Kartikey,Keshav,Gaurav,Akshay,Santosh kumar Majhi","Under PRD HOD Approval"
"May","29-05-2024 T07:25","Fuel Pump","FP-Armature","POWDER COATING","M-EN-FP-ARM-1-050-1","A","BM","20","part rotating belt pully not rotate properly  ","Powder on core sheet coming in auto","part rotating belt pully not rotate properly","pulley stuck in screw side ","unit alignment ng ",".","bronze plate area rotating unit alignment done after that ok","Check/Revise pm point","Problem Category- Mechanical,Breakdown Category- Process","No","Tinku,Salman ","Completed"
"May","30-05-2024 T11:00","Injector","Housing-2","FUSING","HSG2-2020","A","CM","20","weld-1 unit air cooling pipe bend","weld-1 unit air cooling pipe bend","PIPE MOUNTING LOSSE","HAND TOUCH DURING ELECTROD CHANGE","SPACE ISSUE ",".","AIR PIPE TIGHT DONE AND PIPE  ALIGNMENT DONE","CHECK POINT OF PM ","Problem Category- Mechanical,Breakdown Category- Human","No","Tinku,Salman ","Completed"
"May","30-05-2024 T07:00","Fuel Pump","SIFS # 6","Lead Wire and Bracket C Assembly Machine","M-EN-FP-SIF-6-100-1","A","CM","40","Flange holding jig base broken","Flange holding jig base broken","bolt broken in side off plate ","during process",".",".","BROKEN BOLT REMOVE DONE AND BROKEN SHAFT REPAYER DONE AFTER THAT OK","","Problem Category- Mechanical,Breakdown Category- Process","No","Tinku,Salman ","Completed"
"May","30-05-2024 T11:22","Injector","Housing-1","HOUSING MOULDING","EIHS-091","A","CM","20","master on button cover broken","master on button cover broken","switch glass gripping portion broken ","Part broken ","due to continuous use ","..","master on switch change with another one then ok","so master on switch change with another one then ok","Problem Category- Electrical,Breakdown Category- Part-Failure","No","Tinku","Completed"
"May","30-05-2024 T10:22","Fuel Pump","SIFS # 6","Main Tube Assembly Machine (YRA)","M-EN-FP-SIF-6-030-1","A","CM","20","Zebra tube Height setting gauge alignment disturb","Zebra tube Height setting gauge alignment disturb","Height setting gauge mounting was loose","every cycle movement happen & hit on stopper. that time jerking happen","..","..","properly tight the bolt and alignment done then ok","so again properly tight the bolt and alignment done then ok","Problem Category- Mechanical,Breakdown Category- Part-Failure","No","Tinku","Completed"
"May","30-05-2024 T12:20","Fuel Pump","SIFS # 3","Electrical Inspection M/c","M-EN-FP-SIF-3-270-1","A","CM","20","counter not reset not happen","counter not reset not happen","conter reset button damege ","wear and tear",".",".","counter relay change with new after that ok","check pm time","Problem Category- Electrical,Breakdown Category- Wear","No","Tinku,Salman ","Completed"
"May","30-05-2024 T13:09","Injector","UC # 2","Nozzle Body Press Fitting","EIAS-120","A","BM","20","Palletizer unload station fault","Magazine Discharge conveyor not run","Magazine   left side chain broken","Chain link  broken","Drop part stuck inside chain",".","Broken chain link change with new one","Already chain check point add in PM check sheet","Problem Category- Mechanical,Breakdown Category- Wear","No","Keshav","Completed"
"May","30-05-2024 T13:40","Injector","Housing-3","LASER MARKING MACHINE","HSG3-4020","A","BM","30","Resistance NG coming","Resistance NG coming","resistance value higher side coming","probe condition not good","terminal touching portion wear out","probe unit alignment disturb","probe change with new and probe unit alignment done then ok","so probe change with new and probe unit alignment done then ok","Problem Category- Mechanical,Breakdown Category- Part-Failure","No","Tinku","Completed"
"May","30-05-2024 T17:00","Injector","Housing-1","HOUSING MOULDING","EIHS-091","B","BM","65","Robot stop on Die during part unloading","Robot signal malfunctioning when going on Die for part unloading","Robot turn/return issue","Turn /Return Cylinder stroke not complete","Recently signal wire change given more force on turn cylinder","Signal wire is very hard & its dressing not proper as per requirement","Robot signal wire dressing done , to run line.","We make plan to change this wire with flexible signal wire","Problem Category- Electrical,Breakdown Category- Process","Yes","Arun","Completed"
"May","31-05-2024 T11:50","Injector","Housing-2","LASER MARKING MACHINE","HSG2-4020","A","CM","150","Step dimension ng coming continually,impluse ng coming after unit alignment","Step dimension ng coming continously after model change over in dual model","Checked megnascale  & found value in lower side of spec (Spec : 10.3 to 10.7)","unit alignment ng","impulse ng coming after unit alignment","impulse wire continuity ng coming due to wire broken found ","Checked offline & found parts Ok.,Checked magnascale & found value in lower side of spec (Spec : 10.3 to 10.7),Alignment of probes checked wrt Master & part.,Robot teaching done for P22 (X-axis forward by 0.1 mm) but no impact.,Probes cleaning done.,Robot teaching done for P72 & P74 (X-axis backward by 0.1 mm) : frequency reduced.,Probe condition checked & found slight bend so alignment done,After alignment impulse ng started coming so checked Impulse OK Master & it came NG.,Continuity checked & found wire is internally broken so changed.,After wire change unit alignment done & OK.","Probe design to be changed after discussion with PED","Problem Category- Both,Breakdown Category- Design","No","Yogesh Kumar,Tinku,Salman ","Under PRD HOD Approval"
"May","31-05-2024 T12:18","Fuel Pump","Bearing Holder","PIGTAIL HOT STACKING ","M-EN-FP-BRH-1-050-1","A","BM","20","off location fault was coming & fault reset not happen","off location fault was coming & fault reset not happen","this fault coming after process complete","part confirmation signal some time not coming","sensor beam properly not coming ","sensor cleaning and alignment disturb","cut the sensor fiber for beam transfer and sensor alignment done then ok","so cut the sensor fiber for beam transfer and sensor alignment done then ok","Problem Category- Electrical,Breakdown Category- Communication","No","Tinku","Completed"
"May","31-05-2024 T23:45","Injector","Housing-2","MOLDING MACHINE","HSG2-4010","C","BM","10","Part lift up fault come in both die some time ","In both die part set ok but sensor was showing part set up side ","On part set ok condition sensor value coming lower side ","In sensor laser face side dust accumulated ","-","-","Both side sensor laser area cleaning done with whatman paper after that ok ","-","Problem Category- Electrical,Breakdown Category- Human","No","Anil Kumar","Completed"
"May","31-05-2024 T09:02","Fuel Pump","Suction Filter","Laser cutting","M-EN-FP-SUF-1-010-1","A","CM","58","Screen not cut properly during  to centering disturb","screen hole centering disturbed found during laser cutting","check jig centering found disturb","robot head cutting position disturb ","not clear",".","laser screen jig centering alignment done with position p2 adjust after that ok,before p2 position     X-9.56 and Y-266.44   after change data  X-9.3 and Y-266.5 after that ok ","jig centering check by PRD","Problem Category- Electrical,Breakdown Category- Process","No","Tinku,Salman ","Completed"
"June","01-06-2024 T11:30","Fuel Pump","SIFS # 6","Electric Inspection Machine","M-EN-FP-SIF-6-140-1","A","BM","60","No judgement given (OK/NG)by m/c,sender gauge assy. resistance lower side coming","cycle time over fault coming","machine process stop during auto cycle","sender gauge assy. resistance lower side coming ","plc side judgment hold due to compere value equal  coming","","change the connector,change the resistance lower value by PED on machine HMI data after that ok","PED revise the PCS ","Problem Category- Electrical,Breakdown Category- Communication","No","Tinku,Salman ","Completed"
"June","02-06-2024 T12:25","Injector","Housing-2","TERMINAL PRESS FIT & HEIGHT CHECK","HSG2-1010","A","BM","50","spool holding flip unit pin broken","spool drop during auto running condition","spool holding flip unit pin broken","pin thread portion was damage","during turn/return pin hit on stopper","turn/return speed was very high","take out the unit and pin change with new  & alignment done also speed adjusted done.","so take out the unit and pin change with new  & alignment done also speed adjusted done.","Problem Category- Mechanical,Breakdown Category- Part-Failure","No","Tinku,Salman ","Completed"
"June","03-06-2024 T07:27","Fuel Pump","Bearing Holder","BEARING PRESS FIT","M-EN-FP-BRH-1-010-1","A","BM","40","Ring Loader cylinder  not working","Ring Loader cylinder  not working","cylinder anable to transfer the down side ","cylinder air not exhaust","speed controler was chock","FM ACCUMULATED IN SPEED CONTROLER ","SPEED CONTROLER CHANGE WITH NEW AND CYLINDER AIR PORT CLEANING","PM TIME CYLINDER MOCTION CHECK","Problem Category- Pneumatic,Breakdown Category- Wear","No","Yogesh Kumar","Completed"
"June","03-06-2024 T06:10","Fuel Pump","FP-Armature","ARMATURE CNC # 3","M-EN-FP-ARM-1-140-3","A","BM","51","Turret index aborted fault coming","turret  motion was not happening ","turret motor have no proper (415v)","turret power cable was damaged ","turret cable have motion in every cycle","due to countinues used cable got internal cracked (1 per year changed )","turret power cable changed with new.,power cable proper dressing done.","proper dressing done and change 1/year (During Shut down)","Problem Category- Electrical,Breakdown Category- Wear","No","Sandeep Kumar,Arun","Completed"
"June","03-06-2024 T07:30","Injector","Housing-2","LASER MARKING MACHINE","HSG2-4020","A","BM","40","Step dimension ng coming all cavity","Step dimension ng coming all cavity","Step dimension value higer side coming","one prob move more down ","one prob not touch terminal","aligenment disturb ","prob aligenment done then ok","prob design modifaction under study","Problem Category- Mechanical,Breakdown Category- Design","No","Yogesh Kumar","Completed"
"June","03-06-2024 T07:25","Injector","UC # 3","LASER WELDING & MARKING","UC3-030","A","BM","35","Marking ST height check cylinder cycle time high was coming.","Height Check St cycle time high was coming.","Cylinder motion not proper.","Pneumatic flow not proper.","Cylinder upper motion speed controller malfunctioning.","Speed controller found chocked due to dust.","try to adjust speed but no adjusted.,Change the spacer with spare.,Cylinder lubrication done but no impact.,cylinder up motion speed controller with new after that OK.","Change speed controller with new.","Problem Category- Pneumatic,Breakdown Category- Part-Failure","No","Kartikey","Completed"
"June","03-06-2024 T06:40","Injector","UC # 3","SPRING AND  ADJ.PIPE ASSY ","UC3-080","A","BM","10","AJP  Loading cycle time over fault","Double AJP were being loaded in table jig","AJP were being stuck with each other ","Due to moisture ","Moisture coming from Ultrasonic washing machine ( due to Rinsing line filter chock )","Sapre  filter awaited ","AJP feeding path open and cleaned ","Stock Spare Control mechanism to be strengthen with Tool room ","Problem Category- Mechanical,Breakdown Category- Wear","No","Gaurav","Completed"
"June","03-06-2024 T14:00","Injector","Housing-4","LASER MARKING MACHINE","HSG4-4020","A","BM","30","part side pipe have dent ","part side pipe have dent ","part hit on sensor stay during part transfer","part loading cylinder goes down during transfer","suspeted air lekage from spacer",".","spacer and solinod inter change with other station and machine run ok and ,u/o","again problem coming then cylinde reed switch check","Problem Category- Pneumatic,Breakdown Category- Process","Yes","Yogesh Kumar","Completed"
"June","03-06-2024 T17:20","Injector","UC # 3","O RING AND BACKUP RING ASSY","UC3-160","B","BM","55","C.T. was high coming ( 3.2~3.3 )","Lower o-ring trasfer loder waiting","Lower o-ring late coming at escape unit","Lower o-ring transfer cylinder motion not smooth","Cylinder seal  damage","Due to long run","Lower o-ring transfer cylinder change and its alingment done,Before escape PH sensor alignment done","NA","Problem Category- Mechanical,Breakdown Category- Wear","No","Parveen Kumar,Bikash Pradhan","Completed"
"June","03-06-2024 T01:00","Injector","Housing-1","LASER MARKING","EIHS-101","C","BM","20","impulse check unit wire broken","impulse check ng coming ","impulse check station prone wire broken ","During motion wire movement available ",".",".","broken wire thembling done","Already PM point available","Problem Category- Electrical,Breakdown Category- Wear","No","Tinku,Salman ","Completed"
"June","04-06-2024 T15:55","Injector","UC # 3","NOZZLE BODY PRESS FITTING","UC3-020","B","BM","25","RB-1 home position not coming.","RB-1 home position not coming.","RB-1 waiting for some conf. ","Shutter area pass possible condition not coming.","Child part drop at shutter movement area.","Child part drop during loading unloading time.","Try to Rb-1 manually home position done.,M/C power reset done.,Then Check PLC found Palletizer home position not coming so manually home position done after that RB homeposition coming after that OK.","Remove all drop part from movement area.","Problem Category- Mechanical,Breakdown Category- Process","No","Kartikey","Completed"
"June","04-06-2024 T22:05","Fuel Pump","Bearing Holder","BEARING PRESS FIT","M-EN-FP-BRH-1-010-1","B","BM","10","Machine not come in a home position ","Machine not come in a home position","Ring Loader not working","Ring loader cylinder side air leakage available","Speed controller was faulty","Its inside o ring was damage because of continue running","Change speed controller with  new ","-","Problem Category- Pneumatic,Breakdown Category- Wear","No","Yogesh Kumar","Completed"
"June","05-06-2024 T03:36","Fuel Pump","Bearing Holder","ELECTRICAL   INSPECTION","M-EN-FP-BRH-1-140-1","C","BM","20","right side continuity continuously NG coming,during part clamp machine stand rotate","right side continuity continuously NG coming","during part clamp machine stand rotate","machine stand block set screw damage","head damage ",".","machine stand block set screw change with new","check pm point","Problem Category- Mechanical,Breakdown Category- Human","No","Tinku,Salman ","Completed"
"June","05-06-2024 T18:05","Fuel Pump","Bearing Holder","ELECTRICAL   INSPECTION","M-EN-FP-BRH-1-140-1","B","BM","25","Right side contact check NG coming","Right side  check NG fault coming","Upper side probe not a touch on carbon brush ","Probe alignment  disturb ","Probe holder mounting block mounting was loosed","Its mounting grub screw end head damage ","Upper and lower both side probe cleaning done ,Upper side probe alignment done w r t on part ","-","Problem Category- Electrical,Breakdown Category- Wear","No","Anil Kumar,Tarkeshwar Prasad","Completed"
"June","05-06-2024 T19:10","Injector","UC#1","Upper O-ring & Nozzle Leak Inspection & Sleeve Presence Check Machine","EICI-091","B","BM","75","Nozzle leak master check condition not coming  ( dip switch settiing No. 1)","Part detection not happening ","Input 1.07 is continue off ","Sensor side Oil fumes there available ","Last process oil accumulate","Sensor to be cleaned 1/shift","All sensor condition checked and found  sensor n. 107 was continue off ,lens added on sensor n. 107 then working OK .,No abnormality found so Model revert to MUC  ( dip switch setting  n. 14)","information given to Prd to clean sensor during JIG cleaning ","Problem Category- Electrical,Breakdown Category- Process","No","Kartikey,Gaurav","Completed"
"June","05-06-2024 T18:30","Fuel Pump","Bearing Holder","LOAD CHECK M/C","M-EN-FP-BRH-1-130-1","B","BM","50","oad check Magne scale value coming ng","Linear Gauge (magnacale) value coming NG at the higher side","Linear gauge was malfunctioning","Linear Gauge was malfunctioning due to its probe getting stuck during the process","Probe getting stuck due to accumulation of chips & FM particles or misalignment","FM particles came from the bearing holder part during the load check process & misalignment happened due to continuous running.","Linear Gauge (Magnascale) value coming higher than the spec. (6.30~6.42) Home Position final vale was fluctuating.,Due to chips & FM particles the tip portion of probe of linear gauge was getting stuck and thus the value was fluctuating at the higher side in microns. ,Chips & FM particles cleaned and linear gauge retightened properly & its slightly adjustment done as value was fluctuating in microns. After that machine running okay","Linear Gauge condition & its alignmnet will be checked in the upcoming June 2024 shutdown.","Problem Category- Both,Breakdown Category- Process","No","Anil Kumar,Tarkeshwar Prasad","Completed"
"June","06-06-2024 T01:57","Injector","Housing-2","LASER MARKING MACHINE","HSG2-4020","C","BM","40","TERMINAL POSITION CHECK NG COMING","TERMINAL POSITION CHECK NG COMING","terminal position check gap sensor signal malfunction ","sensor wire interlay  damage","during cylinder motion wire movement available",".","position check sensor change with new ","sensor wire dressing route change ","Problem Category- Electrical,Breakdown Category- Wear","No","Tinku,Salman ","Completed"
"June","05-06-2024 T11:30","Injector","UC # 2","Connector Press Fitting","EIAS-200","A","BM","150","Load Fault observed   in M/c during auto running .","Continue Part NG was coming jig no-2","Lift value not coming in Jig no-2","As per PRD info. one part damage during pressfitting in jig-2.","Double connector insert in part.","Human Error.","Servo position check both jig found NG in Jig-2.,Open both jig ultrasonic washing done after assy. check servo position  coming  OK.,Pressfit pin and measurement pin  changed with new.,Servo position check both jig again found OK.,Pin centering check found OK.,Master check time continuity NG coming.,Probe alignment check and found OK.,Right side probe changed with new.,Again open the measurement pin and pressfit pin and reassemble again after that OK.","One Point lesson given to all PRD TMS and MTD side we will study for Connector reverse machine ID interlocking by 30-Jun <ID interlock not feasible>","Problem Category- Mechanical,Breakdown Category- Human","No","Kartikey","Under PRD HOD Approval"
"June","06-06-2024 T02:05","Fuel Pump","Bearing Holder","CHOKE COIL WINDING M/C-2","M-EN-FP-BRH-1-070-2","C","BM","60","machine cycle stop happen in auto running condition","machine cycle stop happen in auto running condition","forming cycle time over coming","left side forming position disturb","forming unit mounting bole broken","mounting thread was damage","remove the broken bolt  and repair the mount plate thread and forming unit position adjusted done then ok ","so remove the broken bolt  and repair the mount plate thread and forming unit position adjusted done then ok ","Problem Category- Mechanical,Breakdown Category- Part-Failure","No","Tinku","Completed"
"June","07-06-2024 T13:49","Injector","UC#1","Seat Oil Leakage Inspection","EICI-052","A","BM","41","Bubble shifting issue","Insp. time bubble shifting.","Air accumulate in oil insp. circuit.","Some leakage from insp circuit.","Insp time part packing not proper.","flange o-ring wear out.","oil tub cleaning done and flange cleaning done.,Air release done of insp. circuit.,head gaskit changed with new.,change flange o-ring with new and air release done.","Flange o-ring changed with new.","Problem Category- Mechanical,Breakdown Category- Part-Failure","No","Kartikey","Completed"
"June","07-06-2024 T15:15","Fuel Pump","Suction Filter","Laser cutting","M-EN-FP-SUF-1-010-1","B","CM","83","In yl7 model centre hole cutting was shifted upper side ","Laser cutting was shifted in upper side 4mm ","Machine jig side also 4 mm shifted ","Root cause not clear but suspected cause could be-","1. Jig on which screen roll available for cutting  might be shifted. ","2. Dust protection Metal Strip of YAMAHA robot wear out due to continuous running ( not visible from outside)","Machine Jig side (origin center point ) position found disturbed,Origin point P2 position adjusted ( X and Y ),YRA model  found okay but other models were NG,Model wise robot hole cutting position adjusted (X & Y),All models checked by PRD,Running model YL7 production resumed after all quality checked","1. Job procedure for Robot Teaching and Centering check will be prepared.
2. Dust protection metal strip of yamaha actuator will be changed with new","Problem Category- Both,Breakdown Category- Process","Yes","ANKUR BANSAL,Sandeep Kumar,Anil Kumar,Tarkeshwar Prasad","Completed"
"June","07-06-2024 T21:43","Injector","Housing-3","HOLDER, PLATE & PIPE PRESS FIT MACHINE","HSG3-3020","B","BM","80","latch up down fault coming","latch up down fault coming","latch down cnf not coming","latch down reed switch not on ","cylinder rod come out ","cylinder rod piston wear out ","so damage cylinder remove and assy done new cylinder then mc run ok ","Cylinder Life Monitoring with Cylinder speed ","Problem Category- Mechanical,Breakdown Category- Part-Failure","No","Tarkeshwar Prasad","Completed"
"June","08-06-2024 T09:00","Injector","Inlet","Assembly & Bolt Tightening-4","M-EN- IN-INP-4-01-010","A","CM","30","Dent mark coming on first part only after model change.","dent mark coming on part.","dent coming during clamping time.
","Part guide is in wear out condition.","wear out part life over ","-","Part clamping finger  guide change with new.,part clamping cylinder interchange with new.","-","Problem Category- Mechanical,Breakdown Category- Wear","Yes","Kartikey","Completed"
"June","08-06-2024 T12:00","Injector","UC#1","SUB ASSY WASHING","EIAS-081","A","BM","40","part loading sensor fault coming","part conf . not coming","short nozzle conf. sensor malfunctioning ","some time part shifting during unclamping","before with PED activity low pressure nozzle direction found disturb so adjusted","adjust for perfect washing of part","part conf. sensor cleaning done ,part conf. sensor checked found ok,part conf. sensor set value adjusted but same so revert,short nozzle  conf. sensor 7.15 some time malfunctioning so cleaning done ,sensor set value adjusted 105 to 60 after that machine run ok","N/A","Problem Category- Electrical,Breakdown Category- Process","No","Kartikey","Completed"
"June","07-06-2024 T20:30","Fuel Pump","SIFS # 4","Air Leak Test","M-EN-FP-SIF-4-190-1","B","TPM","60","CT reduction activity through hand movement eliminated by hand valve removed.","CT reduction activity through hand movement eliminated by hand valve removed.","per cycle 0.3 sec time saved ",".",".",".","so solenoid add and plc side programm modification done ",".","Problem Category- Electrical,Breakdown Category- Process","No","Tarkeshwar Prasad","Completed"
"June","17-06-2024 T06:10","Injector","UC # 3","SLEEVE ASSY AND APPEARANCE CHECK","UC3-170","A","BM","360","Resistance  coming NG (1.02~1.5 ohm)  Spec:11.8~12.6 ohm","There was shorting in the resistance check circuit","It was found short in the probe thimble","Sleeve was damage by mounting bolt","Bending angle of wire is 90 degree","Probe mounting design concern","Probe alignment done,Probe changed,Replaced the relay  CR70709.2,Re-thimbling done in wire and sleeve covered,Probe gap adjusted ( details are in attached file )","Connector Mounting Block design to be modified 
Sleeve wear out check point to be added along with strip","Problem Category- Electrical,Breakdown Category- Wear","No","SOURABH GUPTA,Parveen Kumar,Akshay,Bikash Pradhan,Sumit Kumar","Under PRD HOS Approval"
"June","17-06-2024 T15:02","Fuel Pump","FP-Armature","WINDING MACHINE # 2","M-EN-FP-ARM-1-100-2","B","BM","30","53 fault coming ","53 fault coming ","wire broken from r side","pulley guide plate was broken","plate little bit crack in mid portion","..","same size  plate not available in spare.. so temporary one plate assy done then ok","same size  plate not available in spare.. so temporary one plate assy done then ok","Problem Category- Mechanical,Breakdown Category- Part-Failure","Yes","Tinku","Completed"
"June","17-06-2024 T16:38","Injector","UC#1","Ultrasonic Washing Machine","EICI-121","B","BM","40","washing lift swing fault coming ","lifter cylinder confirmation not coming within the time window","lifter clinder upward speed slow","Under investigation","","","lifer cylinder Lubrication done and speed increased after that OK","","Problem Category- Mechanical,Breakdown Category- Process","No","Akshay","Completed"
"June","18-06-2024 T08:15","Fuel Pump","FP-Armature","WINDING MACHINE # 2","M-EN-FP-ARM-1-100-2","A","BM","30","53 foult coming due to right side wire broken","53 foult coming "," wire was broken","wire come out from pully","wire guide plate broken ","wear and tear","changed with new pully protactor plate. after that m/c runing ok.","pm time check and changed ","Problem Category- Mechanical,Breakdown Category- Wear","No","Sandeep Kumar,Anil Kumar","Completed"
"June","18-06-2024 T12:15","Injector","Housing-4","FUSING MACHINE","HSG4-2020","A","BM","60","Displacement NG from Weld-2","Displacement value going on lower side of spec (Spec : 30~150)","Cylinder motion abnormal ","Cylinder inside belform damage ","-","-","Checked & found displacement NG was coming only from weld-2 after electrode change-over,Observed displacement value was varying with every part,Weld-2 forward speed adjusted but no impact,Weld-2 belform cylinder changed with new then NG part frequency reduced.,Asked PRD to take jig wise data of crimping from winding machine,Found crimping ratio of St. 2 & 3 is less so increased crimping after that OK.",".-","Problem Category- Mechanical,Breakdown Category- Process","No","Sandeep Kumar,Tarkeshwar Prasad","Completed"
"June","19-06-2024 T04:50","Injector","Housing-2","TERMINAL PRESS FIT & HEIGHT CHECK","HSG2-1010","C","BM","45","ter. drop r side","r side terminal not press fit ","press fit time terminal drop","terminal not proper chuck in chuck finger ","terminal chuck cylinder alignment ng from mounting","-","terminal chuck cylinder alignment done","-","Problem Category- Mechanical,Breakdown Category- Process","No","Yogesh Kumar","Completed"
"June","19-06-2024 T08:15","Fuel Pump","FP-Assy","PERFORMANCE INSPECTION","M-EN-FP-FPA-1-230-1,2","A","BM","30","Some time pallet not transfer from loading conveyor ","In auto cycle pallet transfer not happen ","Auto cycle ID read not happen ","ID read sensor was faulty ","Its head was damage ","Pallet touch on its face ","Lifter up and down speed adjusted from cylinder ,Replace ID read sensor with new and its position adjusted ","-","Problem Category- Electrical,Breakdown Category- Wear","No","Sandeep Kumar,Anil Kumar","Completed"
"June","19-06-2024 T10:20","Injector","UC # 3","DYNAMIC FLOW ADJUSTMENT & INSPECTION","UC3-112","A","BM","15","Machine silent stop","M/C cycle stop","Auto running condition goes"," Measurment time Its 300KPA pressure low (298.40kpa )            ( spec 298.5 ~301.5kpa )","Pressure set value was lower side","na","300 KPA pressure increase","","Problem Category- Mechanical,Breakdown Category- Process","No","Parveen Kumar,Bikash Pradhan","Completed"
"June","19-06-2024 T20:11","Fuel Pump","FP-Assy","MAGNET & SPRING ASSY","M-EN-FP-FPA-1-030-1","B","BM","30","spring was damage in magnetazation st.","spring was damage in magnetazation st.","spring little lower side presed ","Magnet position was not OK",".JIg Wear out",".","spring pf cylinder stroke decrese ",".Jig will change with new one (T.D, := 23/06/2024)","Problem Category- Mechanical,Breakdown Category- Part-Failure","No","Tinku,Tarkeshwar Prasad","Completed"
"June","19-06-2024 T20:30","Injector","Housing-3","LASER MARKING MACHINE","HSG3-4020","B","BM","20","resistance ng coming ","resistance ng coming","resistance value going out of spec","probe not making contact","probe wire found broken ","-","so prob wire resoldring done ","-","Problem Category- Electrical,Breakdown Category- Wear","No","Tinku,Tarkeshwar Prasad","Completed"
"June","19-06-2024 T18:30","Injector","Housing-2","MOLDING MACHINE","HSG2-4010","B","BM","30","mc stop at auto cycle ","mc stop at auto cycle ","robot stop at die unloading area ","pipe chuck cnf not coming ","reed switch not on ","reed switch position disturb ","so reed switch adjust as per requirement ","Reed switch looseness check in PM ","Problem Category- Electrical,Breakdown Category- Part-Failure","No","Tinku,Tarkeshwar Prasad","Completed"
"June","20-06-2024 T21:56","Fuel Pump","FP-Armature","POWDER COATING","M-EN-FP-ARM-1-050-1","B","BM","15","Blow hole defects coming from both side","Blow hole defects coming from both side","some time powder not apply in part ","under analysis","under analysis","under analysis","prd clean the powder tank and new powder add then m/c run and u/o..","prd clean the powder tank and new powder add then m/c run and u/o..","Problem Category- Mechanical,Breakdown Category- Process","No","Tinku","Completed"
"June","20-06-2024 T22:41","Injector","Housing-2","TERMINAL PRESS FIT & HEIGHT CHECK","HSG2-1010","B","BM","30","Terminal tie up height NG","GT Sensor value going out of spec","GT Sensor probe not touching ear","Spool position found disturb","Not clear","Not clear","Checked & found actual part was OK but machine giving it NG,Checked the station & found GT Sensor probe shifted on spool area so alignment is done",".","Problem Category- Mechanical,Breakdown Category- Process","No","MUKESH KUMAR,Tinku","Completed"
"June","20-06-2024 T15:00","Injector","Housing-2","MOLDING MACHINE","HSG2-4010","B","BM","60","Step dimension NG","Step dimension going out of spec","Probes not aligned with terminal","Terminals were bend","Not clear","Not clear","Checked & found terminal was bend down side,Also terminal not getting insert in die slider,Robot P72 position Z-Axis changed from 309.1 to 308.8 mm after that molding machine side was OK .,Checked Step dimension station of Laser Marking machine & found terminals were not aligned with probe so alignment is done","Probe design to be changed after discussion with PED","Problem Category- Mechanical,Breakdown Category- Design","No","MUKESH KUMAR,Tinku","Completed"
"June","21-06-2024 T08:00","Injector","Housing-2","HOLDER, PLATE & PIPE PRESS FIT M/C","HSG2-3020","A","BM","30","Camera LCD display was faulty ","In LCD display  image not showing ","For display power not come (5 VDC)","From 5 VDC adaptor side output not come ","In side adaptor electric circuit was break ","Power supply adaptor was faulty ","Replace 5 vdc adaptor with new ,Machine power re-start done ","-","Problem Category- Electrical,Breakdown Category- Part-Failure","No","Anil Kumar,Tarkeshwar Prasad","Completed"
"June","22-06-2024 T07:22","Fuel Pump","FP-Assy","MAGNETIZATION","M-EN-FP-FPA-1-050-1","A","BM","68","Some time spring damage and burr creat inside ","During auto cycle some time spring damage ","Spring hit on left side magnet ","Left side magnet touch in housing during p/f ","Magnet jig alignment NG","Magnet jig wear out ","We are doing  alignment many time but problem still same due to spring not set proper on spring jig ","Magnet jig will change with new one (T.D. := 23/06/2024)","Problem Category- Mechanical,Breakdown Category- Human","Yes","Anil Kumar,Tarkeshwar Prasad","Completed"
"June","22-06-2024 T14:42","Fuel Pump","FP-Assy","MAGNET & SPRING ASSY","M-EN-FP-FPA-1-030-1","B","BM","48","83 no fault coming","83 no fault coming","magnet drop during p/f time","p/f unit alignment disturb","..","..","magnet jig alignment done as per p/f position","magnet jig alignment done as per p/f position","Problem Category- Mechanical,Breakdown Category- Allignment","No","Tinku","Completed"
"June","23-06-2024 T06:20","Injector","Housing-4","LASER MARKING MACHINE","HSG4-4020","A","BM","10","resistance ng coming","resistance ng coming","resistance value higher coming ","probe  proper not touch in terminal ","probe in wear out ",".","so prob polishing done then zero settings done then ok ",".","Problem Category- Electrical,Breakdown Category- Wear","No","Tarkeshwar Prasad","Completed"
"June","23-06-2024 T10:55","Injector","Housing-3","LASER MARKING MACHINE","HSG3-4020","A","BM","20","Resistance  NG coming","Resistance  NG coming","resistance  value higher side coming ","probe proper not touch in terminal ","probe wear out ",".","so 2 to 3 time resistance zero settings done ",".","Problem Category- Electrical,Breakdown Category- Wear","No","Tarkeshwar Prasad","Completed"
"June","24-06-2024 T06:50","Fuel Pump","Bearing Holder","BRUSH-TERMINAL HOT STAKING","M-EN-FP-BRH-1-110-1","A","BM","25","master not on,cpu  fault coming ","PRD on the m/c power but machine master not on ","PLC side error coming ","connect the pc then  found plc backup error coming ","may be due to PLC battery or CPU issue","","download  the plc backup after that ok","plan for change the battery  with new ","Problem Category- Electrical,Breakdown Category- M/c Communication ","No","Tinku,Salman ","Completed"
"June","24-06-2024 T10:05","Fuel Pump","FP-Assy","MAGNET & SPRING ASSY","M-EN-FP-FPA-1-030-1","A","BM","56","Part Stuck up issue coming","Part getting stuck up","New magnet jig installed so during press fit part getting stuck","Alignment of magnet jig unit not okay with respect to part","Alignment slightly disturbed (On Sunday new jig was installed )","","As part stuck up issue was coming so alignment of magnet jig unit done.,Housing rest unit alignment done with respect to the part. After that okay","","Problem Category- Mechanical,Breakdown Category- Allignment","No","Tinku","Completed"
"June","24-06-2024 T13:00","Fuel Pump","FP-Assy","PERFORMANCE INSPECTION","M-EN-FP-FPA-1-230-1,2","A","BM","15","Cover rib damage problem is coming from station no-2 (Problem face unloading time),chuck cylinder motion slow","part unloading time rib damage ","part hit on jig","part chuck position ng same time","part chuck cylinder motion slow","speed controller chock ","chuck cylinder speed controller change with new ","check pm time","Problem Category- Pneumatic,Breakdown Category- Process","No","Tinku,Salman ","Completed"
"June","25-06-2024 T06:24","Fuel Pump","FP-Assy"," BEARING HOLDER PRESS FITTING","M-EN-FP-FPA-1-020-1","A","BM","10","+ok master judgment ng coming","+ok master judgment ng coming","touch sensor position alignment ng ","during process",".",".","touch sensor alignment done after that ok","pm check point ","Problem Category- Electrical,Breakdown Category- Process","No","Tinku,Salman ","Completed"
"June","24-06-2024 T09:20","Injector","UC#1","Upper O-ring & Nozzle Leak Inspection & Sleeve Presence Check Machine","EICI-091","A","BM","70","UPPER O-RING  leak NG WAS COMING","In Air leak tester value came out of spec.","Leakage came in air circuit ","Leakage in tester side",".",".","coupler open and cleaning done ,toggle valve open and cleaning done then assemble,Coupler o ring change with new one no impact then revert back,Master calibrate done multiple time no impact,Tester change with new one",".","Problem Category- Both,Breakdown Category- Part-Failure","No","Keshav,Santosh kumar Majhi","Completed"
"June","25-06-2024 T13:12","Fuel Pump","FP-Armature","ALKALI WASHING","M-EN-FP-ARM-1-030-1","A","BM","80","Conveyor getting stopped in between of the process","Conveyor getting stopped in between of the process","Back side shutter not opening properly during the process","Shutter open/close cylinder not working properly","Cylinder not working properly as its seal was wear out","Seal got wear out due to exposure to hot water vapours and continuous working","Back side shutter unit open/close cylinder was not functioning properly so conveyor was  getting stopped.,Cylinder unit disassembled and it was found that the seal was wear out.,New Cylinder Installed and reed switch position adjusted. After that okay","Other similar cylinder to be changed with new on holiday","Problem Category- Mechanical,Breakdown Category- Wear","No","Tinku,Salman ","Completed"
"June","25-06-2024 T14:15","Injector","UC#1","LIFT INSPECTION","EICI-041","A","BM","15","Measurment completion Fault","
Measurment completion Fault","Part confirmation sensor continue on ","Sensor left side fiber cable broken ","due to Oil mist environment ",".","Part confirmation PH sensor left side fiber change with new one ","NA","Problem Category- Electrical,Breakdown Category- Wear","No","Keshav,Santosh kumar Majhi","Completed"
"June","24-06-2024 T07:10","Injector","UC # 3","SPRING AND  ADJ.PIPE ASSY ","UC3-080","A","BM","20","ADJpipe loading cycle time over fault","Adjust pipe loading confirmation sensor not on","adjust pipe not came from escape unit ","adjust pipe stuck inside escape unit ","",".","Adjust pipe loading escape unit block open and cleaning done","Investigation ongoing ","Problem Category- Mechanical,Breakdown Category- Process","No","Keshav,Santosh kumar Majhi","Completed"
"June","25-06-2024 T15:30","Injector","Housing-2","TERMINAL PRESS FIT & HEIGHT CHECK","HSG2-1010","B","CM","119","left side terminal drop","terminal hight check ng coming","terminal not press fit ","terminal not proper transfer from transfer finger","rotary cylinder motion not achieved ","cylinder seal damage  ","Rotry cylinder change with new and both side terminal transfer finger aligenment ","Cylinder Life monitoring to be started thru Flow meter Aug'24","Problem Category- Mechanical,Breakdown Category- Allignment","No","Sandeep Kumar,Yogesh Kumar,Arun","Completed"
"June","25-06-2024 T22:04","Fuel Pump","Suction Filter","Assy dust suction","M-EN-FP-SUF-1-080-1","B","BM","26","Jig mounting bolt broken ","Suction was not started ","part cover close confermantion not coming","cover close signal sensor off","cover unit mounting stay bolt broken","Vibration Speed high ","All broken bolt was came out and changed all new bolt .Afetr that m/c runing ok.","cylinder speed lock and marking ,and pm time cylinder motion check.","Problem Category- Mechanical,Breakdown Category- Process","No","Sandeep Kumar,Yogesh Kumar,Arun","Completed"
"June","24-06-2024 T07:10","Injector","UC # 3",""NEEDLE & CONNECTOR ASSY  CONNECTOR REVERSE CHECK"","UC3-060","A","BM","35","Connector flip fault was coming.","connector drop during flip unit rotate ","connector rotate unit and chuck unit alignment not ok","Connector rotate rotary cylinder not complete its stroke","Rotary cylinder left side shock absorber motion hard",".","Rotary cylinder shock absorber change with new ,Alignment confirm ok","Shock absorber motion check in PM time","Problem Category- Mechanical,Breakdown Category- Part-Failure","No","Keshav,Santosh kumar Majhi","Completed"
"June","26-06-2024 T05:15","Injector","UC # 3","STATIC FLOW ADJUSTMENT & INSPECTION-2","UC3-102","C","BM","50","Load NG coming in static-2 machien","Load fault coming in micro computor.","Load cell value coming NG. Lower side ( -9999 ).","Load cell wire damaged.","Load cell wire touch with drain line metal pipe.","Load cell wire drasing remove ( it's tie bend broken )","Load cell changed with new.,Load cell calibration check found OK.,Servo 19 MM check found OK. Jig-1 : 18.992 And Jig-3 : 19.002","Load cell wire dressing check in PM time.","Problem Category- Electrical,Breakdown Category- Wear","No","Keshav,Gaurav,Parveen Kumar,Santosh kumar Majhi","Completed"
"June","26-06-2024 T11:20","Fuel Pump","Bearing Holder","PLATE TERMINAL PRESS FITTING","M-EN-FP-BRH-1-060-1","A","BM","60","R Side plate terminal not picking up from resting jig","R Side plate terminal not picking up from resting jig","terminal stuck during pick up time","resting jig side burr coming","during ruing time terminal hit on pf jig","u/o","jig side burr remove done and unit alignment done after that ok","new jig on order","Problem Category- Mechanical,Breakdown Category- Process","No","Tinku,Salman ","Completed"
"June","26-06-2024 T14:09","Fuel Pump","FP-Assy","MAGNET & SPRING ASSY","M-EN-FP-FPA-1-030-1","A","BM","21","magnet and spring stuck during p/f","part stuck up problem coming","magnet jig hit in housing during magnet assy ","magnet jig alignment ng",".",".","magnet jig alignment done ","Newly manufactured jig  to be installed ","Problem Category- Mechanical,Breakdown Category- Process","No","Tinku,Salman ","Completed"
"June","25-06-2024 T19:30","Injector","UC # 3","NOZZLE BODY PRESS FITTING","UC3-020","B","BM","30","Position correction cycle time over fault was coming.,RB home position not coming.","RB home position not coming.","Waiting coming in RB home program.","Machine Power reset done by PRD.","Position correction cycle time over fault not being reset.","Machine hang ","Power reset done by PRD.,RB home position done by pendent but from HMI home position not coming.,All RB program reset done.,Main panel RB teach key switch reset after home position coming.","Main panel RB teach key switch reset done after that OK.","Problem Category- Electrical,Breakdown Category- Process","No","Kartikey","Completed"
"June","27-06-2024 T06:00","Fuel Pump","Bearing Holder","BRUSH-TERMINAL HOT STAKING","M-EN-FP-BRH-1-110-1","C","BM","30","master not on","m/c master not on","check all condition then found master solenoid not on","solenoid not working ","wear and tear",".","master solenoid change with new ","check pm point","Problem Category- Pneumatic,Breakdown Category- Process","No","Tinku,Salman ","Completed"
"June","27-06-2024 T13:33","Fuel Pump","FP-Assy","MAGNET & SPRING ASSY","M-EN-FP-FPA-1-030-1","A","BM","25","burr coming after magnet and spring assy process","burr coming after magnet and spring assy process","jig alignment disturbe ","spring unit hit during pf ","magnet drop during assy","magnet jig suction hole wear out","magnet and spring jig alignment done","new part order ","Problem Category- Mechanical,Breakdown Category- Wear","No","Tinku,Salman ","Completed"
"June","27-06-2024 T13:00","Fuel Pump","FP-Armature","MOULDING","M-EN-FP-ARM-1-120-1","A","BM","20","Dryer Unit Temperature going down","Dryer unit  heater temperature going down","Heater was not functioning properly","heater was drawing less current","heater magnetic contactor coil was damaged","Coil of magnetic contactor damaged due to long use","Dryer unit 's heater magnetic contactor changed with new.","","Problem Category- Electrical,Breakdown Category- Part-Failure","No","Tinku,Salman ","Completed"
"June","27-06-2024 T19:20","Fuel Pump","SIFS # 4","Evaporater Air Leak Tester","M-EN-FP-SIF-4-085-1","B","CM","20","LHD model master came NG","LHD model master check coupler have no required air from Air leak tester.","Process valve not pass air","Process valve attached air inlet pipe was disconnected from air leak tester line","May B during RHD model running due to NG coming "LHD line disconnected & doing dead its port.",""LHD" This spare model run after many days, ","LHD model air line connected with process valve line, after that master check ,ok.",".","Problem Category- Pneumatic,Breakdown Category- Human","No","Arun","Completed"
"June","27-06-2024 T18:30","Fuel Pump","FP-Armature","ALKALI WASHING","M-EN-FP-ARM-1-030-1","B","BM","30","Door 1 is not getting close during operation ","Door motion was very hard ","Door shuck in its guide","Door attached cylinder alignment was little disturbed","Actual cause not clear, Suspected cause cylinder mounting little shifted","May B yesterday during door cylinder change time fine alignment not happen","Cylinder adjust from its mounting as per requirement","check door motion carefully , after cylinder change.","Problem Category- Mechanical,Breakdown Category- Allignment","No","Kartikey,Akshay,Arun","Completed"
"June","27-06-2024 T20:15","Fuel Pump","Bearing Holder","BRUSH-TERMINAL HOT STAKING","M-EN-FP-BRH-1-110-1","A","BM","35","Water is leaking from movable electrode unit.","Water leakage from movable electrode attached water pipe","Pipe connected ferrule not lock pipe","Metal (Brass) ferrule got damage due to more tight","ferrule type was not ok as per plastic pipe (Use metal ferrule at place of plastic ferrule.)","","Replace ferrule with plastic at place of brass, after that ok.","Use plastic ferrule for pneumatic pipe ","Problem Category- Pneumatic,Breakdown Category- Human","No","Kartikey,Akshay,Arun","Completed"
"June","27-06-2024 T19:30","Injector","Housing-4","MOLDING MACHINE","HSG4-4010","B","BM","30","Robot hang during part unloading on b die","Robot given J3 axis overload fault","Excessive load came on robot J3-axis","J3 axis motion time finger hitting on Die","Finger was not getting close, due its guide mounting bolt broken.","Due to continue use ( Load came in each cycle)","Finger guide broken bolt takeout & new bolt mount, after that ok.","-","Problem Category- Mechanical,Breakdown Category- Wear","No","Kartikey,Arun","Completed"
"June","27-06-2024 T02:30","Fuel Pump","FP-Assy","MAGNET & SPRING ASSY","M-EN-FP-FPA-1-030-1","C","BM","40","Some time magnet p/f not happen ","During magnet p/f cylinder motion abnormal ","Left side magnet hit on pump housing body ","Alignment not ok ","Root cause under analysis ","-","As per requirement magnet jig and spring jig alignment done ","-","Problem Category- Mechanical,Breakdown Category- Allignment","No","Anil Kumar","Completed"
"June","27-06-2024 T00:30","Fuel Pump","Bearing Holder","BRUSH-TERMINAL HOT STAKING","M-EN-FP-BRH-1-110-1","C","BM","20","master not on","master not on","master solenoid not hold ","master solenoid power fluctuate happened ","connector was damage ",".","master solenoid change with new then ok ",".","Problem Category- Mechanical,Breakdown Category- Part-Failure","No","Anil Kumar,Tarkeshwar Prasad","Completed"
"June","28-06-2024 T06:30","Injector","Housing-2","MOLDING MACHINE","HSG2-4010","A","BM","30","robot hang for unloading station at die","robot hang for unloading station at die","robot part guide finger cylinder confirmation not coming ","cylinder motion abnormal same time","cylinder wear and tear",".","terminal chuck cylinder change with new","pm point","Problem Category- Pneumatic,Breakdown Category- Wear","No","Tinku,Salman ","Completed"
"June","28-06-2024 T09:42","Injector","Housing-3","HOLDER, PLATE & PIPE PRESS FIT MACHINE","HSG3-3020","A","BM","20","PLATE P/F HIGHT NG COMING","PLATE P/F HIGHT NG COMING","Value going out of spec","plate properly not set on jig","spool guide pin movement not good","pin guide ball plunger was damage","so jig no 4,8,9 pin guide ball plunger change with new and master set done by prd then ok","so jig no 4,8,9 pin guide ball plunger change with new and master set done by prd then ok","Problem Category- Mechanical,Breakdown Category- Allignment","No","Tinku","Completed"
"June","07-06-2024 T04:30","Injector","UC # 2","Laser Welding & Marking","EIAS-140","C","BM","300","Angle NG coming From Jig 4","Movement available in part during angle check","Part not lock
","Part locking pin not going down for locking
","Jig -4 Gear Shifts from position ","Suspected due to Laser dust in machine 
","Check and found that part locking pin not going down for locking due to its bearing motion was very hard,Jig 4 opened and its bearing changed ,Jig adjusted as per requirement according to spec.,Jig Runout setting done.","PED is going to Install separate scrubber for each welding Head .TD :e/SEPT. and MTD will do electrical connection and interlocks .
MTD side Duct cleaning Point is already available ","Problem Category- Mechanical,Breakdown Category- Wear","No","Kartikey,Keshav,Gaurav,Akshay,Sumit Kumar","Under PRD HOD Approval"
"June","28-06-2024 T17:20","Injector","Housing-2","TERMINAL PRESS FIT & HEIGHT CHECK","HSG2-1010","B","BM","25","Left side terminal drop","terminal height ng coming","L-side terminal drop","terminal transfer time hit on press fit unit","terminal proper not chuck in finger","IAI cylinder position ng"," L-side terminal transfer IAI cylinder position teaching done. After that m/c running ok. ",".","Problem Category- Mechanical,Breakdown Category- Allignment","No","Sandeep Kumar","Completed"
"June","28-06-2024 T15:30","Fuel Pump","YG4 (HONDA)","Heat caulking","M-EN-FP-SIF-4-025-1","B","CM","30","78 no. fault (LS abnormality lower jig)","78 no. fault (LS abnormality lower jig)","Case holding Sliding cylinder movement not ok","sliding cylinder lm guide all ball was come out","LM guide rail was wear out","life over ","changed new cylinder . after that m/c runing ok.",".","Problem Category- Mechanical,Breakdown Category- Wear","No","Sandeep Kumar,Yogesh Kumar,Arun","Completed"
"June","28-06-2024 T21:45","Injector","Housing-2","WIRE WINDING","HSG2- 2010","B","BM","60","wire broken ng coming all station","During hooking wire getting cut ","Terminal edge hit with wire nozzle ","Terminal angle is Out of spec ","Terminal PF machine cutter changed ","Angle not inspected after cutter change ","TERMINAL PRESS FIT M/C R-SIDE ANGLE ADJUSTMENT DONE. AFTER THAT BOTH MACHINE RUNNING OK.","Point to be added in PRD check sheet after cutter change ","Problem Category- Mechanical,Breakdown Category- Human","No","Sandeep Kumar,Anil Kumar,Tarkeshwar Prasad","Completed"
"June","29-06-2024 T07:01","Fuel Pump","FP-Assy","MAGNET & SPRING ASSY","M-EN-FP-FPA-1-030-1","A","BM","60","83 no fault coming","83 no fault coming","spring is getting damage during p/f time","pressfit unit allignment disturb","magnet jig prperly not set","..","magnet jig allignment done as per housing then ok","so magnet jig allignment done as per housing then ok","Problem Category- Mechanical,Breakdown Category- Allignment","No","Tinku","Completed"
"June","29-06-2024 T10:00","Injector","UC # 3","SLEEVE ASSY AND APPEARANCE CHECK","UC3-170","A","BM","20","Resistance NG","Resistance value coming higher side ( 12.8 to 13.20 )","Terminal lose contact.","Resistance check probe plate one side gap coming.","It's Terminal plate got bend ","Possibly due to high terminal angle from hsg side ","Terminla plate changed with new with new it's holder. After that OK.","One to one replaceable unit made for Replacement time reduction ","Problem Category- Electrical,Breakdown Category- Wear","No","Keshav,Santosh kumar Majhi","Completed"
"June","29-06-2024 T10:00","Injector","Housing-1","HOUSING MOULDING","EIHS-091","A","BM","30","mold spool burr coming for D cavity","mold spool burr coming for D cavity","part loading not on position","loading time spool hitting with die","robot part loading position ng on die","U/O","robot teching done","-","Problem Category- Mechanical,Breakdown Category- Process","No","Tinku,Salman ,Parveen Kumar","Completed"
"June","29-06-2024 T12:40","Injector","UC # 3","SUB ASSY WASHING","UC3-050","B","CM","10","plan activity","N/A","N/A","N/A","N/A","N/A","Change Nozzle check interval 400~1200 ","N/A","Problem Category- Electrical,Breakdown Category- Process","No","SAHIL SAINI,Kartikey","Under MTD TL Approval"
"June","29-06-2024 T14:30","Injector","UC # 3","NOZZLE BODY PRESS FITTING","UC3-020","B","CM","60","Defect reducing activity.","N/A","N/A","N/A","N/A","N/A","NOzzle body loading speed of RB reduce 100 to 90 %.,Nozzle body loading position Z axis value adjusted P31 Z- 61.54 To 61.55.,After observation revert RB speed to 100%.","N/A","Problem Category- Electrical,Breakdown Category- Allignment","No","Kartikey","Completed"
"June","29-06-2024 T17:09","Fuel Pump","FP-Armature"," POWDER BAKING","M-EN-FP-ARM-1-060-1","B","BM","48","Machine master is getting off when temperature rise in controller unit.","Master holding condition break during auto running","Temperature higher alarm (Safety signal) generate ","Actual temp reach till high (set temp 210+10/-10 deg C)","Temp controller at PID setting not working properly","Actual cause not clear suspected cause may be its doing malfunctioning.","Temporary temp controlled  internal setting change PID to ONOF, after that mc running ok.","This model (E5EZ-R3HMT) phase out, so we change it with its substichute as per maker.","Problem Category- Electrical,Breakdown Category- Obsolete","Yes","Sandeep Kumar","Completed"
"June","29-06-2024 T20:30","Injector","Housing-1","HOUSING MOULDING","EIHS-091","B","BM","60","Continuity ng coming","CONTINUTY NG was COMING ","CONTINUTY SIGNAL was NOT COMING ","TERMINAL was NOT INSERT IN DIE ","TERMINAL WAS BEND DURING SLIDER FORWORD MOTION","ROBOT Part keeping Center not matching with slider","ROBOT TEACHING DONE, AS PER REQURIEMENT DONE.",".","Problem Category- Mechanical,Breakdown Category- Allignment","No","Sandeep Kumar","Completed"
"June","29-06-2024 T23:20","Injector","Housing-1","HOUSING MOULDING","EIHS-091","C","BM","30","Continuity ng coming from AL & BL cavity","Continuity ng coming from AL & BL cavity"," part not insert in slide core ","may be robot proper not kept ",".",".","Robot teaching done and mc run and u/o",".","Problem Category- Mechanical,Breakdown Category- Allignment","No","Tarkeshwar Prasad","Completed"
"June","29-06-2024 T00:30","Injector","Housing-2","TERMINAL PRESS FIT & HEIGHT CHECK","HSG2-1010","C","BM","25","Left side terminal drop ","Left side terminal drop during catchup from cutter unit ","Up side finger touch on terminal ","Terminal not on proper position","Gap between terminal & finger was less","Cylinder mounting  plate hight disturb","Left side finger mounting cylinder hight increase using 0.1mm washer ","Precise adjustment done for alignment ","Problem Category- Mechanical,Breakdown Category- Allignment","Yes","Anil Kumar","Completed"
"July","01-07-2024 T06:30","Injector","Housing-2","HOLDER, PLATE & PIPE PRESS FIT M/C","HSG2-3020","A","CM","60","Conveyer chain  broken ","pallet not transfer ","Conveyer chain  broken ","chain stuck with pallet","chain tension louse","tension adjust locking bolt loose","Conveyer chain change with new and tension adjust and proper lock","tension locking bolt proper tight  ","Problem Category- Mechanical,Breakdown Category- Human","No","Sandeep Kumar,Yogesh Kumar,Arun","Completed"
"July","01-07-2024 T12:40","Fuel Pump","Bearing Holder","BRUSH-TERMINAL HOT STAKING","M-EN-FP-BRH-1-110-1","A","CM","60","spark is coming during process of hot staking","Less force between the electrode & terminal","Electrode holder cylinder air supply off","MC master getting off during auto cycle","Master ON Solenoid power off due to power cable damage from thimble","Thimble joint damage due to corrosion 
(Water spillage in shutdown)","Check Master on solenoid supply cable, found damage, so repaired it","Proper insulation provide on joints ","Problem Category- Electrical,Breakdown Category- M/c Communication ","No","Sandeep Kumar,Yogesh Kumar,Arun","Completed"
"June","01-07-2024 T12:30","Injector","UC # 3","FILTER ASSEMBLY","UC3-140","A","CM","40","Pallet washing oil leakage","oil leakage for pallet washing unit.","Pallet washing unit full with oil.","drain not proper.","Same line use in filter washing unit.","filter washing time oil come in pallet washing drain line with pressure.","As per plan change the drain path of pallet washing unit. After that no leakage.","backpressure was coming so Palate washing st. oil drain line separated ","Problem Category- Mechanical,Breakdown Category- Process","No","Kartikey","Completed"
"July","01-07-2024 T19:00","Injector","UC # 2","Upper O-ring & Nozzle Leak Inspection & Sleeve Presence Check Machine","EICI-231","B","BM","50","Fault no. 90 coming","Set up data was not being OK","Set up data NG signal was Blinking ","Possibly PLC output hang ","Memory hang ","","All sensor condition checked and found OK,O ring leak st. loading st. sensor's fiber cut and assembled ,Diip switch changed on doubt basis but no impact , so revert back .,Setup data NG signal bit Toggle ON OFF done ","NA","Problem Category- Electrical,Breakdown Category- M/c Communication ","No","Gaurav,Parveen Kumar","Completed"
"July","02-07-2024 T01:48","Injector","Housing-3","LASER MARKING MACHINE","HSG3-4020","C","BM","20","Resistance  NG coming higher side","Resistance  NG coming higher side","Value going out of spec","Probe not touching terminal","probe tension weak","Probe life over","probe change with new after that ok","PM check point is already available ","Problem Category- Electrical,Breakdown Category- Wear","No","Salman ","Completed"
"July","02-07-2024 T07:44","Fuel Pump","SIFS # 3","Electrical Inspection M/c","M-EN-FP-SIF-3-270-1","A","BM","12"," current NG due to applied Voltage drop.","Part came current NG","Voltage goes drop from set value (6V)","Actual cause not clear, suspected cause may B potentiometer doing malfunctioning","Potentiometer locking machanism not abailable","MC origional part discontinued & we use other type.","Voltage (6v & 12V) adjust as per spec from potentiometer  , after that check part & master ,ok.","Check lock mechanism potentiometer","Problem Category- Electrical,Breakdown Category- Obsolete","No","Yogesh Kumar","Completed"
"July","02-07-2024 T12:10","Injector","UC # 3","SLEEVE ASSY AND APPEARANCE CHECK","UC3-170","A","CM","30","plan activity form reduce defect.","Resistance NG was coming.","Resistance value coming higher side.","Probe contact not proper.","Gap found between probe strip.","Gap accumulate due to contune inspection.","Open probe unit check and found L side probe have some gap so change set with spare after that m/c under observation.","Change probe unit with spare.","Problem Category- Electrical,Breakdown Category- Process","No","Kartikey","Completed"
"July","02-07-2024 T06:00","Injector","UC # 2","Air Leak Inspection at Welding Point","EIAS-160","C","BM","30","JIG-1 suction process NG was coming.","Jig-1 suction process NG was coming.","Suction Pressure not coming ","Solenoid output not coming ","Solenoid ON but air not coming ","Solenoid failure ","Check from PLC side all condition OK.,Check 1C pressure switch setting found OK.,Then check suction unit soleniod not working properly.,So change soleniod with new after that OK.","Change soleniod with new after that OK.","Problem Category- Pneumatic,Breakdown Category- Part-Failure","No","Kartikey","Completed"
"July","02-07-2024 T16:20","Injector","UC # 3","LASER WELDING & MARKING","UC3-030","B","BM","25","Marking st. C.T. over fault was coming","Hight check cylinder not goes upward","Air was not coming","Solenoid is not turning on","Not clear","na","MC memory reset done after that ok",".","Problem Category- Electrical,Breakdown Category- M/c Communication ","No","Gaurav,Parveen Kumar","Completed"
"July","02-07-2024 T18:20","Injector","UC # 3","SLEEVE ASSY AND APPEARANCE CHECK","UC3-170","B","CM","30","Resistance NG coming in YRA model ","Resistance value of YRA model coming higher side 12.60 Ohm or more .","Machine temperature high  ( 30 Degree celcius )","From utility side ","NA","NA","Both Contact probe changed with new for YRA model ","Filters to be cleaned by Utility ","Problem Category- Electrical,Breakdown Category- Wear","No","Gaurav,Parveen Kumar","Completed"
"July","02-07-2024 T18:10","Injector","Housing-1","HOUSING MOULDING","EIHS-091","B","BM","30","Ng discharge escape cylinder motion fault","Ng discharge escape cylinder motion fault","escape cylinder continue forward happened ","continue air come ","solenoid continue on","solenoid not work","so solenoid change with new then ok ",".","Problem Category- Electrical,Breakdown Category- Part-Failure","No","Tarkeshwar Prasad","Completed"
"July","02-07-2024 T14:40","Injector","Housing-3","LASER MARKING MACHINE","HSG3-4020","B","BM","10","resistance ng coming","resistance ng coming","resistance value higher side ","probe and terminal proper not touch ","probe wear out ",".","probe polishing done and  resistance zero settings done ","New probe design to be implemented in all hsg lines","Problem Category- Mechanical,Breakdown Category- Wear","No","Tarkeshwar Prasad","Completed"
"July","02-07-2024 T21:10","Injector","Housing-2","TERMINAL PRESS FIT & HEIGHT CHECK","HSG2-1010","B","BM","30","right side terminal drop happened ","right side terminal drop happened","right side iai chuck finger not catch ","right side flip unit chuck finger proper not carry terminal ","finger was not chucked terminal in grove","finger was wear out ","so finger was changed with new then ok ","already PM point available ","Problem Category- Mechanical,Breakdown Category- Wear","No","Tarkeshwar Prasad","Completed"
"July","02-07-2024 T00:00","Injector","Housing-2","WIRE WINDING","HSG2- 2010","C","BM","20","wire broken ng coming for station no-05","wire broken fault coming","only station 1 (jig no 1&5 )wire broken during 1st hooking","wire hooking time not inset in the terminal ","nozzel set position ng",".","1st station wire nozzel position adjust after that ok ","-","Problem Category- Mechanical,Breakdown Category- Allignment","No","Sandeep Kumar,Salman ","Completed"
"June","29-06-2024 T09:25","Injector","UC # 2","Laser Welding & Marking","EIAS-140","A","BM","30","RB Loader Fault (MC83-1) not coming Homeposition","machine home position not came","MC 83-1 home not coming ","j3 motor temp. fault came in teach pendent ","J3 axis earthing wire broken","Due to mechanical wear tear ","J3 axis earthing wire rethimbeling and fault reset ,all part taken out and memory reset done,machine power on / off done ","Thimble & dressing to be checked Visually during PM ","Problem Category- Electrical,Breakdown Category- Wear","No","Keshav","Completed"
"July","03-07-2024 T08:31","Fuel Pump","FP-Assy","Impller, side clearance ( I2 )","M-EN-FP-FPA-1-140-1","A","BM","74","side clearance ng coming continue","Part value coming NG lower side ( Spec 16.5~25 Micron)","Actual cause not clear suspected cause may b part side variation coming.","Master repeatibility check OK.",".",".","Check mc jig side ,found no looseness,Magnascale cable check, no crack/damage found,,Master repeatibility check , ok,At last request to PRD for check part side ,any change point or not.","We take final action as per CFT team.","Problem Category- Electrical,Breakdown Category- Process","No","Yogesh Kumar,Arun","Completed"
"July","03-07-2024 T13:00","Injector","Housing-2","MOLDING MACHINE","HSG2-4010","A","BM","40","Machine one cycle complete but next cycle not start by robot ","Machine one cycle complete but next cycle not start by robot ","robot stop after part unload temp loaction","next cycle start condition not completed","Robot IO 598 was not coming","Robot IO 860 was found continuously ON","Checked process & found robot was getting hand after unloading the part on unloading side.,Checked robot program & found IO 598 is not coming.,Checked PLC Program & found IO 598 has output bit 3206.06 & it is not on.,Checked in PLC & found output 3306.12 is ON so forcely OFF after that OK.","-","Problem Category- Electrical,Breakdown Category- Process","No","Yogesh Kumar,Arun","Completed"
"July","03-07-2024 T13:45","Injector","UC # 3","NOZZLE BODY PRESS FITTING","UC3-020","A","PM","30","Notch NG coming from Jig-3 as per PRD observation.,Machine cycle time high was coming.","Notch NG coming from Jig-3 as per PRD observation","Notch position was shifted during clamp in table jig","Cause in not clear under analysis","N/A","N/A","Table loading speed reduce 100 to 80% . Also increase the table loading  delay  from 100 to 150 after that m/c under observation.,Cycle time high all sensor cleaning done after that increase the speed of RB NB pickup depart speed from 30 to 50% after that OK.","N/A","Problem Category- Electrical,Breakdown Category- Process","No","Kartikey","Completed"
"July","03-07-2024 T20:00","Fuel Pump","Bearing Holder","PLATE TERMINAL PRESS FITTING","M-EN-FP-BRH-1-060-1","B","CM","30","Right side terminal p/f not happen","Right side terminal press fit not happen ","Right side terminal catch up not properly ","Terminal set on loading side not ok","Terminal supporting plate was wear out ","-","Right side terminal resting plate replace with new  and alignment done ","Need to change main p/f jig of right side (T.D. := 14/07/2024)","Problem Category- Mechanical,Breakdown Category- Wear","No","Anil Kumar","Completed"
"July","03-07-2024 T10:30","Injector","UC#1","SUB ASSY WASHING","EIAS-081","A","CM","30","Part Loading sensor fault","Part loading sensor fault was coming.","Sensor not sensing the part properly.","Sensor misalign with table jig.",".",".","Sensor alignment done as per plan.","sensor mounting tight properly.","Problem Category- Mechanical,Breakdown Category- Allignment","No","Kartikey","Completed"
"July","03-07-2024 T11:01","Injector","UC # 2","Connector Press Fitting","EIAS-200","A","BM","65","Other NG was coming.","Other NG was coming.","Lift measurement value not coming.","Child part side issue.","N/A","N/A","Both Jigs cleaning done.,Servo position check in both jigs found OK.,pressfit pin and measuremnet pin cleaning done also load cell cleaning done.,Nozzle body lot changed as per next shift problem facing previous day as per PRD after that m/c run OK.","N/A","Problem Category- Mechanical,Breakdown Category- Process","No","Kartikey","Completed"
"July","04-07-2024 T09:40","Fuel Pump","Bearing Holder","PLATE TERMINAL PRESS FITTING","M-EN-FP-BRH-1-060-1","A","BM","20","right side plate terminal damage coming","right side plate terminal  not press fit","terminal not pickup by suction unit","R side terminal top portion hit with suction unit slot","right side terminal position not match with suction unit","right side terminal holding jig and suction unit  alignment not proper ","R side terminal holding jig alignment done with suction unit","this problem coming terminal lot change every time alignment ","Problem Category- Mechanical,Breakdown Category- Allignment","No","Yogesh Kumar,Arun","Completed"
"July","04-07-2024 T11:00","Injector","Housing-3","MOLDING MACHINE","HSG3-4010","A","BM","30","Pallet mismatch fault at Unloading station","Pallet mismatch fault at pallet transfer 3 station","pallet transfer cylinder confermantion not coming"," cylinder stroke was not completed ","pallet stuck in slider area","Cylinder pushing speed was slow","pallet puch cylinder speed adjust ","-","Problem Category- Mechanical,Breakdown Category- Wear","No","Yogesh Kumar","Completed"
"July","04-07-2024 T16:12","Injector","Housing-1","MUC FUSHING END BENDING","EIHS-071","B","BM","45","resistance ng coming","resistance NG coming","resistance value coming in higher side ","probe not properly touch on terminal","terminal guide block side burr coming ","Block material was soft & wear out due to continuous use (contact in each cycle )","terminal holding derlin block polishing done.,resistance zero setting done. ","Will check to change soft to hard material block with PED","Problem Category- Mechanical,Breakdown Category- Wear","No","Sandeep Kumar,Anil Kumar,Tarkeshwar Prasad","Completed"
"July","04-07-2024 T14:30","Injector","UC # 3","NOZZLE BODY PRESS FITTING","UC3-020","B","CM","90","Noth NG  coming  in master check ","Camera was not sensing image of NB","Image of NB was not clear on vision check positon. (  P44 )","Planned job with PRD ",".",".","Vision check position taken 0.1 mm upward ,Robot palletizing position check and adjusted   (  For ZE model ),Robot chuck Guide revert back which was changed in   A shift ","","Problem Category- Mechanical,Breakdown Category- Process","No","Gaurav,Parveen Kumar","Completed"
"July","04-07-2024 T21:40","Injector","Housing-1","HOUSING MOULDING","EIHS-091","B","CM","85","Some time molding not happen on part ,In nozzel side continue material leakage at 22.10 pm ","Nozzle side needle movement did not happen ","Less space for needle movement","In nozzle body side material accumulated","Inside some foreign material accumulated suspected is inside nozzle area worn out ","Glass filled material is using so this is normal, and nozzle set life is 6 months","Shut off /on cylinder side spring shoe cleaning done ,Shut off cylinder seal change with new ,Replace nozzel set (housing , nozzel , needle and middle piece ) with old ","we will change nozzle set with new T>D> 30 Jul' 24","Problem Category- Both,Breakdown Category- Wear","No","Sandeep Kumar,Tinku,Salman ,Anil Kumar,Tarkeshwar Prasad","Completed"
"July","03-07-2024 T04:00","Injector","UC # 3",""NEEDLE & CONNECTOR ASSY  CONNECTOR REVERSE CHECK"","UC3-060","C","CM","63","palletizer fault","Master off of Palletizer unit","Magazine not shifted from 3rd station to 2nd station","Magazine transfer cylinder motion was jerking ","Cylinder speed slow ","Suspected dust in Exhaust ","Pallate transfer cylinder speed adjusted and its LM guide lubrication done ","Cylinder motion check point add in PM check sheet","Problem Category- Mechanical,Breakdown Category- Process","No","Keshav","Completed"
"July","05-07-2024 T03:16","Fuel Pump","FP-Assy","Impller, side clearance ( I2 )","M-EN-FP-FPA-1-140-1","C","BM","80","side clearance ng coming continue","side clearance ng coming continue","machine side value lower side ng coming","upper jig motion not control ","cylinder side air leak","rod seal wear out","jig movement cylinder change with new ,unit alignment check found ok,check cylinder seal found rod seal damage so change with new after that ok","pm check point add for wear out condition check","Problem Category- Both,Breakdown Category- Wear","No","Tinku,Salman ","Completed"
"July","05-07-2024 T09:56","Fuel Pump","Bearing Holder","ELECTRICAL   INSPECTION","M-EN-FP-BRH-1-140-1","A","BM","30","R-side terminal continuity NG coming continue","R-side terminal continuity NG coming continue","R side terminal continuity check relay not doing ON.","R side terminal up & down probe connect signal not coming","R-side up (top) probe connecting wire got broken","Continue up/down movement in each cycle","R-side probe wire Re-soldering done","We try to change wire type & check.","Problem Category- Electrical,Breakdown Category- Wear","No","Yogesh Kumar,Arun","Completed"
"July","05-07-2024 T12:00","Injector","UC # 3","NOZZLE BODY PRESS FITTING","UC3-020","A","CM","50","Assy RB Z axis repeatibility check as per PRD request.","Notch abnormal clamp in table jig","Robot Part loading position was not corrected at table jig","It was changed after suction jig replacement","Jig may worn-out","Under analysis & given for Measurment to SQD","RB Z axis repeatibility check by dail gauge.,repeatibility check by adjusting home position.,Before- p21, z-235.        After-p21, z-200 trail 4-5 time and repeatibility coming OK.,Then as per PRD request adjust the travel area of Z axis home position and trail done.,Before- p21, z-235  After-p21, z-141.45 trail done 4-5 time again no abnormality coming.So revert the P21 to original.,RB table loading speed decrease by 100 to 30 % as per PRD request.,After 30 mins observation revert original condition.","N/A","Problem Category- Electrical,Breakdown Category- Process","No","Kartikey","Completed"
"July","05-07-2024 T16:30","Injector","UC # 3","NOZZLE BODY PRESS FITTING","UC3-020","B","CM","30","Notch NG coming","Camera was not sensing clear image of NB","Vision reading position was far from NB","Process setting ",".",".","NB vision reading position adjusted P 44 and P 42 Z axis .",".","Problem Category- Mechanical,Breakdown Category- Process","No","Gaurav","Completed"
"July","05-07-2024 T17:10","Fuel Pump","Bearing Holder","ELECTRICAL   INSPECTION","M-EN-FP-BRH-1-140-1","B","BM","30","electric inspection mc continue ng coming ","electric inspection mc continue ng coming"," part brush not touch in probe ","alignment  not ok ",".",".","so prob alignment  done with respect to brush ",".","Problem Category- Electrical,Breakdown Category- Allignment","No","Tarkeshwar Prasad","Completed"
"July","05-07-2024 T20:20","Fuel Pump","FP-Assy","Impller, side clearance ( I2 )","M-EN-FP-FPA-1-140-1","B","BM","60","side clearance ng coming continu","side clearance ng coming continue, Root cause under analysis , CFT is working , but as per analysis , "ZERO" master found NG",".",".",".",".","jig cleaning done and mc under observation ",".","Problem Category- Mechanical,Breakdown Category- Wear","No","Tarkeshwar Prasad","Completed"
"July","05-07-2024 T21:05","Injector","Housing-2","TERMINAL PRESS FIT & HEIGHT CHECK","HSG2-1010","B","BM","10","Terminal press fit height ng coming","Terminal press fit height ng coming",".",".",".",".","Checked the condition but no abnormality found",".","Problem Category- Mechanical,Breakdown Category- Process","No","Tarkeshwar Prasad","Completed"
"July","06-07-2024 T05:05","Injector","Housing-2","TERMINAL PRESS FIT & HEIGHT CHECK","HSG2-1010","C","BM","25","Terminal press fit height and ear height  ng coming","Terminal press fit height and ear height ng coming","magnascale probe motion hard","magnascle unit forward position ng ","cylinder stopper alignment ng","Suspected due to Vibration ","magnascle unit cleaning done ,terminal transfer position adjust  ,megnascale cylinder stopper adjust after that ok","stopper condition will be checked during PM","Problem Category- Mechanical,Breakdown Category- Allignment","No","Tinku,Salman ","Completed"
"July","06-07-2024 T05:07","Injector","Housing-1","HOUSING MOULDING","EIHS-091","C","BM","23","runner drop at unloading station","runner drop at unloading station","chuck cylinder mounting loss","chuck cylinder stuck during motion","alignment ng",".","unit alignment done after that ok","unit alignment done","Problem Category- Mechanical,Breakdown Category- Allignment","No","Tinku,Salman ","Completed"
"July","06-07-2024 T05:16","Fuel Pump","FP-Armature","COMMUTATOR PRESS FITTING ","M-EN-FP-ARM-1-070-1","C","CM","30","comm.P/F dimension ng coming","comm.P/F dimension ng coming","COMM P/F dimension lower side coming","pressfit height ng","maximum pressfit happen","cylinder stroke ng","comm.  pressfit cylinder stroke adjusted done ","so  comm. pressfit cylinder stroke adjusted done then check machine run ok","Problem Category- Mechanical,Breakdown Category- Allignment","No","Tinku","Completed"
"July","05-07-2024 T19:40","Injector","UC#1","LASER WELDING & MARKING","EIAS-031","B","BM","175","Body and housing welding shift around 450 micron.","Both welding position coming NG.","welding position disturbed.","Masking jig was not clamping part properly ","masking jig found bend ","PRD cleaning the masking jig 1/Shift so possibly mis-handled the masking jig and dropped during cleaning","Protection glass change by PRD.,Welding head lens cleaning done by MTD.,Setup cylinder seal damage so cylinder changed with new.,welding still coming NG so adjustment done but no impact.,All jigs locking pin open and cleaning done.,Then alignment check At welding ST between head & table jig. Found  little disturbed.,After open the masking jig at welding ST and found bend.,So masking jig bend removed. After assy masking jig welding position coming stable at part.,Welding position adjust as per requirement. After quality comf. Now m/c run OK.","Discussion with PED to revert cleaning freq. and change this masking jig with new . ","Problem Category- Mechanical,Breakdown Category- Process","No","Kartikey","Under PRD HOD Approval"
"July","06-07-2024 T19:48","Fuel Pump","FP-Armature","COMMUTATOR PRESS FITTING ","M-EN-FP-ARM-1-070-1","B","CM","30","comm.P/F DIMENSION COMING variation coming ","comm.P/F DIMENSION COMING  variation coming ","pf time lower stopper loose ","suspected mc vibration happend ",".",".","so cylinder stopper tight and cylinder stroke adjusted then ok ",".","Problem Category- Mechanical,Breakdown Category- Allignment","No","Anil Kumar","Completed"
"July","06-07-2024 T21:09","Injector","Housing-1","HOUSING MOULDING","EIHS-091","B","BM","25","","","","","","","","","","","Tarkeshwar Prasad","Work Order Closed"
"July","06-07-2024 T21:17","Injector","Housing-4","HOLDER, PLATE & PIPE PRESS FIT MACHINE","HSG4-3020","B","BM","15","MASTER NOT ON","MASTER NOT ON",".",".",".",".","so master off on do then master check and line run ",".","Problem Category- Electrical,Breakdown Category- M/c Communication ","No","Tarkeshwar Prasad","Completed"
"July","08-07-2024 T10:00","Injector","UC # 2","Housing & Back Up Ring Press Fit Dimension Check m/c","EIAS-130","A","BM","50","Shutter Motion fault","Shutter upward motion signal was not coming","Upward reed switch was not getting ON","Cylinder was not moved upward completely","Leakage from Cylinder's Rod seal ","Seal damaged","Shutter Cylinder changed with new ,Shutter height adjusted as per requirement ","Guide rail type to be modify","Problem Category- Mechanical,Breakdown Category- Wear","No","Gaurav","Completed"
"July","08-07-2024 T12:29","Fuel Pump","Bearing Holder","PLATE TERMINAL PRESS FITTING","M-EN-FP-BRH-1-060-1","A","BM","31","right side plate terminal damage problem coming","right side plate terminal damage problem coming","part not set on jig ","alignment not ok ",".",".","so alignment done then ok ",".","Problem Category- Mechanical,Breakdown Category- Allignment","No","Tarkeshwar Prasad","Completed"
"July","08-07-2024 T16:00","Injector","UC # 2","Laser Welding & Marking","EIAS-140","B","BM","25","Abnormal sound (air sound) coming from air booster","Abnormal sound coming from booster","Air bleeding from regulator","its regulator unlock condition ","Suspected Forgot to close after Pressure adjustment ","PRD member adjusted the air Pressure ","Booster tank air release done ,Bosster out pressure adjusted","information given to PRD for not to adjust air pressure ","Problem Category- Pneumatic,Breakdown Category- Process","No","Keshav","Completed"
"July","08-07-2024 T16:00","Injector","UC # 3","NOZZLE BODY PRESS FITTING","UC3-020","B","CM","70","Nozzle body drop","Nozzle body drop by robot","Robot chuck not proper","Robot chuck suction not proper","robot teaching not ok",".","Robot Palletize teaching check found ok,vision check camera cleaning done ,Robot suction jig black colour done with marker",".","Problem Category- Mechanical,Breakdown Category- Part-Failure","No","Keshav,Santosh kumar Majhi,Bikash Pradhan","Completed"
"July","10-07-2024 T14:35","Injector","UC # 3",""NEEDLE & CONNECTOR ASSY  CONNECTOR REVERSE CHECK"","UC3-060","B","BM","70","Locate unit  up/down motion fault","Robot stop at the needle insert station","Work piece chuck confirmation not came","Work piece Chuck / Unchuck cylinder not working ","Air leakage from the cylinder speed controller mounting port ","Cylinder speed controller mounting thread damage ","Chuck / Unchuck cylinder change with new one and alignment checked and adjusted,Chuck / Unchuck cylinder Unchuck side reed switch change with new one because old  reed switch mounting screw thread also wearout ","This cylinder will be added in IOT Activity list <Cylinder life monitoring> ","Problem Category- Mechanical,Breakdown Category- Wear","No","Keshav,Santosh kumar Majhi","Completed"
"July","10-07-2024 T20:42","Injector","Housing-1","HOUSING MOULDING","EIHS-091","B","BM","18","Top dent coming pipe inner side","Top dent coming pipe inner side","Finish part unloading time dent coming","Part unloading guide finger hit in pipe","Pipe guide finger alignment was NG","This is change over part & during jig change over may not place in correct position","robot unloading jig part guide finger alignment ng so alignment done after that ok","-","Problem Category- Mechanical,Breakdown Category- Allignment","No","Tinku,Salman ","Completed"
"July","10-07-2024 T21:30","Injector","Housing-2","TERMINAL PRESS FIT & HEIGHT CHECK","HSG2-1010","B","BM","30","terminal dropp happen from left side ","Terminal drops happen from left side ","Terminal properly not pickup","Terminal position was disturbed","Terminal feeding properly not happen","Terminal chip stuck in cutter unit"," prd clean the cutter unit and terminal pickup unit then ok","so prd clean the cutter unit and terminal pickup unit then ok","Problem Category- Mechanical,Breakdown Category- Process","No","Tinku","Completed"
"July","10-07-2024 T21:30","Injector","Housing-1","FUSHING END BENDING","EIHS-061","B","BM","85","finish fusing caution fault coming","finish fusing caution fault coming","current data not show in welder display","E4 fault coming in miyachi controller ","under discussion with Maker","-","as per controller manual currnet coil change with new but after change the current coil currnet higer side ng coming ,rever back the current coil,PRD change the electrode after that machine run u/o","under discussion with Maker","Problem Category- Electrical,Breakdown Category- Process","No","Tinku,Salman ","Completed"
"July","11-07-2024 T03:15","Injector","Inlet","Assembly & Bolt Tightening-4","M-EN- IN-INP-4-01-010","C","BM","20","Forward cycle time motion fault","Forward cycle time motion fault","clamping cylinder clamping conf. not coming.","Clamping reed switch is in off condition.","Reed switch wire dissconnected from main connector.","WIre  dressing not proper.","reed switch wire connect by solering at main connector.,Wire dressing done properly.","Wire dressing done properly.","Problem Category- Electrical,Breakdown Category- Wear","No","Kartikey","Completed"
"July","11-07-2024 T00:00","Injector","UC#1","LASER WELDING & MARKING","EIAS-031","C","PM","120","AWelding position for both welding shifted upward ","Product shifted downward","Masking jig pushes the product down ","Masking Jig having dent [Bend inside ]","Actual cause not clear, suspected cause May b masking jig got drop during cleaning activity","human mistake ","Change masking jig with new after that PRD m/c confomation  done.,YL7 model HSG welding position adjusted. Before P-45 :- 26.51 , After  P-45 :- 26.61.,1620 model NB welding position adjusted Before P-51 :- 37.29 , After P51- 37.41.","Masking Jig cleaning frequency to be revert to 1/Day to 1/week  (Original and instruction given to handle carefully by PRD )","Problem Category- Mechanical,Breakdown Category- Process","No","Kartikey","Completed"
"July","11-07-2024 T14:25","Fuel Pump","FP-Assy","Cover Assembly & Housing Staking M/C","M-EN-FP-FPA-1-160-1","A","BM","20","fiber sensor broken","machine auto start condition not coming ","part confirmation sensor not on","fiber sensor cable broken","not clear (Suspected hand hit)",".","fiber sensor cable change with new after that ok","fiber broken ","Problem Category- Electrical,Breakdown Category- Process","No","Sandeep Kumar,Salman ","Completed"
"July","12-07-2024 T11:30","Injector","UC # 3","SLEEVE ASSY AND APPEARANCE CHECK","UC3-170","A","CM","60","Resistance ng was coming","Resistance value coming higher side","MC temp. was high ( 32.1 )","Room temp. high","Utiliy side issue","U/O","As per  PRD request  Resistance meter  zero reset done with master (0.25 to  0.03 )",".","Problem Category- Electrical,Breakdown Category- Process","No","Parveen Kumar","Completed"
"July","12-07-2024 T12:10","Fuel Pump","FP-Armature","ALKALI WASHING","M-EN-FP-ARM-1-030-1","A","BM","50","Door 1 is not getting close during operation","Door 1 is not getting close during operation","door was not movement ","door was stuck ","conveyer  stop cnf plate come out ","plate wear out ","door dissembled  and remove from conveyer ,conveyer stop cnf plate come out so reassembled done ",".","Problem Category- Mechanical,Breakdown Category- Allignment","No","Anil Kumar,Tarkeshwar Prasad","Completed"
"July","12-07-2024 T20:22","Fuel Pump","FP-Armature","ALKALI WASHING","M-EN-FP-ARM-1-030-1","B","BM","20","Conveyor stop between during auto cycle","conveyor was not run auto condition","conveyor stop in tank 1 inside every cycle","conveyor stop confirmation was not coming","conveyor stop sense sensor stopper was not giving feedback","life over ","conveyor stop sensor sense stopper changed with new ,another type. after that m/c running ok. ",".","Problem Category- Mechanical,Breakdown Category- Wear","No","Sandeep Kumar","Completed"
"July","12-07-2024 T20:53","Fuel Pump","FP-Assy","Side Clearance Machine","M-EN-FP-FPA-1-110-1","B","BM","20","wiper not working properly","wiper not working properly","wiper side soldeing waste material accumalte","during process",".",".","wiper cleaning done","check pm time","Problem Category- Mechanical,Breakdown Category- Process","No","Salman ","Completed"
"July","12-07-2024 T01:02","Injector","Housing-2","TERMINAL PRESS FIT & HEIGHT CHECK","HSG2-1010","C","BM","58","terminal  HEIGHT  ng coming","terminal  HEIGHT  ng coming","terminal PRESS FIT TIME DROP","terminal not proper chuck in press fit unit L SIDE ","Terminal not properly transferred by IAI unit","rotary chuck finger not proper chuck terminal","IAI chuck cylinder & rotary chuck finger alignment  left side rotary  chuck finger revert org.","-","Problem Category- Mechanical,Breakdown Category- Allignment","No","Yogesh Kumar,Arun","Completed"
"July","13-07-2024 T02:40","Injector","UC # 2","Air Leak Inspection at Welding Point","EIAS-160","C","BM","75","After activity Jig-2 B&C port suction soleniod continue ON.,Jig-2 C port soleniod  not working.","problem coming after activity.","During circuit wiring activity time B&C port wire disconnected.","During open Soleniod  connector wire disconnect.","wire disconnect due to stress on wire.","Wire length short.","output wiring from PLC  to soleniod tracing done.,Soleniod wire found disconnected so connect again by adding new wire.,new wire connect to Jig-2 B-port.,jig-2 b work working proper but still c port not working  so wire continuity check found OK.,then change soleniod with new but no impact so revert.,at last Jig-2 c port soleniod  power polarity change by changing cable.","wire length increased and connected circuit wiring as per required.","Problem Category- Electrical,Breakdown Category- Process","No","Kartikey","Completed"
"July","15-07-2024 T08:24","Fuel Pump","FP-Armature","CORE CHAMFERING","M-EN-FP-ARM-1-020-1","A","BM","35","machine home position not coming","machine home position not coming","fault no 5 coming","chamfering cylinder downward signal malfunction happen ","downward reed switch continue on","reed switch coil was hold","machine manually home position done and power off/on done for reed switch holding cut then check machine run ok.","machine manually home position done and power off/on done for reed switch holding cut then check machine run ok.","Problem Category- Electrical,Breakdown Category- M/c Communication ","No","Tinku","Completed"
"July","15-07-2024 T08:45","Injector","Housing-4","MOLDING MACHINE","HSG4-4010","A","BM","15","molding machine side power not coming","molding machine side power not coming","check main MCB found on","penal side controlling MCB ","-","-","check penal side one MCB off found so MCB reset done after that ok","-","Problem Category- Electrical,Breakdown Category- M/c Communication ","No","Tinku,Salman ","Completed"
"July","15-07-2024 T11:30","Injector","Housing-1","WIRE WINDING","EIHS-031","A","BM","20","next process feed fault coming","next process feed fault coming","winding to fusing plate shift process not happening","pallet found tilt","pallet guide plate alignment ng","Possibly due to Vibration","pallet guide plate alignment done after that ok","alignment done","Problem Category- Mechanical,Breakdown Category- Allignment","No","Tinku,Salman ","Completed"
"July","15-07-2024 T12:16","Fuel Pump","FP-Assy","PERFORMANCE INSPECTION","M-EN-FP-FPA-1-230-1,2","A","BM","14","robot 1 cycle time over fault","robot 1 cycle time over fault","1st station side robot stop","part chuck signal not coming","reed switch position ng","","robot part chuck cylinder reed switch alignment done ","check pm point","Problem Category- Electrical,Breakdown Category- Allignment","No","Tinku,Salman ","Completed"
"July","15-07-2024 T22:50","Injector","Housing-2","MOLDING MACHINE","HSG2-4010","C","CM","85","Top dent coming in both die from left side ","Top dent coming in both die from left side  on unloading position ","Finger impression mark due to chuck finger is metal","Finger corner touch in pipe opening hole","Need high precision alignment","alignment got disturb during model change over","Unloading guide finger polishing done many time ,Replace guide finger with new but same ,inter change guide finger with left side but same ,After that on both die robot teaching done at loading position so dent not coming but only impression coming in some part   ,Finally, loading side dual finger (modified) finger assembled & unloading side YRA finger assembled after that product came Ok.","Modification to be done in "Dual Finger" as per CFT discussion.","Problem Category- Mechanical,Breakdown Category- Design","Yes","Yogesh Kumar,Tinku,Salman ,Anil Kumar,Tarkeshwar Prasad,Bikash Pradhan,Arun","Completed"
"July","16-07-2024 T01:40","Injector","Housing-3","LASER MARKING MACHINE","HSG3-4020","C","BM","30","Resistance NG coming","Resistance NG coming","Value going out of spec","Minor space available between probe & terminal","Probe surface found rough","Natural phenomenon","Checked & found probes were worn out.,Probes changed with new then ok.","CM","Problem Category- Mechanical,Breakdown Category- Wear","No","Tarkeshwar Prasad","Completed"
"July","16-07-2024 T07:40","Injector","Housing-1","HOUSING MOULDING","EIHS-091","A","BM","40","pallet stuck at discharge unit station","pallet stuck at discharge unit station","part properly not feed in pallet","part mold abnormal happened","nozzle unit side drooling happened","Nozzle head worn out due to glass material","Nozzle key cleaning done","Nozzle unit to be changed with new","Problem Category- Mechanical,Breakdown Category- Part-Failure","Yes","Tinku,Salman ","Completed"
"July","16-07-2024 T19:30","Fuel Pump","FP-Armature","FUSING # 1","M-EN-FP-ARM-1-110-1","B","BM","30","machine cycle time over fault came "," machine cycle time over fault came ","Main electrode unit is taking jerking motion during operation.","bf cylinder motion not good","bf cylinder internal diaphragm damaged","damaged due to continuous and long  running","Main electrode unit belform cylinder changed with new and alignment done with respect to part. after that okay","NA","Problem Category- Pneumatic,Breakdown Category- Part-Failure","No","Yogesh Kumar,Arun","Completed"
"July","16-07-2024 T22:00","Injector","UC # 2","REVERSE WASHING MACHINE","EIAS-088","B","BM","30","Loading Unit NG work (Load) fault coming","Loading Unit NG work (Load) fault coming","Load NG was coming.","Load coming lower side.","Inspection time leakage from circuit.","Part packing seal down side head damage.","Seal changed with new.,old seal swaped  done.","down side seal swaped after that OK.","Problem Category- Mechanical,Breakdown Category- Wear","No","Kartikey","Completed"
"July","17-07-2024 T07:30","Injector","Housing-1","FUSHING END BENDING","EIHS-061","A","BM","30","Resistance  NG coming higher side","Resistance  NG coming higher side","check probe wire broken found","during probe motion ",".",".","probe wire re soldring done after that ok","check point in pm sheet","Problem Category- Electrical,Breakdown Category- Process","No","Tinku,Salman ","Completed"
"July","17-07-2024 T09:40","Injector","UC # 3","FILTER ASSEMBLY","UC3-140","A","BM","60","Escape cylinder return motion was slow ","Escape cylinder motion was very hard ","Dust accumulated in cylinder ","Wear and tear","NA","NA","Cylinder return motion speed controller changed with new ,Cylinder solenoid changed with new  But no impact so revert back ,Finally Cylinder changed with new ","Cylinder Life Monitoring will be started in FIOT","Problem Category- Mechanical,Breakdown Category- Wear","No","Keshav,Gaurav,Santosh kumar Majhi","Completed"
"July","17-07-2024 T16:36","Injector","Housing-1","FUSING","EIHS-041","B","BM","25","pallet stuck at part loading station","pallet stuck at part loading station","pallet transfer cylinder not going backward","pallet transfer cylinder forward signal not coming","forward signal reed switch malfunction","read switch extreme position  set","pallet transfer cylinder forward signal read switch position adjust","Reed switch proper set","Problem Category- Electrical,Breakdown Category- Human","No","Yogesh Kumar","Completed"
"July","17-07-2024 T16:00","Injector","Housing-4","WIRE WINDING","HSG4-2010","B","BM","46","part lift up after winding complete","2nd station part memory fault coming","part lift up after winding complete","after winding finish side wire not cut","finish side cutter not working ","finish cutter mounting cutter arm broken","2nd station cutter arm change with new","Its motion is checked during PM","Problem Category- Mechanical,Breakdown Category- Part-Failure","No","Yogesh Kumar,Arun","Completed"
"July","17-07-2024 T01:10","Injector","Housing-2","MOLDING MACHINE","HSG2-4010","C","BM","30","Water flow decreasing sensor fault coming ","Water flow was decrease ","In inline water flow was slow ","Water line main stainer block with dust ","From Utility side main line water is very dirty","-","Main and sub stainer clean of water line by PRD ","-","Problem Category- Mechanical,Breakdown Category- Process","No","Anil Kumar,Tarkeshwar Prasad","Completed"
"July","18-07-2024 T02:20","Injector","Housing-2","MOLDING MACHINE","HSG2-4010","C","BM","35","Door open at molding machine fault coming ","Door open in molding side fault coming ","Right side door close confirmation not coming ","Limit switch lever not pressed ","Limit switch mounting bolt broken ","May be team member side door closed very forcedly ","Re-mounted door limit switch with new bolt ","Other side also mounting re-tightning done ","Problem Category- Mechanical,Breakdown Category- Part-Failure","No","Anil Kumar,Tarkeshwar Prasad","Completed"
"July","17-07-2024 T04:20","Injector","Housing-2","HOLDER, PLATE & PIPE PRESS FIT M/C","HSG2-3020","C","BM","60","P&P unit side any motion not happen ","In P&P unit side part take out not happen ","Sol. valve was not operating","Sol. valve side power not coming ","Its power connector not connected ","Not clear","Re-connected power connector in many fold valve ","Need to cover from front side","Problem Category- Pneumatic,Breakdown Category- Human","No","Anil Kumar,Tarkeshwar Prasad","Completed"
"July","18-07-2024 T10:30","Injector","UC # 2","REVERSE WASHING MACHINE","EIAS-088","A","BM","60","Loading Unit NG work (Load) fault coming","Inspection station Work clamp load NG coming.","Load value coming Lower side.","Part Not proper clamp.","Lower side gasket wear out",".","Changed the Lower side gasket. Then master check found OK . But part NG coming in jig No-2. So load master check in jig No.-2. ,then master check time  master tilt and  stock in inspection station and IAI fault coming. ,So remove the master manualy. For IAI fault Machine Power OFF done.,Then Upper nozzle displacement fault coming. So IAI cylinder manualy move and by Jog moad At 5mm. Then Machine POwer OFF / ON done. After that fault not coming.,But for load NG return the Gasket orginal. Then IAI position teaching Done. P201: 21.37 to 21.45. Then MAchine running OK.","Make plan for inspection sttaion static accuracy check ( IAI position at Load )
TD : 21 Jul.","Problem Category- Mechanical,Breakdown Category- Wear","Yes","Keshav","Completed"
"July","18-07-2024 T13:51","Injector","Housing-3","COIL APPEARANCE INSPECTION","HSG3-2030","A","BM","25","camera 1 ng coming due to wire less coming ","camera 1 ng coming due to wire less coming","check and found 4th station start side wire less coming","check crimping data by PRD found ok but lower side coming","same time wire shift from terminal crimping area ",".","Checked & found it was coming from 4th station start side,Check crimping data by PRD found ok but lower side coming,Crimping & cutter gap adjusted after that OK","crimping adjust in middle position","Problem Category- Mechanical,Breakdown Category- Allignment","No","Sandeep Kumar,Salman ","Completed"
"July","16-07-2024 T17:16","Injector","UC # 3","BACK UP RING PRESS FIT","UC3-010","B","CM","254","Quality issue dent mark coming on part pipe area.",":
Quality issue dent mark coming on part pipe area.","suspected cause dent  part coming from Housing line.","under investigation.","under investigation.","under investigation.","palletizer teaching check and adjust according to master Jig. Dual / ZE model.,Part loading at pallet teaching check with master jig found Ok.","Activity done for quality issue.","Problem Category- Mechanical,Breakdown Category- Process","No","Kartikey","Under MTD HOS Approval"
"July","18-07-2024 T20:00","Injector","Housing-2","MOLDING MACHINE","HSG2-4010","B","BM","25","robot home position not come","Robot home position not come","Robot part guide cylinder backward signal not on","Cylinder not proper unchuck","cylinder side air not coming","Pneumatic air finger valve found damage","finger valve change with new","-","Problem Category- Pneumatic,Breakdown Category- Part-Failure","No","Yogesh Kumar,Anil Kumar,Arun","Completed"
"July","18-07-2024 T22:30","Injector","Housing-2","MOLDING MACHINE","HSG2-4010","B","BM","85","In DTC side water midian low level fault coming ,Hopper temprature rise fault coming ","Water flow was very slow  in outlet side ","Water line sol. valve not working ","Its plunger movement not happen ","In side rust and dust available ","From utility side dirty water coming ","Main and sub water line stainer cleaning done by PRD,In DTC side float up sensor cleaning water fill up  done after that ok,For hopper its water line sol. valve replace with new ","For water line flow check also water flow sensor mounted ","Problem Category- Both,Breakdown Category- Process","No","Anil Kumar,Tarkeshwar Prasad","Completed"
"July","19-07-2024 T23:09","Injector","Housing-1","MUC FUSHING END BENDING","EIHS-071","C","BM","20","Resistance Ng coming some time higher side (defect rate 4%) ","Some time probe connectivity  not happen","There was gap available between terminal and probe ","When probe touch on part terminal side stretch come ","Probe backward supporting stopper length less  ","-","Probe cleaning done ,Probe backward supporting plate length increase after that defect rate is zero from 2000 part ","-","Problem Category- Both,Breakdown Category- Allignment","No","Anil Kumar,Tarkeshwar Prasad","Completed"
"July","19-07-2024 T08:00","Injector","UC # 3","SLEEVE ASSY AND APPEARANCE CHECK","UC3-170","A","BM","65","Resitance meter Up Down motion fault","Dual model Resistance check cylinder down motion was not being complete","Part terminal was hitting with Contact plate ","HA cavity part's terminals were not being aligned with Contact plate","Cavity wise variation ","within spec so cant change ","Resistance check Contact plate  alignment check with cut out part terminals . found OK ,After observation  found Problem coming only in HA cavity parts  so Contact plate bend to align with HA cavity part's terminal .","Probe alignment set  as per HA cavity ","Problem Category- Mechanical,Breakdown Category- Allignment","No","Keshav,Gaurav,Santosh kumar Majhi","Completed"
"July","19-07-2024 T11:05","Injector","UC # 3","LASER WELDING & MARKING","UC3-030","A","BM","75","RB1 ROBOT FAULT WAS COMING","ROBOT 1 J2 AXIS STOP IN UNLOADING CONDITION ","J2 EXCESSIVE POSITION ERROR CAME IN TEACH PENDENT","ROBOT J2 AXIS MOTOR POWER CABLE BREAK FROM CONNECTOR SIDE ","CABLE HIT WITH METAL STAY ","CABLE DRESSING TIEBEND WAS BROKEN ","J2 AXIS MOTOR POWER CABLE CHANGE WITH NEW THEN PROPER DRESSING DONE ","cable dressing condition check in pm time ","Problem Category- Electrical,Breakdown Category- Wear","No","Keshav,Gaurav,Santosh kumar Majhi","Completed"
"July","19-07-2024 T20:00","Injector","UC # 3","BACK UP RING PRESS FIT","UC3-010","B","BM","70","IDX-3 ST no data fault was coming.","IDX-3 ST no data fault was coming.","ST -3 memory mismatch.","Vision condition not fulfil.","Vision sensor insp. process complete latch/unlatch bit found continue hold.","Vision sensor Program side issue.","M/c power reset done.,M/c memory reset done.,After that check plc side and found Vision sensor insp. process complete latch/unlatch bit found continue hold. So Force of the bit after that master condition coming.","force off the hold bit. And request PRD to not trigger vision sensor if color NG fault coming.","Problem Category- Electrical,Breakdown Category- M/c Communication ","No","Kartikey","Completed"
"July","20-07-2024 T08:24","Fuel Pump","FP-Armature","FUSING  # 02","M-EN-FP-ARM-1-110-2","A","CM","30","Nail SHIFT & CUT PROBLEM COMING ON 5TH NAIL","part fusing profile abnormal coming","Nail SHIFT & CUT PROBLEM COMING ON 5TH NAIL","electrode position not set as per part nail position","nail and electrode position Mitch match","robot teaching not good"," 5th no  robot position teaching done then ok.","so 5th no  robot position teaching done then ok.","Problem Category- Both,Breakdown Category- Allignment","No","Tinku,Salman ","Completed"
"July","20-07-2024 T08:55","Fuel Pump","FP-Assy","PERFORMANCE INSPECTION","M-EN-FP-FPA-1-230-1,2","A","BM","85","12 v test pressure NG coming in station 2 of the machine","12 V testt Pressure NG coming","Regulator unable to generate the back pressure during the process","Pressure sensor not giving the feedback properly","Pressure Sensor Display monitor showing error while shaking the cable","Pressure Sensor cable damaged internally ( may be due to twisting movement or with oil 's contact)","checked and found that pressure value was fluctuating .,Pressure sensor of station 2 cleaned ,Fair child regulator filter cleaned (FM particles available), Seals of Both jig of station2 changed with new.,Fair child regulator of station2 changed with new  and  air pressure adjusted from the booster.,checked and found that station 2 kyowa pressure sensor 's display monitor showing error while shaking the sensor cable so the cable changed with new. After that okay","Pressure Sensor and its cable to be changed periodically to avoid the breakdown (if possible 1/6 M)","Problem Category- Electrical,Breakdown Category- Wear","No","Tinku,Salman ","Completed"
"July","20-07-2024 T10:14","Fuel Pump","FP-Armature","FUSING  # 02","M-EN-FP-ARM-1-110-2","A","BM","80","Nail Shift and cut problem coming","Nail Shift and cut problem was coming","Position of nail disturbed","Maybe due to vibration available in the machine","Due to vibration during the process nail position disturbed","under analysis","checked and found that pre bending side nail was tilted as the punch of pre bending was having dent,Respective punch position changed with respect to the nail,Also the nail position coming NG so for that robot teaching done of J2 axis. After that okay","","Problem Category- Mechanical,Breakdown Category- Process","No","Tinku,Salman ","Completed"
"July","20-07-2024 T15:15","Injector","UC # 2","Back Up Ring Press Fitting","EIAS-110","A","BM","45","Part got damage during Press fitting at BUR Press Fit time.","Part damage during Pressfitting.","Jig slide in time part position disturb.","Position disturbed due to part guiding not proper.","Sliide jig part guide was in wear out condition.","Part life over.","Speed reduced by 1 turn.,Then check spare but Part guide not available so request MMD to make part.,Try to adjust slide jig stopper by 0.5mm FWD after dent mark reduce but still mark coming.,At last reduce slide jig by 3 turn to minimize speed After that defect reduced.,In break time change the work guide with new after that OK.","Part guide changed with new after that OK.","Problem Category- Mechanical,Breakdown Category- Wear","No","Kartikey","Completed"
"July","20-07-2024 T10:00","Injector","UC # 3",""NEEDLE & CONNECTOR ASSY  CONNECTOR REVERSE CHECK"","UC3-060","A","CM","120","Simulation for Dent marks coming on part","Scratch / dent  Observed in part","During Nedle Unloading, neelde touching part's pipe","part was not aligned with robot unloading position","part getting tilt during chuck","Work chuck alignmnet NG 

WHY - 6
work chuck cylinder mounting loose and disturbed

WHY-7
Cylinder mounting has much adjustement slot

WHY-8
Design Concern","Work chuck cylinder position Disturbed to tilt the part during the chuck,robot moved to needle unloading position manually and confirmed  needle touching  the  pipe,After that Work chuck alignment revert back and adjusted according to dual  and YRA models","1. cylinder Mounting plate to be changed with without slot type plate or with dowl pin 
2. Lock type (nord) washer to be added to prevent loosening of cylinder","Problem Category- Mechanical,Breakdown Category- Design","No","SOURABH GUPTA,SAHIL SAINI,Keshav,Santosh kumar Majhi","Completed"
"July","20-07-2024 T10:00","Injector","UC # 3","SPRING AND  ADJ.PIPE ASSY ","UC3-080","A","CM","60","Centre Guide pin down Motion fault","Center guide pin down confirmation was not coming ","Piston was not moving down actually ","Leakage in cylinder","Seal damaged ",".","Cylinder changed with new , then Down motion reed switch  adjusted as per Requirement ",".","Problem Category- Mechanical,Breakdown Category- Wear","No","Kartikey,Keshav,Gaurav","Under MTD HOSS Approval"
"July","22-07-2024 T09:50","Fuel Pump","FP-Assy","MAGNET & SPRING ASSY","M-EN-FP-FPA-1-030-1","A","BM","20","Process not complete & fault no 71 coming","MC stop during process & fault no.71 coming","Process not complete","Part (Spring) press fitting complete signal not coming","Touch sensor not getting ON with PF stopper ","Spring PF little lower side 17.5mm (Spec 17.0~19.0 mm)","Press fitting ok signal touch sensor stopper adjust as per OK part (18.00mm)","Touch sensor stopper adjust in center as per spec, to prevent NG part pass., We request to PRD san for checking child part side check, any change point or not.","Problem Category- Mechanical,Breakdown Category- Allignment","No","Arun","Completed"
"July","22-07-2024 T17:01","Injector","Housing-2","LASER MARKING MACHINE","HSG2-4020","B","BM","15","Resistance NG coming","Resistance NG coming","RESISTANCE CHECK UNIT VALUE HEIGHER SIDE COMING ","-","-","-","RESISTANCE UNIT ZERO SETTINGS DONE ","-","Problem Category- Electrical,Breakdown Category- Process","No","Tarkeshwar Prasad","Completed"
"July","23-07-2024 T01:38","Fuel Pump","FP-Assy","MAGNET & SPRING ASSY","M-EN-FP-FPA-1-030-1","C","BM","32","magnet spring getting damage during p/f","during auto cycle 72 no fault coming","magnet jig not insert properly","magnet stuck on housing ","magnet and spring jig alignment ng",".","magnet and spring jig alignment done after that ok","new jig on order","Problem Category- Mechanical,Breakdown Category- Allignment","No","Tinku,Salman ,Arun","Completed"
"July","23-07-2024 T00:10","Injector","UC # 3","LIFT INSPECTION","UC3-120","C","BM","60","Lift measurement value 1 coming NG ","Lift value of St. 1 coming higher side ","Lift Pin Roughness NG ","Due to continue contact ","",".","YRA model Probes changed with new ,Probe alignment checked with part's terminal, found OK","Lift Master check check point already available to know life abnormality ","Problem Category- Mechanical,Breakdown Category- Process","No","Gaurav,Santosh kumar Majhi","Completed"
"July","23-07-2024 T02:10","Injector","UC # 3","FILTER ASSEMBLY","UC3-140","C","CM","10","Filter assy chuck 1  Turn motion slow ","Air supply to cylinder was not enough","Solenoid spool stuck","Dust accumulated in solenoid ","Wear and tear","","Cylinder speed check and  found Fully open ,Solenoid valve changed with new ","Dryer Filters to be checked by End July ","Problem Category- Mechanical,Breakdown Category- Wear","No","Gaurav,Santosh kumar Majhi","Completed"
"July","23-07-2024 T19:15","Injector","UC # 3","LIFT INSPECTION","UC3-120","B","BM","60","High defect rate in YRA model st.-1","Lift measurement-1 fault was coming","Lift upper Ng coming at st.-1","Lift value coming higher side","Measurment pin wear out","suspected Pin roughness NG ","Measurment pin change with new ,Pin alignment check,Pin float zero reset done","N/A","Problem Category- Mechanical,Breakdown Category- Wear","No","Parveen Kumar,Bikash Pradhan","Completed"
"July","23-07-2024 T21:49","Fuel Pump","FP-Assy","MAGNETIZATION","M-EN-FP-FPA-1-050-1","B","BM","16","magnet spring getting damage","magnet spring getting damage","AFTER MAGNETIZATION PART UP THEN SPRING STUCK IN GUIDE JIG","SPRING JIG GUIDE BLOCK LOSS FOUND ","DURING RUNING",".","SPRING GUIDE BLOCK TIGHT DONE AND ALIGNMENT DONE","ALIGNMENT DONE","Problem Category- Mechanical,Breakdown Category- Process","No","Salman ,Tarkeshwar Prasad","Completed"
"July","23-07-2024 T23:53","Fuel Pump","FP-Assy","MAGNETIZATION","M-EN-FP-FPA-1-050-1","C","BM","20","Spring Damage in magnetization machine ","Spring Damage in magnetization machine","spring plate stuck in guide jig","spring pf hight lower side coming","spring pf stork adjustment ng ","during running time","spring pf cylinder stork adjust after that ok","spring pf stork adjustment done","Problem Category- Mechanical,Breakdown Category- Process","No","Tinku,Salman ","Completed"
"July","24-07-2024 T00:05","Fuel Pump","FP-Armature","SHAFT POLISHING","M-EN-FP-ARM-1-150-1","C","BM","30","nagara switch not working","machine auto start not happen","auto start switch not working","auto start handle mounting damage ","during operation",".","spare old auto start change after that ok","new part  order","Problem Category- Electrical,Breakdown Category- Wear","No","Tinku,Salman ","Completed"
"July","23-07-2024 T23:30","Injector","Housing-1","HOUSING MOULDING","EIHS-091","C","BM","60","pallet motion fault coming","Pallet motion fault coming","Pallet tilt found on lifter side","Pallet does not stop at location","Pallet stopper plate broken found","Welding strength was weak ","broken plate welding done  after that assy. done","New part order & install","Problem Category- Mechanical,Breakdown Category- Part-Failure","No","Tinku,Salman ","Completed"
"July","24-07-2024 T02:30","Injector","Housing-2","LASER MARKING MACHINE","HSG2-4020","C","BM","30","resistance ng coming","Resistance ng was coming","Resistance value higher side coming","Probe and wire soldering condition not good","Cross-section area wire found non-uniform","some wire came out from soldering"," both probe wire re soldering done & alignment done then ok","so both probe wire re soldering done & alignment done then ok","Problem Category- Electrical,Breakdown Category- Part-Failure","No","Tinku,Salman ","Completed"
"July","19-07-2024 T12:02","Injector","Housing-1","HOUSING MOULDING","EIHS-091","A","CM","115","part without Molding coming","part without Molding passed to laser marking machine","same time part not mold in Molding machine","material drooling in nozzle side   ","key area side material stuck","needle valve wear out from inside","KEY AREA CLEANING DONE ,VALVE HOUSING & NEEDLE VALVE CHANGE WITH NEW AFTER THAT OK","VALVE HOUSING & NEEDLE VALVE CHANGE WITH NEW","Problem Category- Mechanical,Breakdown Category- Wear","No","Sandeep Kumar,Tinku,Salman ","Completed"
"July","24-07-2024 T08:30","Injector","Housing-2","LASER MARKING MACHINE","HSG2-4020","A","BM","30","Resistance  NG coming higher side","Resistance  NG coming ","Resistance  value higher side coming","wire soldering found damage","continuous up down motion",".","PROB WIRE RESOLDRING AND ZERO SET BY MASTER THEN OK","NA","Problem Category- Electrical,Breakdown Category- Part-Failure","No","Yogesh Kumar","Completed"
"July","25-07-2024 T04:23","Fuel Pump","FP-Armature","SHAFT PRESS FIT","M-EN-FP-ARM-1-010-1","C","BM","30","shaft rotate coming","part ng coming","shaft rotate coming","shaft position disturb during press fit time","press fit pin properly not guide","pin tip portion damage","pin change with new and also alignment done then ok","so pin change with new and also alignment done then ok","Problem Category- Mechanical,Breakdown Category- Wear","No","Tinku,Salman ","Completed"
"July","25-07-2024 T08:00","Injector","Inlet","Assembly & Bolt Tightening-3","M-EN- IN-INP-3-01-010","A","BM","60","suction gun not working ,model selection was not coming after sensor changed","suction gun not working","sensor was not getting on","sensor foud damage","sensor mounting loose ","mounting bolt wearout","sensor changed with spare ,power reset done,plc was not connecting with laptop so power reset done,after connecting plc  found a temporay bit made by vendor found in contnue off ,plc backup taken and download again after that condition ok","sensor changed with spare
","Problem Category- Electrical,Breakdown Category- M/c Communication ","No","Kartikey,Akshay","Completed"
"July","22-07-2024 T13:10","Injector","UC#1","SPR.ADJ PIPE ASSY","EIAS-121","A","BM","30","Press fit pin damage during auto running.","Pressfit pin damage.","Adjust Pipe stuck on Guide ","Due to oil or something and camera didn't judge","Camera side misjudgment.","Parameter disturb possibly ","Pressfit pin changed with spare.,Centering check with master jig.,After PED done camera parameters adjustment as per requirement.","Parameter of Vision adjusted by PED as per required.","Problem Category- Both,Breakdown Category- Process","No","Kartikey","Completed"
"July","25-07-2024 T10:37","Injector","Housing-2","TERMINAL PRESS FIT & HEIGHT CHECK","HSG2-1010","A","BM","50","R-side flip unit rotary cylinder not turning properly","R-side flip unit rotry cylinder not trun","R-side flip unit rotary cylinder turn incomplete","Pneumatic pressure to rotate cylinder was less","Solenoid spool did not move","Spacer not working","Checked & found rotary cylinder was getting hang during turn motion,Speed increased but no impact,Residual air released from cylinder by removing the pneumatic pipes but no impact. Quick exhaust added but no impact,Solenoid & spacer replaced with new then movement of cylinder was Ok","-","Problem Category- Pneumatic,Breakdown Category- Part-Failure","No","Yogesh Kumar,Arun","Completed"
"July","25-07-2024 T10:30","Injector","Housing-1","HOUSING MOULDING","EIHS-091","A","BM","80","Robot not picking Part from loading station","Robot not picking Part from loading station","Robot program hang","Robot IO 558 was not coming","Terminal Guide reed switch signal 2.04 was not coming","Reed switch internal damage","Checked robot program & found IO 558 was not coming.,Checked IO 558 in drawing & found its corresponding PLC Bit 3202.14,Checked output coil of 3202.14 in PLC Program & found input 2.04 was not coming,Found 2.04 is reed switch of R-side connector in damage condition,Disassembled the jig from robot hand & removed the R-side connector from jig.,In connector the soldering of 2 wires were found removed.,New reed switch soldering done,Jig assembled on robot hand & dressing done accordingly.","Reed switch replaced with new & dressing done properly.","Problem Category- Electrical,Breakdown Category- Part-Failure","No","Yogesh Kumar,Arun","Completed"
"July","25-07-2024 T09:10","Injector","Housing-4","HOLDER, PLATE & PIPE PRESS FIT MACHINE","HSG4-3020","A","BM","60","pipe scratch coming","pipe scratch coming from jig no.1,2,3,5 ","pipe assy time touch the jig internal ","FM GENERATE IN JIG INTERNAL",".",".","all jig polishing done and latch adjust then m/c run","NA","Problem Category- Mechanical,Breakdown Category- Wear","No","Yogesh Kumar","Under MTD TL Approval"
"July","25-07-2024 T10:15","Injector","UC # 2","Back Up Ring Press Fitting","EIAS-110","A","CM","30","During backup ring pressfitting pipe getting damage","Part upper area damage during P/F.","Part position disturbed during slide IN.","Part guiding not proper.","Slide jig center guide pin found wear out condition.","Part life over.","Open slide jig and cleaning done them found center guide pin in damage condition.,Change center guide pin with new after that m/c run Ok.","Change center guide pin with new after that m/c run Ok.","Problem Category- Mechanical,Breakdown Category- Wear","No","Kartikey","Completed"
"July","25-07-2024 T11:00","Injector","UC # 2","Nozzle Body Press Fitting","EIAS-120","A","CM","30","CFT activity for defect reducing.","N/A","N/A","N/A","N/A","N/A","press fit speed reduce to 80 - 70 %  after that m/c under observation.","N/A","Problem Category- Electrical,Breakdown Category- Process","No","Kartikey","Completed"
"July","25-07-2024 T23:30","Fuel Pump","FP-Armature","SHAFT PRESS FIT","M-EN-FP-ARM-1-010-1","C","BM","25","Shaft rotate defects coming","Shaft rotate defects coming","unit alignment check then found during pf shaft same time motion abnormal","check shaft pressing punch motion hard ","upper punch open then found punch broken","during running (Route cause not clear )","punch change with new","punch change with new","Problem Category- Mechanical,Breakdown Category- Process","No","Tinku,Salman ","Completed"
"July","26-07-2024 T02:50","Injector","Housing-3","LASER MARKING MACHINE","HSG3-4020","C","BM","25","Resistance NG coming higher side","Resistance NG coming higher side","part temp high","Hot air from vortex tube","FM accumulate on vortex tube","Natural phenomenon","check the probe condition and unit alignment ,cleaning the all vertex tube then ok","clean the all vertex tube","Problem Category- Mechanical,Breakdown Category- Design","No","Tinku,Salman ","Completed"
"July","26-07-2024 T10:40","Injector","UC # 3","SPRING AND  ADJ.PIPE ASSY ","UC3-080","A","CM","30","As per PRD/PED request adjsut the Pre pressfitting position.","Load NG coming in Dynamic insp.","As per PED observation Adjust pipe press Lower side in spec.","Adj pipe pre pressfitting press the adj pipe more.","N/A","N/A","As per required adjust the cylinder stroke after that m/c under observation.","N/A","Problem Category- Mechanical,Breakdown Category- Process","No","Kartikey","Completed"
"July","26-07-2024 T13:20","Injector","UC # 3","SPRING AND  ADJ.PIPE ASSY ","UC3-080","A","BM","30","ADJP DBL Loading fault","Adjust pipe double loading fault coming.","Double adjust pipe loading at table.","Adjust pipe stuck in side escape unit.","Oil come inside esape unit.","During air blow at Adj. pipe time oil suck in escape unit.","all table Jigs cleaning done.,Open adj pipe feeding escape unit and cleaning done after that OK.","Escape unit cleaning done.","Problem Category- Mechanical,Breakdown Category- Process","No","Kartikey","Completed"
"July","26-07-2024 T16:20","Injector","UC # 3","O RING AND BACKUP RING ASSY","UC3-160","B","BM","30","Machine silnet stop during auto running .","Machine was stopped in silent mode without any fault","Lower O ring transfer cycle not completed.","O-Ring not pick up from escape unit.","O-ring confirmation sensor at before escape was blinking","Due to PH sensor alignment disturbed.","Lower o-ring linear feeder cleaning done.,PH Sensor alignment done.","NA","Problem Category- Mechanical,Breakdown Category- Allignment","No","Bikash Pradhan","Completed"
"July","27-07-2024 T23:30","Injector","Housing-1","LASER MARKING","EIHS-101","C","BM","25","part unloading discharge cylinder  conformation not coming","Part unloading discharge cylinder confirmation was not coming","Cylinder reed switch malfunction","Reed switches was faulty","During running ","","Reed switch change with new after that ok","Reed switch change with new","Problem Category- Electrical,Breakdown Category- Wear","No","Tinku,Salman ","Completed"
"July","27-07-2024 T04:00","Fuel Pump","FP-Armature","MOULDING","M-EN-FP-ARM-1-120-1","C","BM","60","Mold Thickness Fault coming","Mold Thickness fault coming","Mold unit not close fully and thickness confirmation showing off in panel","Mold thickness LS29 sensor 's sensor wire broken","Sensor wire got broken as it got hardened","Wire got hardened due to contact with the hydraulic oil","LS 29 sensor wire found broken and damaged from several points. So changed the damaged  sensor wire with new one. After that okay","1. Entire LS 29 sensor wire cable to be changed with new as per plan activity
2. Machine will replace with another one (Hydraulic → Electric)","Problem Category- Electrical,Breakdown Category- Wear","No","Tinku,Salman ","Completed"
"July","27-07-2024 T03:25","Injector","UC # 3","LASER WELDING & MARKING","UC3-030","C","BM","45","A type pallet entrance side Pallet send cylinder was not going return","Pallet send cylinder was not moving  for return motion","Air was not being supplied to the cylinder ","Solenoid valve faulty","Wear and tear",".","Pallet send cylinder lubrication done ,Solenoid valve interchanged of Pallet send and pallet unload cylinder,Problem shifted to Pallet unload cylinder after solenoid interchange so faulty Solenoid valve changed with new ","NA","Problem Category- Pneumatic,Breakdown Category- Wear","No","Gaurav","Completed"
"July","27-07-2024 T08:40","Fuel Pump","FP-Armature","SHAFT PRESS FIT","M-EN-FP-ARM-1-010-1","A","BM","20","Shaft rotate defects coming","Shaft rotate part came some time","Shaft rotate during PF time or holding time","Shaft holding clamper force was little less","Shaft was little loose in finger during clamp",".","Check Clamper & core sheet alignment .,Clamper force little adjust.","Finger clamp force adjust & by doing plan we change its pressing punch .","Problem Category- Mechanical,Breakdown Category- Allignment","No","Arun","Completed"
"July","27-07-2024 T07:40","Injector","UC # 3","FILTER ASSEMBLY","UC3-140","A","BM","80","cycle time high was coming.,Chuck inversion -1 cylinder not working properly.","machine cycle time high coming.","Chuck inversion cylinder not working properly.","Pneumatic supply exhaust not proper.","Unit manifold exhaust filter block.","Block due to dust  or seal particals coming from cylinder units.","Try to adjust speed of cylinder by speed controller but no impact on speed.,Cylinder both speed controller changed with new.,cylinder lubrication done.,check soleniod changed on 17/7/2024 so change its spacer with new.,Change cylinder and speed controller with new.,both side quick exhaust added.,Speed controller removed and soleniod manifold exhaust filter cleaning done after that Ok.","soleniod manifold exhaust filter cleaning done. after that Ok.
Exhaust filter change point to be added in PM check sheet 1/6M ","Problem Category- Pneumatic,Breakdown Category- Process","No","Kartikey","Completed"
"July","27-07-2024 T13:25","Injector","Housing-3","HOLDER, PLATE & PIPE PRESS FIT MACHINE","HSG3-3020","A","BM","25","pallet stuck in escape unit","Pallet stuck in escape unit continue","Pallet does not stop by escape cylinder","PH Sensor was not detecting the pallet","Wire of sensor was found wear out","Wire was in contact with conveyor because its conveyor tension is loose.","Checked & found pallet was getting stuck during forward motion of escape unit,Checked PH Sensor condition & found its receiver ws continuously OFF,Checked its wire condition & found it was broken,Receiver replaced with new & accordingly alignment done after that OK","We will adjust conveyor tension on 4 Aug' 24","Problem Category- Electrical,Breakdown Category- Wear","No","Arun","Completed"
"July","29-07-2024 T07:10","Fuel Pump","FP-Assy","Cover end support press-fitting M/C","M-EN-FP-FPA-1-170-1","A","BM","180","Cover end support p/f machine cycle start not happen","From spring check ok confirmation not coming ","Left side spring check judgment showing NG  ","In sensor side power not coming ","In amplifier sensor head error  coming ","Root cause under discussion with Keyence member ","Replace sensor with right side but same so revert back,Try to reset error of amplifier with support manual and keyence member but fault still same  , Machine power reset many time but fault was same in amplifier ,Same model amplifier not available in stock So replace with different model . But application of sensor is same . So no impact on actual process  ,In amplifier sensor setting done as per requirement . And all master check by PRD team member . after that machine run ok","Same sensor to be revert back when available in stock","Problem Category- Electrical,Breakdown Category- Part-Failure","No","ANKUR BANSAL,Anil Kumar,Tarkeshwar Prasad","Under MTD HOSS Approval"
"July","29-07-2024 T17:30","Injector","Housing-2","LASER MARKING MACHINE","HSG2-4020","B","BM","20","terminal bend coming ,rasistance probe bend found","Resistance NG was coming","Value going out of spec 12.3 - 13.7 ohm","Probe not making correct contact with terminals","Resistance probe found bend","Life over (Max 2 month)","resistance probe change with new after that ok","probe change with new ","Problem Category- Electrical,Breakdown Category- Wear","No","Tinku,Salman ","Completed"
"July","30-07-2024 T08:50","Injector","Housing-1","LASER MARKING","EIHS-101","A","BM","10","insulation ng coming ","Insulation ng coming","Electrical circuit incomplete","Probe contact not happened with terminal","Insulation wire was broken ","There is up/down motion available in wire during measurement.","Broken wire rethimbling done then ok ",".","Problem Category- Electrical,Breakdown Category- Wear","No","Tarkeshwar Prasad","Completed"
"July","30-07-2024 T15:53","Fuel Pump","FP-Armature","SHAFT PRESS FIT","M-EN-FP-ARM-1-010-1","B","BM","30","shaft rotate coming","some time part quality ng coming","shaft rotate coming","shaft position disturb during press fit time","some shaft shifted happen during unclamp time","clamper force not good","clamper force adjusted done & upper punch cleaning done then ok","so clamper force adjusted done & upper punch cleaning done then ok","Problem Category- Mechanical,Breakdown Category- Allignment","No","Tinku","Completed"
"July","30-07-2024 T17:30","Fuel Pump","FP-Assy","Cover Assembly & Housing Staking M/C","M-EN-FP-FPA-1-160-1","B","BM","30","during casing p/f process part hit in upper jig","machine stop p/f process","during casing p/f process part hit in upper jig","upper jig pin motion hard ","dust available in pin area ",".","upper jig pin cleaning done after ok","cleaning done","Problem Category- Mechanical,Breakdown Category- Process","No","Tinku,Salman ","Completed"
"July","31-07-2024 T08:30","Injector","UC # 3","NOZZLE BODY PRESS FITTING","UC3-020","A","BM","120","Gripper xfer return fault was coming","Gripper Mounting Pin broken 
","High Vibration/ Impact on Pin 
","Gripper <1100mm > Mounting on 2 Pins 
Pin Mounting thread M4
Pin Mounting thread M4
Pin Mounting thread M4
( Pin mounting thread M4 )","Design concern 
","U/A","Broken Pin removed from ball screw and Assembled New one ,Gripper alignment check","Eliminate Significant Impact by design modification in Pin.   TD: 20 Aug
","Problem Category- Mechanical,Breakdown Category- Design","No","Parveen Kumar","Completed"
"July","31-07-2024 T08:57","Injector","Housing-2","LASER MARKING MACHINE","HSG2-4020","A","BM","20","insulation ng coming ","Insulation ng coming","Value going out of spec","Electrical circuit was incomplete","Insulation wire broken","There is up/down motion is available during measurement.","Broken wire rethimbling done and resistance zero settings done ",".","Problem Category- Electrical,Breakdown Category- Wear","No","Tarkeshwar Prasad","Completed"
"Aug","01-08-2024 T12:40","Injector","UC # 3","NOZZLE BODY PRESS FITTING","UC3-020","A","BM","70","Gripper Xfer home return fault  was coming","Gripper was not in home position ","Gripper L-SIDE mounting pin was broken","Due to load appled on gripper plate","Gripper stuck with pallet","Under analysis","Gripper mounting pin modified and assembled,Gripper alignment Check and zero reset done ","Gripper mounting pin modified","Problem Category- Mechanical,Breakdown Category- Part-Failure","No","Parveen Kumar,Bikash Pradhan","Under MTD HOSS Approval"
"Aug","01-08-2024 T12:30","Injector","Housing-3","LASER MARKING MACHINE","HSG3-4020","A","BM","60","Resistance Ng coming at higher side (Defect rate 2% )","Some time resistance value increase ","Gap come between both resistance check unit probe side ","Both side probe bend","Probe alignment ng with the respect of part terminal ","Long use","Condition checked & found gap available between probe & terminal,Probes condition checked & found they were worn out,Replace probe with new both station,According to master probe unit alignment and resistance zero set done","Both station probes replaced with new","Problem Category- Both,Breakdown Category- Wear","No","Anil Kumar,Tarkeshwar Prasad","Completed"
"Aug","01-08-2024 T14:54","Injector","Housing-3","LASER MARKING MACHINE","HSG3-4020","B","BM","20","Resistance Value higher side","Resistance Value higher side","Probe contact with terminal not happening","Gap was available between probe & terminal","Long use","Natural phenomenon","both probe side gap ng so alignment done after that ok","alignment","Problem Category- Electrical,Breakdown Category- Design","No","Salman ","Completed"
"Aug","01-08-2024 T17:35","Fuel Pump","FP-Armature","SHAFT POLISHING","M-EN-FP-ARM-1-150-1","B","BM","20","part shaking not happen","part shaking not happen","part shaking motor stop during process ","part shacking motor pulley side dent coming","pulley wear out",".","pulley dent polishing done after that ok","pulley change plan ","Problem Category- Mechanical,Breakdown Category- Process","No","Salman ","Completed"
"Aug","01-08-2024 T17:40","Injector","Housing-2","LASER MARKING MACHINE","HSG2-4020","B","BM","20","Resistance  NG coming higher side","Resistance NG coming higher side","Value going out of spec","One probe was not touching terminal properly","Probe unit alignment NG","probe unit mounting bolt loss found","Probe unit alignment done and bolt properly tight done","unit alignment done","Problem Category- Electrical,Breakdown Category- Allignment","No","Salman ","Completed"
"Aug","01-08-2024 T17:30","Fuel Pump","FP-Armature","SHAFT PRESS FIT","M-EN-FP-ARM-1-010-1","B","BM","90","dent found on core sheet in d-cut during P/F PROCESS","Dent found on core sheet in d-cut side during P/F PROCESS","upper punch side dent found","core sheet loading jig key wear out","during core sheet loading dent found","check child part dent found same core sheet ng coming","PART LOADING JIG ALIGNMENT CHECK FOUND OK,CORE SHEET PRESSING PUNCH SIDE DENT POLISHING DONE,CORE SHEET LOADING JIG KEY CHANGE WITH NEW ,CORE SHEET CHILD PART CHECK FOUND COMING SO CHANGE THE CHILD PART LOT AFTER THAT OK","change the core sheet lot","Problem Category- Mechanical,Breakdown Category- Process","No","Salman ","Completed"
"Aug","01-08-2024 T20:50","Injector","Housing-3","WIRE WINDING","HSG3-2010","B","BM","25","return  conveyor stopper not working","Return conveyor stopper side pallet not escape ","Escape cylinder motion not happen ","Cylinder side air leakage found","Cylinder seal was found wear out","Life over","Pallet escape cylinder change with new","Cylinder change with new","Problem Category- Pneumatic,Breakdown Category- Wear","No","Salman ","Completed"
"Aug","01-08-2024 T23:25","Injector","Housing-2","LASER MARKING MACHINE","HSG2-4020","C","BM","15","Resistance NG coming","Continue Resistance NG coming in higher side (15.0~16.0 ohm)","Part terminal & probe contact not making properly","Dust available on probe face","Actual cause not clear but suspected cause may b due to continue contact dust/dirt accumulate on probe area",".","Zero master check ok,Probe & part terminal centering check ok,Probe soldering check-ok.,Probe clean with IPA & Bam coat, after that check part run ok.","Probes cleaning done","Problem Category- Mechanical,Breakdown Category- Process","No","Arun","Completed"
"Aug","10-08-2024 T04:40","Fuel Pump","FP-Armature","BALANCING M/C","M-EN-FP-ARM-1-160-1","A","BM","80","Cut 2  angle of rotation fault coming continue","Cut 2 side angle of rotation fault come","During angle rotation sensor sense of metal and plastic both ","In part side dark ness was came on plastic portion ","Root cause not clear but suspected cause was molding machine side material issue ","-","Cut 2 angle of rotation sensor cleaning done but same ,BM station sensor set value change but same so revert back ,Cut 2 cylinder and its sol. valve motion check found ok ,Finally cut 2 sensor set value increase 770 to 1273 ","","Problem Category- Electrical,Breakdown Category- Process","Yes","Tinku,Anil Kumar","Completed"
"Aug","02-08-2024 T08:35","Injector","UC # 3","NOZZLE BODY PRESS FITTING","UC3-020","A","BM","70","Gripper Xfer home return fault coming","Gripper home position was not coming","Gripper stuck with pallete","Gripper L-side mounting was loose","Guide pin mounting thread wear out","Under analysis","New thread make and new guide pin assembled,Alignment check of gripper and calset done","New modified guide pin already order","Problem Category- Mechanical,Breakdown Category- Part-Failure","No","Parveen Kumar,Bikash Pradhan","Under MTD HOSS Approval"
"Aug","02-08-2024 T14:45","Injector","Housing-4","MOLDING MACHINE","HSG4-4010","B","CM","30","Molding unit fault coming found NH temperature down at auto running","Molding unit fault coming found NH temperature down at auto running","NH temp. down coming","Nozzle key motion not happen","Nozzle side material drooling","Normal phenomena as using glass material","Key area cleaning done","Key area cleaning done","Problem Category- Mechanical,Breakdown Category- Process","No","Tinku,Salman ","Completed"
"Aug","03-08-2024 T13:47","Injector","Housing-4","LASER MARKING MACHINE","HSG4-4020","A","BM","30","Resistance NG coming","Value was going out of spec","Probes not making contact with terminal","Gap was available between probes & terminal","Life over","Natural Phenomenon","Checked & found resistance was continuously coming NG,Probes condition checked & found gap was available between probes & terminal,Probes disassembled & found they were bend & wear out,Probes replaced with new,Probes alignment done with respect to master,Resistance zero reset done with respect to RESISTANCE ZERO MASTER.","Probes replaced with new","Problem Category- Electrical,Breakdown Category- Part-Failure","No","Salman ","Under MTD HOSS Approval"
"Aug","05-08-2024 T07:03","Fuel Pump","Bearing Holder","BRUSH-TERMINAL HOT STAKING","M-EN-FP-BRH-1-110-1","A","BM","20","Water is leaking from movable electrode unit.","in side of machine water available found","Water is leaking from movable electrode unit.","water fitting ferrule damage ","due to long use ",".","water pipe fitting change with new after that ok","fitting change with new","Problem Category- Mechanical,Breakdown Category- Wear","No","Salman ","Completed"
"Aug","05-08-2024 T07:07","Fuel Pump","Bearing Holder","PLATE TERMINAL PRE-TIGHTENING","M-EN-FP-BRH-1-090-1","A","BM","20","MASTER OFF during cycle","MASTER OFF during cycle","door px sensor relay off during cycle ","px sensor signal beak during cycle ","px sensor wire pinch found on back side machine cover","human mistake","sensor change with new and wire dressing  properly after that ok","sensor wire dressing done","Problem Category- Electrical,Breakdown Category- Human","No","Salman ","Completed"
"Aug","05-08-2024 T06:35","Injector","UC # 3","LASER WELDING & MARKING","UC3-030","A","BM","235","Welding Device fault coming ,Chiller fault coming,Welding machine error","Problem 1 and 2 :
Welding device not getting ready
","Chiller not ready","chiller side water flow and pressure drop ","Main water line Filter chocked ","Problem 3 :
1. Laser Generator not getting ready in Auto condition
2.Laser Generator Side Contact responsible IPG service bit on
3. Warning out bit continue on (Can only be reset by maker as it is password protected)
4. Root cause Under investigation with maker","Checked Generator side and found that Water flow was 0,Line Flushing already done last week <2 times>,Main Water line Filter checked by PRD and Found Chocked,Main Water Line Filter changed with New by PRD after that Problem 1 and 2 OK,For Problem 3 check Laser Generator and found Warning out bit and "Contact responsible IPG service bit ON' ,So take maker support via remote and fault reset by Maker (Fault can only be reset by maker as it was password protected))","NA","Problem Category- Electrical,Breakdown Category- M/c Communication ","No","SOURABH GUPTA,SAHIL SAINI,Santosh kumar Majhi","Under MTD TL Approval"
"Aug","05-08-2024 T09:30","Injector","UC#1","SEAT LEAK","EICI-051","A","BM","40","Seal Leak NG and recheck NG coming","Seal leak value very low coming.","Air coming in side the measurment circuit.","Part clamping not proper.","Part sealing oil tube flange o-ring and head gasket wear out.",".","1) Head gasket changed with new.,2) Oil tube flange o-ring changed. and Measurment circuit air release done. after that M/C run OK.","O-ring and Head gasket change cycle revise in PM check sheet.","Problem Category- Mechanical,Breakdown Category- Wear","No","Santosh kumar Majhi","Under MTD HOSS Approval"
"Aug","05-08-2024 T06:20","Injector","UC#1","Seat Oil Leakage Inspection","EICI-052","A","BM","30","M/C not in home position","Table Homeposition not coming.","Front door not close.","Loading station part ID conformation sensor continoue ON.","Oil coming on Sensor lence.","..","Cleaning the sensor lence. After that M/C run OK . ( actual time 5min. but  same time UC-2 machine problem so Break down time 30 min )",".","Problem Category- Electrical,Breakdown Category- Process","No","Santosh kumar Majhi","Under MTD HOSS Approval"
"Aug","06-08-2024 T03:20","Injector","UC # 3","SPRING AND  ADJ.PIPE ASSY ","UC3-080","C","BM","20","Loading check condition fault ","Double adjust pipe were being loaded in table Jig","Adjust pipe were being sticky","Due to Oil accumulation in Feeding path ","Oily Environment ","","Adjust pipe feeding path open and cleaning done ","Air Blow in Adjust pipe Block to be Optimised <Under Discussion with CFT>","Problem Category- Mechanical,Breakdown Category- Process","No","Gaurav","Under MTD HOSS Approval"
"Aug","06-08-2024 T16:00","Injector","Housing-1","HOUSING MOULDING","EIHS-091","B","BM","80","robot hang for unloading station ,robot part not pick up during unloading at die","robot hang AT  unloading station","robot IO 555 SIGNAL NOT COMING","UNLAODING GUIDE UN CHICK SIGNAL NOT COMING","UN LOADING GUIDE NOT PROPER UNCHUCK","ROBOT IO CABLE CAME BETWEEN UNLOADING GUIDE  FINISH PART UNLOADING STATION CYLINDER","ROBOT IO CABLE DRESSING DONE ,ROBOT ROTARY CYLINDER SPEED ADJUST THEN OK","CABLE TYPE CHANGE FROM HARD TO FLEXIBLE ","Problem Category- Electrical,Breakdown Category- Process","No","Yogesh Kumar,Arun","Under MTD TL Approval"
"Aug","06-08-2024 T04:15","Injector","Housing-1","LASER MARKING","EIHS-101","C","BM","60","Insulation NG coming continue ","Insulation NG coming continue  ","Insulation wire broken and one probe damage ","During auto cycle probe touch on absodex jig","Probe mounting, cylinder was loose from threads","its thread wears out ","Replace probe , cylinder  and insulation wire re-thimbling done ","-","Problem Category- Both,Breakdown Category- Wear","No","Tinku,Anil Kumar","Under PRD TL Approval"
"Aug","07-08-2024 T15:10","Fuel Pump","SIFS # 6","Pump and supporter assy M/C","M-EN-FP-SIF-6-050-1","B","BM","20","Filter press fliting punch not press to Regulator side filter ","Filter press fliting punch not press to Regulator side filter ","Filter press fliting punch press half lock to Regulator side filter ","Filter press fliting punch height not match as per PF stroke","Punch height not match as per drawing "," Actual cause not clear suspected cause  May B change over as per model wise ","We have no spare punch , so temporary punch unit mount with side slot guide port at place of top mounting","New punch drawing given to MMD san for making new, after that we confirm on mc.","Problem Category- Mechanical,Breakdown Category- Process","Yes","Yogesh Kumar,Arun","Completed"
"Aug","07-08-2024 T01:35","Injector","UC # 3","SPRING AND  ADJ.PIPE ASSY ","UC3-080","C","BM","40","Loading Check condition fault","Double AJP were being loaded in Table jig ","AJP were being stuck with each other ","Due to oil accumulation ","Oily enviornment","","Feeding path open and cleaned ,Feeding path air blow increased,Again feeding path cleaned ","","Problem Category- Mechanical,Breakdown Category- Process","No","Gaurav","Under MTD HOSS Approval"
"Aug","09-08-2024 T16:00","Injector","Housing-2","WIRE WINDING","HSG2- 2010","B","CM","40","part pick & place up down cylinder moction ng","Machine cycle time higer coming","Part pick & place unit upword motion slow","Insufficient air pressure","Air leakage from cylinder","Cylinder rod seal found wear out","Cylinder change with new","Old cylinder seal replaced with new & kept in Almirah for future use.","Problem Category- Pneumatic,Breakdown Category- Part-Failure","No","Yogesh Kumar,Arun","Completed"
"Aug","09-08-2024 T23:50","Injector","Housing-4","TERMINAL PRESSFIT & HEIGHT CHECK","HSG4-1010","C","BM","65","Pallet escape cylinder LS fault coming ","Pallet escape cylinder LS fault coming","Pallet escape cylinder down 2nd read switch confirmation not coming ","Its down 2nd rod stuck inside ","Cylinder inside seal was damage","Cylinder life over ( 5 years & 10000 cycle daily)","Escape cylinder replace with new and alignment done ","Escape cylinder replace with new","Problem Category- Pneumatic,Breakdown Category- Wear","No","Tinku,Anil Kumar","Under PRD TL Approval"
"Aug","13-08-2024 T06:15","Fuel Pump","Suction Filter","Assy dust suction","M-EN-FP-SUF-1-080-1","A","BM","30","Machine auto cycle not start","Machine auto cycle not start","door close signal not coming","door close confermantion sensor not working","sensor head damage","suspected door hit on sensor head","sensor change with new","sensor  to be installed at such a position that gap is maintained from the door","Problem Category- Electrical,Breakdown Category- Part-Failure","No","Yogesh Kumar","Completed"
"Aug","13-08-2024 T11:00","Fuel Pump","FP-Assy","PERFORMANCE INSPECTION","M-EN-FP-FPA-1-230-1,2","A","BM","60","Residual pressure is coming in L-90 model","Residual pressure NG coming continue (Not in auto line production part)","Residual pressure have more variation (155 to 210 kpa)","PRD san run some PED san trial part run","May B some data required to PED /PRD san","Cause Not clear ","We adjust  pressure regulator as per trial part & reverd back a per line running OK part.",".Correlation activity carried out by PED","Problem Category- Electrical,Breakdown Category- Process","No","Yogesh Kumar,Arun","Completed"
"Aug","13-08-2024 T13:40","Fuel Pump","FP-Assy","PERFORMANCE INSPECTION","M-EN-FP-FPA-1-230-1,2","A","BM","80","Residual pressure ng is coming second station due to part inclind set in jig","Residual pressure continue NG (Zero) coming at St-2 Jig-4 only","Pressure not create by pump
","Pump have no power supply during resudual pressure checking","Power supply contact probe not touch with part terminal","Contact probe got bend (why bend not claer)","Contact probe change with spare new & align as per part setting.,Prd change part guide seal (down side)","cause under analysis","Problem Category- Electrical,Breakdown Category- Allignment","No","Yogesh Kumar,Anil Kumar,Arun","Completed"
"Aug","13-08-2024 T15:20","Injector","Housing-1","FUSHING END BENDING","EIHS-061","B","BM","60","Finish side fusing caution fault coming in every cycle ","In finish side (2nd st.) caution fault coming continue  ","Front electrode forward time hit on spool ","Electrode not on proper position","Electrode holder mounting misaligned","Its unit mounting one bolt was loosed ","Electrode replace by PRD TM  with new but same ,Front electrode unit alignment done as per master left / Right , and Up/ Down   after that machine running ok. ","In its unit both bolt side marking done with paint marker for future referance ","Problem Category- Mechanical,Breakdown Category- Allignment","No","MUKESH KUMAR,Anil Kumar,Sachin Surya","Under PRD TL Approval"
"Aug","13-08-2024 T14:50","Injector","UC # 3","BACK UP RING PRESS FIT","UC3-010","B","BM","25","Robot home position not coming","Robot home position was not coming.","BUR transfer gripper not showing home position","Gripper transfer up/down cylinder downward confirmation not showing.","BUR was found stuck in between the cylinder.","It was stuck during transfer cycle.","Remove the stuck BUR from cylinder.After that make all home position & run the machine.","Already request to PRD for cleaning during PQ time.","Problem Category- Mechanical,Breakdown Category- Process","No","SOURABH GUPTA,Bikash Pradhan","Under MTD HOSS Approval"
"Aug","13-08-2024 T21:20","Injector","Housing-4","LASER MARKING MACHINE","HSG4-4020","B","CM","60","Step diamension comign Ng in some part (defect rate 7%) ","Step dimension coming Ng in some part","Value coming on higher side of spec.","In some part terminal height was on lower side","Terminal P/f machine side pressfit position reduced by 0.1 mm & magnescale setting also revert back as per discussion with PED","-","We checked all NG parts in off line jig found that its height was lower side.,Terminal P/f machine side pressfit position P12 reduced by 0.1 mm (Before : 146.50 ; After : 146.40).,After that terminal height fault was coming so as per discussion with PED, magnescale setting also revert back from 0.200 to 0.300.","To be discussed in CFT","Problem Category- Both,Breakdown Category- Process","Yes","Anil Kumar,Sachin Surya","Under PRD TL Approval"
"Aug","14-08-2024 T11:30","Fuel Pump","FP-Armature","ARMATURE CNC-4","M-EN-FP-ARM-1-140-4","A","BM","30","Abnormal sound during running","Abnormal sound came during cycle complete","Sound coming from spindle when its stop after processing.","When motor stop then Spindle side belt slip","Belt tension was little loose","Belt little expend","Spindle Belt change with spare new (Qty-4)",".","Problem Category- Mechanical,Breakdown Category- Part-Failure","No","Yogesh Kumar,Arun","Completed"
"Aug","14-08-2024 T12:43","Fuel Pump","FP-Armature","ARMATURE CNC # 3","M-EN-FP-ARM-1-140-3","A","CM","27","Oil leakage from m/c inside ","Oil leakage from m/c inside ","Oil coming from slide unit","At fix frequency lubrication oil pumping in slide ","MC process (as per maker specification)","To prevent slide jam/damage","We already confirm mc lubrication system with maker , no leakage.","Request to PRD san that this is mc design, & please clean mc at set frequency.","Problem Category- Mechanical,Breakdown Category- Design","No","Yogesh Kumar,Arun","Rejected"
"Aug","14-08-2024 T12:45","Fuel Pump","FP-Armature","ARMATURE CNC-4","M-EN-FP-ARM-1-140-4","A","CM","25","Oil leakage m/c top side oil pipes ","Oil leakage m/c top side oil pipes","MC top side oil collect tray is full by lubrication oil","Tray not clean","Cleaning frequency b available at prd side",".","We already check mc with maker , he check & suggest this is not oil leakage, but is lubrication oil which is used for slide after  at set frequency.","Request to PRD san please clean tray, mc inside after set a frequency , as per you.","Problem Category- Mechanical,Breakdown Category- Design","No","Yogesh Kumar,Arun","Rejected"
"Aug","14-08-2024 T15:35","Injector","Housing-4","LASER MARKING MACHINE","HSG4-4020","B","CM","85","Step dimension ng coming all cavity","Part value coming on higher side of spec.
(Spec. : 10.30 ~ 10.70)","Misjudgement from magnescale (Some Ok part also coming NG)","Measurement value variation coming, higher to actual 40 micron","M/C and outside gauge mismatch","under analysis","Checked & found variation of 50 to 70 microns was available in M/c side magnescale value & offline gauge.,N=5 NG Parts taken from machine & PRD took offline data & same parts run in machine again to get the magnescale value & found variation,Step dimension masters checked & found Ok,PED changed the PRESET value of LG3 & LG4 from 10.60 to 10.56 after that variation between magnescale & offline gauge was minimum. ,Again, step dimension masters checked & found Ok.,PRD run the line & found defect rate reduced from 7% to 2%.","1. PED changed the PRESET value of LG3 & LG4 from 10.60 to 10.56.
2. Both amplifiers (LG3 & LG4) locked.","Problem Category- Both,Breakdown Category- Process","No","MUKESH KUMAR,Anil Kumar,Sachin Surya","Under MTD HOSS Approval"
"Aug","14-08-2024 T05:46","Fuel Pump","FP-Assy"," BEARING HOLDER PRESS FITTING","M-EN-FP-FPA-1-020-1","C","BM","30","touch sensor not working","machine judgement ng coming","touch sensor not working","touch sensor tip portion damage","touch sensor lock nut was come out,..","..","ouch sensor change with new and as per master sensor position adjusted done then ok","so touch sensor change with new and as per master sensor position adjusted done then ok","Problem Category- Electrical,Breakdown Category- Part-Failure","No","Tinku,Salman ","Completed"
"Aug","16-08-2024 T21:05","Injector","Housing-3","WIRE WINDING","HSG3-2010","B","BM","20","camera 1 ng coming","camera 1 ng coming","wire short coming in start side ","crimping not happened ","suspected cutter may be little bit wear out ","","so winding mc 4th st. crimping adjust then ok ",".","Problem Category- Mechanical,Breakdown Category- Part-Failure","No","Tarkeshwar Prasad","Under MTD TL Approval"
"Aug","16-08-2024 T17:10","Injector","Housing-3","WIRE WINDING","HSG3-2010","B","BM","30","wire broken in 4 th st.","wire broken in 4 th st.","proper not insert in terminal ear","wire nozzle bend ","","","wire nozzle bend so change with new prd side , and also crimping adjust ",".","Problem Category- Mechanical,Breakdown Category- Allignment","No","Tarkeshwar Prasad","Under MTD TL Approval"
"Aug","17-08-2024 T13:34","Injector","Housing-2","MOLDING MACHINE","HSG2-4010","A","BM","","","","","","","","","","","","Yogesh Kumar","Assigned"
"Aug","18-08-2024 T10:30","Injector","UC#1","LIFT INSPECTION","EICI-041","A","CM","40","Measurment completion Fault was coming","Measurment cylinder down confirmation was not coming","Cylinder motion was hard ","Seal damage","Run from long time","na","Cylinder changed with new ,GT sensor preset done ",".","Problem Category- Mechanical,Breakdown Category- Part-Failure","No","Parveen Kumar,Bikash Pradhan","Under MTD HOSS Approval"
"Aug","20-08-2024 T06:20","Fuel Pump","FP-Armature","MOULDING","M-EN-FP-ARM-1-120-1","A","BM","60","Dryer unit temperature rising not happen ","Dryer unit temperature rising not happen  ","Heater side input voltage not available ","Heater supply voltage  controlled  contactor On not happen ","MC02 contactor coil Open","Root cause under analysis .","Replace contactor with new after that ok","Also add in PM check sheet ( 1/3 M )","Problem Category- Electrical,Breakdown Category- Part-Failure","No","Anil Kumar,Tarkeshwar Prasad","Completed"
"Aug","20-08-2024 T06:20","Injector","UC # 2","Ultrasonic Washing Machine","EIAS-250","A","BM","80"," Fuse disconnect fault was coming","CB 3 trip after unit master on","Oscillator generator-3 tripping during oscillation ","Power board faulty","May be abnormal noise in the electric circuit.","Under investigation","Oscillator generator power board changed from another spare generator ",".","Problem Category- Electrical,Breakdown Category- Part-Failure","No","Parveen Kumar,Akshay,Bikash Pradhan","Under MTD HOSS Approval"
"Aug","20-08-2024 T06:20","Fuel Pump","Bearing Holder","PLATE TERMINAL PRE-TIGHTENING","M-EN-FP-BRH-1-090-1","A","BM","30","during auto run master off","during auto run master off","plc side run signal sometime gone","internaly may be wire break",".",".","so plc change with spare then ok ",".","Problem Category- Electrical,Breakdown Category- Part-Failure","No","Anil Kumar,Tarkeshwar Prasad","Under MTD TL Approval"
"Aug","20-08-2024 T19:49","Injector","Housing-2","MOLDING MACHINE","HSG2-4010","B","BM","","","","","","","","","","","","Yogesh Kumar","Assigned"
"Aug","20-08-2024 T12:30","Injector","UC # 3","SEAT OIL  LEAKAGE INSPECTION-2","UC3-132","A","BM","","","","","","","","","","","","Parveen Kumar","Assigned"
"Aug","21-08-2024 T06:10","Injector","Housing-4","MOLDING MACHINE","HSG4-4010","A","CM","","","","","","","","","","","","","Generated"
"Aug","21-08-2024 T08:30","Injector","Housing-4","MOLDING MACHINE","HSG4-4010","A","BM","","","","","","","","","","","","","Generated"
"Aug","21-08-2024 T09:16","Injector","Housing-2","MOLDING MACHINE","HSG2-4010","A","BM","","","","","","","","","","","","","Generated"
"Aug","21-08-2024 T11:20","Injector","Housing-2","MOLDING MACHINE","HSG2-4010","A","BM","","","","","","","","","","","","","Generated"
"Aug","21-08-2024 T13:32","Injector","Housing-1","FUSING","EIHS-041","A","BM","","","","","","","","","","","","","Generated"
"Aug","21-08-2024 T15:40","Injector","UC # 3","O RING AND BACKUP RING ASSY","UC3-160","B","BM","30","Cycle time coming High  ( 3.2 sec ) ","Lower  O ring assy unit all cylinder motion was slow ","Air was not completely exhausting from the actuators","Lower o ring assy unit solenoid manifold's silencer was chocked ","Because of dust accumulation","Continuous usage ","Lower o ring pusher cylinder Rod found broken so  Cylinder changed with repaired one ,Pusher cylinder Return speed increased by 1 Turn,Lower O ring assy unit Manifold's silencer removed as no saperate spare of silencer available .","We will Order silencer for this issue ","Problem Category- Pneumatic,Breakdown Category- Wear","Yes","Gaurav","Under MTD HOSS Approval"
"Aug","21-08-2024 T18:00","Injector","UC # 3","SEAT OIL  LEAKAGE INSPECTION-2","UC3-132","B","BM","40","Seat Leak  0 master coming NG","Leak Difference coming high","Oil leakage from Inspection circuit ","Flange cap worn out ","Life over ",""," Oil tub cleaned and flange tightening checked and found OK ,Head seal changed with new ,Flange topside o ring changed with new ,Flange cap changed with new ","","Problem Category- Mechanical,Breakdown Category- Wear","No","Gaurav","Under MTD HOSS Approval"
"Aug","22-08-2024 T02:10","Injector","UC # 2","Nozzle Body Press Fitting","EIAS-120","C","BM","","","","","","","","","","","","Kartikey","Assigned"
"Aug","22-08-2024 T04:00","Injector","UC # 2","Static Flow Adjustment & Inspection","EICI-122","C","BM","","","","","","","","","","","","Kartikey","Assigned"
"Aug","22-08-2024 T11:45","Fuel Pump","FP-Armature","SHAFT PRESS FIT","M-EN-FP-ARM-1-010-1","A","BM","","","","","","","","","","","","","Generated"
"Aug","22-08-2024 T12:00","Injector","Housing-2","HOLDER, PLATE & PIPE PRESS FIT M/C","HSG2-3020","A","BM","","","","","","","","","","","","","Generated"
"Aug","22-08-2024 T16:14","Fuel Pump","FP-Assy","CENTRIFUGAL OIL SEPARATOR","M-EN-FP-FPA-1-070-1","B","BM","","","","","","","","","","","","","Generated"
"Apr","28/4/2024 - 3:53 pm","Fuel Pump","SIFS # 4","Joint(suction valve) snap fitting with flange","M-EN-FP-SIF-4-1690-1","","PM","15","","","","","","","","","","","Sandeep","Completed"
"July","21/7/2024 - 3:17 pm","Fuel Pump","SIFS # 4","Joint(suction valve) snap fitting with flange","M-EN-FP-SIF-4-1690-1","","PM","10","","","","","","","","","","","Yogesh","Completed"
"May","26/5/2024 - 1:37 pm","Fuel Pump","SIFS # 4","Jebra tube press fitting machine 1","M-EN-FP-SIF-4-171-1","","PM","20","","","","","","","","","","","Salman","Completed"
"Apr","28/4/2024 - 3:41 pm","Fuel Pump","FP-Armature","SHAFT PRESS FIT","M-EN-FP-ARM-1-010-1","","PM","20","","","","","","","","","","","Salman","Completed"
"May","20/5/2024 - 7:52 am","Fuel Pump","FP-Armature","SHAFT PRESS FIT","M-EN-FP-ARM-1-010-1","","PM","80","","","","","","","","","","","Sandeep","Completed"
"June","13/6/2024 - 3:23 pm","Fuel Pump","FP-Armature","SHAFT PRESS FIT","M-EN-FP-ARM-1-010-1","","PM","30","","","","","","","","","","","Sandeep","Completed"
"Aug","11/8/2024 - 6:41 AM","Fuel Pump","FP-Armature","SHAFT PRESS FIT","M-EN-FP-ARM-1-010-1","","PM","15","","","","","","","","","","","Salman","Completed"
"Apr","28/4/2024 - 3:41 pm","Fuel Pump","FP-Armature","CORE CHAMFERING","M-EN-FP-ARM-1-020-1","","PM","10","","","","","","","","","","","Salman","Completed"
"June","13/6/2024 - 3:23 pm","Fuel Pump","FP-Armature","CORE CHAMFERING","M-EN-FP-ARM-1-020-1","","PM","20","","","","","","","","","","","Sandeep","Completed"
"Apr","28/4/2024 - 3:41 pm","Fuel Pump","FP-Armature","ALKALI WASHING","M-EN-FP-ARM-1-030-1","","PM","30","","","","","","","","","","","Sandeep","Completed"
"June","13/6/2024 - 3:23 pm","Fuel Pump","FP-Armature","ALKALI WASHING","M-EN-FP-ARM-1-030-1","","PM","20","","","","","","","","","","","Sandeep","Completed"
"Aug","11/8/2024 - 7:00 AM","Fuel Pump","FP-Armature","ALKALI WASHING","M-EN-FP-ARM-1-030-1","","PM","35","","","","","","","","","","","Salman","Completed"
"Apr","28/4/2024 - 3:43 pm","Fuel Pump","FP-Armature"," DRYING & COOLING","M-EN-FP-ARM-1-040-1","","PM","25","","","","","","","","","","","Sandeep","Completed"
"June","13/6/2024 - 3:23 pm","Fuel Pump","FP-Armature"," DRYING & COOLING","M-EN-FP-ARM-1-040-1","","PM","20","","","","","","","","","","","Sandeep","Completed"
"July","13/7/2024 - 7:50 AM","Fuel Pump","FP-Armature"," DRYING & COOLING","M-EN-FP-ARM-1-040-1","","PM","20","","","","","","","","","","","Tarkeshwar","Completed"
"Aug","11/8/2024 - 7:04 AM","Fuel Pump","FP-Armature"," DRYING & COOLING","M-EN-FP-ARM-1-040-1","","PM","14","","","","","","","","","","","Salman","Completed"
"Apr","28/4/2024 - 3:45 pm","Fuel Pump","FP-Armature","POWDER COATING","M-EN-FP-ARM-1-050-1","","PM","35","","","","","","","","","","","Sandeep","Completed"
"May","20/5/2024 - 7:53 am","Fuel Pump","FP-Armature","POWDER COATING","M-EN-FP-ARM-1-050-1","","PM","40","","","","","","","","","","","Sandeep","Completed"
"June","13/6/2024 - 3:24 pm","Fuel Pump","FP-Armature","POWDER COATING","M-EN-FP-ARM-1-050-1","","PM","50","","","","","","","","","","","Sandeep","Completed"
"July","15/7/2024 - 10:02 am","Fuel Pump","FP-Armature","POWDER COATING","M-EN-FP-ARM-1-050-1","","PM","30","","","","","","","","","","","Tinku","Completed"
"Aug","11/8/2024 - 7:38 AM","Fuel Pump","FP-Armature","POWDER COATING","M-EN-FP-ARM-1-050-1","","PM","50","","","","","","","","","","","Salman","Completed"
"Apr","28/4/2024 - 3:46 pm","Fuel Pump","FP-Armature","COMMUTATOR PRESS FITTING ","M-EN-FP-ARM-1-070-1","","PM","10","","","","","","","","","","","Sandeep","Completed"
"June","13/6/2024 - 3:26 pm","Fuel Pump","FP-Armature","COMMUTATOR PRESS FITTING ","M-EN-FP-ARM-1-070-1","","PM","10","","","","","","","","","","","Sandeep","Completed"
"July","13/7/2024 - 7:46 AM","Fuel Pump","FP-Armature","COMMUTATOR PRESS FITTING ","M-EN-FP-ARM-1-070-1","","PM","10","","","","","","","","","","","Tarkeshwar","Completed"
"Apr","28/4/2024 - 3:46 pm","Fuel Pump","FP-Armature"," POWDER BAKING","M-EN-FP-ARM-1-060-1","","PM","10","","","","","","","","","","","Sandeep","Completed"
"May","20/5/2024 - 7:53 am","Fuel Pump","FP-Armature"," POWDER BAKING","M-EN-FP-ARM-1-060-1","","PM","10","","","","","","","","","","","Sandeep","Completed"
"June","13/6/2024 - 3:26 pm","Fuel Pump","FP-Armature"," POWDER BAKING","M-EN-FP-ARM-1-060-1","","PM","10","","","","","","","","","","","Sandeep","Completed"
"Aug","11/8/2024 - 8:21 AM","Fuel Pump","FP-Armature"," POWDER BAKING","M-EN-FP-ARM-1-060-1","","PM","10","","","","","","","","","","","Salman","Completed"
"June","13/6/2024 - 3:27 pm","Fuel Pump","FP-Armature","ADHESIVE DRYING/COOLING OVEN","M-EN-FP-ARM-1-090-1","","PM","15","","","","","","","","","","","Sandeep","Completed"
"Aug","11/8/2024 - 12:47 pm","Fuel Pump","FP-Armature","ADHESIVE DRYING/COOLING OVEN","M-EN-FP-ARM-1-090-1","","PM","10","","","","","","","","","","","Salman","Completed"
"Apr","28/4/2024 - 3:47 pm","Fuel Pump","FP-Armature","ADHESIVE APPLICATION ","M-EN-FP-ARM-1-080-1","","PM","25","","","","","","","","","","","Sandeep","Completed"
"May","20/5/2024 - 7:53 am","Fuel Pump","FP-Armature","ADHESIVE APPLICATION ","M-EN-FP-ARM-1-080-1","","PM","25","","","","","","","","","","","Sandeep","Completed"
"June","13/6/2024 - 3:27 pm","Fuel Pump","FP-Armature","ADHESIVE APPLICATION ","M-EN-FP-ARM-1-080-1","","PM","20","","","","","","","","","","","Sandeep","Completed"
"Aug","11/8/2024 - 12:46 pm","Fuel Pump","FP-Armature","ADHESIVE APPLICATION ","M-EN-FP-ARM-1-080-1","","PM","30","","","","","","","","","","","Salman","Completed"
"June","13/6/2024 - 3:28 pm","Fuel Pump","FP-Armature","ARMATURE COOLING ","M-EN-FP-ARM-1-130-1","","PM","20","","","","","","","","","","","Sandeep","Completed"
"Apr","28/4/2024 - 3:48 pm","Fuel Pump","FP-Armature","FUSING # 1","M-EN-FP-ARM-1-110-1","","PM","5","","","","","","","","","","","Sandeep","Completed"
"May","20/5/2024 - 7:54 am","Fuel Pump","FP-Armature","FUSING # 1","M-EN-FP-ARM-1-110-1","","PM","160","","","","","","","","","","","Yogesh","Completed"
"June","13/6/2024 - 3:28 pm","Fuel Pump","FP-Armature","FUSING # 1","M-EN-FP-ARM-1-110-1","","PM","15","","","","","","","","","","","Sandeep","Completed"
"Aug","11/8/2024 - 12:48 pm","Fuel Pump","FP-Armature","FUSING # 1","M-EN-FP-ARM-1-110-1","","PM","30","","","","","","","","","","","Salman","Completed"
"Apr","28/4/2024 - 3:48 pm","Fuel Pump","FP-Armature","WINDING MACHINE # 3","M-EN-FP-ARM-1-100-3","","PM","20","","","","","","","","","","","Sandeep","Completed"
"May","20/5/2024 - 7:53 am","Fuel Pump","FP-Armature","WINDING MACHINE # 3","M-EN-FP-ARM-1-100-3","","PM","200","","","","","","","","","","","Salman","Completed"
"June","13/6/2024 - 3:27 pm","Fuel Pump","FP-Armature","WINDING MACHINE # 3","M-EN-FP-ARM-1-100-3","","PM","30","","","","","","","","","","","Sandeep","Completed"
"July","15/7/2024 - 7:55 am","Fuel Pump","FP-Armature","WINDING MACHINE # 3","M-EN-FP-ARM-1-100-3","","PM","30","","","","","","","","","","","Tinku","Completed"
"Aug","11/8/2024 - 12:47 pm","Fuel Pump","FP-Armature","WINDING MACHINE # 3","M-EN-FP-ARM-1-100-3","","PM","60","","","","","","","","","","","Salman","Completed"
"Apr","28/4/2024 - 3:49 pm","Fuel Pump","FP-Armature","MOULDING","M-EN-FP-ARM-1-120-1","","PM","10","","","","","","","","","","","Sandeep","Completed"
"May","29/5/2024 - 10:11 pm","Fuel Pump","FP-Armature","MOULDING","M-EN-FP-ARM-1-120-1","","PM","150","","","","","","","","","","","Yogesh","Completed"
"Aug","11/8/2024 - 12:46 pm","Fuel Pump","FP-Armature","MOULDING","M-EN-FP-ARM-1-120-1","","PM","55","","","","","","","","","","","Salman","Completed"
"Apr","28/4/2024 - 3:52 pm","Fuel Pump","FP-Armature","ELECTRICAL INSPECTION # 1","M-EN-FP-ARM-1-180-1","","PM","10","","","","","","","","","","","Sandeep","Completed"
"May","20/5/2024 - 7:55 am","Fuel Pump","FP-Armature","ELECTRICAL INSPECTION # 1","M-EN-FP-ARM-1-180-1","","PM","30","","","","","","","","","","","Yogesh","Completed"
"June","13/6/2024 - 3:29 pm","Fuel Pump","FP-Armature","ELECTRICAL INSPECTION # 1","M-EN-FP-ARM-1-180-1","","PM","10","","","","","","","","","","","Sandeep","Completed"
"July","15/7/2024 - 7:56 am","Fuel Pump","FP-Armature","ELECTRICAL INSPECTION # 1","M-EN-FP-ARM-1-180-1","","PM","10","","","","","","","","","","","Tinku","Completed"
"Aug","11/8/2024 - 12:49 pm","Fuel Pump","FP-Armature","ELECTRICAL INSPECTION # 1","M-EN-FP-ARM-1-180-1","","PM","10","","","","","","","","","","","Salman","Completed"
"Apr","28/4/2024 - 3:51 pm","Fuel Pump","FP-Armature","SHAFT POLISHING","M-EN-FP-ARM-1-150-1","","PM","30","","","","","","","","","","","Sandeep","Completed"
"July","15/7/2024 - 7:56 am","Fuel Pump","FP-Armature","SHAFT POLISHING","M-EN-FP-ARM-1-150-1","","PM","30","","","","","","","","","","","Tinku","Completed"
"Aug","11/8/2024 - 12:49 pm","Fuel Pump","FP-Armature","SHAFT POLISHING","M-EN-FP-ARM-1-150-1","","PM","10","","","","","","","","","","","Salman","Completed"
"Apr","28/4/2024 - 3:47 pm","Fuel Pump","FP-Armature","WINDING MACHINE # 2","M-EN-FP-ARM-1-100-2","","PM","20","","","","","","","","","","","Sandeep","Completed"
"May","20/5/2024 - 7:53 am","Fuel Pump","FP-Armature","WINDING MACHINE # 2","M-EN-FP-ARM-1-100-2","","PM","35","","","","","","","","","","","Salman","Completed"
"June","13/6/2024 - 3:27 pm","Fuel Pump","FP-Armature","WINDING MACHINE # 2","M-EN-FP-ARM-1-100-2","","PM","60","","","","","","","","","","","Sandeep","Completed"
"July","15/7/2024 - 7:54 am","Fuel Pump","FP-Armature","WINDING MACHINE # 2","M-EN-FP-ARM-1-100-2","","PM","30","","","","","","","","","","","Tinku","Completed"
"Aug","11/8/2024 - 12:47 pm","Fuel Pump","FP-Armature","WINDING MACHINE # 2","M-EN-FP-ARM-1-100-2","","PM","40","","","","","","","","","","","Salman","Completed"
"Apr","28/4/2024 - 3:50 pm","Fuel Pump","FP-Armature","ARMATURE CNC # 3","M-EN-FP-ARM-1-140-3","","PM","15","","","","","","","","","","","Sandeep","Completed"
"May","20/5/2024 - 7:54 am","Fuel Pump","FP-Armature","ARMATURE CNC # 3","M-EN-FP-ARM-1-140-3","","PM","30","","","","","","","","","","","Yogesh","Completed"
"June","30/6/2024 - 6:36 am","Fuel Pump","FP-Armature","ARMATURE CNC # 3","M-EN-FP-ARM-1-140-3","","PM","70","","","","","","","","","","","Sandeep","Completed"
"Aug","11/8/2024 - 12:48 pm","Fuel Pump","FP-Armature","ARMATURE CNC # 3","M-EN-FP-ARM-1-140-3","","PM","20","","","","","","","","","","","Salman","Completed"
"Apr","28/4/2024 - 3:52 pm","Fuel Pump","FP-Armature","ELECTRICAL INSPECTION # 2","M-EN-FP-ARM-1-190-1","","PM","10","","","","","","","","","","","Sandeep","Completed"
"May","20/5/2024 - 7:55 am","Fuel Pump","FP-Armature","ELECTRICAL INSPECTION # 2","M-EN-FP-ARM-1-190-1","","PM","40","","","","","","","","","","","Yogesh","Completed"
"June","13/6/2024 - 3:29 pm","Fuel Pump","FP-Armature","ELECTRICAL INSPECTION # 2","M-EN-FP-ARM-1-190-1","","PM","10","","","","","","","","","","","Sandeep","Completed"
"July","15/7/2024 - 7:57 am","Fuel Pump","FP-Armature","ELECTRICAL INSPECTION # 2","M-EN-FP-ARM-1-190-1","","PM","10","","","","","","","","","","","Tinku","Completed"
"Aug","11/8/2024 - 12:49 pm","Fuel Pump","FP-Armature","ELECTRICAL INSPECTION # 2","M-EN-FP-ARM-1-190-1","","PM","20","","","","","","","","","","","Salman","Completed"
"Apr","28/4/2024 - 3:50 pm","Fuel Pump","FP-Armature","ARMATURE CNC-4","M-EN-FP-ARM-1-140-4","","PM","20","","","","","","","","","","","Sandeep","Completed"
"May","20/5/2024 - 7:55 am","Fuel Pump","FP-Armature","ARMATURE CNC-4","M-EN-FP-ARM-1-140-4","","PM","30","","","","","","","","","","","Yogesh","Completed"
"June","30/6/2024 - 6:37 am","Fuel Pump","FP-Armature","ARMATURE CNC-4","M-EN-FP-ARM-1-140-4","","PM","70","","","","","","","","","","","Sandeep","Completed"
"Aug","11/8/2024 - 12:49 pm","Fuel Pump","FP-Armature","ARMATURE CNC-4","M-EN-FP-ARM-1-140-4","","PM","60","","","","","","","","","","","Salman","Completed"
"Apr","","Fuel Pump","Bearing Holder","BRUSH TERMINALS ( L & R ) PRESS FIT","M-EN-FP-BRH-1-030-1","","PM","","","","","","","","","","","","",""
"May","","Fuel Pump","Bearing Holder","BRUSH TERMINALS ( L & R ) PRESS FIT","M-EN-FP-BRH-1-030-1","","PM","","","","","","","","","","","","",""
"June","","Fuel Pump","Bearing Holder","BRUSH TERMINALS ( L & R ) PRESS FIT","M-EN-FP-BRH-1-030-1","","PM","","","","","","","","","","","","Yogesh Kumar","Done with delay"
"July","28/7/2024 - 12:08 pm","Fuel Pump","Bearing Holder","BRUSH TERMINALS ( L & R ) PRESS FIT","M-EN-FP-BRH-1-030-1","","PM","20","","","","","","","","","","","Yogesh",""
"Aug","","Fuel Pump","Bearing Holder","BRUSH TERMINALS ( L & R ) PRESS FIT","M-EN-FP-BRH-1-030-1","","PM","","","","","","","","","","","","",""
"Sep","","Fuel Pump","Bearing Holder","BRUSH TERMINALS ( L & R ) PRESS FIT","M-EN-FP-BRH-1-030-1","","PM","","","","","","","","","","","","","Current Plan"
"Oct","","Fuel Pump","Bearing Holder","BRUSH TERMINALS ( L & R ) PRESS FIT","M-EN-FP-BRH-1-030-1","","PM","","","","","","","","","","","","",""
"Nov","","Fuel Pump","Bearing Holder","BRUSH TERMINALS ( L & R ) PRESS FIT","M-EN-FP-BRH-1-030-1","","PM","","","","","","","","","","","","",""
"Dec","","Fuel Pump","Bearing Holder","BRUSH TERMINALS ( L & R ) PRESS FIT","M-EN-FP-BRH-1-030-1","","PM","","","","","","","","","","","","","Current Plan"
"Jan","","Fuel Pump","Bearing Holder","BRUSH TERMINALS ( L & R ) PRESS FIT","M-EN-FP-BRH-1-030-1","","PM","","","","","","","","","","","","",""
"Feb","","Fuel Pump","Bearing Holder","BRUSH TERMINALS ( L & R ) PRESS FIT","M-EN-FP-BRH-1-030-1","","PM","","","","","","","","","","","","",""
"Mar","","Fuel Pump","Bearing Holder","BRUSH TERMINALS ( L & R ) PRESS FIT","M-EN-FP-BRH-1-030-1","","PM","","","","","","","","","","","","","Current Plan"
"Apr","","Fuel Pump","Bearing Holder"," PIGTAIL PRE-TIGHTENING","M-EN-FP-BRH-1-040-1","","PM","","","","","","","","","","","","",""
"May","","Fuel Pump","Bearing Holder"," PIGTAIL PRE-TIGHTENING","M-EN-FP-BRH-1-040-1","","PM","","","","","","","","","","","","",""
"June","","Fuel Pump","Bearing Holder"," PIGTAIL PRE-TIGHTENING","M-EN-FP-BRH-1-040-1","","PM","","","","","","","","","","","","Yogesh Kumar","Done with delay"
"July","28/7/2024 - 12:08 pm","Fuel Pump","Bearing Holder"," PIGTAIL PRE-TIGHTENING","M-EN-FP-BRH-1-040-1","","PM","25","","","","","","","","","","","Yogesh",""
"Aug","","Fuel Pump","Bearing Holder"," PIGTAIL PRE-TIGHTENING","M-EN-FP-BRH-1-040-1","","PM","","","","","","","","","","","","",""
"Sep","","Fuel Pump","Bearing Holder"," PIGTAIL PRE-TIGHTENING","M-EN-FP-BRH-1-040-1","","PM","","","","","","","","","","","","",""
"Oct","","Fuel Pump","Bearing Holder"," PIGTAIL PRE-TIGHTENING","M-EN-FP-BRH-1-040-1","","PM","","","","","","","","","","","","",""
"Nov","","Fuel Pump","Bearing Holder"," PIGTAIL PRE-TIGHTENING","M-EN-FP-BRH-1-040-1","","PM","","","","","","","","","","","","",""
"Dec","","Fuel Pump","Bearing Holder"," PIGTAIL PRE-TIGHTENING","M-EN-FP-BRH-1-040-1","","PM","","","","","","","","","","","","","Current Plan"
"Jan","","Fuel Pump","Bearing Holder"," PIGTAIL PRE-TIGHTENING","M-EN-FP-BRH-1-040-1","","PM","","","","","","","","","","","","",""
"Feb","","Fuel Pump","Bearing Holder"," PIGTAIL PRE-TIGHTENING","M-EN-FP-BRH-1-040-1","","PM","","","","","","","","","","","","",""
"Mar","","Fuel Pump","Bearing Holder"," PIGTAIL PRE-TIGHTENING","M-EN-FP-BRH-1-040-1","","PM","","","","","","","","","","","","",""
"June","30/6/2024 - 6:36 am","Fuel Pump","FP-Armature","BALANCING M/C","M-EN-FP-ARM-1-160-1","","PM","60","","","","","","","","","","","Sandeep","Completed"
"May","29/5/2024 - 10:11 pm","Fuel Pump","Bearing Holder","BEARING PRESS FIT","M-EN-FP-BRH-1-010-1","","PM","20","","","","","","","","","","","Yogesh","Completed"
"July","21/7/2024 - 3:21 pm","Fuel Pump","Bearing Holder","BEARING PRESS FIT","M-EN-FP-BRH-1-010-1","","PM","25","","","","","","","","","","","Yogesh","Completed"
"May","29/5/2024 - 10:12 pm","Fuel Pump","Bearing Holder","PLATE TERMINAL PRESS FITTING","M-EN-FP-BRH-1-060-1","","PM","30","","","","","","","","","","","Yogesh","Completed"
"Aug","18/8/2024 - 9:23 am","Fuel Pump","Bearing Holder","PLATE TERMINAL PRESS FITTING","M-EN-FP-BRH-1-060-1","","PM","10","","","","","","","","","","","Anil","Completed"
"Apr","27/4/2024 - 9:51 am","Fuel Pump","Bearing Holder","BRUSH-TERMINAL PRE- TIGHTENING","M-EN-FP-BRH-1-100-1","","PM","10","","","","","","","","","","","Salman","Completed"
"Apr","27/4/2024 - 9:51 am","Fuel Pump","Bearing Holder","PIGTAIL HOT STACKING ","M-EN-FP-BRH-1-050-1","","PM","5","","","","","","","","","","","Salman","Completed"
"July","21/7/2024 - 3:21 pm","Fuel Pump","Bearing Holder","PIGTAIL HOT STACKING ","M-EN-FP-BRH-1-050-1","","PM","10","","","","","","","","","","","Yogesh","Completed"
"Apr","27/4/2024 - 9:50 am","Fuel Pump","Bearing Holder"," PLATE-TERMINAL HOT STAKING ","M-EN-FP-BRH-1-120-1","","PM","10","","","","","","","","","","","Salman","Completed"
"July","21/7/2024 - 3:22 pm","Fuel Pump","Bearing Holder"," PLATE-TERMINAL HOT STAKING ","M-EN-FP-BRH-1-120-1","","PM","60","","","","","","","","","","","Yogesh","Completed"
"Apr","28/4/2024 - 3:49 pm","Fuel Pump","FP-Armature","FUSING  # 02","M-EN-FP-ARM-1-110-2","","PM","5","","","","","","","","","","","Sandeep","Completed"
"May","20/5/2024 - 7:54 am","Fuel Pump","FP-Armature","FUSING  # 02","M-EN-FP-ARM-1-110-2","","PM","60","","","","","","","","","","","Yogesh","Completed"
"June","13/6/2024 - 3:28 pm","Fuel Pump","FP-Armature","FUSING  # 02","M-EN-FP-ARM-1-110-2","","PM","15","","","","","","","","","","","Sandeep","Completed"
"Aug","11/8/2024 - 12:48 pm","Fuel Pump","FP-Armature","FUSING  # 02","M-EN-FP-ARM-1-110-2","","PM","30","","","","","","","","","","","Salman","Completed"
"Apr","27/4/2024 - 9:51 am","Fuel Pump","Bearing Holder","BRUSH-TERMINAL HOT STAKING","M-EN-FP-BRH-1-110-1","","PM","5","","","","","","","","","","","Salman","Completed"
"July","21/7/2024 - 3:22 pm","Fuel Pump","Bearing Holder","BRUSH-TERMINAL HOT STAKING","M-EN-FP-BRH-1-110-1","","PM","10","","","","","","","","","","","Yogesh","Completed"
"May","29/5/2024 - 10:12 pm","Fuel Pump","Bearing Holder","PLATE TERMINAL PRE-TIGHTENING","M-EN-FP-BRH-1-090-1","","PM","25","","","","","","","","","","","Yogesh","Completed"
"July","21/7/2024 - 3:22 pm","Fuel Pump","Bearing Holder","ELECTRICAL   INSPECTION","M-EN-FP-BRH-1-140-1","","PM","15","","","","","","","","","","","Yogesh","Completed"
"Apr","","Fuel Pump","FP-Assy"," BEARING HOLDER PRESS FITTING","M-EN-FP-FPA-1-020-1","","PM","","","","","","","","","","","","",""
"May","","Fuel Pump","FP-Assy"," BEARING HOLDER PRESS FITTING","M-EN-FP-FPA-1-020-1","","PM","","","","","","","","","","","","",""
"June","","Fuel Pump","FP-Assy"," BEARING HOLDER PRESS FITTING","M-EN-FP-FPA-1-020-1","","PM","","","","","","","","","","","","Anil Kumar","Done with delay"
"July","27/7/2024 - 9:51 am","Fuel Pump","FP-Assy"," BEARING HOLDER PRESS FITTING","M-EN-FP-FPA-1-020-1","","PM","","","","","","","","","","","","",""
"Aug","","Fuel Pump","FP-Assy"," BEARING HOLDER PRESS FITTING","M-EN-FP-FPA-1-020-1","","PM","","","","","","","","","","","","",""
"Sep","","Fuel Pump","FP-Assy"," BEARING HOLDER PRESS FITTING","M-EN-FP-FPA-1-020-1","","PM","","","","","","","","","","","","",""
"Oct","","Fuel Pump","FP-Assy"," BEARING HOLDER PRESS FITTING","M-EN-FP-FPA-1-020-1","","PM","","","","","","","","","","","","",""
"Nov","","Fuel Pump","FP-Assy"," BEARING HOLDER PRESS FITTING","M-EN-FP-FPA-1-020-1","","PM","","","","","","","","","","","","",""
"Dec","","Fuel Pump","FP-Assy"," BEARING HOLDER PRESS FITTING","M-EN-FP-FPA-1-020-1","","PM","","","","","","","","","","","","","Current Plan"
"Jan","","Fuel Pump","FP-Assy"," BEARING HOLDER PRESS FITTING","M-EN-FP-FPA-1-020-1","","PM","","","","","","","","","","","","",""
"Feb","","Fuel Pump","FP-Assy"," BEARING HOLDER PRESS FITTING","M-EN-FP-FPA-1-020-1","","PM","","","","","","","","","","","","",""
"Mar","","Fuel Pump","FP-Assy"," BEARING HOLDER PRESS FITTING","M-EN-FP-FPA-1-020-1","","PM","","","","","","","","","","","","",""
"July","28/7/2024 - 12:07 pm","Fuel Pump","FP-Assy","MAGNET & SPRING ASSY","M-EN-FP-FPA-1-030-1","","PM","20","","","","","","","","","","","Yogesh","Completed"
"Aug","18/8/2024 - 9:14 am","Fuel Pump","FP-Assy","MAGNET & SPRING ASSY","M-EN-FP-FPA-1-030-1","","PM","10","","","","","","","","","","","Anil","Completed"
"Apr","27/4/2024 - 11:34 am","Fuel Pump","FP-Assy","MAGNETIZATION","M-EN-FP-FPA-1-050-1","","PM","90","","","","","","","","","","","Salman","Completed"
"July","10/7/2024 - 4:30 pm","Fuel Pump","FP-Assy","MAGNETIZATION","M-EN-FP-FPA-1-050-1","","PM","240","","","","","","","","","","","Salman","Completed"
"May","19/5/2024 - 4:27 pm","Fuel Pump","FP-Assy","BEARING PRESS FITTING","M-EN-FP-FPA-1-080-1","","PM","65","","","","","","","","","","","Anil","Completed"
"May","19/5/2024 - 4:28 pm","Fuel Pump","FP-Assy","CASING PRESS FITTING M/C","M-EN-FP-FPA-1-090-1","","PM","30","","","","","","","","","","","Anil","Completed"
"May","19/5/2024 - 4:29 pm","Fuel Pump","FP-Assy","RADIAL CLEARANCE  INSPECTION","M-EN-FP-FPA-1-100-1","","PM","10","","","","","","","","","","","Anil","Completed"
"June","17/6/2024 - 7:45 am","Injector","Housing-1","TERMINAL PRESS FIT","EIHS-011","","PM","35","","","","","","","","","","","Yogesh","Completed"
"July","13/7/2024 - 9:22 AM","Injector","Housing-1","TERMINAL PRESS FIT","EIHS-011","","PM","100","","","","","","","","","","","Tarkeshwar","Completed"
"Apr","29/4/2024 - 11:43 am","Injector","Housing-1","FUSING","EIHS-041","","PM","25","","","","","","","","","","","Sandeep","Completed"
"June","29/6/2024 - 1:09 pm","Injector","Housing-1","FUSING","EIHS-041","","PM","50","","","","","","","","","","","Salman","Completed"
"July","14/7/2024 - 9:30 AM","Injector","Housing-1","FUSING","EIHS-041","","PM","20","","","","","","","","","","","Tarkeshwar","Completed"
"June","17/6/2024 - 7:46 am","Injector","Housing-1","TERMINAL HEIGHT CHECK","EIHS-021","","PM","25","","","","","","","","","","","Yogesh","Completed"
"July","14/7/2024 - 8:52 AM","Injector","Housing-1","TERMINAL HEIGHT CHECK","EIHS-021","","PM","500","","","","","","","","","","","Tarkeshwar","Completed"
"Apr","14/4/2024 - 10:08 pm","Injector","UC # 3","BACK UP RING PRESS FIT","UC3-010","","PM","80","","","","","","","","","","","Gaurav","Completed"
"July","14/7/2024 - 7:08 am","Injector","UC # 3","BACK UP RING PRESS FIT","UC3-010","","PM","190","","","","","","","","","","","Gaurav","Completed"
"Aug","21/8/2024 - 12:12 pm","Injector","UC # 3","BACK UP RING PRESS FIT","UC3-010","","PM","120","","","","","","","","","","","Parveen","Completed"
"Apr","28/4/2024 - 8:41 pm","Injector","UC # 3","NOZZLE BODY PRESS FITTING","UC3-020","","PM","40","","","","","","","","","","","Gaurav","Completed"
"June","10/6/2024 - 4:29 pm","Injector","UC # 3","NOZZLE BODY PRESS FITTING","UC3-020","","PM","160","","","","","","","","","","","Gaurav","Completed"
"July","7/7/2024 - 10:09 pm","Injector","UC # 3","NOZZLE BODY PRESS FITTING","UC3-020","","PM","120","","","","","","","","","","","Gaurav","Completed"
"Aug","19/8/2024 - 7:05 am","Injector","UC # 3","NOZZLE BODY PRESS FITTING","UC3-020","","PM","70","","","","","","","","","","","Parveen","Completed"
"Apr","28/4/2024 - 8:44 pm","Injector","UC # 3","AIR LEAK INSPECTION","UC3-040","","PM","80","","","","","","","","","","","Keshav","Completed"
"June","11/6/2024 - 7:11 am","Injector","UC # 3","AIR LEAK INSPECTION","UC3-040","","PM","90","","","","","","","","","","","Parveen","Completed"
"July","7/7/2024 - 10:10 pm","Injector","UC # 3","AIR LEAK INSPECTION","UC3-040","","PM","50","","","","","","","","","","","Gaurav","Completed"
"Aug","20/8/2024 - 8:48 am","Injector","UC # 3","AIR LEAK INSPECTION","UC3-040","","PM","110","","","","","","","","","","","Akshay","Completed"
"June","11/6/2024 - 7:06 am","Injector","UC # 3","CONNECTOR PRESS FITTING-1","UC3-071","","PM","140","","","","","","","","","","","Parveen","Completed"
"Apr","28/4/2024 - 8:41 pm","Injector","UC # 3","SUB ASSY WASHING","UC3-050","","PM","150","","","","","","","","","","","Keshav","Completed"
"June","10/6/2024 - 2:12 pm","Injector","UC # 3","SUB ASSY WASHING","UC3-050","","PM","250","","","","","","","","","","","Gaurav","Completed"
"July","14/7/2024 - 12:11 pm","Injector","UC # 3","SUB ASSY WASHING","UC3-050","","PM","250","","","","","","","","","","","Gaurav","Completed"
"Aug","20/8/2024 - 8:48 am","Injector","UC # 3","SUB ASSY WASHING","UC3-050","","PM","170","","","","","","","","","","","Akshay","Completed"
"Apr","28/4/2024 - 8:45 pm","Injector","UC # 3",""NEEDLE & CONNECTOR ASSY  CONNECTOR REVERSE CHECK"","UC3-060","","PM","130","","","","","","","","","","","Keshav","Completed"
"July","14/7/2024 - 12:09 pm","Injector","UC # 3",""NEEDLE & CONNECTOR ASSY  CONNECTOR REVERSE CHECK"","UC3-060","","PM","120","","","","","","","","","","","Gaurav","Completed"
"Aug","20/8/2024 - 8:48 am","Injector","UC # 3",""NEEDLE & CONNECTOR ASSY  CONNECTOR REVERSE CHECK"","UC3-060","","PM","160","","","","","","","","","","","Akshay","Completed"
"July","14/7/2024 - 12:49 pm","Injector","UC # 3","RUNNING","UC3-090","","PM","280","","","","","","","","","","","Gaurav","Completed"
"Apr","","Injector","UC # 3","SPRING AND  ADJ.PIPE ASSY ","UC3-080","","PM","130","","","","","","","","","","","Akshay","Completed"
"June","11/6/2024 - 9:19 am","Injector","UC # 3","SPRING AND  ADJ.PIPE ASSY ","UC3-080","","PM","280","","","","","","","","","","","Parveen","Completed"
"July","14/7/2024 - 1:10 pm","Injector","UC # 3","SPRING AND  ADJ.PIPE ASSY ","UC3-080","","PM","215","","","","","","","","","","","Kartikey","Completed"
"Apr","28/4/2024 - 8:43 pm","Injector","UC # 3","LASER WELDING & MARKING","UC3-030","","PM","120","","","","","","","","","","","Keshav","Completed"
"Aug","20/8/2024 - 8:47 am","Injector","UC # 3","LASER WELDING & MARKING","UC3-030","","PM","170","","","","","","","","","","","Parveen","Completed"
"June","11/6/2024 - 2:50 pm","Injector","UC # 3","CONNECTOR PRESS FITTING-2","UC3-072","","PM","300","","","","","","","","","","","Parveen","Completed"
"July","14/7/2024 - 12:15 pm","Injector","UC # 3","CONNECTOR PRESS FITTING-2","UC3-072","","PM","100","","","","","","","","","","","Gaurav","Completed"
"Aug","","Injector","UC # 3","CONNECTOR PRESS FITTING-2","UC3-072","","PM","70","","","","","","","","","","","Akshay","Completed"
"June","11/6/2024 - 1:31 pm","Injector","UC # 3","STATIC FLOW ADJUSTMENT & INSPECTION-2","UC3-102","","PM","330","","","","","","","","","","","Akshay","Completed"
"July","29/7/2024 - 2:53 pm","Injector","UC # 3","STATIC FLOW ADJUSTMENT & INSPECTION-2","UC3-102","","PM","90","","","","","","","","","","","Gaurav","Completed"
"June","11/6/2024 - 2:56 pm","Injector","UC # 3","DYNAMIC FLOW ADJUSTMENT & INSPECTION","UC3-112","","PM","150","","","","","","","","","","","Gaurav","Completed"
"July","29/7/2024 - 3:09 pm","Injector","UC # 3","DYNAMIC FLOW ADJUSTMENT & INSPECTION","UC3-112","","PM","110","","","","","","","","","","","Gaurav","Completed"
"June","11/6/2024 - 3:49 pm","Injector","UC # 3","DYNAMIC FLOW ADJUSTMENT & INSPECTION-3","UC3-113","","PM","240","","","","","","","","","","","Gaurav","Completed"
"Apr","28/4/2024 - 8:34 pm","Injector","UC # 3","SEAT OIL  LEAKAGE INSPECTION-1","UC3-131","","PM","80","","","","","","","","","","","Keshav","Completed"
"Aug","20/8/2024 - 9:32 am","Injector","UC # 3","SEAT OIL  LEAKAGE INSPECTION-1","UC3-131","","PM","110","","","","","","","","","","","Parveen","Completed"
"Apr","28/4/2024 - 8:34 pm","Injector","UC # 3","SEAT OIL  LEAKAGE INSPECTION-2","UC3-132","","PM","120","","","","","","","","","","","Keshav","Completed"
"Aug","20/8/2024 - 9:38 am","Injector","UC # 3","SEAT OIL  LEAKAGE INSPECTION-2","UC3-132","","PM","120","","","","","","","","","","","Parveen","Completed"
"Apr","28/4/2024 - 8:32 pm","Injector","UC # 3","SEAT OIL  LEAKAGE INSPECTION-3","UC3-133","","PM","80","","","","","","","","","","","Keshav","Completed"
"Aug","20/8/2024 - 9:42 am","Injector","UC # 3","SEAT OIL  LEAKAGE INSPECTION-3","UC3-133","","PM","160","","","","","","","","","","","Parveen","Completed"
"Apr","28/4/2024 - 8:29 pm","Injector","UC # 3","OIL CUTTING ","UC3-150","","PM","130","","","","","","","","","","","Keshav","Completed"
"June","11/6/2024 - 9:38 AM","Injector","UC # 3","OIL CUTTING ","UC3-150","","PM","60","","","","","","","","","","","Parveen","Completed"
"Aug","20/8/2024 - 9:47 am","Injector","UC # 3","OIL CUTTING ","UC3-150","","PM","100","","","","","","","","","","","Parveen","Completed"
"Apr","28/4/2024 - 8:32 pm","Injector","UC # 3","SEAT OIL  LEAKAGE INSPECTION-4","UC3-134","","PM","80","","","","","","","","","","","Keshav","Completed"
"Aug","20/8/2024 - 9:43 am","Injector","UC # 3","SEAT OIL  LEAKAGE INSPECTION-4","UC3-134","","PM","170","","","","","","","","","","","Parveen","Completed"
"Apr","28/4/2024 - 8:30 pm","Injector","UC # 3","FILTER ASSEMBLY","UC3-140","","PM","80","","","","","","","","","","","Keshav","Completed"
"Aug","20/8/2024 - 9:45 am","Injector","UC # 3","FILTER ASSEMBLY","UC3-140","","PM","110","","","","","","","","","","","Parveen","Completed"
"Apr","28/4/2024 - 8:28 pm","Injector","UC # 3","O RING AND BACKUP RING ASSY","UC3-160","","PM","125","","","","","","","","","","","Keshav","Completed"
"June","11/6/2024 - 9:20 am","Injector","UC # 3","O RING AND BACKUP RING ASSY","UC3-160","","PM","180","","","","","","","","","","","Gaurav","Completed"
"Aug","20/8/2024 - 8:59 am","Injector","UC # 3","O RING AND BACKUP RING ASSY","UC3-160","","PM","320","","","","","","","","","","","Akshay","Completed"
"Apr","28/4/2024 - 8:25 pm","Injector","UC # 3","NOZZLE LEAK TEST ( UPPER & LOWER )","UC3-180","","PM","50","","","","","","","","","","","Keshav","Completed"
"June","10/6/2024 - 1:33 pm","Injector","UC # 3","NOZZLE LEAK TEST ( UPPER & LOWER )","UC3-180","","PM","30","","","","","","","","","","","Akshay","Completed"
"Aug","20/8/2024 - 8:51 am","Injector","UC # 3","NOZZLE LEAK TEST ( UPPER & LOWER )","UC3-180","","PM","100","","","","","","","","","","","Akshay","Completed"
"Apr","28/4/2024 - 8:26 pm","Injector","UC # 3","SLEEVE ASSY AND APPEARANCE CHECK","UC3-170","","PM","110","","","","","","","","","","","Keshav","Completed"
"June","10/6/2024 - 2:36 pm","Injector","UC # 3","SLEEVE ASSY AND APPEARANCE CHECK","UC3-170","","PM","120","","","","","","","","","","","Akshay","Completed"
"Aug","20/8/2024 - 8:53 am","Injector","UC # 3","SLEEVE ASSY AND APPEARANCE CHECK","UC3-170","","PM","230","","","","","","","","","","","Akshay","Completed"
"Aug","6/8/2024 - 2:28 am","Injector","UC#1","BU RING ASSY ","EIAS-011","","PM","10","","","","","","","","","","","Gaurav","Completed"
"May","21/5/2024 - 2:04 am","Injector","UC#1","NB ASSY","EIAS-021","","PM","15","","","","","","","","","","","Gaurav","Completed"
"Aug","6/8/2024 - 2:29 am","Injector","UC#1","NB ASSY","EIAS-021","","PM","15","","","","","","","","","","","Gaurav","Completed"
"Apr","28/4/2024 - 8:24 pm","Injector","UC # 3","ULTRASONIC MACHINE","UC3-200","","PM","220","","","","","","","","","","","Keshav","Completed"
"June","10/6/2024 - 3:48 pm","Injector","UC # 3","ULTRASONIC MACHINE","UC3-200","","PM","160","","","","","","","","","","","Gaurav","Completed"
"Aug","20/8/2024 - 8:50 am","Injector","UC # 3","ULTRASONIC MACHINE","UC3-200","","PM","190","","","","","","","","","","","Akshay","Completed"
"Apr","29/4/2024 - 11:11 pm","Injector","UC#1","LASER WELDING & MARKING","EIAS-031","","PM","130","","","","","","","","","","","Gaurav","Completed"
"Aug","21/8/2024 - 2:32 pm","Injector","UC#1","LASER WELDING & MARKING","EIAS-031","","PM","170","","","","","","","","","","","Gaurav","Completed"
"June","14/6/2024 - 12:15 pm","Injector","UC#1","AIR LEAK INSPECTION","EIAS-071","","PM","10","","","","","","","","","","","Akshay","Completed"
"Apr","29/4/2024 - 11:19 pm","Injector","UC#1","SUB ASSY WASHING","EIAS-081","","PM","120","","","","","","","","","","","Gaurav","Completed"
"May","21/5/2024 - 1:25 am","Injector","UC#1","SUB ASSY WASHING","EIAS-081","","PM","80","","","","","","","","","","","Gaurav","Completed"
"June","14/6/2024 - 9:30 am","Injector","UC#1","SUB ASSY WASHING","EIAS-081","","PM","150","","","","","","","","","","","Akshay","Completed"
"July","20/7/2024 - 12:58 am","Injector","UC#1","SUB ASSY WASHING","EIAS-081","","PM","60","","","","","","","","","","","Parveen","Completed"
"Aug","14/8/2024 - 2:28 am","Injector","UC#1","SUB ASSY WASHING","EIAS-081","","PM","120","","","","","","","","","","","Gaurav","Completed"
"June","11/6/2024 - 12:19 pm","Injector","UC # 3","STATIC FLOW ADJUSTMENT & INSPECTION-1","UC3-101","","PM","380","","","","","","","","","","","Akshay","Completed"
"July","29/7/2024 - 2:52 pm","Injector","UC # 3","STATIC FLOW ADJUSTMENT & INSPECTION-1","UC3-101","","PM","40","","","","","","","","","","","Gaurav","Completed"
"June","11/6/2024 - 12:32 pm","Injector","UC # 3","STATIC FLOW ADJUSTMENT & INSPECTION-3","UC3-103","","PM","340","","","","","","","","","","","Akshay","Completed"
"July","29/7/2024 - 2:54 pm","Injector","UC # 3","STATIC FLOW ADJUSTMENT & INSPECTION-3","UC3-103","","PM","130","","","","","","","","","","","Gaurav","Completed"
"Apr","29/4/2024 - 11:20 pm","Injector","UC#1","CONNECTOR REVERSE CHECK","EIAS-101","","PM","10","","","","","","","","","","","Gaurav","Completed"
"May","21/5/2024 - 2:27 am","Injector","UC#1","CONNECTOR REVERSE CHECK","EIAS-101","","PM","30","","","","","","","","","","","Gaurav","Completed"
"June","14/6/2024 - 7:26 am","Injector","UC#1","CONNECTOR REVERSE CHECK","EIAS-101","","PM","10","","","","","","","","","","","Akshay","Completed"
"Aug","14/8/2024 - 2:29 am","Injector","UC#1","CONNECTOR REVERSE CHECK","EIAS-101","","PM","40","","","","","","","","","","","Gaurav","Completed"
"Apr","13/4/2024 - 1:03 am","Injector","UC#1","SPR.ADJ PIPE ASSY","EIAS-121","","PM","10","","","","","","","","","","","Akshay","Completed"
"May","28/5/2024 - 11:42 pm","Injector","UC#1","SPR.ADJ PIPE ASSY","EIAS-121","","PM","40","","","","","","","","","","","Parveen","Completed"
"June","14/6/2024 - 9:24 am","Injector","UC#1","SPR.ADJ PIPE ASSY","EIAS-121","","PM","10","","","","","","","","","","","Akshay","Completed"
"Aug","14/8/2024 - 2:30 am","Injector","UC#1","SPR.ADJ PIPE ASSY","EIAS-121","","PM","30","","","","","","","","","","","Gaurav","Completed"
"June","14/6/2024 - 8:14 am","Injector","UC#1","CONNECTOR PRESS FITTING","EIAS-111","","PM","80","","","","","","","","","","","Akshay","Completed"
"Aug","14/8/2024 - 2:39 am","Injector","UC#1","CONNECTOR PRESS FITTING","EIAS-111","","PM","120","","","","","","","","","","","Gaurav","Completed"
"Apr","13/4/2024 - 12:44 am","Injector","UC#1","RUNNING","EIAS-131","","PM","10","","","","","","","","","","","Akshay","Completed"
"May","21/5/2024 - 2:27 am","Injector","UC#1","RUNNING","EIAS-131","","PM","60","","","","","","","","","","","Gaurav","Completed"
"June","14/6/2024 - 9:56 am","Injector","UC#1","RUNNING","EIAS-131","","PM","20","","","","","","","","","","","Akshay","Completed"
"Aug","14/8/2024 - 2:31 am","Injector","UC#1","RUNNING","EIAS-131","","PM","30","","","","","","","","","","","Gaurav","Completed"
"Apr","11/4/2024 - 1:01 am","Injector","UC#1","LIFT INSPECTION","EICI-041","","PM","30","","","","","","","","","","","Gaurav","Completed"
"June","14/6/2024 - 12:33 pm","Injector","UC#1","LIFT INSPECTION","EICI-041","","PM","50","","","","","","","","","","","Akshay","Completed"
"Aug","14/8/2024 - 2:44 am","Injector","UC#1","LIFT INSPECTION","EICI-041","","PM","20","","","","","","","","","","","Gaurav","Completed"
"Apr","29/4/2024 - 11:29 pm","Injector","UC#1","DYNAMIC INSP.","EICI-031","","PM","40","","","","","","","","","","","Gaurav","Completed"
"June","14/6/2024 - 9:58 am","Injector","UC#1","DYNAMIC INSP.","EICI-031","","PM","160","","","","","","","","","","","Akshay","Completed"
"Aug","15/8/2024 - 12:39 am","Injector","UC#1","DYNAMIC INSP.","EICI-031","","PM","60","","","","","","","","","","","Gaurav","Completed"
"Apr","","Injector","UC#1","STATIC INSP.","EICI-021","","PM","","","","","","","","","","","","","No Completion"
"May","20/5/2024 - 2:43 pm","Injector","UC#1","STATIC INSP.","EICI-021","","PM","120","","","","","","","","","","","Akshay","Completed"
"June","14/6/2024 - 12:31 pm","Injector","UC#1","STATIC INSP.","EICI-021","","PM","100","","","","","","","","","","","Parveen","Completed"
"July","","Injector","UC#1","STATIC INSP.","EICI-021","","PM","","","","","","","","","","","","","Completed"
"Aug","15/8/2024 - 12:36 am","Injector","UC#1","STATIC INSP.","EICI-021","","PM","120","","","","","","","","","","","Gaurav","Completed"
"Sep","","Injector","UC#1","STATIC INSP.","EICI-021","","PM","","","","","","","","","","","","","Current Plan"
"Oct","","Injector","UC#1","STATIC INSP.","EICI-021","","PM","","","","","","","","","","","","","Current Plan"
"Nov","","Injector","UC#1","STATIC INSP.","EICI-021","","PM","","","","","","","","","","","","","Current Plan"
"Dec","","Injector","UC#1","STATIC INSP.","EICI-021","","PM","","","","","","","","","","","","","Current Plan"
"Jan","","Injector","UC#1","STATIC INSP.","EICI-021","","PM","","","","","","","","","","","","","Current Plan"
"Feb","","Injector","UC#1","STATIC INSP.","EICI-021","","PM","","","","","","","","","","","","","Current Plan"
"Mar","","Injector","UC#1","STATIC INSP.","EICI-021","","PM","","","","","","","","","","","","","Current Plan"
"June","14/6/2024 - 12:27 pm","Injector","UC#1","FILTER PRESS FITTING & GROMMET ASSY & GROMMET ASSY","EICI-061","","PM","30","","","","","","","","","","","Akshay","Completed"
"Apr","29/4/2024 - 11:33 pm","Injector","UC#1","SEAT LEAK","EICI-051","","PM","60","","","","","","","","","","","Gaurav","Completed"
"May","17/5/2024 - 2:10 am","Injector","UC#1","SEAT LEAK","EICI-051","","PM","60","","","","","","","","","","","Akshay","Completed"
"June","14/6/2024 - 12:26 pm","Injector","UC#1","SEAT LEAK","EICI-051","","PM","100","","","","","","","","","","","Akshay","Completed"
"Aug","14/8/2024 - 2:40 am","Injector","UC#1","SEAT LEAK","EICI-051","","PM","30","","","","","","","","","","","Gaurav","Completed"
"June","14/6/2024 - 12:24 pm","Injector","UC#1","SLEEVE PRESS FITTING & O-RING ASSY","EICI-071","","PM","30","","","","","","","","","","","Akshay","Completed"
"Apr","10/4/2024 - 6:45 am","Injector","UC # 2","Back Up Ring Press Fitting","EIAS-110","","PM","20","","","","","","","","","","","Parveen","Completed"
"May","13/5/2024 - 4:43 pm","Injector","UC # 2","Back Up Ring Press Fitting","EIAS-110","","PM","5","","","","","","","","","","","Parveen","Completed"
"June","2/6/2024 - 5:44 pm","Injector","UC # 2","Back Up Ring Press Fitting","EIAS-110","","PM","30","","","","","","","","","","","Gaurav","Completed"
"July","13/7/2024 - 2:10 pm","Injector","UC # 2","Back Up Ring Press Fitting","EIAS-110","","PM","10","","","","","","","","","","","Parveen","Completed"
"Aug","4/8/2024 - 4:04 pm","Injector","UC # 2","Back Up Ring Press Fitting","EIAS-110","","PM","20","","","","","","","","","","","Gaurav","Completed"
"Apr","","Injector","UC # 2","Housing & Back Up Ring Press Fit Dimension Check m/c","EIAS-130","","PM","","","","","","","","","","","","","No Completion"
"May","17/5/2024 - 6:20 pm","Injector","UC # 2","Housing & Back Up Ring Press Fit Dimension Check m/c","EIAS-130","","PM","","","","","","","","","","","","","Completed"
"June","2/6/2024 - 3:32 pm","Injector","UC # 2","Housing & Back Up Ring Press Fit Dimension Check m/c","EIAS-130","","PM","","","","","","","","","","","","","Completed"
"July","13/7/2024 - 2:11 pm","Injector","UC # 2","Housing & Back Up Ring Press Fit Dimension Check m/c","EIAS-130","","PM","30","","","","","","","","","","","Parveen","Completed"
"Aug","4/8/2024 - 4:05 pm","Injector","UC # 2","Housing & Back Up Ring Press Fit Dimension Check m/c","EIAS-130","","PM","20","","","","","","","","","","","Gaurav","Completed"
"Sep","","Injector","UC # 2","Housing & Back Up Ring Press Fit Dimension Check m/c","EIAS-130","","PM","","","","","","","","","","","","","Current Plan"
"Oct","","Injector","UC # 2","Housing & Back Up Ring Press Fit Dimension Check m/c","EIAS-130","","PM","","","","","","","","","","","","","Current Plan"
"Nov","","Injector","UC # 2","Housing & Back Up Ring Press Fit Dimension Check m/c","EIAS-130","","PM","","","","","","","","","","","","","Current Plan"
"Dec","","Injector","UC # 2","Housing & Back Up Ring Press Fit Dimension Check m/c","EIAS-130","","PM","","","","","","","","","","","","","Current Plan"
"Jan","","Injector","UC # 2","Housing & Back Up Ring Press Fit Dimension Check m/c","EIAS-130","","PM","","","","","","","","","","","","","Current Plan"
"Feb","","Injector","UC # 2","Housing & Back Up Ring Press Fit Dimension Check m/c","EIAS-130","","PM","","","","","","","","","","","","","Current Plan"
"Mar","","Injector","UC # 2","Housing & Back Up Ring Press Fit Dimension Check m/c","EIAS-130","","PM","","","","","","","","","","","","","Current Plan"
"Apr","","Injector","UC # 2","Nozzle Body Press Fitting","EIAS-120","","PM","","","","","","","","","","","","","No Completion"
"May","17/5/2024 - 6:21 pm","Injector","UC # 2","Nozzle Body Press Fitting","EIAS-120","","PM","","","","","","","","","","","","","Completed"
"June","2/6/2024 - 3:29 pm","Injector","UC # 2","Nozzle Body Press Fitting","EIAS-120","","PM","","","","","","","","","","","","","Completed"
"July","13/7/2024 - 2:11 pm","Injector","UC # 2","Nozzle Body Press Fitting","EIAS-120","","PM","90","","","","","","","","","","","Parveen","Completed"
"Aug","4/8/2024 - 7:41 pm","Injector","UC # 2","Nozzle Body Press Fitting","EIAS-120","","PM","40","","","","","","","","","","","Gaurav","Completed"
"Sep","","Injector","UC # 2","Nozzle Body Press Fitting","EIAS-120","","PM","","","","","","","","","","","","","Current Plan"
"Oct","","Injector","UC # 2","Nozzle Body Press Fitting","EIAS-120","","PM","","","","","","","","","","","","","Current Plan"
"Nov","","Injector","UC # 2","Nozzle Body Press Fitting","EIAS-120","","PM","","","","","","","","","","","","","Current Plan"
"Dec","","Injector","UC # 2","Nozzle Body Press Fitting","EIAS-120","","PM","","","","","","","","","","","","","Current Plan"
"Jan","","Injector","UC # 2","Nozzle Body Press Fitting","EIAS-120","","PM","","","","","","","","","","","","","Current Plan"
"Feb","","Injector","UC # 2","Nozzle Body Press Fitting","EIAS-120","","PM","","","","","","","","","","","","","Current Plan"
"Mar","","Injector","UC # 2","Nozzle Body Press Fitting","EIAS-120","","PM","","","","","","","","","","","","","Current Plan"
"Apr","","Injector","UC # 2","Laser Welding & Marking","EIAS-140","","PM","","","","","","","","","","","","Parveen Kumar","No Completion"
"May","19/5/2024 - 2:49 pm","Injector","UC # 2","Laser Welding & Marking","EIAS-140","","PM","80","","","","","","","","","","","Parveen","Completed"
"June","","Injector","UC # 2","Laser Welding & Marking","EIAS-140","","PM","","","","","","","","","","","","","PM Skip"
"July","","Injector","UC # 2","Laser Welding & Marking","EIAS-140","","PM","","","","","","","","","","","","Gaurav","Ongoing"
"Aug","","Injector","UC # 2","Laser Welding & Marking","EIAS-140","","PM","","","","","","","","","","","","","PM Skip"
"Sep","","Injector","UC # 2","Laser Welding & Marking","EIAS-140","","PM","","","","","","","","","","","","","Current Plan"
"Oct","","Injector","UC # 2","Laser Welding & Marking","EIAS-140","","PM","","","","","","","","","","","","","Current Plan"
"Nov","","Injector","UC # 2","Laser Welding & Marking","EIAS-140","","PM","","","","","","","","","","","","","Current Plan"
"Dec","","Injector","UC # 2","Laser Welding & Marking","EIAS-140","","PM","","","","","","","","","","","","","Current Plan"
"Jan","","Injector","UC # 2","Laser Welding & Marking","EIAS-140","","PM","","","","","","","","","","","","","Current Plan"
"Feb","","Injector","UC # 2","Laser Welding & Marking","EIAS-140","","PM","","","","","","","","","","","","","Current Plan"
"Mar","","Injector","UC # 2","Laser Welding & Marking","EIAS-140","","PM","","","","","","","","","","","","","Current Plan"
"Apr","11/4/2024 - 12:06 am","Injector","UC#1","Lower O-ring & Nozzle leak Inspection Machine-1","EICI-151","","PM","70","","","","","","","","","","","Gaurav","Completed"
"June","14/6/2024 - 12:34 pm","Injector","UC#1","Lower O-ring & Nozzle leak Inspection Machine-1","EICI-151","","PM","40","","","","","","","","","","","Akshay","Completed"
"Aug","15/8/2024 - 12:40 am","Injector","UC#1","Lower O-ring & Nozzle leak Inspection Machine-1","EICI-151","","PM","40","","","","","","","","","","","Gaurav","Completed"
"Apr","30/4/2024 - 11:46 am","Injector","UC # 3","DYNAMIC FLOW ADJUSTMENT & INSPECTION-1","UC3-111","","PM","40","","","","","","","","","","","Parveen","Completed"
"July","29/7/2024 - 2:58 pm","Injector","UC # 3","DYNAMIC FLOW ADJUSTMENT & INSPECTION-1","UC3-111","","PM","80","","","","","","","","","","","Gaurav","Completed"
"Apr","11/4/2024 - 12:08 am","Injector","UC#1","Lower O-ring & Nozzle leak Inspection Machine-2","EICI-152","","PM","70","","","","","","","","","","","Gaurav","Completed"
"May","17/5/2024 - 2:11 am","Injector","UC#1","Lower O-ring & Nozzle leak Inspection Machine-2","EICI-152","","PM","10","","","","","","","","","","","Akshay","Completed"
"June","14/6/2024 - 12:23 pm","Injector","UC#1","Lower O-ring & Nozzle leak Inspection Machine-2","EICI-152","","PM","40","","","","","","","","","","","Akshay","Completed"
"Aug","","Injector","UC#1","Lower O-ring & Nozzle leak Inspection Machine-2","EICI-152","","PM","40","","","","","","","","","","","Gaurav","Completed"
"Apr","29/4/2024 - 11:37 pm","Injector","UC#1","Upper O-ring & Nozzle Leak Inspection & Sleeve Presence Check Machine","EICI-091","","PM","40","","","","","","","","","","","Gaurav","Completed"
"June","14/6/2024 - 12:22 pm","Injector","UC#1","Upper O-ring & Nozzle Leak Inspection & Sleeve Presence Check Machine","EICI-091","","PM","30","","","","","","","","","","","Akshay","Completed"
"Aug","15/8/2024 - 12:42 am","Injector","UC#1","Upper O-ring & Nozzle Leak Inspection & Sleeve Presence Check Machine","EICI-091","","PM","30","","","","","","","","","","","Gaurav","Completed"
"May","28/5/2024 - 11:41 pm","Injector","UC#1","Ultrasonic Washing Machine","EICI-121","","PM","60","","","","","","","","","","","Gaurav","Completed"
"June","14/6/2024 - 12:20 pm","Injector","UC#1","Ultrasonic Washing Machine","EICI-121","","PM","120","","","","","","","","","","","Akshay","Completed"
"Aug","15/8/2024 - 12:44 am","Injector","UC#1","Ultrasonic Washing Machine","EICI-121","","PM","30","","","","","","","","","","","Gaurav","Completed"
"Apr","10/4/2024 - 6:59 am","Injector","UC # 2","Air Leak Inspection at Welding Point","EIAS-160","","PM","40","","","","","","","","","","","Parveen","Completed"
"May","13/5/2024 - 6:05 pm","Injector","UC # 2","Air Leak Inspection at Welding Point","EIAS-160","","PM","10","","","","","","","","","","","Parveen","Completed"
"June","2/6/2024 - 5:48 pm","Injector","UC # 2","Air Leak Inspection at Welding Point","EIAS-160","","PM","20","","","","","","","","","","","Gaurav","Completed"
"July","13/7/2024 - 2:12 pm","Injector","UC # 2","Air Leak Inspection at Welding Point","EIAS-160","","PM","20","","","","","","","","","","","Parveen","Completed"
"Aug","4/8/2024 - 9:47 pm","Injector","UC # 2","Air Leak Inspection at Welding Point","EIAS-160","","PM","30","","","","","","","","","","","Gaurav","Completed"
"Apr","10/4/2024 - 7:07 am","Injector","UC # 2","Connector Reverse Check","EIAS-190","","PM","10","","","","","","","","","","","Parveen","Completed"
"May","19/5/2024 - 7:03 pm","Injector","UC # 2","Connector Reverse Check","EIAS-190","","PM","40","","","","","","","","","","","Parveen","Completed"
"July","13/7/2024 - 2:14 pm","Injector","UC # 2","Connector Reverse Check","EIAS-190","","PM","20","","","","","","","","","","","Parveen","Completed"
"Aug","4/8/2024 - 9:48 pm","Injector","UC # 2","Connector Reverse Check","EIAS-190","","PM","30","","","","","","","","","","","Gaurav","Completed"
"Apr","10/4/2024 - 7:05 am","Injector","UC # 2","Sub Assembly Washing","EIAS-170","","PM","120","","","","","","","","","","","Parveen","Completed"
"May","13/5/2024 - 6:07 pm","Injector","UC # 2","Sub Assembly Washing","EIAS-170","","PM","100","","","","","","","","","","","Parveen","Completed"
"June","","Injector","UC # 2","Sub Assembly Washing","EIAS-170","","PM","160","","","","","","","","","","","Gaurav","Completed"
"July","13/7/2024 - 2:12 pm","Injector","UC # 2","Sub Assembly Washing","EIAS-170","","PM","80","","","","","","","","","","","Parveen","Completed"
"Aug","18/8/2024 - 7:11 AM","Injector","UC # 2","Sub Assembly Washing","EIAS-170","","PM","100","","","","","","","","","","","Parveen","Completed"
"Apr","10/4/2024 - 7:13 am","Injector","UC # 2","Adjust Pipe Press Fitting","EIAS-203","","PM","10","","","","","","","","","","","Parveen","Completed"
"May","19/5/2024 - 7:07 pm","Injector","UC # 2","Adjust Pipe Press Fitting","EIAS-203","","PM","40","","","","","","","","","","","Parveen","Completed"
"July","13/7/2024 - 2:15 pm","Injector","UC # 2","Adjust Pipe Press Fitting","EIAS-203","","PM","10","","","","","","","","","","","Parveen","Completed"
"Aug","4/8/2024 - 9:49 pm","Injector","UC # 2","Adjust Pipe Press Fitting","EIAS-203","","PM","10","","","","","","","","","","","Gaurav","Completed"
"Apr","10/4/2024 - 7:06 am","Injector","UC # 2","Needle  Assembly","EIAS-180","","PM","70","","","","","","","","","","","Parveen","Completed"
"May","13/5/2024 - 6:10 pm","Injector","UC # 2","Needle  Assembly","EIAS-180","","PM","30","","","","","","","","","","","Parveen","Completed"
"July","13/7/2024 - 2:14 pm","Injector","UC # 2","Needle  Assembly","EIAS-180","","PM","80","","","","","","","","","","","Parveen","Completed"
"Aug","4/8/2024 - 9:47 pm","Injector","UC # 2","Needle  Assembly","EIAS-180","","PM","60","","","","","","","","","","","Gaurav","Completed"
"Apr","29/4/2024 - 11:44 am","Injector","Housing-1","VISUAL INSPECTION","EIHS-051","","PM","20","","","","","","","","","","","Sandeep","Completed"
"June","17/6/2024 - 7:50 am","Injector","Housing-1","VISUAL INSPECTION","EIHS-051","","PM","35","","","","","","","","","","","Yogesh","Completed"
"July","14/7/2024 - 9:33 AM","Injector","Housing-1","VISUAL INSPECTION","EIHS-051","","PM","20","","","","","","","","","","","Tarkeshwar","Completed"
"Apr","10/4/2024 - 7:14 am","Injector","UC # 2","Running","EIAS-210","","PM","40","","","","","","","","","","","Parveen","Completed"
"May","19/5/2024 - 7:08 pm","Injector","UC # 2","Running","EIAS-210","","PM","70","","","","","","","","","","","Parveen","Completed"
"June","14/6/2024 - 12:38 pm","Injector","UC # 2","Running","EIAS-210","","PM","70","","","","","","","","","","","Akshay","Completed"
"July","13/7/2024 - 2:16 pm","Injector","UC # 2","Running","EIAS-210","","PM","40","","","","","","","","","","","Parveen","Completed"
"Aug","4/8/2024 - 5:21 pm","Injector","UC # 2","Running","EIAS-210","","PM","80","","","","","","","","","","","Gaurav","Completed"
"Apr","10/4/2024 - 7:13 am","Injector","UC # 2","Connector Press Fitting","EIAS-200","","PM","90","","","","","","","","","","","Parveen","Completed"
"May","19/5/2024 - 7:04 pm","Injector","UC # 2","Connector Press Fitting","EIAS-200","","PM","80","","","","","","","","","","","Parveen","Completed"
"July","9/7/2024 - 1:42 pm","Injector","UC # 2","Connector Press Fitting","EIAS-200","","PM","60","","","","","","","","","","","Parveen","Completed"
"Aug","4/8/2024 - 9:48 pm","Injector","UC # 2","Connector Press Fitting","EIAS-200","","PM","60","","","","","","","","","","","Gaurav","Completed"
"Apr","29/4/2024 - 11:47 am","Injector","Housing-1","FUSHING END BENDING","EIHS-061","","PM","35","","","","","","","","","","","Sandeep","Completed"
"June","17/6/2024 - 8:02 am","Injector","Housing-1","FUSHING END BENDING","EIHS-061","","PM","45","","","","","","","","","","","Yogesh","Completed"
"July","14/7/2024 - 9:38 AM","Injector","Housing-1","FUSHING END BENDING","EIHS-061","","PM","30","","","","","","","","","","","Tarkeshwar","Completed"
"Apr","29/4/2024 - 11:41 pm","Injector","UC#1",""Dynamic Flow Adjustment &  Inspection"","EICI-032","","PM","40","","","","","","","","","","","Gaurav","Completed"
"June","14/6/2024 - 10:28 am","Injector","UC#1",""Dynamic Flow Adjustment &  Inspection"","EICI-032","","PM","120","","","","","","","","","","","Parveen","Completed"
"July","18/7/2024 - 12:42 AM","Injector","UC#1",""Dynamic Flow Adjustment &  Inspection"","EICI-032","","PM","50","","","","","","","","","","","Parveen","Completed"
"Apr","29/4/2024 - 11:39 pm","Injector","UC#1","Static Flow Adjustment & Inspection","EICI-022","","PM","40","","","","","","","","","","","Gaurav","Completed"
"June","14/6/2024 - 12:19 pm","Injector","UC#1","Static Flow Adjustment & Inspection","EICI-022","","PM","60","","","","","","","","","","","Akshay","Completed"
"July","25/7/2024 - 1:26 pm","Injector","UC#1","Static Flow Adjustment & Inspection","EICI-022","","PM","50","","","","","","","","","","","Parveen","Completed"
"Apr","29/4/2024 - 11:53 am","Injector","Housing-1","MUC FUSHING END BENDING","EIHS-071","","PM","25","","","","","","","","","","","Sandeep","Completed"
"June","17/6/2024 - 8:01 am","Injector","Housing-1","MUC FUSHING END BENDING","EIHS-071","","PM","30","","","","","","","","","","","Yogesh","Completed"
"July","14/7/2024 - 9:48 AM","Injector","Housing-1","MUC FUSHING END BENDING","EIHS-071","","PM","30","","","","","","","","","","","Tarkeshwar","Completed"
"Apr","29/4/2024 - 11:44 pm","Injector","UC#1","Filter Press Fitting & Grommet Assembly","EICI - 062","","PM","10","","","","","","","","","","","Gaurav","Completed"
"July","18/7/2024 - 12:36 AM","Injector","UC#1","Filter Press Fitting & Grommet Assembly","EICI - 062","","PM","20","","","","","","","","","","","Parveen","Completed"
"June","17/6/2024 - 8:01 am","Injector","Housing-1","PLATE PRESS FITTING","EIHS-081","","PM","15","","","","","","","","","","","Yogesh","Completed"
"July","13/7/2024 - 9:35 AM","Injector","Housing-1","PLATE PRESS FITTING","EIHS-081","","PM","30","","","","","","","","","","","Tarkeshwar","Completed"
"Apr","29/4/2024 - 11:43 pm","Injector","UC#1","Seat Oil Leakage Inspection","EICI-052","","PM","40","","","","","","","","","","","Gaurav","Completed"
"June","14/6/2024 - 12:17 pm","Injector","UC#1","Seat Oil Leakage Inspection","EICI-052","","PM","130","","","","","","","","","","","Akshay","Completed"
"July","18/7/2024 - 12:53 AM","Injector","UC#1","Seat Oil Leakage Inspection","EICI-052","","PM","50","","","","","","","","","","","Parveen","Completed"
"Aug","14/8/2024 - 2:42 am","Injector","UC#1","Seat Oil Leakage Inspection","EICI-052","","PM","40","","","","","","","","","","","Gaurav","Completed"
"June","14/6/2024 - 10:30 am","Injector","UC#1","Lower O-ring & Nozzle leak Inspection Machine-1","EICI-153","","PM","40","","","","","","","","","","","Parveen","Completed"
"July","18/7/2024 - 12:35 AM","Injector","UC#1","Lower O-ring & Nozzle leak Inspection Machine-1","EICI-153","","PM","50","","","","","","","","","","","Parveen","Completed"
"June","29/6/2024 - 1:10 pm","Injector","Housing-1","LASER MARKING","EIHS-101","","PM","120","","","","","","","","","","","Salman","Completed"
"July","20/7/2024 - 4:28 pm","Injector","Housing-1","LASER MARKING","EIHS-101","","PM","30","","","","","","","","","","","Yogesh","Completed"
"Apr","29/4/2024 - 11:40 am","Injector","Housing-1","WIRE WINDING","EIHS-031","","PM","50","","","","","","","","","","","Sandeep","Completed"
"June","29/6/2024 - 1:09 pm","Injector","Housing-1","WIRE WINDING","EIHS-031","","PM","80","","","","","","","","","","","Salman","Completed"
"July","14/7/2024 - 9:29 AM","Injector","Housing-1","WIRE WINDING","EIHS-031","","PM","120","","","","","","","","","","","Tarkeshwar","Completed"
"June","29/6/2024 - 1:09 pm","Injector","Housing-1","HOUSING MOULDING","EIHS-091","","PM","80","","","","","","","","","","","Salman","Completed"
"Apr","10/4/2024 - 1:25 am","Injector","UC#1","Lower O-ring & Nozzle leak Inspection Machine-2","EICI-154","","PM","20","","","","","","","","","","","Gaurav","Completed"
"June","14/6/2024 - 10:29 am","Injector","UC#1","Lower O-ring & Nozzle leak Inspection Machine-2","EICI-154","","PM","10","","","","","","","","","","","Parveen","Completed"
"July","18/7/2024 - 12:33 AM","Injector","UC#1","Lower O-ring & Nozzle leak Inspection Machine-2","EICI-154","","PM","60","","","","","","","","","","","Parveen","Completed"
"Apr","14/4/2024 - 7:30 am","Injector","UC # 2","Lift Inspection","EICI-140","","PM","30","","","","","","","","","","","Parveen","Completed"
"June","14/6/2024 - 12:41 pm","Injector","UC # 2","Lift Inspection","EICI-140","","PM","40","","","","","","","","","","","Akshay","Completed"
"July","21/7/2024 - 1:09 pm","Injector","UC # 2","Lift Inspection","EICI-140","","PM","30","","","","","","","","","","","Keshav","Completed"
"Aug","18/8/2024 - 10:09 AM","Injector","UC # 2","Lift Inspection","EICI-140","","PM","150","","","","","","","","","","","Parveen","Completed"
"Apr","14/4/2024 - 7:31 am","Injector","UC # 2","Seat Oil Leakage Inspection","EICI-150","","PM","70","","","","","","","","","","","Parveen","Completed"
"June","14/6/2024 - 12:42 pm","Injector","UC # 2","Seat Oil Leakage Inspection","EICI-150","","PM","120","","","","","","","","","","","Akshay","Completed"
"July","21/7/2024 - 1:12 pm","Injector","UC # 2","Seat Oil Leakage Inspection","EICI-150","","PM","30","","","","","","","","","","","Keshav","Completed"
"Aug","18/8/2024 - 10:15 AM","Injector","UC # 2","Seat Oil Leakage Inspection","EICI-150","","PM","90","","","","","","","","","","","Parveen","Completed"
"Apr","21/4/2024 - 5:06 pm","Injector","Housing-2","TERMINAL PRESS FIT & HEIGHT CHECK","HSG2-1010","","PM","30","","","","","","","","","","","Salman","Completed"
"May","21/5/2024 - 8:04 am","Injector","Housing-2","TERMINAL PRESS FIT & HEIGHT CHECK","HSG2-1010","","PM","50","","","","","","","","","","","Sandeep","Completed"
"June","11/6/2024 - 3:00 pm","Injector","Housing-2","TERMINAL PRESS FIT & HEIGHT CHECK","HSG2-1010","","PM","45","","","","","","","","","","","Yogesh","Completed"
"July","15/7/2024 - 10:20 am","Injector","Housing-2","TERMINAL PRESS FIT & HEIGHT CHECK","HSG2-1010","","PM","40","","","","","","","","","","","Sandeep","Completed"
"Aug","11/8/2024 - 1:02 PM","Injector","Housing-2","TERMINAL PRESS FIT & HEIGHT CHECK","HSG2-1010","","PM","50","","","","","","","","","","","Yogesh","Completed"
"Apr","21/4/2024 - 5:13 pm","Injector","Housing-2","COIL APPEARANCE INSPECTION","HSG2-2030","","PM","30","","","","","","","","","","","Salman","Completed"
"May","21/5/2024 - 8:07 am","Injector","Housing-2","COIL APPEARANCE INSPECTION","HSG2-2030","","PM","20","","","","","","","","","","","Tarkeshwar","Completed"
"June","11/6/2024 - 4:15 PM","Injector","Housing-2","COIL APPEARANCE INSPECTION","HSG2-2030","","PM","25","","","","","","","","","","","Yogesh","Completed"
"July","15/7/2024 - 10:21 am","Injector","Housing-2","COIL APPEARANCE INSPECTION","HSG2-2030","","PM","40","","","","","","","","","","","Sandeep","Completed"
"Apr","21/4/2024 - 5:12 pm","Injector","Housing-2","FUSING","HSG2-2020","","PM","25","","","","","","","","","","","Salman","Completed"
"May","19/5/2024 - 10:11 am","Injector","Housing-2","FUSING","HSG2-2020","","PM","30","","","","","","","","","","","Tarkeshwar","Completed"
"June","11/6/2024 - 4:14 PM","Injector","Housing-2","FUSING","HSG2-2020","","PM","35","","","","","","","","","","","Yogesh","Completed"
"July","15/7/2024 - 10:21 am","Injector","Housing-2","FUSING","HSG2-2020","","PM","30","","","","","","","","","","","Sandeep","Completed"
"June","14/6/2024 - 10:28 am","Injector","UC#1","Upper O-ring & Nozzle Leak Inspection & Sleeve Presence Check Machine","EICI-092","","PM","60","","","","","","","","","","","Parveen","Completed"
"July","18/7/2024 - 12:31 AM","Injector","UC#1","Upper O-ring & Nozzle Leak Inspection & Sleeve Presence Check Machine","EICI-092","","PM","30","","","","","","","","","","","Parveen","Completed"
"Apr","21/4/2024 - 5:15 pm","Injector","Housing-2","FUSING PORTION END TERMINAL BENDING M/C","HSG2-3010","","PM","40","","","","","","","","","","","Salman","Completed"
"May","19/5/2024 - 10:14 am","Injector","Housing-2","FUSING PORTION END TERMINAL BENDING M/C","HSG2-3010","","PM","35","","","","","","","","","","","Tarkeshwar","Completed"
"June","11/6/2024 - 4:16 PM","Injector","Housing-2","FUSING PORTION END TERMINAL BENDING M/C","HSG2-3010","","PM","35","","","","","","","","","","","Yogesh","Completed"
"July","15/7/2024 - 10:21 am","Injector","Housing-2","FUSING PORTION END TERMINAL BENDING M/C","HSG2-3010","","PM","30","","","","","","","","","","","Sandeep","Completed"
"Apr","21/4/2024 - 5:19 pm","Injector","Housing-2","LASER MARKING MACHINE","HSG2-4020","","PM","40","","","","","","","","","","","Salman","Completed"
"May","19/5/2024 - 10:16 am","Injector","Housing-2","LASER MARKING MACHINE","HSG2-4020","","PM","25","","","","","","","","","","","Tarkeshwar","Completed"
"June","17/6/2024 - 7:56 am","Injector","Housing-2","LASER MARKING MACHINE","HSG2-4020","","PM","120","","","","","","","","","","","Yogesh","Completed"
"July","15/7/2024 - 10:22 am","Injector","Housing-2","LASER MARKING MACHINE","HSG2-4020","","PM","30","","","","","","","","","","","Sandeep","Completed"
"Apr","21/4/2024 - 5:22 pm","Injector","Housing-3","FUSING MACHINE","HSG3-2020","","PM","25","","","","","","","","","","","Salman","Completed"
"June","11/6/2024 - 4:08 PM","Injector","Housing-3","FUSING MACHINE","HSG3-2020","","PM","30","","","","","","","","","","","Yogesh","Completed"
"July","7/7/2024 - 8:26 pm","Injector","Housing-3","FUSING MACHINE","HSG3-2020","","PM","20","","","","","","","","","","","Tarkeshwar","Completed"
"Apr","14/4/2024 - 7:29 am","Injector","UC # 2",""Dynamic Flow Adjustment &  Inspection"","EICI-130","","PM","50","","","","","","","","","","","Parveen","Completed"
"May","19/5/2024 - 7:13 pm","Injector","UC # 2",""Dynamic Flow Adjustment &  Inspection"","EICI-130","","PM","40","","","","","","","","","","","Parveen","Completed"
"June","14/6/2024 - 12:40 pm","Injector","UC # 2",""Dynamic Flow Adjustment &  Inspection"","EICI-130","","PM","90","","","","","","","","","","","Akshay","Completed"
"July","13/7/2024 - 4:25 pm","Injector","UC # 2",""Dynamic Flow Adjustment &  Inspection"","EICI-130","","PM","80","","","","","","","","","","","Gaurav","Completed"
"Aug","4/8/2024 - 5:20 pm","Injector","UC # 2",""Dynamic Flow Adjustment &  Inspection"","EICI-130","","PM","60","","","","","","","","","","","Gaurav","Completed"
"Apr","21/4/2024 - 5:23 pm","Injector","Housing-3","COIL APPEARANCE INSPECTION","HSG3-2030","","PM","20","","","","","","","","","","","Salman","Completed"
"June","11/6/2024 - 4:08 PM","Injector","Housing-3","COIL APPEARANCE INSPECTION","HSG3-2030","","PM","20","","","","","","","","","","","Yogesh","Completed"
"July","7/7/2024 - 8:27 pm","Injector","Housing-3","COIL APPEARANCE INSPECTION","HSG3-2030","","PM","15","","","","","","","","","","","Tarkeshwar","Completed"
"Apr","21/4/2024 - 5:22 pm","Injector","Housing-3","WIRE WINDING","HSG3-2010","","PM","60","","","","","","","","","","","Salman","Completed"
"June","17/6/2024 - 7:52 am","Injector","Housing-3","WIRE WINDING","HSG3-2010","","PM","120","","","","","","","","","","","Tarkeshwar","Completed"
"July","15/7/2024 - 12:06 PM","Injector","Housing-3","WIRE WINDING","HSG3-2010","","PM","100","","","","","","","","","","","Salman","Completed"
"Apr","21/4/2024 - 5:20 pm","Injector","Housing-3","TERMINAL PRESSFIT & HEIGHT CHECK","HSG3-1010","","PM","35","","","","","","","","","","","Salman","Completed"
"June","11/6/2024 - 4:40 PM","Injector","Housing-3","TERMINAL PRESSFIT & HEIGHT CHECK","HSG3-1010","","PM","35","","","","","","","","","","","Yogesh","Completed"
"July","7/7/2024 - 7:24 pm","Injector","Housing-3","TERMINAL PRESSFIT & HEIGHT CHECK","HSG3-1010","","PM","30","","","","","","","","","","","Tarkeshwar","Completed"
"Apr","21/4/2024 - 5:18 pm","Injector","Housing-2","MOLDING MACHINE","HSG2-4010","","PM","60","","","","","","","","","","","Salman","Completed"
"May","21/5/2024 - 8:12 am","Injector","Housing-2","MOLDING MACHINE","HSG2-4010","","PM","90","","","","","","","","","","","Sandeep","Completed"
"June","17/6/2024 - 7:54 am","Injector","Housing-2","MOLDING MACHINE","HSG2-4010","","PM","90","","","","","","","","","","","Yogesh","Completed"
"July","15/7/2024 - 10:21 am","Injector","Housing-2","MOLDING MACHINE","HSG2-4010","","PM","60","","","","","","","","","","","Sandeep","Completed"
"Apr","21/4/2024 - 5:24 pm","Injector","Housing-3","HOLDER, PLATE & PIPE PRESS FIT MACHINE","HSG3-3020","","PM","75","","","","","","","","","","","Salman","Completed"
"June","11/6/2024 - 4:10 PM","Injector","Housing-3","HOLDER, PLATE & PIPE PRESS FIT MACHINE","HSG3-3020","","PM","70","","","","","","","","","","","Yogesh","Completed"
"July","7/7/2024 - 10:27 pm","Injector","Housing-3","HOLDER, PLATE & PIPE PRESS FIT MACHINE","HSG3-3020","","PM","50","","","","","","","","","","","Tarkeshwar","Completed"
"Apr","21/4/2024 - 5:27 pm","Injector","Housing-3","LASER MARKING MACHINE","HSG3-4020","","PM","50","","","","","","","","","","","Salman","Completed"
"June","10/6/2024 - 5:42 pm","Injector","Housing-3","LASER MARKING MACHINE","HSG3-4020","","PM","35","","","","","","","","","","","Tarkeshwar","Completed"
"July","7/7/2024 - 8:24 pm","Injector","Housing-3","LASER MARKING MACHINE","HSG3-4020","","PM","50","","","","","","","","","","","Tarkeshwar","Completed"
"Apr","21/4/2024 - 5:23 pm","Injector","Housing-3","FUSING PORTION END TERMINAL BENDING M/C","HSG3-3010","","PM","35","","","","","","","","","","","Salman","Completed"
"June","11/6/2024 - 4:07 PM","Injector","Housing-3","FUSING PORTION END TERMINAL BENDING M/C","HSG3-3010","","PM","30","","","","","","","","","","","Yogesh","Completed"
"July","7/7/2024 - 8:25 pm","Injector","Housing-3","FUSING PORTION END TERMINAL BENDING M/C","HSG3-3010","","PM","20","","","","","","","","","","","Tarkeshwar","Completed"
"Apr","21/4/2024 - 5:26 pm","Injector","Housing-3","MOLDING MACHINE","HSG3-4010","","PM","60","","","","","","","","","","","Salman","Completed"
"June","17/6/2024 - 7:56 am","Injector","Housing-3","MOLDING MACHINE","HSG3-4010","","PM","90","","","","","","","","","","","Tarkeshwar,Yogesh","Completed"
"July","22/7/2024 - 4:38 pm","Injector","Housing-3","MOLDING MACHINE","HSG3-4010","","PM","50","","","","","","","","","","","Salman","Completed"
"Apr","28/4/2024 - 2:40 pm","Injector","Housing-4","COIL APPEARANCE INSPECTION","HSG4-2030","","PM","25","","","","","","","","","","","Salman","Completed"
"May","26/5/2024 - 1:49 pm","Injector","Housing-4","COIL APPEARANCE INSPECTION","HSG4-2030","","PM","10","","","","","","","","","","","Salman","Completed"
"June","17/6/2024 - 7:57 am","Injector","Housing-4","COIL APPEARANCE INSPECTION","HSG4-2030","","PM","30","","","","","","","","","","","Yogesh","Completed"
"July","21/7/2024 - 2:14 pm","Injector","Housing-4","COIL APPEARANCE INSPECTION","HSG4-2030","","PM","20","","","","","","","","","","","Salman","Completed"
"Aug","19/8/2024 - 12:39 pm","Injector","Housing-4","COIL APPEARANCE INSPECTION","HSG4-2030","","PM","20","","","","","","","","","","","Tarkeshwar","Completed"
"Apr","28/4/2024 - 2:54 pm","Injector","Housing-4","FUSING MACHINE","HSG4-2020","","PM","35","","","","","","","","","","","Sandeep","Completed"
"May","26/5/2024 - 1:49 pm","Injector","Housing-4","FUSING MACHINE","HSG4-2020","","PM","10","","","","","","","","","","","Salman","Completed"
"June","17/6/2024 - 7:51 am","Injector","Housing-4","FUSING MACHINE","HSG4-2020","","PM","30","","","","","","","","","","","Yogesh","Completed"
"July","21/7/2024 - 2:13 pm","Injector","Housing-4","FUSING MACHINE","HSG4-2020","","PM","20","","","","","","","","","","","Salman","Completed"
"Aug","19/8/2024 - 12:38 pm","Injector","Housing-4","FUSING MACHINE","HSG4-2020","","PM","30","","","","","","","","","","","Tarkeshwar","Completed"
"Apr","28/4/2024 - 2:47 pm","Injector","Housing-4","TERMINAL PRESSFIT & HEIGHT CHECK","HSG4-1010","","PM","40","","","","","","","","","","","Sandeep","Completed"
"May","26/5/2024 - 1:48 pm","Injector","Housing-4","TERMINAL PRESSFIT & HEIGHT CHECK","HSG4-1010","","PM","25","","","","","","","","","","","Salman","Completed"
"June","11/6/2024 - 4:22 PM","Injector","Housing-4","TERMINAL PRESSFIT & HEIGHT CHECK","HSG4-1010","","PM","40","","","","","","","","","","","Yogesh","Completed"
"July","21/7/2024 - 2:07 pm","Injector","Housing-4","TERMINAL PRESSFIT & HEIGHT CHECK","HSG4-1010","","PM","30","","","","","","","","","","","Salman","Completed"
"Aug","19/8/2024 - 7:41 am","Injector","Housing-4","TERMINAL PRESSFIT & HEIGHT CHECK","HSG4-1010","","PM","40","","","","","","","","","","","Tarkeshwar","Completed"
"Apr","28/4/2024 - 2:51 pm","Injector","Housing-4","FUSING PORTION AND TERMINAL BENDING M/C","HSG4-3010","","PM","30","","","","","","","","","","","Sandeep","Completed"
"May","26/5/2024 - 1:49 pm","Injector","Housing-4","FUSING PORTION AND TERMINAL BENDING M/C","HSG4-3010","","PM","15","","","","","","","","","","","Salman","Completed"
"June","17/6/2024 - 7:58 am","Injector","Housing-4","FUSING PORTION AND TERMINAL BENDING M/C","HSG4-3010","","PM","45","","","","","","","","","","","Yogesh","Completed"
"July","21/7/2024 - 2:16 pm","Injector","Housing-4","FUSING PORTION AND TERMINAL BENDING M/C","HSG4-3010","","PM","25","","","","","","","","","","","Salman","Completed"
"Aug","19/8/2024 - 12:40 pm","Injector","Housing-4","FUSING PORTION AND TERMINAL BENDING M/C","HSG4-3010","","PM","20","","","","","","","","","","","Tarkeshwar","Completed"
"Apr","21/4/2024 - 5:12 pm","Injector","Housing-2","WIRE WINDING","HSG2- 2010","","PM","80","","","","","","","","","","","Salman","Completed"
"May","21/5/2024 - 8:06 am","Injector","Housing-2","WIRE WINDING","HSG2- 2010","","PM","75","","","","","","","","","","","Sandeep","Completed"
"June","","Injector","Housing-2","WIRE WINDING","HSG2- 2010","","PM","120","","","","","","","","","","","Yogesh","Completed"
"July","15/7/2024 - 10:20 am","Injector","Housing-2","WIRE WINDING","HSG2- 2010","","PM","60","","","","","","","","","","","Sandeep","Completed"
"Apr","28/4/2024 - 2:58 pm","Injector","Housing-4","WIRE WINDING","HSG4-2010","","PM","60","","","","","","","","","","","Sandeep","Completed"
"May","26/5/2024 - 1:49 pm","Injector","Housing-4","WIRE WINDING","HSG4-2010","","PM","60","","","","","","","","","","","Salman","Completed"
"June","17/6/2024 - 7:51 am","Injector","Housing-4","WIRE WINDING","HSG4-2010","","PM","80","","","","","","","","","","","Yogesh","Completed"
"July","21/7/2024 - 2:12 pm","Injector","Housing-4","WIRE WINDING","HSG4-2010","","PM","40","","","","","","","","","","","Salman","Completed"
"Aug","19/8/2024 - 12:37 pm","Injector","Housing-4","WIRE WINDING","HSG4-2010","","PM","90","","","","","","","","","","","Tarkeshwar","Completed"
"Apr","28/4/2024 - 12:16 pm","Injector","Housing-4","LASER MARKING MACHINE","HSG4-4020","","PM","75","","","","","","","","","","","Salman","Completed"
"May","26/5/2024 - 1:50 pm","Injector","Housing-4","LASER MARKING MACHINE","HSG4-4020","","PM","15","","","","","","","","","","","Salman","Completed"
"June","17/6/2024 - 8:00 am","Injector","Housing-4","LASER MARKING MACHINE","HSG4-4020","","PM","105","","","","","","","","","","","Yogesh","Completed"
"July","21/7/2024 - 2:25 pm","Injector","Housing-4","LASER MARKING MACHINE","HSG4-4020","","PM","30","","","","","","","","","","","Salman","Completed"
"Aug","11/8/2024 - 12:39 PM","Injector","Housing-4","LASER MARKING MACHINE","HSG4-4020","","PM","40","","","","","","","","","","","Yogesh","Completed"
"Apr","21/4/2024 - 5:17 pm","Injector","Housing-2","HOLDER, PLATE & PIPE PRESS FIT M/C","HSG2-3020","","PM","70","","","","","","","","","","","Salman","Completed"
"May","21/5/2024 - 8:07 am","Injector","Housing-2","HOLDER, PLATE & PIPE PRESS FIT M/C","HSG2-3020","","PM","75","","","","","","","","","","","Tarkeshwar,Sandeep","Completed"
"June","17/6/2024 - 7:53 am","Injector","Housing-2","HOLDER, PLATE & PIPE PRESS FIT M/C","HSG2-3020","","PM","60","","","","","","","","","","","Yogesh","Completed"
"July","15/7/2024 - 10:21 am","Injector","Housing-2","HOLDER, PLATE & PIPE PRESS FIT M/C","HSG2-3020","","PM","60","","","","","","","","","","","Sandeep","Completed"
"Apr","28/4/2024 - 2:44 pm","Injector","Housing-4","HOLDER, PLATE & PIPE PRESS FIT MACHINE","HSG4-3020","","PM","60","","","","","","","","","","","Sandeep","Completed"
"May","26/5/2024 - 1:49 pm","Injector","Housing-4","HOLDER, PLATE & PIPE PRESS FIT MACHINE","HSG4-3020","","PM","30","","","","","","","","","","","Salman","Completed"
"July","21/7/2024 - 2:26 pm","Injector","Housing-4","HOLDER, PLATE & PIPE PRESS FIT MACHINE","HSG4-3020","","PM","50","","","","","","","","","","","Salman","Completed"
"Aug","11/8/2024 - 12:38 PM","Injector","Housing-4","HOLDER, PLATE & PIPE PRESS FIT MACHINE","HSG4-3020","","PM","60","","","","","","","","","","","Yogesh","Completed"
"Apr","28/4/2024 - 12:25 pm","Injector","Housing-4","MOLDING MACHINE","HSG4-4010","","PM","90","","","","","","","","","","","Salman","Completed"
"May","26/5/2024 - 1:50 pm","Injector","Housing-4","MOLDING MACHINE","HSG4-4010","","PM","30","","","","","","","","","","","Salman","Completed"
"June","17/6/2024 - 7:59 am","Injector","Housing-4","MOLDING MACHINE","HSG4-4010","","PM","65","","","","","","","","","","","Yogesh","Completed"
"July","21/7/2024 - 2:21 pm","Injector","Housing-4","MOLDING MACHINE","HSG4-4010","","PM","60","","","","","","","","","","","Salman","Completed"
"Aug","11/8/2024 - 12:39 PM","Injector","Housing-4","MOLDING MACHINE","HSG4-4010","","PM","75","","","","","","","","","","","Yogesh","Completed"
"Apr","14/4/2024 - 9:08 am","Injector","UC # 2","Lower O-ring & Nozzle leak Inspection Machine-2","EICI-222","","PM","40","","","","","","","","","","","Parveen","Completed"
"May","20/5/2024 - 9:08 am","Injector","UC # 2","Lower O-ring & Nozzle leak Inspection Machine-2","EICI-222","","PM","60","","","","","","","","","","","Parveen","Completed"
"June","14/6/2024 - 1:20 pm","Injector","UC # 2","Lower O-ring & Nozzle leak Inspection Machine-2","EICI-222","","PM","50","","","","","","","","","","","Akshay","Completed"
"July","21/7/2024 - 1:35 pm","Injector","UC # 2","Lower O-ring & Nozzle leak Inspection Machine-2","EICI-222","","PM","10","","","","","","","","","","","Keshav","Completed"
"Aug","","Injector","UC # 2","Lower O-ring & Nozzle leak Inspection Machine-2","EICI-222","","PM","40","","","","","","","","","","","Akshay","Completed"
"Apr","14/4/2024 - 9:09 am","Injector","UC # 2","Camera Inspection Machine","EICI-234","","PM","30","","","","","","","","","","","Parveen","Completed"
"May","19/5/2024 - 4:28 pm","Injector","UC # 2","Camera Inspection Machine","EICI-234","","PM","10","","","","","","","","","","","Parveen","Completed"
"June","14/6/2024 - 1:25 pm","Injector","UC # 2","Camera Inspection Machine","EICI-234","","PM","10","","","","","","","","","","","Akshay","Completed"
"July","21/7/2024 - 1:38 pm","Injector","UC # 2","Camera Inspection Machine","EICI-234","","PM","40","","","","","","","","","","","Keshav","Completed"
"Apr","14/4/2024 - 9:09 am","Injector","UC # 2","Upper O-ring & Nozzle Leak Inspection & Sleeve Presence Check Machine","EICI-230","","PM","10","","","","","","","","","","","Parveen","Completed"
"May","20/5/2024 - 9:09 am","Injector","UC # 2","Upper O-ring & Nozzle Leak Inspection & Sleeve Presence Check Machine","EICI-230","","PM","30","","","","","","","","","","","Parveen","Completed"
"June","14/6/2024 - 1:24 pm","Injector","UC # 2","Upper O-ring & Nozzle Leak Inspection & Sleeve Presence Check Machine","EICI-230","","PM","60","","","","","","","","","","","Akshay","Completed"
"July","21/7/2024 - 1:37 pm","Injector","UC # 2","Upper O-ring & Nozzle Leak Inspection & Sleeve Presence Check Machine","EICI-230","","PM","30","","","","","","","","","","","Keshav","Completed"
"Aug","","Injector","UC # 2","Upper O-ring & Nozzle Leak Inspection & Sleeve Presence Check Machine","EICI-230","","PM","50","","","","","","","","","","","Akshay","Completed"
"Apr","14/4/2024 - 9:06 am","Injector","UC # 2",""Dynamic Flow Adjustment &  Inspection"","EICI-132","","PM","20","","","","","","","","","","","Parveen","Completed"
"May","20/5/2024 - 9:11 am","Injector","UC # 2",""Dynamic Flow Adjustment &  Inspection"","EICI-132","","PM","50","","","","","","","","","","","Parveen","Completed"
"June","14/6/2024 - 1:29 pm","Injector","UC # 2",""Dynamic Flow Adjustment &  Inspection"","EICI-132","","PM","90","","","","","","","","","","","Akshay","Completed"
"July","21/7/2024 - 1:41 pm","Injector","UC # 2",""Dynamic Flow Adjustment &  Inspection"","EICI-132","","PM","20","","","","","","","","","","","Keshav","Completed"
"Aug","","Injector","UC # 2",""Dynamic Flow Adjustment &  Inspection"","EICI-132","","PM","130","","","","","","","","","","","Akshay","Completed"
"Apr","27/4/2024 - 11:25 am","Fuel Pump","FP-Assy","Impller, side clearance ( I2 )","M-EN-FP-FPA-1-140-1","","PM","5","","","","","","","","","","","Salman","Completed"
"June","13/6/2024 - 3:31 pm","Fuel Pump","FP-Assy","Impller, side clearance ( I2 )","M-EN-FP-FPA-1-140-1","","PM","30","","","","","","","","","","","Tinku","Completed"
"Aug","18/8/2024 - 9:21 am","Fuel Pump","FP-Assy","Impller, side clearance ( I2 )","M-EN-FP-FPA-1-140-1","","PM","5","","","","","","","","","","","Anil","Completed"
"Apr","14/4/2024 - 9:05 am","Injector","UC # 2","Static Flow Adjustment & Inspection","EICI-122","","PM","50","","","","","","","","","","","Parveen","Completed"
"May","20/5/2024 - 9:10 am","Injector","UC # 2","Static Flow Adjustment & Inspection","EICI-122","","PM","40","","","","","","","","","","","Parveen","Completed"
"June","14/6/2024 - 1:28 pm","Injector","UC # 2","Static Flow Adjustment & Inspection","EICI-122","","PM","60","","","","","","","","","","","Akshay","Completed"
"July","21/7/2024 - 1:41 pm","Injector","UC # 2","Static Flow Adjustment & Inspection","EICI-122","","PM","80","","","","","","","","","","","Keshav","Completed"
"Aug","","Injector","UC # 2","Static Flow Adjustment & Inspection","EICI-122","","PM","10","","","","","","","","","","","Akshay","Completed"
"June","14/6/2024 - 1:34 pm","Injector","UC # 2","Filter Press Fitting & Grommet Assembly","EICI-161","","PM","20","","","","","","","","","","","Akshay","Completed"
"Aug","","Injector","UC # 2","Filter Press Fitting & Grommet Assembly","EICI-161","","PM","30","","","","","","","","","","","Parveen","Completed"
"Apr","14/4/2024 - 9:06 am","Injector","UC # 2","Lift Inspection","EICI-142","","PM","50","","","","","","","","","","","Parveen","Completed"
"May","20/5/2024 - 9:12 am","Injector","UC # 2","Lift Inspection","EICI-142","","PM","40","","","","","","","","","","","Parveen","Completed"
"June","14/6/2024 - 1:31 pm","Injector","UC # 2","Lift Inspection","EICI-142","","PM","30","","","","","","","","","","","Akshay","Completed"
"July","21/7/2024 - 1:43 pm","Injector","UC # 2","Lift Inspection","EICI-142","","PM","60","","","","","","","","","","","Keshav","Completed"
"Aug","","Injector","UC # 2","Lift Inspection","EICI-142","","PM","30","","","","","","","","","","","Akshay","Completed"
"Apr","14/4/2024 - 9:15 am","Injector","UC # 2","Lower O-ring & Nozzle leak Inspection Machine-2","EICI-224","","PM","60","","","","","","","","","","","Parveen","Completed"
"May","20/5/2024 - 9:15 am","Injector","UC # 2","Lower O-ring & Nozzle leak Inspection Machine-2","EICI-224","","PM","20","","","","","","","","","","","Parveen","Completed"
"June","14/6/2024 - 1:36 pm","Injector","UC # 2","Lower O-ring & Nozzle leak Inspection Machine-2","EICI-224","","PM","80","","","","","","","","","","","Akshay","Completed"
"July","21/7/2024 - 1:48 pm","Injector","UC # 2","Lower O-ring & Nozzle leak Inspection Machine-2","EICI-224","","PM","50","","","","","","","","","","","Keshav","Completed"
"Aug","","Injector","UC # 2","Lower O-ring & Nozzle leak Inspection Machine-2","EICI-224","","PM","50","","","","","","","","","","","Parveen","Completed"
"Apr","11/4/2024 - 1:58 pm","Injector","UC # 2","Seat Oil Leakage Inspection","EICI-053","","PM","70","","","","","","","","","","","Parveen","Completed"
"May","20/5/2024 - 9:12 am","Injector","UC # 2","Seat Oil Leakage Inspection","EICI-053","","PM","90","","","","","","","","","","","Parveen","Completed"
"June","14/6/2024 - 1:31 pm","Injector","UC # 2","Seat Oil Leakage Inspection","EICI-053","","PM","120","","","","","","","","","","","Akshay","Completed"
"July","21/7/2024 - 1:43 pm","Injector","UC # 2","Seat Oil Leakage Inspection","EICI-053","","PM","80","","","","","","","","","","","Parveen","Completed"
"Aug","","Injector","UC # 2","Seat Oil Leakage Inspection","EICI-053","","PM","80","","","","","","","","","","","Parveen","Completed"
"Apr","14/4/2024 - 9:16 am","Injector","UC # 2","Lower O-ring & Nozzle leak Inspection Machine-1","EICI-223","","PM","40","","","","","","","","","","","Parveen","Completed"
"May","20/5/2024 - 9:14 am","Injector","UC # 2","Lower O-ring & Nozzle leak Inspection Machine-1","EICI-223","","PM","120","","","","","","","","","","","Parveen","Completed"
"June","19/6/2024 - 7:13 am","Injector","UC # 2","Lower O-ring & Nozzle leak Inspection Machine-1","EICI-223","","PM","40","","","","","","","","","","","Parveen","Completed"
"July","21/7/2024 - 1:47 pm","Injector","UC # 2","Lower O-ring & Nozzle leak Inspection Machine-1","EICI-223","","PM","10","","","","","","","","","","","Keshav","Completed"
"Apr","14/4/2024 - 9:08 am","Injector","UC # 2","Lower O-ring & Nozzle leak Inspection Machine-1","EICI-221","","PM","10","","","","","","","","","","","Parveen","Completed"
"May","20/5/2024 - 9:07 am","Injector","UC # 2","Lower O-ring & Nozzle leak Inspection Machine-1","EICI-221","","PM","80","","","","","","","","","","","Parveen","Completed"
"June","","Injector","UC # 2","Lower O-ring & Nozzle leak Inspection Machine-1","EICI-221","","PM","30","","","","","","","","","","","Akshay","Completed"
"July","21/7/2024 - 1:34 pm","Injector","UC # 2","Lower O-ring & Nozzle leak Inspection Machine-1","EICI-221","","PM","10","","","","","","","","","","","Keshav","Completed"
"Aug","","Injector","UC # 2","Lower O-ring & Nozzle leak Inspection Machine-1","EICI-221","","PM","80","","","","","","","","","","","Akshay","Completed"
"Apr","14/4/2024 - 9:10 am","Injector","UC # 2","Camera Inspection Machine","EICI-235","","PM","10","","","","","","","","","","","Parveen","Completed"
"May","20/5/2024 - 9:16 am","Injector","UC # 2","Camera Inspection Machine","EICI-235","","PM","20","","","","","","","","","","","Parveen","Completed"
"June","14/6/2024 - 1:37 pm","Injector","UC # 2","Camera Inspection Machine","EICI-235","","PM","30","","","","","","","","","","","Akshay","Completed"
"July","21/7/2024 - 1:50 pm","Injector","UC # 2","Camera Inspection Machine","EICI-235","","PM","10","","","","","","","","","","","Keshav","Completed"
"Aug","","Injector","UC # 2","Camera Inspection Machine","EICI-235","","PM","10","","","","","","","","","","","Parveen","Completed"
"Apr","14/4/2024 - 7:34 am","Injector","UC # 2","Filter p/f Dim. Check & Lower BUR Press Fit & Dim. Check Machine","EICI-180","","PM","90","","","","","","","","","","","Parveen","Completed"
"May","20/5/2024 - 9:00 am","Injector","UC # 2","Filter p/f Dim. Check & Lower BUR Press Fit & Dim. Check Machine","EICI-180","","PM","200","","","","","","","","","","","Parveen","Completed"
"June","14/6/2024 - 12:43 pm","Injector","UC # 2","Filter p/f Dim. Check & Lower BUR Press Fit & Dim. Check Machine","EICI-180","","PM","170","","","","","","","","","","","Akshay","Completed"
"July","21/7/2024 - 1:33 pm","Injector","UC # 2","Filter p/f Dim. Check & Lower BUR Press Fit & Dim. Check Machine","EICI-180","","PM","250","","","","","","","","","","","Keshav","Completed"
"Apr","14/4/2024 - 11:34 am","Injector","UC # 2","Filter p/f Dim. Check & Lower BUR Press Fit & Dim. Check Machine","EICI-181","","PM","90","","","","","","","","","","","Parveen","Completed"
"May","20/5/2024 - 9:13 am","Injector","UC # 2","Filter p/f Dim. Check & Lower BUR Press Fit & Dim. Check Machine","EICI-181","","PM","200","","","","","","","","","","","Parveen","Completed"
"June","14/6/2024 - 1:33 pm","Injector","UC # 2","Filter p/f Dim. Check & Lower BUR Press Fit & Dim. Check Machine","EICI-181","","PM","330","","","","","","","","","","","Akshay","Completed"
"July","21/7/2024 - 1:46 pm","Injector","UC # 2","Filter p/f Dim. Check & Lower BUR Press Fit & Dim. Check Machine","EICI-181","","PM","120","","","","","","","","","","","Keshav","Completed"
"Aug","","Injector","UC # 2","Filter p/f Dim. Check & Lower BUR Press Fit & Dim. Check Machine","EICI-181","","PM","260","","","","","","","","","","","Parveen","Completed"
"Apr","14/4/2024 - 9:13 am","Injector","UC # 2","Upper O-ring & Nozzle Leak Inspection & Sleeve Presence Check Machine","EICI-231","","PM","30","","","","","","","","","","","Parveen","Completed"
"May","20/5/2024 - 9:15 am","Injector","UC # 2","Upper O-ring & Nozzle Leak Inspection & Sleeve Presence Check Machine","EICI-231","","PM","30","","","","","","","","","","","Parveen","Completed"
"June","14/6/2024 - 1:39 pm","Injector","UC # 2","Upper O-ring & Nozzle Leak Inspection & Sleeve Presence Check Machine","EICI-231","","PM","20","","","","","","","","","","","Akshay","Completed"
"July","21/7/2024 - 1:49 pm","Injector","UC # 2","Upper O-ring & Nozzle Leak Inspection & Sleeve Presence Check Machine","EICI-231","","PM","40","","","","","","","","","","","Keshav","Completed"
"Apr","27/4/2024 - 1:00 pm","Fuel Pump","SIFS # 1","Hot plate welding m/c","M-EN-FP-SIF-1-010-1","","PM","90","","","","","","","","","","","Tarkeshwar","Completed"
"July","15/7/2024 - 10:04 am","Fuel Pump","SIFS # 1","Hot plate welding m/c","M-EN-FP-SIF-1-010-1","","PM","20","","","","","","","","","","","Tinku","Completed"
"Aug","","Fuel Pump","SIFS # 1","Hot plate welding m/c","M-EN-FP-SIF-1-010-1","","PM","10","","","","","","","","","","","Salman","Completed"
"Apr","16/4/2024 - 2:17 am","Injector","UC # 2","Ultrasonic Washing Machine","EIAS-250","","PM","80","","","","","","","","","","","Parveen","Completed"
"May","29/5/2024 - 1:41 am","Injector","UC # 2","Ultrasonic Washing Machine","EIAS-250","","PM","120","","","","","","","","","","","Parveen","Completed"
"June","28/6/2024 - 2:10 pm","Injector","UC # 2","Ultrasonic Washing Machine","EIAS-250","","PM","120","","","","","","","","","","","Gaurav","Completed"
"Aug","20/8/2024 - 9:22 am","Injector","UC # 2","Ultrasonic Washing Machine","EIAS-250","","PM","130","","","","","","","","","","","Parveen","Completed"
"May","23/5/2024 - 4:21 pm","Fuel Pump","SIFS # 1","Air blow M/c","M-EN-FP-SIF-1-070-1","","PM","10","","","","","","","","","","","Sandeep","Completed"
"Aug","","Fuel Pump","SIFS # 1","Air blow M/c","M-EN-FP-SIF-1-070-1","","PM","10","","","","","","","","","","","Salman","Completed"
"July","15/7/2024 - 10:04 am","Fuel Pump","SIFS # 1","Wet Leak Tester","M-EN-FP-SIF-1-060-1","","PM","10","","","","","","","","","","","Tinku","Completed"
"May","23/5/2024 - 4:21 pm","Fuel Pump","SIFS # 1","Air Leak Tightness Tester","M-EN-FP-SIF-1-140-1","","PM","40","","","","","","","","","","","Sandeep","Completed"
"Aug","","Fuel Pump","SIFS # 1","Air Leak Tightness Tester","M-EN-FP-SIF-1-140-1","","PM","30","","","","","","","","","","","Salman","Completed"
"Apr","27/4/2024 - 11:28 am","Fuel Pump","SIFS # 6","Pressure regulatyer assy M/C","M-EN-FP-SIF-6-010-1","","PM","15","","","","","","","","","","","Salman","Completed"
"May","26/5/2024 - 1:31 pm","Fuel Pump","SIFS # 6","Pressure regulatyer assy M/C","M-EN-FP-SIF-6-010-1","","PM","20","","","","","","","","","","","Salman","Completed"
"July","21/7/2024 - 3:20 pm","Fuel Pump","SIFS # 6","Pressure regulatyer assy M/C","M-EN-FP-SIF-6-010-1","","PM","25","","","","","","","","","","","Yogesh","Completed"
"May","23/5/2024 - 4:22 pm","Fuel Pump","SIFS # 1","Electrical Inspection M/c","M-EN-FP-SIF-1-170-1","","PM","30","","","","","","","","","","","Sandeep","Completed"
"Aug","","Fuel Pump","SIFS # 1","Electrical Inspection M/c","M-EN-FP-SIF-1-170-1","","PM","25","","","","","","","","","","","Salman","Completed"
"May","26/5/2024 - 1:31 pm","Fuel Pump","SIFS # 6","Main Tube Assembly Machine (YRA)","M-EN-FP-SIF-6-030-1","","PM","25","","","","","","","","","","","Salman","Completed"
"May","26/5/2024 - 1:31 pm","Fuel Pump","SIFS # 6","Return Tube Assembly Machine","M-EN-FP-SIF-6-020-1","","PM","20","","","","","","","","","","","Salman","Completed"
"May","26/5/2024 - 1:31 pm","Fuel Pump","SIFS # 6","Filter and Pump Assembly Machine","M-EN-FP-SIF-6-040-1","","PM","5","","","","","","","","","","","Salman","Completed"
"May","26/5/2024 - 1:32 pm","Fuel Pump","SIFS # 6","Pump and supporter assy M/C","M-EN-FP-SIF-6-050-1","","PM","10","","","","","","","","","","","Salman","Completed"
"May","26/5/2024 - 1:32 pm","Fuel Pump","SIFS # 6","Pump Jet & tube Assembly Machine","M-EN-FP-SIF-6-070-1","","PM","10","","","","","","","","","","","Salman","Completed"
"May","26/5/2024 - 1:32 pm","Fuel Pump","SIFS # 6","Pump Jet & tube Assembly Machine","M-EN-FP-SIF-6-080-1","","PM","10","","","","","","","","","","","Salman","Completed"
"Apr","27/4/2024 - 11:29 am","Fuel Pump","SIFS # 6","Jet blockage check M/C","M-EN-FP-SIF-6-090-1","","PM","15","","","","","","","","","","","Salman","Completed"
"May","26/5/2024 - 1:32 pm","Fuel Pump","SIFS # 6","Jet blockage check M/C","M-EN-FP-SIF-6-090-1","","PM","5","","","","","","","","","","","Salman","Completed"
"July","21/7/2024 - 3:21 pm","Fuel Pump","SIFS # 6","Jet blockage check M/C","M-EN-FP-SIF-6-090-1","","PM","40","","","","","","","","","","","Yogesh","Completed"
"May","26/5/2024 - 1:32 pm","Fuel Pump","SIFS # 6","Air leak test and plate assy M/C","M-EN-FP-SIF-6-060-1","","PM","35","","","","","","","","","","","Salman","Completed"
"Aug","18/8/2024 - 9:35 am","Fuel Pump","COV","Float Sub Assy Performance M/C","M-EN-FP-COV-060-1","","PM","20","","","","","","","","","","","Anil","Completed"
"Aug","18/8/2024 - 9:41 am","Fuel Pump","COV","Cov Open valve Performance M/C","M-EN-FP-COV-080-1","","PM","30","","","","","","","","","","","Anil","Completed"
"Apr","10/4/2024 - 1:24 am","Injector","UC#1","Lift Inspection","EICI-042","","PM","20","","","","","","","","","","","Gaurav","Completed"
"June","14/6/2024 - 12:18 pm","Injector","UC#1","Lift Inspection","EICI-042","","PM","20","","","","","","","","","","","Akshay","Completed"
"July","18/7/2024 - 12:50 AM","Injector","UC#1","Lift Inspection","EICI-042","","PM","30","","","","","","","","","","","Parveen","Completed"
"July","21/7/2024 - 3:23 pm","Fuel Pump","Cover End Support","Burnishing & Air Washing M/C","M-EN-FP-CES-1-010-1","","PM","25","","","","","","","","","","","Yogesh","Completed"
"Apr","27/4/2024 - 11:29 am","Fuel Pump","SIFS # 6","Electric Inspection Machine","M-EN-FP-SIF-6-140-1","","PM","30","","","","","","","","","","","Salman","Completed"
"May","26/5/2024 - 1:33 pm","Fuel Pump","SIFS # 6","Electric Inspection Machine","M-EN-FP-SIF-6-140-1","","PM","10","","","","","","","","","","","Salman","Completed"
"July","21/7/2024 - 3:21 pm","Fuel Pump","SIFS # 6","Electric Inspection Machine","M-EN-FP-SIF-6-140-1","","PM","55","","","","","","","","","","","Yogesh","Completed"
"May","29/5/2024 - 10:16 pm","Fuel Pump","SIFS # 3","Air blow-1","M-EN-FP-SIF-3-010-1","","PM","20","","","","","","","","","","","Yogesh","Completed"
"May","29/5/2024 - 10:17 pm","Fuel Pump","SIFS # 3","Air blow-2","M-EN-FP-SIF-3-010-2","","PM","20","","","","","","","","","","","Yogesh","Completed"
"Apr","27/4/2024 - 9:51 am","Fuel Pump","Cover End Support","Stopper & Valve Assy M/C","M-EN-FP-CES-1-030-1","","PM","10","","","","","","","","","","","Salman","Completed"
"July","21/7/2024 - 3:23 pm","Fuel Pump","Cover End Support","Stopper & Valve Assy M/C","M-EN-FP-CES-1-030-1","","PM","10","","","","","","","","","","","Yogesh","Completed"
"Apr","14/4/2024 - 7:28 am","Injector","UC # 2","Static Flow Adjustment & Inspection","EICI-120","","PM","80","","","","","","","","","","","Parveen","Completed"
"May","19/5/2024 - 7:12 pm","Injector","UC # 2","Static Flow Adjustment & Inspection","EICI-120","","PM","60","","","","","","","","","","","Parveen","Completed"
"June","14/6/2024 - 12:39 pm","Injector","UC # 2","Static Flow Adjustment & Inspection","EICI-120","","PM","60","","","","","","","","","","","Akshay","Completed"
"July","13/7/2024 - 4:48 pm","Injector","UC # 2","Static Flow Adjustment & Inspection","EICI-120","","PM","50","","","","","","","","","","","Gaurav","Completed"
"Aug","4/8/2024 - 5:18 pm","Injector","UC # 2","Static Flow Adjustment & Inspection","EICI-120","","PM","80","","","","","","","","","","","Gaurav","Completed"
"May","29/5/2024 - 10:17 pm","Fuel Pump","SIFS # 3","Hot plate welding m/c-1 (YP8)","M-EN-FP-SIF-3-040-1","","PM","20","","","","","","","","","","","Yogesh","Completed"
"June","30/6/2024 - 6:39 am","Fuel Pump","SIFS # 3","Hot plate welding m/c-1 (YP8)","M-EN-FP-SIF-3-040-1","","PM","20","","","","","","","","","","","Yogesh","Completed"
"July","21/7/2024 - 3:20 pm","Fuel Pump","SIFS # 3","Hot plate welding m/c-1 (YP8)","M-EN-FP-SIF-3-040-1","","PM","30","","","","","","","","","","","Yogesh","Completed"
"Apr","27/4/2024 - 9:52 am","Fuel Pump","Cover End Support","Air Leak Tester","M-EN-FP-CES-1-070-1","","PM","5","","","","","","","","","","","Salman","Completed"
"May","29/5/2024 - 10:17 pm","Fuel Pump","SIFS # 3","Hot plate welding m/c-2 (YP8)","M-EN-FP-SIF-3-040-2","","PM","20","","","","","","","","","","","Yogesh","Completed"
"June","30/6/2024 - 6:39 am","Fuel Pump","SIFS # 3","Hot plate welding m/c-2 (YP8)","M-EN-FP-SIF-3-040-2","","PM","20","","","","","","","","","","","Yogesh","Completed"
"July","24/7/2024 - 9:10 am","Fuel Pump","SIFS # 3","Hot plate welding m/c-2 (YP8)","M-EN-FP-SIF-3-040-2","","PM","20","","","","","","","","","","","Yogesh","Completed"
"Aug","18/8/2024 - 9:33 am","Fuel Pump","COV","Forgen material Suction M/C","M-EN-FP-COV-030-1","","PM","10","","","","","","","","","","","Anil","Completed"
"Apr","27/4/2024 - 9:51 am","Fuel Pump","Cover End Support","Plate & Spring Assy. M/C","M-EN-FP-CES-1-050-1","","PM","30","","","","","","","","","","","Salman","Completed"
"May","30/5/2024 - 5:21 pm","Fuel Pump","Cover End Support","Plate & Spring Assy. M/C","M-EN-FP-CES-1-050-1","","PM","20","","","","","","","","","","","Yogesh","Completed"
"July","21/7/2024 - 3:23 pm","Fuel Pump","Cover End Support","Plate & Spring Assy. M/C","M-EN-FP-CES-1-050-1","","PM","20","","","","","","","","","","","Yogesh","Completed"
"May","29/5/2024 - 10:17 pm","Fuel Pump","SIFS # 3","Hot plate welding m/c-1 (YRA)","M-EN-FP-SIF-3-035-1","","PM","40","","","","","","","","","","","Yogesh","Completed"
"July","21/7/2024 - 3:19 pm","Fuel Pump","SIFS # 3","Hot plate welding m/c-1 (YRA)","M-EN-FP-SIF-3-035-1","","PM","25","","","","","","","","","","","Yogesh","Completed"
"Apr","","Fuel Pump","SIFS # 3","Air leak inspection (performance)","M-EN-FP-SIF-3-060-1","","PM","","","","","","","","","","","","",""
"May","","Fuel Pump","SIFS # 3","Air leak inspection (performance)","M-EN-FP-SIF-3-060-1","","PM","","","","","","","","","","","","",""
"June","","Fuel Pump","SIFS # 3","Air leak inspection (performance)","M-EN-FP-SIF-3-060-1","","PM","","","","","","","","","","","","Yogesh Kumar","Done with delay"
"July","28/7/2024 - 12:10 pm","Fuel Pump","SIFS # 3","Air leak inspection (performance)","M-EN-FP-SIF-3-060-1","","PM","30","","","","","","","","","","","Yogesh",""
"Aug","","Fuel Pump","SIFS # 3","Air leak inspection (performance)","M-EN-FP-SIF-3-060-1","","PM","","","","","","","","","","","","","No Completion"
"Sep","","Fuel Pump","SIFS # 3","Air leak inspection (performance)","M-EN-FP-SIF-3-060-1","","PM","","","","","","","","","","","","","No Completion"
"Oct","","Fuel Pump","SIFS # 3","Air leak inspection (performance)","M-EN-FP-SIF-3-060-1","","PM","","","","","","","","","","","","","Current Plan"
"Nov","","Fuel Pump","SIFS # 3","Air leak inspection (performance)","M-EN-FP-SIF-3-060-1","","PM","","","","","","","","","","","","",""
"Dec","","Fuel Pump","SIFS # 3","Air leak inspection (performance)","M-EN-FP-SIF-3-060-1","","PM","","","","","","","","","","","","","Current Plan"
"Jan","","Fuel Pump","SIFS # 3","Air leak inspection (performance)","M-EN-FP-SIF-3-060-1","","PM","","","","","","","","","","","","",""
"Feb","","Fuel Pump","SIFS # 3","Air leak inspection (performance)","M-EN-FP-SIF-3-060-1","","PM","","","","","","","","","","","","","Current Plan"
"Mar","","Fuel Pump","SIFS # 3","Air leak inspection (performance)","M-EN-FP-SIF-3-060-1","","PM","","","","","","","","","","","","",""
"Apr","","Fuel Pump","YG4","Adhesive Injection M/c","EFSF-007","","PM","","","","","","","","","","","","",""
"May","","Fuel Pump","YG4","Adhesive Injection M/c","EFSF-007","","PM","","","","","","","","","","","","",""
"June","","Fuel Pump","YG4","Adhesive Injection M/c","EFSF-007","","PM","","","","","","","","","","","","Yogesh Kumar","Done with delay"
"July","28/7/2024 - 12:09 pm","Fuel Pump","YG4","Adhesive Injection M/c","EFSF-007","","PM","400","","","","","","","","","","","Yogesh",""
"Aug","","Fuel Pump","YG4","Adhesive Injection M/c","EFSF-007","","PM","","","","","","","","","","","","",""
"Sep","","Fuel Pump","YG4","Adhesive Injection M/c","EFSF-007","","PM","","","","","","","","","","","","",""
"Oct","","Fuel Pump","YG4","Adhesive Injection M/c","EFSF-007","","PM","","","","","","","","","","","","","Current Plan"
"Nov","","Fuel Pump","YG4","Adhesive Injection M/c","EFSF-007","","PM","","","","","","","","","","","","",""
"Dec","","Fuel Pump","YG4","Adhesive Injection M/c","EFSF-007","","PM","","","","","","","","","","","","","Current Plan"
"Jan","","Fuel Pump","YG4","Adhesive Injection M/c","EFSF-007","","PM","","","","","","","","","","","","",""
"Feb","","Fuel Pump","YG4","Adhesive Injection M/c","EFSF-007","","PM","","","","","","","","","","","","","Current Plan"
"Mar","","Fuel Pump","YG4","Adhesive Injection M/c","EFSF-007","","PM","","","","","","","","","","","","",""
"May","29/5/2024 - 10:17 pm","Fuel Pump","SIFS # 3","Hot plate welding m/c-2 (YRA)","M-EN-FP-SIF-3-035-2","","PM","20","","","","","","","","","","","Yogesh","Completed"
"June","30/6/2024 - 6:39 am","Fuel Pump","SIFS # 3","Hot plate welding m/c-2 (YRA)","M-EN-FP-SIF-3-035-2","","PM","20","","","","","","","","","","","Yogesh","Completed"
"July","21/7/2024 - 3:20 pm","Fuel Pump","SIFS # 3","Hot plate welding m/c-2 (YRA)","M-EN-FP-SIF-3-035-2","","PM","25","","","","","","","","","","","Yogesh","Completed"
"Apr","27/4/2024 - 11:35 am","Fuel Pump","SIFS # 3","Under water leak testing machine (YL7)","M-EN-FP-SIF-3-090-2","","PM","5","","","","","","","","","","","Salman","Completed"
"Apr","27/4/2024 - 11:34 am","Fuel Pump","SIFS # 3","Under water leak testing machine","M-EN-FP-SIF-3-090-1","","PM","5","","","","","","","","","","","Salman","Completed"
"Apr","27/4/2024 - 12:52 pm","Fuel Pump","YG4 (HONDA)","Hotplate welding machine","M-EN-FP-SIF-4-010-1","","PM","20","","","","","","","","","","","Yogesh","Completed"
"July","21/7/2024 - 3:24 pm","Fuel Pump","YG4 (HONDA)","Hotplate welding machine","M-EN-FP-SIF-4-010-1","","PM","30","","","","","","","","","","","Yogesh","Completed"
"Apr","27/4/2024 - 12:53 pm","Fuel Pump","YG4 (HONDA)","Heat caulking","M-EN-FP-SIF-4-025-1","","PM","10","","","","","","","","","","","Yogesh","Completed"
"July","21/7/2024 - 3:24 pm","Fuel Pump","YG4 (HONDA)","Heat caulking","M-EN-FP-SIF-4-025-1","","PM","15","","","","","","","","","","","Yogesh","Completed"
"Apr","27/4/2024 - 12:53 pm","Fuel Pump","YG4 (HONDA)","Dust suction machine","M-EN-FP-SIF-4-030-1","","PM","20","","","","","","","","","","","Yogesh","Completed"
"July","21/7/2024 - 3:25 pm","Fuel Pump","YG4 (HONDA)","Dust suction machine","M-EN-FP-SIF-4-030-1","","PM","60","","","","","","","","","","","Yogesh","Completed"
"Apr","27/4/2024 - 12:54 pm","Fuel Pump","YG4 (HONDA)","Performance inspection","M-EN-FP-SIF-4-075-1","","PM","10","","","","","","","","","","","Yogesh","Completed"
"July","21/7/2024 - 3:25 pm","Fuel Pump","YG4 (HONDA)","Performance inspection","M-EN-FP-SIF-4-075-1","","PM","10","","","","","","","","","","","Yogesh","Completed"
"Apr","27/4/2024 - 12:55 pm","Fuel Pump","YG4 (HONDA)","Air Leak inspection","M-EN-FP-FAF-110-1","","PM","10","","","","","","","","","","","Yogesh","Completed"
"July","21/7/2024 - 3:26 pm","Fuel Pump","YG4 (HONDA)","Air Leak inspection","M-EN-FP-FAF-110-1","","PM","15","","","","","","","","","","","Yogesh","Completed"
"Apr","30/4/2024 - 9:02 am","Fuel Pump","Suction Filter","Laser cutting","M-EN-FP-SUF-1-010-1","","PM","10","","","","","","","","","","","Yogesh","Completed"
"May","29/5/2024 - 10:15 pm","Fuel Pump","Suction Filter","Laser cutting","M-EN-FP-SUF-1-010-1","","PM","30","","","","","","","","","","","Yogesh","Completed"
"June","30/6/2024 - 6:33 am","Fuel Pump","Suction Filter","Laser cutting","M-EN-FP-SUF-1-010-1","","PM","20","","","","","","","","","","","Yogesh","Completed"
"July","21/7/2024 - 3:26 pm","Fuel Pump","Suction Filter","Laser cutting","M-EN-FP-SUF-1-010-1","","PM","20","","","","","","","","","","","Yogesh","Completed"
"May","29/5/2024 - 10:18 pm","Fuel Pump","SIFS # 3","Electrical Inspection M/c","M-EN-FP-SIF-3-270-1","","PM","25","","","","","","","","","","","Yogesh","Completed"
"June","30/6/2024 - 6:39 am","Fuel Pump","SIFS # 3","Electrical Inspection M/c","M-EN-FP-SIF-3-270-1","","PM","5","","","","","","","","","","","Yogesh","Completed"
"Apr","","Fuel Pump","Suction Filter","Cap pressfit","M-EN-FP-SUF-1-040-1","","PM","10","","","","","","","","","","","Yogesh","Completed"
"May","29/5/2024 - 10:13 pm","Fuel Pump","Suction Filter","Cap pressfit","M-EN-FP-SUF-1-040-1","","PM","10","","","","","","","","","","","Yogesh","Completed"
"June","30/6/2024 - 6:34 am","Fuel Pump","Suction Filter","Cap pressfit","M-EN-FP-SUF-1-040-1","","PM","20","","","","","","","","","","","Yogesh","Completed"
"July","21/7/2024 - 3:27 pm","Fuel Pump","Suction Filter","Cap pressfit","M-EN-FP-SUF-1-040-1","","PM","10","","","","","","","","","","","Yogesh","Completed"
"Apr","27/4/2024 - 12:54 pm","Fuel Pump","YG4 (HONDA)","Hot plate welding machine","M-EN-FP-SIF-4-070-1","","PM","20","","","","","","","","","","","Yogesh","Completed"
"July","21/7/2024 - 3:25 pm","Fuel Pump","YG4 (HONDA)","Hot plate welding machine","M-EN-FP-SIF-4-070-1","","PM","30","","","","","","","","","","","Yogesh","Completed"
"Apr","","Fuel Pump","Suction Filter","Screen dust suction","M-EN-FP-SUF-1-030-1","","PM","20","","","","","","","","","","","Yogesh","Completed"
"May","29/5/2024 - 10:13 pm","Fuel Pump","Suction Filter","Screen dust suction","M-EN-FP-SUF-1-030-1","","PM","20","","","","","","","","","","","Yogesh","Completed"
"June","30/6/2024 - 6:34 am","Fuel Pump","Suction Filter","Screen dust suction","M-EN-FP-SUF-1-030-1","","PM","20","","","","","","","","","","","Yogesh","Completed"
"July","21/7/2024 - 3:26 pm","Fuel Pump","Suction Filter","Screen dust suction","M-EN-FP-SUF-1-030-1","","PM","20","","","","","","","","","","","Yogesh","Completed"
"Apr","30/4/2024 - 9:03 am","Fuel Pump","Suction Filter","Leaser triming ","M-EN-FP-SUF-1-070-1","","PM","10","","","","","","","","","","","Yogesh","Completed"
"May","29/5/2024 - 10:14 pm","Fuel Pump","Suction Filter","Leaser triming ","M-EN-FP-SUF-1-070-1","","PM","20","","","","","","","","","","","Yogesh","Completed"
"June","30/6/2024 - 6:35 am","Fuel Pump","Suction Filter","Leaser triming ","M-EN-FP-SUF-1-070-1","","PM","20","","","","","","","","","","","Sandeep","Completed"
"July","21/7/2024 - 3:27 pm","Fuel Pump","Suction Filter","Leaser triming ","M-EN-FP-SUF-1-070-1","","PM","20","","","","","","","","","","","Yogesh","Completed"
"Apr","","Fuel Pump","Suction Filter","Assy dust suction","M-EN-FP-SUF-1-080-1","","PM","10","","","","","","","","","","","Yogesh","Completed"
"May","29/5/2024 - 10:13 pm","Fuel Pump","Suction Filter","Assy dust suction","M-EN-FP-SUF-1-080-1","","PM","20","","","","","","","","","","","Yogesh","Completed"
"June","30/6/2024 - 6:35 am","Fuel Pump","Suction Filter","Assy dust suction","M-EN-FP-SUF-1-080-1","","PM","20","","","","","","","","","","","Sandeep","Completed"
"July","21/7/2024 - 3:27 pm","Fuel Pump","Suction Filter","Assy dust suction","M-EN-FP-SUF-1-080-1","","PM","20","","","","","","","","","","","Yogesh","Completed"
"Apr","","Fuel Pump","Suction Filter","Assy welding m/c-1","M-EN-FP-SUF-1-050-1","","PM","10","","","","","","","","","","","Yogesh","Completed"
"May","29/5/2024 - 10:13 pm","Fuel Pump","Suction Filter","Assy welding m/c-1","M-EN-FP-SUF-1-050-1","","PM","15","","","","","","","","","","","Yogesh","Completed"
"June","30/6/2024 - 6:34 am","Fuel Pump","Suction Filter","Assy welding m/c-1","M-EN-FP-SUF-1-050-1","","PM","15","","","","","","","","","","","Sandeep","Completed"
"July","21/7/2024 - 3:27 pm","Fuel Pump","Suction Filter","Assy welding m/c-1","M-EN-FP-SUF-1-050-1","","PM","20","","","","","","","","","","","Yogesh","Completed"
"Apr","","Fuel Pump","Suction Filter","Assy welding m/c-2","M-EN-FP-SUF-1-060-1","","PM","10","","","","","","","","","","","Yogesh","Completed"
"May","29/5/2024 - 10:14 pm","Fuel Pump","Suction Filter","Assy welding m/c-2","M-EN-FP-SUF-1-060-1","","PM","15","","","","","","","","","","","Yogesh","Completed"
"June","30/6/2024 - 6:35 am","Fuel Pump","Suction Filter","Assy welding m/c-2","M-EN-FP-SUF-1-060-1","","PM","15","","","","","","","","","","","Sandeep","Completed"
"July","21/7/2024 - 3:27 pm","Fuel Pump","Suction Filter","Assy welding m/c-2","M-EN-FP-SUF-1-060-1","","PM","20","","","","","","","","","","","Yogesh","Completed"
"Apr","28/4/2024 - 3:53 pm","Fuel Pump","SIFS # 4","Regulator Assy.","M-EN-FP-SIF-4-080-1","","PM","20","","","","","","","","","","","Sandeep","Completed"
"July","21/7/2024 - 3:17 pm","Fuel Pump","SIFS # 4","Regulator Assy.","M-EN-FP-SIF-4-080-1","","PM","20","","","","","","","","","","","Yogesh","Completed"
"May","26/5/2024 - 1:37 pm","Fuel Pump","SIFS # 4","Bracket stainer Assy.","M-EN-FP-SIF-4-090-1","","PM","20","","","","","","","","","","","Salman","Completed"
"May","26/5/2024 - 1:37 pm","Fuel Pump","SIFS # 4","Case stainer and pump Assy.","M-EN-FP-SIF-4-110-1","","PM","15","","","","","","","","","","","Salman","Completed"
"Apr","28/4/2024 - 3:54 pm","Fuel Pump","SIFS # 4","Evaporator tube Assy.(Main pipe & COV assy. m/c in case of 2PU  model)","M-EN-FP-SIF-4-130-1","","PM","15","","","","","","","","","","","Sandeep","Completed"
"July","21/7/2024 - 3:18 pm","Fuel Pump","SIFS # 4","Evaporator tube Assy.(Main pipe & COV assy. m/c in case of 2PU  model)","M-EN-FP-SIF-4-130-1","","PM","20","","","","","","","","","","","Yogesh","Completed"
"May","26/5/2024 - 1:38 pm","Fuel Pump","SIFS # 4","Rod pressfitting.","M-EN-FP-SIF-4-140-1","","PM","15","","","","","","","","","","","Salman","Completed"
"May","26/5/2024 - 1:38 pm","Fuel Pump","SIFS # 4","Main zebra tube press fitting to case stainer","M-EN-FP-SIF-4-165-1","","PM","25","","","","","","","","","","","Salman","Completed"
"Apr","28/4/2024 - 3:54 pm","Fuel Pump","SIFS # 4","Under Water Leak Testing Machine","M-EN-FP-SIF-4-150-1","","PM","5","","","","","","","","","","","Sandeep","Completed"
"July","21/7/2024 - 3:18 pm","Fuel Pump","SIFS # 4","Under Water Leak Testing Machine","M-EN-FP-SIF-4-150-1","","PM","30","","","","","","","","","","","Yogesh","Completed"
"Apr","28/4/2024 - 3:55 pm","Fuel Pump","SIFS # 4"," Jet Zebra tube press fitting m/c","M-EN-FP-SIF-4-170-1","","PM","15","","","","","","","","","","","Sandeep","Completed"
"July","21/7/2024 - 3:18 pm","Fuel Pump","SIFS # 4"," Jet Zebra tube press fitting m/c","M-EN-FP-SIF-4-170-1","","PM","20","","","","","","","","","","","Yogesh","Completed"
"May","26/5/2024 - 1:38 pm","Fuel Pump","SIFS # 4","Zebra tube press fitting to Suction jet pump ","M-EN-FP-SIF-4-172-1","","PM","20","","","","","","","","","","","Salman","Completed"
"May","26/5/2024 - 1:38 pm","Fuel Pump","SIFS # 4","Zebra tube press fitting to Suction jet pump and joint","M-EN-FP-SIF-4-174-1","","PM","25","","","","","","","","","","","Salman","Completed"
"Apr","28/4/2024 - 3:55 pm","Fuel Pump","SIFS # 4","Joint assy with suction pipe M/c","M-EN-FP-SIF-4-178-1","","PM","10","","","","","","","","","","","Sandeep","Completed"
"July","21/7/2024 - 3:19 pm","Fuel Pump","SIFS # 4","Joint assy with suction pipe M/c","M-EN-FP-SIF-4-178-1","","PM","15","","","","","","","","","","","Yogesh","Completed"
"May","26/5/2024 - 1:39 pm","Fuel Pump","SIFS # 4","Tube,feed (Main zebra tube ) press fitting to filter comp f/pump(suction filter)","M-EN-FP-SIF-4-195-1","","PM","10","","","","","","","","","","","Salman","Completed"
"May","26/5/2024 - 1:39 pm","Fuel Pump","SIFS # 4","Main tube press fitting","M-EN-FP-SIF-4-180-1","","PM","20","","","","","","","","","","","Salman","Completed"
"Apr","28/4/2024 - 3:56 pm","Fuel Pump","SIFS # 4","Air Leak Test","M-EN-FP-SIF-4-190-1","","PM","20","","","","","","","","","","","Sandeep","Completed"
"July","21/7/2024 - 3:19 pm","Fuel Pump","SIFS # 4","Air Leak Test","M-EN-FP-SIF-4-190-1","","PM","30","","","","","","","","","","","Yogesh","Completed"
"Apr","28/4/2024 - 3:56 pm","Fuel Pump","SIFS # 4"," Electric Inspection Machine","M-EN-FP-SIF-4-250-1","","PM","25","","","","","","","","","","","Sandeep","Completed"
"July","21/7/2024 - 3:19 pm","Fuel Pump","SIFS # 4"," Electric Inspection Machine","M-EN-FP-SIF-4-250-1","","PM","30","","","","","","","","","","","Yogesh","Completed"
"May","26/5/2024 - 1:38 pm","Fuel Pump","SIFS # 4","Zebra tube press fitting to tube fuel A","M-EN-FP-SIF-4-176-1","","PM","10","","","","","","","","","","","Salman","Completed"
"Apr","","Injector","UC # 2","REVERSE WASHING MACHINE","EIAS-088","","PM","","","","","","","","","","","","",""
"May","19/5/2024 - 7:08 pm","Injector","UC # 2","REVERSE WASHING MACHINE","EIAS-088","","PM","70","","","","","","","","","","","Parveen","Completed"
"June","14/6/2024 - 12:37 pm","Injector","UC # 2","REVERSE WASHING MACHINE","EIAS-088","","PM","240","","","","","","","","","","","Akshay","Completed"
"July","16/7/2024 - 11:56 pm","Injector","UC # 2","REVERSE WASHING MACHINE","EIAS-088","","PM","60","","","","","","","","","","","Parveen","Completed"
"Aug","4/8/2024 - 9:50 pm","Injector","UC # 2","REVERSE WASHING MACHINE","EIAS-088","","PM","30","","","","","","","","","","","Gaurav","Completed"
"Sep","","Injector","UC # 2","REVERSE WASHING MACHINE","EIAS-088","","PM","","","","","","","","","","","","","Current Plan"
"Oct","","Injector","UC # 2","REVERSE WASHING MACHINE","EIAS-088","","PM","","","","","","","","","","","","","Current Plan"
"Nov","","Injector","UC # 2","REVERSE WASHING MACHINE","EIAS-088","","PM","","","","","","","","","","","","","Current Plan"
"Dec","","Injector","UC # 2","REVERSE WASHING MACHINE","EIAS-088","","PM","","","","","","","","","","","","","Current Plan"
"Jan","","Injector","UC # 2","REVERSE WASHING MACHINE","EIAS-088","","PM","","","","","","","","","","","","","Current Plan"
"Feb","","Injector","UC # 2","REVERSE WASHING MACHINE","EIAS-088","","PM","","","","","","","","","","","","","Current Plan"
"Mar","","Injector","UC # 2","REVERSE WASHING MACHINE","EIAS-088","","PM","","","","","","","","","","","","","Current Plan"
"May","29/5/2024 - 10:12 pm","Fuel Pump","Bearing Holder","CHOKE COIL SOLDERING","M-EN-FP-BRH-1-080-1","","PM","20","","","","","","","","","","","Yogesh","Completed"
"Aug","18/8/2024 - 9:24 am","Fuel Pump","Bearing Holder","CHOKE COIL SOLDERING","M-EN-FP-BRH-1-080-1","","PM","15","","","","","","","","","","","Anil","Completed"
"June","13/6/2024 - 12:31 PM","Fuel Pump","FP-Assy","CENTRIFUGAL OIL SEPARATOR","M-EN-FP-FPA-1-070-1","","PM","20","","","","","","","","","","","Tinku","Completed"
"Apr","27/4/2024 - 9:50 am","Fuel Pump","Bearing Holder","CHOKE COIL WINDING M/C-2","M-EN-FP-BRH-1-070-2","","PM","40","","","","","","","","","","","Salman","Completed"
"May","29/5/2024 - 10:12 pm","Fuel Pump","Bearing Holder","CHOKE COIL WINDING M/C-2","M-EN-FP-BRH-1-070-2","","PM","60","","","","","","","","","","","Anil","Completed"
"July","21/7/2024 - 3:22 pm","Fuel Pump","Bearing Holder","CHOKE COIL WINDING M/C-2","M-EN-FP-BRH-1-070-2","","PM","20","","","","","","","","","","","Yogesh","Completed"
"Aug","18/8/2024 - 9:26 am","Fuel Pump","Bearing Holder","CHOKE COIL WINDING M/C-2","M-EN-FP-BRH-1-070-2","","PM","10","","","","","","","","","","","Anil","Completed"
"July","28/7/2024 - 12:07 pm","Fuel Pump","Bearing Holder","CHOKE COIL WINDING M/C-3","M-EN-FP-BRH-1-070-3","","PM","60","","","","","","","","","","","Yogesh","Completed"
"Aug","18/8/2024 - 9:28 am","Fuel Pump","Bearing Holder","CHOKE COIL WINDING M/C-3","M-EN-FP-BRH-1-070-3","","PM","70","","","","","","","","","","","Yogesh,Anil","Completed"
"Apr","","Injector","Inlet","Assembly and Bolt Tightening -1","M-EN- IN-INP-1-01-010","","PM","","","","","","","","","","","","",""
"May","29/5/2024 - 9:15 pm","Injector","Inlet","Assembly and Bolt Tightening -1","M-EN- IN-INP-1-01-010","","PM","160","","","","","","","","","","","Gaurav","Completed"
"June","","Injector","Inlet","Assembly and Bolt Tightening -1","M-EN- IN-INP-1-01-010","","PM","","","","","","","","","","","","","No Completion"
"July","","Injector","Inlet","Assembly and Bolt Tightening -1","M-EN- IN-INP-1-01-010","","PM","75","","","","","","","","","","","Akshay","Completed"
"Aug","","Injector","Inlet","Assembly and Bolt Tightening -1","M-EN- IN-INP-1-01-010","","PM","","","","","","","","","","","","","PM Skip"
"Sep","","Injector","Inlet","Assembly and Bolt Tightening -1","M-EN- IN-INP-1-01-010","","PM","","","","","","","","","","","","","Current Plan"
"Oct","","Injector","Inlet","Assembly and Bolt Tightening -1","M-EN- IN-INP-1-01-010","","PM","","","","","","","","","","","","","Current Plan"
"Nov","","Injector","Inlet","Assembly and Bolt Tightening -1","M-EN- IN-INP-1-01-010","","PM","","","","","","","","","","","","","Current Plan"
"Dec","","Injector","Inlet","Assembly and Bolt Tightening -1","M-EN- IN-INP-1-01-010","","PM","","","","","","","","","","","","","Current Plan"
"Jan","","Injector","Inlet","Assembly and Bolt Tightening -1","M-EN- IN-INP-1-01-010","","PM","","","","","","","","","","","","","Current Plan"
"Feb","","Injector","Inlet","Assembly and Bolt Tightening -1","M-EN- IN-INP-1-01-010","","PM","","","","","","","","","","","","","Current Plan"
"Mar","","Injector","Inlet","Assembly and Bolt Tightening -1","M-EN- IN-INP-1-01-010","","PM","","","","","","","","","","","","","Current Plan"
"Apr","","Injector","Inlet","Air leak & Visual Inspection-1","M-EN- IN-INP-1-01-020","","PM","","","","","","","","","","","","",""
"May","29/5/2024 - 9:15 pm","Injector","Inlet","Air leak & Visual Inspection-1","M-EN- IN-INP-1-01-020","","PM","40","","","","","","","","","","","Gaurav","Completed"
"June","","Injector","Inlet","Air leak & Visual Inspection-1","M-EN- IN-INP-1-01-020","","PM","","","","","","","","","","","","","No Completion"
"July","","Injector","Inlet","Air leak & Visual Inspection-1","M-EN- IN-INP-1-01-020","","PM","20","","","","","","","","","","","Akshay","Completed"
"Aug","","Injector","Inlet","Air leak & Visual Inspection-1","M-EN- IN-INP-1-01-020","","PM","","","","","","","","","","","","","PM Skip"
"Sep","","Injector","Inlet","Air leak & Visual Inspection-1","M-EN- IN-INP-1-01-020","","PM","","","","","","","","","","","","","No Completion"
"Oct","","Injector","Inlet","Air leak & Visual Inspection-1","M-EN- IN-INP-1-01-020","","PM","","","","","","","","","","","","","Current Plan"
"Nov","","Injector","Inlet","Air leak & Visual Inspection-1","M-EN- IN-INP-1-01-020","","PM","","","","","","","","","","","","","Current Plan"
"Dec","","Injector","Inlet","Air leak & Visual Inspection-1","M-EN- IN-INP-1-01-020","","PM","","","","","","","","","","","","","Current Plan"
"Jan","","Injector","Inlet","Air leak & Visual Inspection-1","M-EN- IN-INP-1-01-020","","PM","","","","","","","","","","","","","Current Plan"
"Feb","","Injector","Inlet","Air leak & Visual Inspection-1","M-EN- IN-INP-1-01-020","","PM","","","","","","","","","","","","","Current Plan"
"Mar","","Injector","Inlet","Air leak & Visual Inspection-1","M-EN- IN-INP-1-01-020","","PM","","","","","","","","","","","","","Current Plan"
"Apr","","Injector","Inlet","Assembly & Bolt Tightening-2","M-EN- IN-INP-2-01-010","","PM","","","","","","","","","","","","",""
"May","29/5/2024 - 9:15 pm","Injector","Inlet","Assembly & Bolt Tightening-2","M-EN- IN-INP-2-01-010","","PM","60","","","","","","","","","","","Gaurav","Completed"
"June","","Injector","Inlet","Assembly & Bolt Tightening-2","M-EN- IN-INP-2-01-010","","PM","","","","","","","","","","","","","PM Skip"
"July","","Injector","Inlet","Assembly & Bolt Tightening-2","M-EN- IN-INP-2-01-010","","PM","75","","","","","","","","","","","Akshay","Completed"
"Aug","","Injector","Inlet","Assembly & Bolt Tightening-2","M-EN- IN-INP-2-01-010","","PM","","","","","","","","","","","","","PM Skip"
"Sep","","Injector","Inlet","Assembly & Bolt Tightening-2","M-EN- IN-INP-2-01-010","","PM","","","","","","","","","","","","","Current Plan"
"Oct","","Injector","Inlet","Assembly & Bolt Tightening-2","M-EN- IN-INP-2-01-010","","PM","","","","","","","","","","","","","Current Plan"
"Nov","","Injector","Inlet","Assembly & Bolt Tightening-2","M-EN- IN-INP-2-01-010","","PM","","","","","","","","","","","","","Current Plan"
"Dec","","Injector","Inlet","Assembly & Bolt Tightening-2","M-EN- IN-INP-2-01-010","","PM","","","","","","","","","","","","","Current Plan"
"Jan","","Injector","Inlet","Assembly & Bolt Tightening-2","M-EN- IN-INP-2-01-010","","PM","","","","","","","","","","","","","Current Plan"
"Feb","","Injector","Inlet","Assembly & Bolt Tightening-2","M-EN- IN-INP-2-01-010","","PM","","","","","","","","","","","","","Current Plan"
"Mar","","Injector","Inlet","Assembly & Bolt Tightening-2","M-EN- IN-INP-2-01-010","","PM","","","","","","","","","","","","","Current Plan"
"Apr","","Injector","Inlet","Air leak & Visual Inspection-2","M-EN- IN-INP-2-01-020","","PM","","","","","","","","","","","","",""
"May","29/5/2024 - 9:16 pm","Injector","Inlet","Air leak & Visual Inspection-2","M-EN- IN-INP-2-01-020","","PM","30","","","","","","","","","","","Gaurav","Completed"
"June","","Injector","Inlet","Air leak & Visual Inspection-2","M-EN- IN-INP-2-01-020","","PM","","","","","","","","","","","","Akshay,Kartikey","No Completion"
"July","","Injector","Inlet","Air leak & Visual Inspection-2","M-EN- IN-INP-2-01-020","","PM","20","","","","","","","","","","","Akshay","Completed"
"Aug","","Injector","Inlet","Air leak & Visual Inspection-2","M-EN- IN-INP-2-01-020","","PM","","","","","","","","","","","","","PM Skip"
"Sep","","Injector","Inlet","Air leak & Visual Inspection-2","M-EN- IN-INP-2-01-020","","PM","","","","","","","","","","","","","No Completion"
"Oct","","Injector","Inlet","Air leak & Visual Inspection-2","M-EN- IN-INP-2-01-020","","PM","","","","","","","","","","","","","Current Plan"
"Nov","","Injector","Inlet","Air leak & Visual Inspection-2","M-EN- IN-INP-2-01-020","","PM","","","","","","","","","","","","","Current Plan"
"Dec","","Injector","Inlet","Air leak & Visual Inspection-2","M-EN- IN-INP-2-01-020","","PM","","","","","","","","","","","","","Current Plan"
"Jan","","Injector","Inlet","Air leak & Visual Inspection-2","M-EN- IN-INP-2-01-020","","PM","","","","","","","","","","","","","Current Plan"
"Feb","","Injector","Inlet","Air leak & Visual Inspection-2","M-EN- IN-INP-2-01-020","","PM","","","","","","","","","","","","","Current Plan"
"Mar","","Injector","Inlet","Air leak & Visual Inspection-2","M-EN- IN-INP-2-01-020","","PM","","","","","","","","","","","","","Current Plan"
"Apr","","Injector","Inlet","Assembly & Bolt Tightening-3","M-EN- IN-INP-3-01-010","","PM","","","","","","","","","","","","",""
"May","29/5/2024 - 9:16 pm","Injector","Inlet","Assembly & Bolt Tightening-3","M-EN- IN-INP-3-01-010","","PM","80","","","","","","","","","","","Gaurav","Completed"
"June","","Injector","Inlet","Assembly & Bolt Tightening-3","M-EN- IN-INP-3-01-010","","PM","","","","","","","","","","","","","PM Skip"
"July","18/7/2024 - 11:42 PM","Injector","Inlet","Assembly & Bolt Tightening-3","M-EN- IN-INP-3-01-010","","PM","50","","","","","","","","","","","Parveen","Completed"
"Aug","","Injector","Inlet","Assembly & Bolt Tightening-3","M-EN- IN-INP-3-01-010","","PM","","","","","","","","","","","","","PM Skip"
"Sep","","Injector","Inlet","Assembly & Bolt Tightening-3","M-EN- IN-INP-3-01-010","","PM","","","","","","","","","","","","","Current Plan"
"Oct","","Injector","Inlet","Assembly & Bolt Tightening-3","M-EN- IN-INP-3-01-010","","PM","","","","","","","","","","","","","Current Plan"
"Nov","","Injector","Inlet","Assembly & Bolt Tightening-3","M-EN- IN-INP-3-01-010","","PM","","","","","","","","","","","","","Current Plan"
"Dec","","Injector","Inlet","Assembly & Bolt Tightening-3","M-EN- IN-INP-3-01-010","","PM","","","","","","","","","","","","","Current Plan"
"Jan","","Injector","Inlet","Assembly & Bolt Tightening-3","M-EN- IN-INP-3-01-010","","PM","","","","","","","","","","","","","Current Plan"
"Feb","","Injector","Inlet","Assembly & Bolt Tightening-3","M-EN- IN-INP-3-01-010","","PM","","","","","","","","","","","","","Current Plan"
"Mar","","Injector","Inlet","Assembly & Bolt Tightening-3","M-EN- IN-INP-3-01-010","","PM","","","","","","","","","","","","","Current Plan"
"Apr","","Injector","Inlet","Air leak & Visual Inspection-3","M-EN- IN-INP-3-01-020","","PM","","","","","","","","","","","","",""
"May","29/5/2024 - 9:16 pm","Injector","Inlet","Air leak & Visual Inspection-3","M-EN- IN-INP-3-01-020","","PM","40","","","","","","","","","","","Gaurav","Completed"
"June","","Injector","Inlet","Air leak & Visual Inspection-3","M-EN- IN-INP-3-01-020","","PM","","","","","","","","","","","","","No Completion"
"July","18/7/2024 - 11:48 PM","Injector","Inlet","Air leak & Visual Inspection-3","M-EN- IN-INP-3-01-020","","PM","20","","","","","","","","","","","Parveen","Completed"
"Aug","","Injector","Inlet","Air leak & Visual Inspection-3","M-EN- IN-INP-3-01-020","","PM","","","","","","","","","","","","","PM Skip"
"Sep","","Injector","Inlet","Air leak & Visual Inspection-3","M-EN- IN-INP-3-01-020","","PM","","","","","","","","","","","","","No Completion"
"Oct","","Injector","Inlet","Air leak & Visual Inspection-3","M-EN- IN-INP-3-01-020","","PM","","","","","","","","","","","","","Current Plan"
"Nov","","Injector","Inlet","Air leak & Visual Inspection-3","M-EN- IN-INP-3-01-020","","PM","","","","","","","","","","","","","Current Plan"
"Dec","","Injector","Inlet","Air leak & Visual Inspection-3","M-EN- IN-INP-3-01-020","","PM","","","","","","","","","","","","","Current Plan"
"Jan","","Injector","Inlet","Air leak & Visual Inspection-3","M-EN- IN-INP-3-01-020","","PM","","","","","","","","","","","","","Current Plan"
"Feb","","Injector","Inlet","Air leak & Visual Inspection-3","M-EN- IN-INP-3-01-020","","PM","","","","","","","","","","","","","Current Plan"
"Mar","","Injector","Inlet","Air leak & Visual Inspection-3","M-EN- IN-INP-3-01-020","","PM","","","","","","","","","","","","","Current Plan"
"Apr","","Injector","Inlet","Assembly & Bolt Tightening-4","M-EN- IN-INP-4-01-010","","PM","","","","","","","","","","","","",""
"May","29/5/2024 - 9:16 pm","Injector","Inlet","Assembly & Bolt Tightening-4","M-EN- IN-INP-4-01-010","","PM","65","","","","","","","","","","","Gaurav","Completed"
"June","","Injector","Inlet","Assembly & Bolt Tightening-4","M-EN- IN-INP-4-01-010","","PM","","","","","","","","","","","","","No Completion"
"July","18/7/2024 - 11:46 PM","Injector","Inlet","Assembly & Bolt Tightening-4","M-EN- IN-INP-4-01-010","","PM","50","","","","","","","","","","","Parveen","Completed"
"Aug","","Injector","Inlet","Assembly & Bolt Tightening-4","M-EN- IN-INP-4-01-010","","PM","","","","","","","","","","","","","PM Skip"
"Sep","","Injector","Inlet","Assembly & Bolt Tightening-4","M-EN- IN-INP-4-01-010","","PM","","","","","","","","","","","","","Current Plan"
"Oct","","Injector","Inlet","Assembly & Bolt Tightening-4","M-EN- IN-INP-4-01-010","","PM","","","","","","","","","","","","","Current Plan"
"Nov","","Injector","Inlet","Assembly & Bolt Tightening-4","M-EN- IN-INP-4-01-010","","PM","","","","","","","","","","","","","Current Plan"
"Dec","","Injector","Inlet","Assembly & Bolt Tightening-4","M-EN- IN-INP-4-01-010","","PM","","","","","","","","","","","","","Current Plan"
"Jan","","Injector","Inlet","Assembly & Bolt Tightening-4","M-EN- IN-INP-4-01-010","","PM","","","","","","","","","","","","","Current Plan"
"Feb","","Injector","Inlet","Assembly & Bolt Tightening-4","M-EN- IN-INP-4-01-010","","PM","","","","","","","","","","","","","Current Plan"
"Mar","","Injector","Inlet","Assembly & Bolt Tightening-4","M-EN- IN-INP-4-01-010","","PM","","","","","","","","","","","","","Current Plan"
"Apr","","Injector","Inlet","Air leak & Visual Inspection-4","M-EN- IN-INP-4-01-020","","PM","","","","","","","","","","","","",""
"May","29/5/2024 - 9:16 pm","Injector","Inlet","Air leak & Visual Inspection-4","M-EN- IN-INP-4-01-020","","PM","40","","","","","","","","","","","Gaurav","Completed"
"June","","Injector","Inlet","Air leak & Visual Inspection-4","M-EN- IN-INP-4-01-020","","PM","","","","","","","","","","","","Parveen Kumar","PM Skip"
"July","18/7/2024 - 11:49 PM","Injector","Inlet","Air leak & Visual Inspection-4","M-EN- IN-INP-4-01-020","","PM","20","","","","","","","","","","","Parveen","Completed"
"Aug","","Injector","Inlet","Air leak & Visual Inspection-4","M-EN- IN-INP-4-01-020","","PM","","","","","","","","","","","","","PM Skip"
"Sep","","Injector","Inlet","Air leak & Visual Inspection-4","M-EN- IN-INP-4-01-020","","PM","","","","","","","","","","","","","No Completion"
"Oct","","Injector","Inlet","Air leak & Visual Inspection-4","M-EN- IN-INP-4-01-020","","PM","","","","","","","","","","","","","Current Plan"
"Nov","","Injector","Inlet","Air leak & Visual Inspection-4","M-EN- IN-INP-4-01-020","","PM","","","","","","","","","","","","","Current Plan"
"Dec","","Injector","Inlet","Air leak & Visual Inspection-4","M-EN- IN-INP-4-01-020","","PM","","","","","","","","","","","","","Current Plan"
"Jan","","Injector","Inlet","Air leak & Visual Inspection-4","M-EN- IN-INP-4-01-020","","PM","","","","","","","","","","","","","Current Plan"
"Feb","","Injector","Inlet","Air leak & Visual Inspection-4","M-EN- IN-INP-4-01-020","","PM","","","","","","","","","","","","","Current Plan"
"Mar","","Injector","Inlet","Air leak & Visual Inspection-4","M-EN- IN-INP-4-01-020","","PM","","","","","","","","","","","","","Current Plan"
"Apr","","Injector","UC#1","SEAT OIL LEAKAGE INSPECTION & RUNNING","EIQA-004","","PM","","","","","","","","","","","","","No Completion"
"May","29/5/2024 - 1:40 am","Injector","UC#1","SEAT OIL LEAKAGE INSPECTION & RUNNING","EIQA-004","","PM","70","","","","","","","","","","","Parveen","Completed"
"June","14/6/2024 - 12:14 pm","Injector","UC#1","SEAT OIL LEAKAGE INSPECTION & RUNNING","EIQA-004","","PM","40","","","","","","","","","","","Akshay","Completed"
"July","18/7/2024 - 11:27 PM","Injector","UC#1","SEAT OIL LEAKAGE INSPECTION & RUNNING","EIQA-004","","PM","50","","","","","","","","","","","Parveen","Completed"
"Aug","","Injector","UC#1","SEAT OIL LEAKAGE INSPECTION & RUNNING","EIQA-004","","PM","","","","","","","","","","","","","PM Skip"
"Sep","","Injector","UC#1","SEAT OIL LEAKAGE INSPECTION & RUNNING","EIQA-004","","PM","","","","","","","","","","","","","No Completion"
"Oct","","Injector","UC#1","SEAT OIL LEAKAGE INSPECTION & RUNNING","EIQA-004","","PM","","","","","","","","","","","","","Current Plan"
"Nov","","Injector","UC#1","SEAT OIL LEAKAGE INSPECTION & RUNNING","EIQA-004","","PM","","","","","","","","","","","","","Current Plan"
"Dec","","Injector","UC#1","SEAT OIL LEAKAGE INSPECTION & RUNNING","EIQA-004","","PM","","","","","","","","","","","","","Current Plan"
"Jan","","Injector","UC#1","SEAT OIL LEAKAGE INSPECTION & RUNNING","EIQA-004","","PM","","","","","","","","","","","","","Current Plan"
"Feb","","Injector","UC#1","SEAT OIL LEAKAGE INSPECTION & RUNNING","EIQA-004","","PM","","","","","","","","","","","","","Current Plan"
"Mar","","Injector","UC#1","SEAT OIL LEAKAGE INSPECTION & RUNNING","EIQA-004","","PM","","","","","","","","","","","","","Current Plan"
"Apr","","Injector","UC # 2","Suction Machine ","EIAS-150","","PM","","","","","","","","","","","","",""
"May","","Injector","UC # 2","Suction Machine ","EIAS-150","","PM","","","","","","","","","","","","",""
"June","","Injector","UC # 2","Suction Machine ","EIAS-150","","PM","","","","","","","","","","","","",""
"July","","Injector","UC # 2","Suction Machine ","EIAS-150","","PM","","","","","","","","","","","","","Completed"
"Aug","","Injector","UC # 2","Suction Machine ","EIAS-150","","PM","","","","","","","","","","","","",""
"Sep","","Injector","UC # 2","Suction Machine ","EIAS-150","","PM","","","","","","","","","","","","","Current Plan"
"Oct","","Injector","UC # 2","Suction Machine ","EIAS-150","","PM","","","","","","","","","","","","",""
"Nov","","Injector","UC # 2","Suction Machine ","EIAS-150","","PM","","","","","","","","","","","","","Current Plan"
"Dec","","Injector","UC # 2","Suction Machine ","EIAS-150","","PM","","","","","","","","","","","","",""
"Jan","","Injector","UC # 2","Suction Machine ","EIAS-150","","PM","","","","","","","","","","","","","Current Plan"
"Feb","","Injector","UC # 2","Suction Machine ","EIAS-150","","PM","","","","","","","","","","","","",""
"Mar","","Injector","UC # 2","Suction Machine ","EIAS-150","","PM","","","","","","","","","","","","","Current Plan"
"May","07-05-2024 T11:25","Fuel Pump","SIFS # 4","Evaporater Air Leak Tester","M-EN-FP-SIF-4-085-1","A","BD with No Loss","0","electric supply not coming ","","","","","","so check found panel side one cp was off ..so on it then ok","..","Problem Category- Electrical,Breakdown Category- Communication","No","Tinku","OK"
"May","10-05-2024 T05:28","Fuel Pump","Bearing Holder","BRUSH TERMINALS ( L & R ) PRESS FIT","M-EN-FP-BRH-1-030-1","B","CM Entry","10093","machine auto start not happen","","","","","","auto selector switch properly connected","check pm time all switch condition","Problem Category- Electrical,Breakdown Category- Part-Failure","No","Tinku","OK"
"May","08-05-2024 T17:34","Fuel Pump","FP-Armature","MOULDING","M-EN-FP-ARM-1-120-1","B","CM Entry","30","robot some time not working","","","","","","damage wire repair done","check during pm time","Problem Category- Electrical,Breakdown Category- Part-Failure","No","Tinku","OK"
"May","15-05-2024 T11:30","Fuel Pump","FP-Armature","CORE CHAMFERING","M-EN-FP-ARM-1-020-1","C","BD with No Loss","90","core sheet damage during core chemfering","","","","","","so cylinder stoke adjusted done & crimping pressure adjusted done then ok","..","Problem Category- Mechanical,Breakdown Category- Wear","No","Tinku","OK"
"May","14-05-2024 T12:30","Injector","Housing-1","FUSHING END BENDING","EIHS-061","","CM Entry","50","conveyor chain broken","","","","","","chain repair done","..","Problem Category- Mechanical,Breakdown Category- Part-Failure","No","Tinku,Salman ","OK"
"May","19-05-2024 T09:00","Injector","Housing-2","TERMINAL PRESS FIT & HEIGHT CHECK","HSG2-1010","A","CM Entry","90","during pm found conveyor sprocket wear out","","","","","","wear out sprocket take out and new sprocket assy done","wear out sprocket take out and new sprocket assy done. ","Problem Category- Mechanical,Breakdown Category- Wear","No","Tarkeshwar Prasad","OK"
"July","17-07-2024 T10:30","Injector","UC # 3","AIR LEAK INSPECTION","UC3-040","A","CM Entry","10","Return coneyor stop in auto running.","","","","","","Return conveyor strat PX sensor mounting plate repaired.","Mounting plate thinknes increse.","Problem Category- Mechanical,Breakdown Category- Allignment","No","Santosh kumar Majhi","OK"
"July","20-07-2024 T10:09","Injector","","","","A","BD with No Loss","111","Dent simulation at needle assy. ,Alignment disturb same as on 14 jul,Run 10 parts with NG condition and monitor defect and scratch ","","","","","","","","Problem Category- Mechanical,Breakdown Category- Allignment","Yes","SAHIL SAINI,Santosh kumar Majhi,Daily Report",""
"July","29-06-2024 T12:40","Injector","UC # 3","SUB ASSY WASHING","UC3-050","G","Documentation","10","Swing Check Interval not as per PCS","","","","","","Swing Check Interval changed as per PCS","Request sheet modified to take target date of temporary action.","Problem Category- Electrical,Breakdown Category- Process","No","SAHIL SAINI","OK"
"Aug","31-07-2024 T08:30","Fuel Pump","SIFS # 3","Hot plate welding m/c-2 (YP8)","M-EN-FP-SIF-3-040-2","A","CM Entry","60","Some time Zero point NG coming","","","","","","Replace cylinder with new and part quality confirmed by PRD ","N/A","Problem Category- Pneumatic,Breakdown Category- Wear","No","Anil Kumar,Tarkeshwar Prasad","OK"
"Aug","31-07-2024 T11:30","Injector","Housing-2","HOLDER, PLATE & PIPE PRESS FIT M/C","HSG2-3020","","TPM","120","During alignment master jig stacking in jig ","","","","","","Modified drawing and make part as per requirement ","","Problem Category- Mechanical,Breakdown Category- Allignment","No","Anil Kumar","OK"
"Aug","31-07-2024 T09:30","Fuel Pump","Sender Gauge","Float & Arm Caulking","M-EN-FP-SIFS-1-050-1","","CM Entry","60","","","","","","","In fixed jig side dowel pin replace with new and change over jig side both bush replace with new ","Need to replace machine side jig so request to ped arrange part drawing ","Problem Category- Mechanical,Breakdown Category- Wear","No","Anil Kumar,Tarkeshwar Prasad","OK"
"Aug","31-07-2024 T13:45","Injector","Housing-4","LASER MARKING MACHINE","HSG4-4020","","BD with No Loss","15","","","","","","","In resistance unit zero set done ","","Problem Category- Electrical,Breakdown Category- Design","Yes","Anil Kumar","OK"
"Aug","02-08-2024 T14:52","Injector","Housing-4","MOLDING MACHINE","HSG4-4010","B","CM Entry","30","housing 4 molding machine nozzle leakage happen","","","","","","so nozzle key cleaning done","","Problem Category- Mechanical,Breakdown Category- Part-Failure","No","Tinku","OK"
"Aug","02-08-2024 T15:52","Fuel Pump","YG4 (HONDA)","Hotplate welding machine","M-EN-FP-SIF-4-010-1","","CM Entry","10","air laeakage happen during process time","","","","","","pneumatic pipe change with new","","Problem Category- Pneumatic,Breakdown Category- Wear","No","Tinku","OK"
"Aug","08-08-2024 T09:30","","","","","A","CM Entry","20","casing angel pin fault coming","","","","","","casing angel pin bend found so cahnge with new",".","Problem Category- Mechanical,Breakdown Category- Process","No","Salman ","OK"
"Aug","08-08-2024 T10:30","Fuel Pump","Bearing Holder","CHOKE COIL WINDING M/C-3","M-EN-FP-BRH-1-070-3","","CM Entry","30","bearing holder line, chouck coil winding m/c 3 . jig no-1 wire break issue . ","","","","","","jig no 1 cleaning done ,wire cutter damage found so change with new after that ok","change with new","Problem Category- Mechanical,Breakdown Category- Process","No","Salman ","OK"
"Aug","07-08-2024 T10:40","Fuel Pump","SIFS # 6","Main Tube Assembly Machine (YRA)","M-EN-FP-SIF-6-030-1","","CM Entry","20","go no go gauge lm guide bolt open","","","","","","all bolt change with new and alignment done","LM guide bolt change with new","Problem Category- Mechanical,Breakdown Category- Process","Yes","Salman ","OK"
"Aug","08-08-2024 T09:00","Injector","Housing-1","FUSING","EIHS-041","A","CM Entry","30","part ng coming","","","","","","so check and found 2nd station front electrod alignment disturbe found so alignment done after that ok","alignment done","Problem Category- Electrical,Breakdown Category- Process","No","Salman ","OK"
"Aug","08-08-2024 T08:00","Injector","Housing-1","PLATE PRESS FITTING","EIHS-081","","BD with No Loss","20","terminal bend during plate pf","","","","","","both table jig rotat after that ok","table jig alignment done","Problem Category- Electrical,Breakdown Category- Process","No","Salman ","OK"
"Aug","10-08-2024 T06:20","Injector","Housing-4","TERMINAL PRESSFIT & HEIGHT CHECK","HSG4-1010","A","BD with No Loss","30","escape cylinder sensor fault & motion fault coming","","","","","","so check and found pallet not escap properly in escape cylinder area  due to pallet shift cylinder alignment ng so alignment done and cylinder speed adjust done after that ok",".","Problem Category- Mechanical,Breakdown Category- Wear","No","Salman ","OK"
"Aug","11-08-2024 T13:09","Injector","Housing-2","FUSING PORTION END TERMINAL BENDING M/C","HSG2-3010","A","CM Entry","30","During PM spring of Jig no. 2,3,4 & 5 found broken","","","","","","Spring of jig no. 2,3,4 & 5 changed with new","Replaced with new","Problem Category- Mechanical,Breakdown Category- Part-Failure","No","Yogesh Kumar,Sachin Surya","OK"