"Month","Date","Cell","Line","Machine","Machine No","Shift","Category","Time","Problem","Cause Why1","Cause Why2","Cause Why3","Cause Why4","Cause Why5","Action","Counter Measure","Problem Category","Breakdown Category","Is Action Temporary?","Done By","Status"
"Apr","02-04-2024 T20:33","Final Assy","ENG Sealer Block-02","Spray Sealer","EEAT-194","B","BM","42","Thinner abnormal flow condition","Machine Not auto running.","Thinner circulation abnormal error.","Thinner not circulated.","Thinner not proper circulate from return path ","Design Issue","Thinner flow adjusted .,Flow sensor cleaned .,Thinner flow adjusted from valve after that ok.","We all ready shared to maker about this issue.","Mechanical","Design","No","Neeraj,Sandeep Dhama","Under MTD HOSS Approval"
"Apr","02-04-2024 T17:42","Mounting","MA5","Reflow Oven","EETP-083","B","BM","28","N2 pressure trouble error coming","N2 Pressure Switch Off","N2 Pressure Drop","N2 Element Dirty","NA","na","N2 Element Filter Clean","Need to revise Freq if reoccur","Pneumatic","Part-Failure","No","Neeraj,Dalip Khajuria","Completed"
"Apr","02-04-2024 T11:06","Mounting","AOI-08","AOI-08","EETP-130","A","BM","24","Belt Come out While Running","Belt Come out while PCB take","Pulley out from Motor shaft","Pulley groove screw loosen","Groove screw thread NG","","Belt take out,Check Pulley and found Groove Screw Loosen,Groove Screw Retighten","Need to Check Pulley and Groove Screw Assembly if reoccurs","Mechanical","Wear","No","Ujjawal,Anshul Gupta","Completed"
"Apr","03-04-2024 T06:25","Mounting","MA3","SP60","EETP-035","A","BM","25","Camera Height Error (Upper)","Camera Height Error upper","Camera unit Upper confirmation not coming ","Upper slit sensor not ON","Sensor dirty  ","NA","machine power OFF.,Camera manually up/Down motion check found OK working.,Camera Up/Down confirmation sensor cleaning done.,Machine power ON And machine origin done OK. Take test print found OK.","","Electrical","Communication","No","Ujjawal,Jaydev Mal","Completed"
"Apr","03-04-2024 T20:30","Final Assy","Cell Sensor","RT Tester","EEAT-168","B","CM","90","Automatically door not opening.","Automatically door not opening.","During movement time sound coming from Actuator.","Actuator Faulty.","Part failure.",".","Actuator sensor checked .,Its alignment Checked .,Actuator wiring checked found ok.,Finally Actuator power unit changed with spare after that ok.","Actuator power unit Changed .","Both","Part-Failure","No","Neeraj,Mangal Ram Kanwar","Completed"
"Apr","03-04-2024 T21:09","Final Assy","FA-AB1","FAL-AB-HT","EEAT-117","B","BM","16","Step no. 20, 40, 50 MIsjudgment coming (model 8821)","Step no. 20, 40, 50 MIsjudgment coming (model 8821)","Ng step releted circuit incomplete","Between the Product & Harness properly not contact","Harness pin bend (QTY-04)","Harness pin NG","During runing misjudgment coming, So harness clean with air but ng,,Harness take out from Line & all pin condition check & found 4 pins NG,So Harness ng pin changed with spare new, after that ok master check ok","","Mechanical","Part-Failure","No","Mangal Ram Kanwar","Completed"
"Apr","04-04-2024 T01:05","Final Assy","FA-AB2","Packaging Jig-02","EEAT-131","C","BM","20","Abnormal sound while screw tighting","Screw driver bit stucked","Bit holder machanical problem","This part not repairable","Desion issue",".","Bit take out & insert again","","Mechanical","Part-Failure","No","Subhash Sheoran","Completed"
"Apr","04-04-2024 T07:10","Mounting","MA4","NPM-06","EETP-057","A","BM","30","Head Overload Anomaly Error Theta-1","Theta-1 over load ","Theta-1 have taken over current","Theta Motor Assembly Take Overcurrent when Tries to Rotate","Suspected Belt Tension NG","Belt Tension Tighten","Machine restart.,Theta-1 manually moved,Nozzle take out and theta-1  manually rotate then machine origin OK","If Reoccurs, Need to Change Belt","Both","Communication","Yes","Ujjawal,Ashish Gupta","Completed"
"Apr","04-04-2024 T16:02","Final Assy","ENG Sealer Block-03","MRC","EEAT-219","B","BM","15","Product not scanning.","Scanning Alarm.","Product Barcode not scanning.","Product barcode not coming on range .","New model .","","Product Barcode Teaching done with PED .","If again issue occur , So as per PED maker will Teach.","Electrical","Design","No","Neeraj","Completed"
"Apr","04-04-2024 T17:24","Mounting","MA6","NPM-1","EETP-121","B","BM","11","PCB carry in Error","PCB carry in Error","PCB confirmation Sensor not on within time","PCB movement hard ","PCB side issue","NA","PCB belt condition & sensor check,PCB placed in front of sensor & reconfirm","NA","Mechanical","Communication","No","Dalip Khajuria","Completed"
"Apr","04-04-2024 T17:30","Final Assy","FA-WP3","Air blow-05","EEAT-073","B","BM","10","Door Cylinder fault","Door Cylinder fault","Door open confirmation not coming","Reed Switch not on","Reed Switch position disturbed","NA","Door cylinder movement check found ok,Door cylinder reed switch adjusted","NA","Electrical","Wear","Yes","Dalip Khajuria","Completed"
"Apr","04-04-2024 T17:35","Mounting","AOI-7","AOI-07","EETP-107","B","BM","25","STOCKER NOT MOVE TO PCB LOADING POSITION","STOCKER NOT MOVE TO PCB LOADING POSITION","Stocker Movement condition not fullfill","Stocker Clamp reed switch confirmation not coming","Suspected REED Switch malfunction","NA","1.Reed Switch adjusted,Wire dressing & connection check found ok,Temp. PLC program modify for stocker movement condition","cylinder Reed Switch will change T.D-07-04-2024","Electrical","Part-Failure","Yes","Dalip Khajuria","Completed"
"Apr","04-04-2024 T17:41","Mounting","AOI-7","AOI-07","EETP-107","B","BM","54","During Server Access Error","During Server Access Error","Application communication Issue ","Suspected Server-side issue","NA","NA","log data collected & application restart,Maker modify retry time from 30 sec to 90 Sec-U/O","Under discussion with maker","Electrical","Communication","Yes","Dalip Khajuria","Completed"
"Apr","04-04-2024 T17:45","Mounting","AOI-6","AOI-06","EETP-089","B","BM","23","During Server Access Error","During Server Access Error","Application communication Issue ","Suspected Server-side issue","NA","NA","log data collected & application restart,Maker modify retry time from 30 sec to 90 Sec-U/O","Under discussion with maker","Electrical","Design","Yes","Dalip Khajuria","Completed"
"Apr","04-04-2024 T18:52","Mounting","MA4","YS Loader ","EETP-051","B","BM","10","CHUCK  ERROR","CHUCK  ERROR","PCB CHUCK CONFIRMATION NOT COMING","PCB DETECT SENSOR OFF","PCB SLIP FROM CHUCK PAD","FIRST PCB POSITION SHIFTED","THIS PROBLEM COMING IN FIRST PCB AFTER PCB SET JIG LOAD,SO PCB TAKEOUT FROM CHUCK PAD ,AFTER THAT MACHINE RUN FOUND-OK","","Mechanical","Design","No","Dalip Khajuria","Completed"
"Apr","04-04-2024 T18:36","Final Assy","FA-AB3","FAL-AB-LT","EEAT-146","B","BM","14","Part continuously failed at Step No:-30","Part continuously failed at Step No: -30","Step No:-30 data not found","Wrong flash done issue","Human Mistake","","1.First check Master found every time ok,2.Harness also change but same,3.Another part no-676 nameplate scan & run part-301 then ok","PRD will provide countermeasure","Electrical","Human","No","Neeraj,Sandeep Dhama","Completed"
"Apr","04-04-2024 T18:20","Final Assy","Spot Block-03","Air Blow","EEAT-213","B","BM","20","Fault No -6 coming .","Machine stop in Auto running.","Fault No -6 coming.","Solenoid not on.","Its coil not on.","Part failure.","Solenoid valve changed with spare after that ok.","","Electrical","Part-Failure","No","Neeraj,Mangal Ram Kanwar","Completed"
"Apr","04-04-2024 T19:55","Final Assy","Cell Sensor","Flash writing (C/S)","EEAT-161","B","BM","10","Abnormal production id error coming (cell sensor model)","Abnormal production id error coming (cell sensor model)","QR Scanner data not coming","Scanner not scan to Product's QR code","Scanner communication issue","n/a","During runing this error come,Found scanner not working, so application close/open but ng,So finellymachine power off/on, after that ok master check ok","","Electrical","Communication","Yes","Mangal Ram Kanwar","Completed"
"Apr","04-04-2024 T21:00","Mounting","AOI-6","AOI-06","EETP-089","B","BM","60","DURING SERVER ACCESS ERROR 3D & AOI REGISTER DATA ERROR","DURING SERVER ACCESS ERROR COMING IN 3D M/C","COMMUNICATION ISSUE WITH SERVER DUE TO OVERLOAD.","WHILE RESOLVING THIS PROBLEM REGISTER DATA ERROR COME IN AOI M/C","AGAIN, COMMUNICATION ISSUE TO UPSTREAM MACHINE (Scan Conveyor)","DIRECT COMMUNICATION IMPLEMENTATION (DATA TRANSFER PROCESS CHANGED)","LOG DATA COLLECTED AND APPLICATION RESTART BUT  APLLICATION NOT RESPOND,SO 3D PC RESTART, AFTER THAT-OK,WHILE RESOLVING THIS PROBLEM REGISTER DATA ERROR COME IN AOI M/C,AOI M/C RESTART,SCAN CONVEYOR RESTART,MODEL CHANGEOVER DONE,RS-232-2 COMMUNICATION CABLE RECONNECTED,AGAIN AOI M/C RESTART,AFTER THAT-OK","Currently all AOI running on same server. Another server installation by PED.","Electrical","Communication","Yes","Dalip Khajuria","Completed"
"Apr","04-04-2024 T23:45","Mounting","AOI-6","AOI-06","EETP-089","C","BM","30","Upper link communication error coming ","Upper link communication error coming ","Communication Issue","","","","Machine Restart","This problem increased after IIU unit elimination. Will discuss with maker for the solution.","Electrical","Communication","Yes","Gagandeep","Completed"
"Apr","04-04-2024 T23:40","Mounting","AOI-08","AOI-08","EETP-130","C","BM","20","Upper Link communication error coming on AOI","Upper link communication error coming ","Communication issue ","","","","Application closed, PCB takeout and machine restart","This problem increased after IIU unit elimination. Will discuss with maker for the solution.","Electrical","Communication","No","Subhash Sheoran,Gagandeep","Completed"
"Apr","05-04-2024 T00:21","Final Assy","ENG Sealer Block-01","Spray Sealer M/C","EEAT-069","C","BM","109","Error 132 coming : Pallet positioning Cylinder-1 error was coming","Pallet not locked","cylinder reed switch confirmation not coming","Reed switch malfunction","Reed switch wire broken","Due to Sealer Accumulation on Wire","Solenoid valve change with spare,Reed switch wire cut and re-thimble  done ,Found reed switch wire broken inside the pneumatic pipe,Reed switch change with spare then ok.","We will checked the other pallet lock cylinder reed switch cable condition and dressing","Electrical","Wear","No","Subhash Sheoran,Sreekanth Sasi","Completed"
"Apr","05-04-2024 T04:15","Final Assy","FA-WP3","Air Leak","EEAT-160","C","BM","11","Machine not auto start","Machine hang","Communication problem","Design issue",".",".","Machine restart after that ok","Discussion done with PED and Maker about this problem","Electrical","Communication","Yes","Subhash Sheoran","Completed"
"Apr","05-04-2024 T08:42","Final Assy","FA-WP4","PRE-PKG AUTO SCREW MACHINE","EEAT-204","A","BM","13","ABNORMAL SOUND COME,Part lift after screw tight","Abnormal sound coming.","Screwdriver screw tighten position NG.","Y-axis position disturbed.","Suspected Y-axis driver side issue.","NA","Machine master OFF and machine homing done then ok","We will change the Y-axis driver with Packaging machine.","Electrical","Part-Failure","Yes","Ujjawal,Anshul Gupta,Jatinder Singh","Completed"
"Apr","04-04-2024 T11:48","Final Assy","FA-WP4","3W GEL APPLICATION","EEAT-201","A","BM","10","GEL CAN NOT SWITCH","GEL CAN Not switched.","Maybe gel CAN change program malfinction","NA","NA","NA","check and found machine have fault code coming but buzzer and CAN not switched.,So  again Press SETUP and changed  CAN then found  it work OK.","We will check its PLC Program","Electrical","Communication","Yes","Ujjawal,Jatinder Singh","Completed"
"Apr","05-04-2024 T08:15","Mounting","MA5","Multi-Magzine Unloader","EETP-086","A","BM","10","Stocker jam error coming","Stocker jam error coming","Stocker stuck in Lifter conveyor","Stocker base Width Was Wide","Stocker Base Was Broken","NA","Check and found stocker stuck at unloading transfer station of the conveyor .,Manually take out the stocker and checked found it broken from the bottom resulting in wider width causing stocker stuck, so take out and run a new stocker after that OK","Request to PRD Please do not use broken stocker","Mechanical","Part-Failure","No","Ujjawal,Jatinder Singh","Completed"
"Apr","05-04-2024 T13:15","Mounting","MA6","NPM-4","EETP-136","A","BM","10","Nozzle Exist Error ","Nozzle Exist Error ","Nozzle drop by head","Nozzle not pick properly by head","Possibility of holder side issue ","NA","Take out the holder and nozzle by PRD and Cleaning done","NA","Mechanical","Process","No","Jatinder Singh","Completed"
"Apr","05-04-2024 T15:00","Mounting","AOI-5","3D-05","EETP-070","B","BM","10","DURING SERVER ACCESS ERROR","DURING SERVER ACCESS ERROR","COMMUNICATION ISSUE","ROOT CAUSE NOT CLEAR","N/A","N/A","LOG DATA COLLECTED,PC RESTART","","Electrical","Communication","Yes","Dalip Khajuria","Completed"
"Apr","05-04-2024 T17:13","Mounting","AOI-6","3D-06","EETP-090","B","BM","10","DURING SERVER ACCESS ERROR","DURING SERVER ACCESS ERROR","COMMUNICATION ISSUE","ROOT CAUSE NOT CLEAR","N/A","N/A","LOG DATA COLLECTED,APPLICATION RESTART","Occurs due to IIU Unit Disables. Machine C/O Process change ","Electrical","Communication","Yes","Dalip Khajuria","Completed"
"Apr","05-04-2024 T16:30","Final Assy","FA-AB2","Packaging Jig-02","EEAT-131","B","BM","10","Fault No -5 (Camera Check )NG.","Fault No -5 coming.","Camera judgement NG coming.","Polarity mark shifted .","Camera Mounting shifted.","Camera not proper tight ,Its design issue.","Camera mounting adjusted after that ok ,Also ok/NG master Checked ok.","This problem already discuss with PED ,Its Mounting design will change ,","Both","Design","Yes","Neeraj,Dalip Khajuria","Completed"
"Apr","05-04-2024 T14:30","Mounting","MA2","SPI","EETP-044","B","BM","10","PCB TRANSPORT FAULT","PCB TRANSPORT FAULT","PCB NOT REACHED TO SENSOR POSITION WITHIN SPECIFIED TIME.","PCB JAM AT EXTENSION CONVEYOR","EXTENSION CONVEYOR ALIGNMENT WAS DISTURBED","N/A","CHECK AND FOUND PCB STUCK BETWEEN  SPG-2 AND SPI M/C EXTENSION CONVEYOR,SO EXTENSION CONVEYOR ALIGNMENT DONE.","M/C FOOT LOCKING IS ALREADY PLANED (T.D. 30-04-2024)","Mechanical","Design","Yes","Dalip Khajuria","Completed"
"Apr","05-04-2024 T20:23","Final Assy","FA-AB3","Packaging Jig-03","EEAT-188","B","BM","43","Screw driver bit come out & product  Lift after screw tightening","Screw driver bit come out & product  Lift after screw tightening","Screw driver's  mechanichal unit issue","Screw driver faulty","N/A","N/A","Screw driver come out so bit change with spare,Product lift after screw tightening, so screw driver mounting adjustment ,So finelly screw change with spare & torque check ok","","Mechanical","Design","No","Neeraj,Mangal Ram Kanwar,Dalip Khajuria","Completed"
"Apr","05-04-2024 T22:00","Final Assy","FA-WP2","VCS-07","EEAT-092","B","BM","10","Bit detection error coming","Bit detection error coming","Jig moving confirmation reed switch not activated
","Harness properly not set in probe holder","Harness setting issue","n/a","During model change over bit detection error coming,Found jig forward moving reed switch not activated,So Harness take out & re-insert, after that ok","","Mechanical","Process","No","Mangal Ram Kanwar,Dalip Khajuria","Completed"
"Apr","05-04-2024 T22:25","Final Assy","FA-WP2","VCS-10","EEAT-057","B","BM","20","READY SIGNAL NOT COMING","READY SIGNAL NOT COMING","SENSOR CONFIRMATION NOT COMING","SENSOR OUTPUT WIRE BROKEN","N/A","N/A","CHECK AND FOUND SENSOR OUTPUT WIRE BROKEN,SO SENSOR OUTPUT WIRE SOLDERING DONE","","Electrical","Part-Failure","No","Dalip Khajuria","Completed"
"Apr","06-04-2024 T07:33","Final Assy","Cell Sensor","Air blowing M/C","EEAT-162","A","BM","7","Cycle stops error-re entering non detected.","Cycle stops error-re entering non detected.","Sensor no.210 continues ON","Maybe sensor dirty ","NA","NA","Sensor no.210 SV Change from 200 to 130 then ok","Need to clean the sensor","Electrical","Part-Failure","Yes","Ujjawal,Jatinder Singh","Completed"
"Apr","06-04-2024 T08:15","Final Assy","ENG Sealer Block-01","Flash-01","EEAT-021","A","BM","100","Card Fail on step no.49 (E.P.R. ECU-1 WRITER-1 NG)","M.J. Coming on step no.55 in master (product have step no.49 NG ).","Its communication NG with machine.","Power load connector wire no.24 was broken.","Wire routing not good ","Connector resting pipe joint not installed after shifting the machine.","Problem coming in product on step no.49 (0852).,Check master found NG on step no.55 (0422),spare probe holder installed found same NG Coming.,Power load connector & Main connector reconnect.,Probe holder all pin change with new ,Probe holder RY-1,2 swapped with RY3,4 but same so revert back done,Power load connector open and found wire no.24 was broken. so re-soldering done ,NG Master data match (0710),Again one product check by PRD found ok. ","Request to PRD for make the stand for connector resting. And request to PED For check the OK master.","Electrical","Wear","No","Ujjawal,Anshul Gupta,Jatinder Singh","Completed"
"Apr","06-04-2024 T08:37","Final Assy","FA-WP4","LO-HI SCREENING MACHINE","EEAT-199","A","BM","8","Tester communication error","Tester Communication NG Coming.","Machine is not in home position.","Setup Complete confirmation not coming.","After NG Master take out jig not set properly.","NA","Setup complete confirmation not coming ,Found machine work bench is not in home position.,Manually work bench move toward machine inside then machine homing OK.","","Mechanical","Human","No","Ujjawal","Completed"
"Apr","06-04-2024 T10:20","Final Assy","FA-WP4","3W GEL APPLICATION","EEAT-201","A","BM","14","Fault no.145 coming,Machine stop during running.","Coating Application stop during running ","Machine have fault no.145 coming ","Machine operation malfunction","NA","NA","Found fault stop coating station error coming in running.,Try to machine master off but not done.,So machine restart then daily check done and run production found ok","","Both","Communication","Yes","Ujjawal","Completed"
"Apr","06-04-2024 T10:22","Final Assy","FA-WP4","AIR LEACK CHECK","EEAT-209","A","BM","5","Door not open in auto","Door lock not opened","Door unlocking pin not unlocked after cylinder action.
","Door unlock unit have rust available.","Cleaning not done ","NA","In between running condition,Its door unlocking cylinder unit cleaning done with CRC then ok","","Mechanical","Wear","No","Ujjawal","Completed"
"Apr","06-04-2024 T18:09","Final Assy","ENG Sealer Block-03","MRC","EEAT-219","B","BM","261","Product drop inside the machine while running","ϴ Axis position error coming","Flipper unit (ϴ Axis) not in flip position","Flipper unit (ϴ Axis) stuck with product.","Product drop while flipping","Product not properly set by Operator.","Release Theta axis break by HMI but not release-Status NG,Remove theta axis belt & try to origin theta axis but not ok.-,Check Theta Axis driver found alarm So, Alarm reset by online driver.,ϴ Axis found Different position, so removed the timing belt and manually adjusted.,So Now belt tighten on that position & Homing done,For Inspection error first machine network offline done then online then network communication Ok,Then check Master & product found OK-  ","To Avoid motor rotation in case of part drop i.e., Kaizen will Implement.
Under discussion
","Both","Human","No","Neeraj,Mangal Ram Kanwar,Dalip Khajuria,Sandeep Dhama","Under MTD HOD Approval"
"Apr","07-04-2024 T17:03","Final Assy","ENG Sealer Block-03","Spray Sealer","EEAT-226","B","BM","40","coat-2 humiseal Width abnormal Error Coming","coat-2 humiseal Width abnormal Error Coming","Coat-2 Width Was Abnormal coming","Auto Width Adjustment ITV Unit Was Malfunction","ITV Unit Was Faulty","Part Failure","Machine Daily Check Done,Nozzle Spray Adjusted,Auto Width Adjustment ITV Unit Change With Spare","NA","Electrical","Part-Failure","No","Jatinder Singh,Sandeep Dhama","Completed"
"Apr","08-04-2024 T10:08","Final Assy","FA-WP2","Silicon Below","EEAT-080","A","BM","20","Auto Running condition not coming.","Auto running condition not coming.","Discharger complete signal not coming.","PLC I/P 4.00 bit not ON.","Suspected PLC Input bit wire signal break","Suspected PLC Bit Hold","Auto running condition not coming,,Checked PLC program side found 4.00 bit not on. So 4.00 bit forcefully on/off after that ok.","","Electrical","Communication","No","Neeraj,Dalip Khajuria","Completed"
"Apr","08-04-2024 T06:15","Final Assy","Spot Block-1","Spot-01","EEAT-096","A","BM","10","Nozzle gap & Nozzle hieght not taken by Robot.","Nozzle gap not start the machine.","Nozzle ID confirmation not coming","Its nozzle ID sensor not ON(1604)","Dust particle coming on sensor","During solder bath cleaning its coming","ID sensor 1604 cleaned after that OK","","Electrical","Human","No","Neeraj,Subhash Sheoran,Sandeep Dhama","Completed"
"Apr","08-04-2024 T20:48","Final Assy","FA-WP3","Silicon All-round","EEAT-156","B","BM","12","Sillicon drop on product","Sillicon drop from waste material tray","Too much sillicon in tray","Leakage from pressure regulator","Air trap in silicon hose",".","Cleaned the waste material from tray & machine inside,Pressure regulator clean","Pressure regulator cleaned","Electrical","Part-Failure","No","Subhash Sheoran","Under PRD TL Approval"
"Apr","08-04-2024 T21:56","Final Assy","FA-NWP3","VCS-08","EEAT-099","B","CM","10","Machine hang","Poor contact between product & m/c.","communication break between product & m/c","Communication Board Not Reset after Product","Communication Board Relay get Hold","Internal Communication Issue","Machine Restart","","Electrical","Communication","Yes","Subhash Sheoran","Completed"
"Apr","08-04-2024 T21:58","Final Assy","FA-NWP3","Spray Sealer M/C","EEAT-027","B","BM","10","Pallet stuck at transfer conveyor","Fault 146 Pallet timeout error come","Pallet got Stuck in Sealer while transferring","PRD run NG Pallet in Sealer","","","Manually Pallet removed after that OK","Informed TL to keep NG pallet Separate","Mechanical","Human","No","Subhash Sheoran,Gagandeep","Completed"
"Apr","08-04-2024 T20:00","Mounting","MA4","Reflow Oven","EETP-059","B","BM","10","Temperature controller error was coming","Temp Controller in Error State","Communication break with temp. controller","Temperature Controller Not Communicate with PLC","Temp Controller Signal Interrupted","Communication issue ","Machine restart after that OK","","Electrical","Communication","Yes","Subhash Sheoran","Completed"
"Apr","08-04-2024 T21:00","Mounting","MA6","LOADER","EETP-114","B","BM","10","Chuck error (PCB dropped on another PCB)","Chuck error coming","PCB drop from chuck","Chuck not pick-up the PCB properly","PCB hit with jig","Jig width not ok","Take out the jig & Jig change/ set jig width proper.","","Mechanical","Human","No","Subhash Sheoran","Completed"
"Apr","08-04-2024 T20:20","Mounting","AOI-5","AOI-05","EETP-069","B","BM","18","Slow Inspection Process","Communication issue ","Data slow come","SERVER RESPONSE TIME HIGH","NA","NA","Machine restart ","","Electrical","Design","No","Gagandeep","Completed"
"Apr","08-04-2024 T22:15","Final Assy","AB Sealer Block-01","Spray Sealer M/C","EEAT-078","B","BM","13","Pallet drop in X-axis","Robot Interference","X Y Table did not Move","Pallet Open while Flipping","Pallet was not Properly Lock","Human Mistake","PCB & pallet take out from X-axis","Instruction given to PRD to Lock Pallet Properly","Mechanical","Human","No","Subhash Sheoran,Mukesh","Completed"
"Apr","09-04-2024 T03:00","Mounting","AOI-6","AOI-06","EETP-089","C","BM","50","Cross Mark Shifting in 3D machine .,Upper Link Communication error in AOI machine","Upper Link Communication error in AOI machine","Machine communication NG with Upper (3D) machine.","3D machine is not ready ","Using the wrong process","Less knowledge ","3D machine restart,AOI machine restart,Scan conv, AOI & 3D machine restarts,Finally All three machine ON As per Maker procedure.","","Electrical","Process","No","Ujjawal,Jatinder Singh","Completed"
"Apr","09-04-2024 T03:55","Mounting","AOI-08","AOI-08","EETP-130","C","BM","45","AOI Conveyor fixed Side Pulley came out.","PCB Jam Error Coming","Conveyor Belt come out","Conveyor fixed Side Pulley came out.","Pulley Grove Screw Was Loose","Pulley Grove Screw Was Damage","Pulley Grove Screw Change With Spare","Grove Screw Change With Spare","Mechanical","Wear","No","Ujjawal,Jatinder Singh","Completed"
"Apr","09-04-2024 T08:59","Final Assy","FA-WP4","3W GEL APPLICATION","EEAT-201","A","CM","31","Cartridge not switched .","Alarm -145 ( Coating station stop ) error.","Gel supply not feed into dispenser.","Cartridge -1 empty & not switch .","Cartridge pressure not goes down.","Suspected -Pressure sensor issue.","1.Catridge-1 pressure sensor clean,Inside Cartridge housing sensor area clean ,Purging pipe separated to proper release of air while Gel dispensing-Status U/O ,For Buzzer sound PLC program modify-U/O","Pressure Sensor clean point will reflect in PM check sheet","Both","Wear","No","Neeraj,Sandeep Dhama","Completed"
"Apr","09-04-2024 T06:23","Mounting","AOI-6","3D-06","EETP-090","A","BM","110","CROSS MARK SHIFT PROBLEM","CROSS MARK SHIFT PROBLEM","CROSS MARK NOT COMING ON CHECKING POINT","TOP AND SIDE CAMERA CROSS MARK POSITION WAS NOT ALIGN","SIDE CAMERA LENS WAS LOOSE","N/A","OFFSET GIVEN,MODEL CHANGEOVER,MACHINE RESTART,CALIBRATION DONE,SIDE CAMERA LENS ADJUSTED"," Last activity of camera rotation unit change by Maker. Suspected Not Properly Tighten","Mechanical","Human","No","Neeraj,Dalip Khajuria,Sandeep Dhama","Completed"
"Apr","09-04-2024 T13:30","Final Assy","FA-WP4","PRE-PKG AUTO SCREW MACHINE","EEAT-204","A","BM","25","During screw tightening time abnormal sound coming.","During screw tightening time abnormal sound coming.","Screw driver & Screw position not match.","Y-Axis shifted.","Suspected- Motor cable side issue.","","Y-Axis signal & power cable separated ,Now under obeservation.","Under discussion with maker.","Both","Part-Failure","Yes","Neeraj,Dalip Khajuria","Completed"
"Apr","09-04-2024 T13:32","Final Assy","FA-WP4","PKG AUTO SCREW MACHINE","EEAT-206","A","BM","20","Vacuum error during screw pick time.","Vacuum error was coming.","Screw not properly pick.","During screw pick up time 2 screw together come due to proper grip not make.","Screw not proper feeding .","Screw & guide plate gap was more.","Screw upper guide plate adjusted  .","Screw & guide plate gap point check will reflect in PM check sheet","Mechanical","Obsolete","No","Neeraj","Completed"
"Apr","09-04-2024 T17:01","Final Assy","Spot Block-03","SPOT M/C","EEAT-214","B","BM","15","No Flux error was coming","Flux not coming","Flux supply tube was damage","Flux supply tube was cut from joint from flux pump side.","During FLUX exchange every time, this unit was take out.","So this flux pipe was bend every time.","Flux supply pipe damaged portion cut & insert back.","","Mechanical","Wear","No","Subhash Sheoran,Gagandeep","Completed"
"Apr","09-04-2024 T19:23","Final Assy","ENG Sealer Block-03","Spray Sealer","EEAT-226","B","BM","40","sealer come on prohabited area YCA R2","Sealer coming on prohibited area.","Sealer flowing to prohibited area in some products.","Less area between prohibited and application area (drawing restriction) (< 3mm)","Design restriction of the machine.","NA","This problem coming in some products.,Viscosity checked found OK,Coat-2 width adjusted.,Fine tuning done from program side. After that OK","NA","Mechanical","Design","No","Subhash Sheoran,Anshul Gupta,Gagandeep,Ashish Gupta","Completed"
"Apr","09-04-2024 T20:23","Final Assy","FA-WP3","Air Leak","EEAT-160","B","BM","10","Machine hang","Machine hang during running","communication break between m/c & PC","Design issue.","NA","NA","Machine restart","","Electrical","Design","Yes","Subhash Sheoran,Mukesh","Completed"
"Apr","09-04-2024 T20:27","Final Assy","FA-WP3","Filter Assembly ","EEAT-151","B","CM","10","Mushroom not coming up","Mushroom was not coming upward","Mushroom motion was hard","Mushroom was dirty","Dust accumulated inside the mushroom","NA","Mushroom open & cleaned it. After that OK","","Mechanical","Design","No","Subhash Sheoran,Mukesh","Completed"
"Apr","10-04-2024 T02:01","Final Assy","FA-WP3","Air Leak","EEAT-160","C","BM","14","Machine Hange during running.","Machine Hange in running","Machine DIO/AIO communication break with PC","Suspected USB driver version issue of DIO/AIO card","NA","NA","Machine power OFF and USB-1 & 2(DIO) cable reconnect then ok.","we will change DIO unit with new Air leak machine & Install new driver version","Electrical","Design","No","Ujjawal,Jatinder Singh","Completed"
"Apr","10-04-2024 T08:33","Final Assy","FA-WP4","3W GEL APPLICATION","EEAT-201","A","CM","15","Automatic Catrdige-1 to Catridge-2 not switch","Cartridge does not switch after finish.","Cartridge switch pressure does not drop below set value.
","Claridge switch pressure very low. ","Maker set lower pressure than actual value..","Design issue.","1.Pressure sensor clean but not ok,Cartridge cylinder Input air pressure leakage check found ok ,Cartridge switch pressure controller set value change from 0.25 to 0.35MPA.","This issue we will discuss in FAT of new Machine","Electrical","Design","No","Neeraj,Sandeep Dhama","Completed"
"Apr","10-04-2024 T08:36","Final Assy","FA-WP4","SILICON ALLAROUND","EEAT-205","A","BM","20","Abnormal Silicon Application was coming.","Abnormal Silicon Application coming.","Silicon not properly dispense from Nozzle.","Silicon got dry into nozzle.","Silicon Material issue,","","Many time dummy taken.,Nozzle changed after that ok.","Request to PRD if Machine stop more than 1 hour ,Before production start take dummy 2-3 times.","Mechanical","Process","No","Neeraj,Dalip Khajuria","Completed"
"Apr","10-04-2024 T09:21","Final Assy","Cell Sensor","Spray Sealer","EEAT-163","A","BM","40","Splash coming on prohibited area","Splash coming on prohibited area","Sealer spray abnormal on R2 Side","Sealer-Y Strainer(Line filter) choked","Suspected sealer material issue","na","Viscosity check found ok ,Chip clean problem still n.g ,Main sealer line filter and sealer filter clean than ok ","Filter clean frequency will change from 1/3m to 1/m","Mechanical","Process","No","Neeraj,Gagandeep","Completed"
"Apr","10-04-2024 T11:50","Final Assy","Cell Sensor","Air blowing M/C","EEAT-162","A","BM","30","Cycle Stop Error fault in M/C","Cycle Stop Error fault in M/C","Diagonal Sensor not off after cycle complete","Diagnol sensor present value higher than set value","Sensor alignment issue","NA","Diagonal sensor clean but status NG,Sensor fiber cable reconnect but not ok,Sensor alignment done then ok","Diagnol sensor check point will reflect in P.M check sheet","Electrical","Wear","No","Neeraj,Sandeep Dhama","Completed"
"Apr","10-04-2024 T17:59","Final Assy","AB Sealer Block-01","Flash-05","EEAT-113","B","BM","30","560B AC OK master fail at step no.125","Master card getting fail at step-125","Writer-1 error was coming","Communication problem with Master.","Master faulty","NA","Spare probe holder change.,Machine re-start,Probe holder all connector re-connect,N.G master check & data check its ok,One product check its pass.","","Electrical","Part-Failure","No","Subhash Sheoran,Dalip Khajuria,Mukesh","Completed"
"Apr","10-04-2024 T17:45","Final Assy","FA-WP2","Silicon Below","EEAT-080","B","BM","30","Silicon drop on product","Silicon drop on product","After application suck-back not happen properly","Suspected cause its dispenser unit not working properly","Dispenser unit part failure","NA","Silicon Dispense continue but same status.,Nozzle cleaning done.,Suck back value changed (0.40 to 0.50),Return speed value changed (0.21 to 0.15),Robot Program value modified sub122(Start delay changed 250 to 300 & 220 to 250)","Need to dispenser unit changed","Both","Part-Failure","Yes","Subhash Sheoran,Dalip Khajuria,Mukesh","Completed"
"Apr","10-04-2024 T18:10","Mounting","AOI-5","AOI-05","EETP-069","B","BM","15","PCB COMEOFF FROM BELT","PCB TRANSFER FAULT WHILE PCB UNLOADING","PCB COME OFF FROM CONVEYOR BELT","CONVEYOR WIDTH SIDE ISSUE (WIDE)","N/A","N/A","CHECK AND FOUND PCB COMEOFF FROM FIXED SIDE CONVEYOR  BELT,SO PCB TAKEOUT AND M/C ORIGIN DONE.","","Both","Design","No","Dalip Khajuria","Completed"
"Apr","11-04-2024 T03:49","Final Assy","FA-WP3","Air Leak","EEAT-160","C","BM","6","hang in running condition","Machine Hang during running","PC Communication NG With machine.","PC side design issue","NA","NA","Machine power OFF and USB-1 & 2 reconnect from PC side after that ok.","","Both","Design","Yes","Ujjawal,Jatinder Singh","Completed"
"Apr","12-04-2024 T07:04","Mounting","MA4","Reflow Oven","EETP-059","A","BM","30","Zone-4 lower over load error was coming.","Machine not Auto start.","Zone 4 lower over load error occurred.","Zone-4 Blower not running.","Blower not rotate .","May be flux accumulate due to jam.","Try to error reset .,Blower manually rotate .,Blower rotate forcefully by screw driver after that ok.","","Mechanical","Design","No","Neeraj,Sandeep Dhama","Completed"
"Apr","12-04-2024 T06:23","Mounting","AOI-6","AOI-06","EETP-089","A","BM","50","Communication Error","Communication NG With external device","AOI machine communication NG with Scan conv.","AOI Machine signal not coming from Scan Conveyor","Suspected communication issue","NA","AOI Machine restart.,AOI, 3D, And scan conv. All machine restart ,Model change over done to other model","This Problem will discuss with maker as freq. has increased","Electrical","Communication","No","Ujjawal,Sandeep Dhama","Completed"
"Apr","12-04-2024 T07:50","Final Assy","FA-AB1","LT Chamber-01","EEAT-129","A","CM","40","Chamber rack rotation hard .","Chamber Rack rotation Hard .","Ice accumulated on rotation unit.","Suspected Compressor refrigerant lower","Root cause under investigation","NA","Defrost done by PRD after that ok.","","Mechanical","Design","No","Neeraj,Sandeep Dhama","Completed"
"Apr","12-04-2024 T10:30","Final Assy","Spot Block-2","3D-03","EEAT-077","A","BM","45","NO SIGNAL COMING IN LIVE IMAGE MONITOR","NO SIGNAL COMING IN LIVE IMAGE MONITOR","SIGNAL NOT COMING FROM CAMERA CONTROLLER","CAMERA CONTROLLER MALFUNCTION","VEDIO COMMUNICATION CARD FAULTY","N/A","SIGNAL CABLE RECONNECTED BUT STILL PROBLEM COMING AFTER SOME TIME,CAMERA CONTROLLER VEDIO COMMUNICATION CARD CHANGED WITH SPARE","","Electrical","Part-Failure","No","Neeraj,Dalip Khajuria,Sandeep Dhama","Completed"
"Apr","12-04-2024 T13:20","Final Assy","FA-AB3","Packaging Jig-03","EEAT-188","A","BM","20","During screw tightening product lift.","During screw tightening product lift.","Screw driver bit stuck with screw.","Screw driver bit wear out.","Part failure.","","Jig side one guide pin loosed found so tight it.,Screw driver bit changed with spare .","","Mechanical","Part-Failure","No","Neeraj","Completed"
"Apr","12-04-2024 T14:18","Final Assy","FA-WP3","Air Leak","EEAT-160","A","BM","12","DAILY CHECK PRESSURE VALUE NG COMING","DAILY CHECK PRESSURE VALUE NG COMING","PRESSURE A &PRESSURE B VALUE COMING LOWER THAN SPEC.","DIGITAL PRESSURE GUAGE NOT SHOWING CORRECT PRESSURE VALUE. (BUT ANALOG PRESSURE GUAGE SHOWING OK VALUE","DESIGN ISSUE","N/A","CHECK PRESSURE IN ANALOG GUAGE FOUND OK,SO OFFSET GIVEN IN PRESSURE VALUE SHOWING IN PC","","Electrical","Design","No","Subhash Sheoran,Dalip Khajuria","Completed"
"Apr","12-04-2024 T17:50","Final Assy","FA-AC1","AC Falcon","EEAT-119","B","CM","110","Name plate not scanning","Name plate not scanning","Scanner reading judgment 0% coming","Scanner NG","Scanner old type (Obsolete)","NA","Scanner Teaching,Scanner change with spare (SR-710),Teaching done with SR-710 then ok","","Electrical","Obsolete","No","Ujjawal,Anshul Gupta","Completed"
"Apr","13-04-2024 T02:00","Mounting","AOI-6","3D-06","EETP-090","C","BM","20","CROSS MARK SHIFTING PROBLEM","CROSS MARK SHIFTING PROBLEM","SIDE CAMERA LANS WAS LOOSE","POSIBILITY OF CAMERA ROTATION UNIT CHANGE TIME LANS WAS NOT PROPERLY TIGHT","HUMAN MISTAKE","NA","CAMERA LANS TIGHT IT ","NA","Mechanical","Human","No","Jatinder Singh,Gagandeep","Completed"
"Apr","13-04-2024 T01:00","Mounting","AOI-5","AOI-05","EETP-069","C","BM","15","Card stuck between AOI and 3D multiple times.","Card not pass from Aoi to 3D","Card stuck between AOI and 3D multiple times.","Card Come off from belt 
","Excess conveyor width","May be program side issue ","Conveyor width check not ok ,One time changeover in another Model  but same  ,Finally given offset in conveyor width side ,Now under observation ","","Mechanical","Design","No","Jatinder Singh,Gagandeep","Completed"
"Apr","13-04-2024 T05:30","Final Assy","FA-AB3","DNHA-AB3-RT-01","EEAT-192","C","BM","30","Product Fail On Steps 30 & 100","Product Fail On Steps 30 & 100","Harness Pins Poor Contact With Product","Pins Was Dirty","NA","NA","Harness Pins Cleaning Done","NA","Both","Human","No","Jatinder Singh,Gagandeep","Completed"
"Apr","13-04-2024 T06:51","Final Assy","FA-WP3","3W Gel-03","EEAT-152","A","BM","25","Alarm -88 (Part Floating) NG at YNC model.","Part Floating NG.","Part floating sensor On.","Part floating sensor value upper side coming.","Variations coming on case height.","Product case side issue.","Master case (Old) Checked found ok. It means part float sensor -ok.,Part floating position Teaching done as per running case  ."," Request to PRD for case dimension check . ","Mechanical","Part-Failure","Yes","Neeraj,Dalip Khajuria,Sandeep Dhama","Completed"
"Apr","13-04-2024 T11:24","Final Assy","FA-WP4","3W GEL APPLICATION","EEAT-201","A","BM","25","Fault No-88 was coming.","Fault -88 coming.","Part float Check sensor got on.","Case height was more.","Case side issue .","","Master case checked .,As per discussion with PED ,Part float position Teaching done after that frequency Increased so revert Back. ","Case side issue ,Its dimension will check by SQD.  ","Mechanical","Part-Failure","Yes","Neeraj,Dalip Khajuria,Sandeep Dhama","Completed"
"Apr","13-04-2024 T13:06","Final Assy","FA-WP3","Air Leak","EEAT-160","A","BM","10","During running time machine hang.","machine hang during running.","NAN value was coming.","Value Not transfer analog to digital.","Suspected -ADI (analog input module) faulty.","","USB Re-connect & Application restart .","ADI unit will change.","Electrical","Part-Failure","No","Neeraj","Completed"
"Apr","13-04-2024 T20:50","Final Assy","FA-AB2","Packaging Jig-02","EEAT-131","B","BM","10","Foult no8 coming","Fault no.8 coming","Jig connector connection wiring fault ","Jig connector wire broken","Jig movement NG","Design issue","Jig wire re soldering done ","","Electrical","Wear","No","Ujjawal,Subhash Sheoran,Mukesh","Completed"
"Apr","14-04-2024 T01:43","Final Assy","FA-AB2","FAL2-AB-RT1","EEAT-134","C","BM","15","Honda model 31XA(HA151100-4000) Part No. Not Loading","Part No. Not Loading (HA151100-4000)","Configuration Setting Was Different As Per this Model","Configuration Setting Not Change By PED As Per This Model","NA","NA","Configuration Setting Setting Change As Per This Model.","Request To PED Please Setting Change As Per This Model","Electrical","Process","Yes","Jatinder Singh,Gagandeep","Completed"
"Apr","15-04-2024 T07:21","Final Assy","FA-WP4","LO-HI SCREENING MACHINE","EEAT-199","A","BM","12","Alarm 97 was coming,Communication error coming","Shutter was not coming home position","Its shutter close confirmation was not coming","Its cylinder read switch was not ON","Machine not in home position","communication break between m/c & its inspection.","Machine setdown & again ON (All equipment as per sequence).,All home position done & Master check its OK","","Electrical","Communication","No","Subhash Sheoran,Jatinder Singh,Mukesh","Completed"
"Apr","15-04-2024 T07:23","Final Assy","FA-WP4","SILICON ALLAROUND","EEAT-205","A","CM","10","NOZZLE HIGHT NG COMING","Nozzle Hight NG Coming","Nozzle Hight Confirmation Sensor Was Dirty","Design Issue","NA","NA","Sensor Clean And Nozzle Re-Installed","NA","Mechanical","Design","No","Jatinder Singh,Mukesh","Completed"
"Apr","15-04-2024 T07:25","Final Assy","FA-WP4","SILICON BELOW CONNECTOR","EEAT-202","A","CM","8","Nozzle Centering NG Coming","Nozzle Centering NG Coming","Silicon Dry On Nozzle","Possibility Of Nozzle Not clean Properly","Nozzle Cleaning Sponge Unit Was Dirty","Continue Use","Clean The Nozzle ","Request To PRD Please Change Nozzle Cleaning Sponge Unit On Time","Mechanical","Design","No","Jatinder Singh,Mukesh","Completed"
"Apr","15-04-2024 T07:20","Mounting","MA4","Buffer Conveyor","EETP-055","A","BM","20","Card Stuck In Buffer Conveyor Slot No.-10","Card Stuck in Buffer Conveyor Slot No.-10","Belt Was Not Rotate","Bur Coming On belt & Stuck With Pully","Belt Was Damage","Life Over","Belt Change With Spare New One ","Belt Check freq already available in PM","Mechanical","Part-Failure","No","Subhash Sheoran,Jatinder Singh,Mukesh","Completed"
"Apr","15-04-2024 T09:25","Mounting","MA4","NPM-01","EETP-093","A","BM","20","Card Stuck Between Buffer Conveyor And OC-1 Conveyor","Card Stuck Between Buffer Conveyor And OC-1 Conveyor","OC-1 Conveyor Alignment Disturb ","M/c Foot Was Not Lock Properly","Lock Loose","","Buffer Conveyor & OC-1 Conveyor Alignment Done ","All Machine Under foot Lock Installation. Complete by 30th Apr.
6 Machine Already Completed","Mechanical","Human","No","Jatinder Singh,Mukesh","Completed"
"Apr","15-04-2024 T06:20","Final Assy","AB Sealer Block-01","Spray Sealer M/C","EEAT-078","A","BM","30","Nozzle ID Fault Coming in YHB Model","Nozzle ID Fault Coming","Turn Loader Sensor Was Not On As Per Running Model","Sensor Was Dirty","Possibility Of During Weekly Dust Drop On Sensor","Human Mistake","Turn Loader & Loader Conveyor Sensor Cleaning Done","Request To PRD Please Cover The Sensor During Cleaning","Electrical","Human","No","Jatinder Singh,Mukesh","Completed"
"Apr","15-04-2024 T23:40","Mounting","AOI-6","PCB Scanner","EETP-088","C","BM","15","STOPPER DROP ON PCB ","STOPPER DROP ON PCB ","Sensor Not sense PCB","PCB Length was short ","Pcb Sensor was not on ","NA","Pcb Take Out and run machine ok ","Sensor Position changed and distance between sensor reduced.","Mechanical","Design","Yes","Gagandeep","Completed"
"Apr","16-04-2024 T01:50","Mounting","MA4","NPM-05","EETP-066","C","BM","20","Protruding pallet error","Protruding pallet error.","Pallet position sensor on.","During pallet loading /Unloading time sensor on/off.","Door not proper lock.","locking mounting loosed.","Door lock mounting loosed ,So tight it after that ok.","","Mechanical","Wear","No","Neeraj","Completed"
"Apr","16-04-2024 T21:23","Mounting","MA4","NPM-06","EETP-057","B","BM","15","Tape cover detect error[Sensor-3]","Tape cover detect error[Sensor-3]","Sensor was off ","Object come on front of sensor ","Feeder Safety cover was loose ","Bolt was Not tight ","Feeder safety cover tight proper after that machine run ok ","","Mechanical","Process","Yes","Gagandeep","Completed"
"Apr","16-04-2024 T21:32","Mounting","MA4","NPM-01","EETP-093","B","BM","13","PCB carry in error","PCB carry in error","Pcb stop During Running ","Width was not ok","Program side width not OK","","Manual width adjust spare Model ","Informed PED to change from Program side.","Mechanical","Design","Yes","Gagandeep","Completed"
"Apr","17-04-2024 T02:00","Final Assy","FA-WP2","Silicon Below","EEAT-080","C","BM","20","Less silicon coming on start point.","Less Silicon coming on first point.","Silicon not proper dispense.","Dispenser side issue.","","","Temporary Robot program modify after that ok.","Its dispenser pump will change.","Mechanical","Part-Failure","Yes","Neeraj,Dalip Khajuria","Completed"
"Apr","17-04-2024 T04:18","Final Assy","AB Sealer Block-02","Air Blow","EEAT-187","C","BM","20","Fault No 4 (Emergency Fault) coming in running time & Master off","Master off during running time.","Fault No -4 was coming.","Machine Process not complete within cycle time .","Nozzle cylinder movement slow .
","Cylinder Movement Hard.","Nozzle cylinder Cleaning & lubrication done.","","Mechanical","Human","No","Neeraj,Dalip Khajuria","Completed"
"Apr","16-04-2024 T23:20","Mounting","AOI-6","3D-06","EETP-090","C","BM","15","CROSS MARK SHIFT PROBLEM","CROSS MARK SHIFT PROBLEM (Y1K 156X CONNECTOR LEAD)","sUSPECTED THAT MODEL SIDE iSSUE","N/A","N/A","N/A","OFFSET GIVEN IN SOME COMPONENTS BUT STILL PROBLEM COMING,SO MODEL CHANGEOVER DONE TO ANOTHER MODEL","","Electrical","Design","No","Dalip Khajuria","Completed"
"Apr","16-04-2024 T09:30","Final Assy","Spot Block-1","Spot-01","EEAT-096","A","BM","60","Soldering Robot Error","Soldering Robot Error Coming While Opening Safety Door.","Safety Signal Not Coming From Controller","Robot Ready Signal NG","Communication Issue","N/A","Controller Off/On ,CRRB,CRREPB,CRCPU & CRKSW1A Relay change,Controller Side Safety I/O Connector Clean","N/A","Electrical","Communication","No","Subhash Sheoran,Jatinder Singh,Ashish Gupta","Completed"
"Apr","17-04-2024 T10:45","Final Assy","Spot Block-1","Spot-01","EEAT-096","A","BM","180","Soldering Robot Error Coming","Soldering Robot Error Coming While Opening Safety Door.","Safety Signal Not Coming From Controller","Robot Ready Signal NG","Safety I/O Unit NG","Part Failure.","Try To Error Reset But Can Not Reset,Controller Power Off/On Then Ok But Again Repeat Whenever Door Open.,Robot Safety I/O Connector Cleaned,Circuit Checked And Found 6 Relay In The Circuit So Changed But Same,Finally Robot Controller Safety I/O Unit Changed ","Safety IO of Robot Controller will be Change in Spot 2 (Jun24 Shutdown)","Electrical","Part-Failure","No","Subhash Sheoran,Jatinder Singh,Ashish Gupta","Under MTD HOD Approval"
"Apr","17-04-2024 T18:30","Final Assy","AB Sealer Block-01","Spray Sealer M/C","EEAT-078","B","BM","25","Sealer leakage in pipe jointer ","Sealer Drop Found in pump chamber inside","Sealer leakage in pipe jointer
","Joint Was loose","NA","NA","Joint open than teflon tape proper apply and joint tight than ok ","Joint open than teflon tape proper apply and joint tight than ok ","Mechanical","Design","No","Gagandeep","Completed"
"Apr","17-04-2024 T22:12","Mounting","AOI-6","3D-06","EETP-090","B","BM","40","Communication error coming ","Machine not take changeover ","Data not register error coming ","Communication issue with upper link ","Error come in communication not complete  ","na","Machine restart 3 time but same ,Error clear in machine side after that ok ","Will check the Sinema connection of Scan conveyor.","Electrical","Communication","No","Gagandeep","Completed"
"Apr","18-04-2024 T04:08","Final Assy","FA-WP3","Air Leak","EEAT-160","C","BM","20","MACHINE HANG","During Product checking Machine Hang","No Judgement made by Machine","Pressure value not coming in PC","Communication Issue","Design Issue","Application Close and USB-1 & 2 Reconnected.,Then Application open and Daily check done.","Already Under Discussion with Maker","Electrical","Design","Yes","Dalip Khajuria","Completed"
"Apr","18-04-2024 T08:28","Final Assy","Cell Sensor","Spray Sealer","EEAT-163","A","BM","60","Coat-1 Spray Pressure Out of Range Error Coming","Coat-1 Spray Pressure Out of Range Error Coming","Coat-1 Spray Misjudged By Sensor","Sensor Alignment Was Disturb","Possibility Of During Cleaning Sensor Disturb","NA","Sensor Clean,Nozzle Spray Adjusted,Finally Spray  Check Sensor Alignment Done","Request To PRD Please Take Care During Weely Cleaning","Mechanical","Human","No","Subhash Sheoran,Jatinder Singh,Mukesh","Completed"
"Apr","18-04-2024 T21:51","Mounting","MA5","Multi-Magzine Unloader","EETP-086","B","BM","40","PCB JAM ERROR COMING ","PCB not transfer","Pcb jam error coming ","PCB was not touch on conveyor belt   ","Conveyor height was not ok ","NA","Conveyor height adjust,Guide plate adjust  fix side ,Guide plate adjust moveable side ,Conveyor speed increase ","","Mechanical","Design","No","Gagandeep","Completed"
"Apr","18-04-2024 T21:52","Mounting","MA4","Buffer Conveyor","EETP-055","B","BM","15","conveyor belt broken","Pcb Transport error coming ","Belt was not rotate","belt was broken ","belt life is over","NA","Belt chANGE WITH NEW ONE ","All Belts change Plan already planned for Buffer Conveyor in shutdown.","Mechanical","Wear","No","Gagandeep","Completed"
"Apr","18-04-2024 T23:24","Mounting","AOI-6","AOI-06","EETP-089","C","BM","15","SLOW INSPECTION PROCESS","SLOW INSPECTION PROCESS","Inspection Data Slowly Send to V-DB Server","V-DB Server Response Slow to AOI Machine","Suspected : Huge Data send to V-DB server at Once","Suspected : AOI to V-DB server Communication Issue","MACHINE POWER OFF AND ON","To minimise Loss Time, Only Application Close as per Procedure.","Electrical","Design","No","Dalip Khajuria","Completed"
"Apr","19-04-2024 T08:27","Final Assy","Cell Sensor","Spray Sealer","EEAT-163","A","BM","30","Sealer Coming on Connector (R1 Side) ","Sealer Coming on Connector","Sealer Spread On Connector During Connector Lead Application","1st Possibility Flux Use On Connector Soldering So Chance of Spreading Sealer","2nd Possibility Nozzle And Chip Side Issue","NA","Machine Daily Check,Nozzle Chip Clean ,Nozzle Chip change Now U/O","1.Request To PRD Please Confirm Spot Block Side Connector Lead Flux Area
2.Our Side Nozzle Change If Problem Coming","Mechanical","Process","No","Subhash Sheoran,Jatinder Singh,Mukesh","Completed"
"Apr","19-04-2024 T22:09","Final Assy","FA-WP3","Air Leak","EEAT-160","B","BM","15","Air Leak m/c hang","Machine hange","Communication NG with PC","PC side design issue","NA","NA","Machine restart and USB-1 & 2 reconnect ","Discussion going with PED and maker","Both","Design","Yes","Ujjawal,Gagandeep","Completed"
"Apr","20-04-2024 T07:13","Final Assy","FA-WP3","3W Gel-03","EEAT-152","A","BM","20","1gm Weight NG Coming ","Machine Daily Check NG Coming","1 gm Weight NG Coming (Lower Side)","Possibility Of Air Coming In Main Circuit","NA","NA","Dummy Shot Taken 3-4 Time ,Manually Dispense The Gel  ","Main plunger pump unit seal will be replaced after discussed with PRD .","Mechanical","Design","No","Subhash Sheoran,Jatinder Singh","Completed"
"Apr","20-04-2024 T06:20","Final Assy","Cell Sensor","Spray Sealer","EEAT-163","A","BM","30","R1 Side Dummy NG Coming","R1 Side Dummy NG Coming","Dummy position Was Disturb ","Nozzle Position Disturb","Suspected Nozzle Hitting Time Position Disturb","Human Mistake","Nozzle side centering done then ok","N/A","Mechanical","Human","No","Ujjawal,Jatinder Singh","Completed"
"Apr","20-04-2024 T09:48","Final Assy","Cell Sensor","Air blowing M/C","EEAT-162","A","BM","80","135 Alarm Coming (Incomplete Substrate Take Out Error)","Fault No. 135 Coming","Air Blow One Cycle Process Not Completed","Pallet Confirmation Sensor Continue On  ","Pallet Magnet obstruct with sensor beam ","Pallet Locking Magnet Mounting Damage","Sensor Clean,Sensor Position Adjust ,Sensor Timer Value Change,Finally Proper Adjust The Magnet Position ","We will checked the magnet condition for repairing /replacing. TD:- 05/05/2024","Mechanical","Process","No","Subhash Sheoran,Jatinder Singh","Completed"
"Apr","20-04-2024 T22:00","Final Assy","FA-WP4","FILTER ASSY","EEAT-200","B","BM","10","Mushroom not getting up ","Card stuck issue after filter press ","Case stuck with mushroom guide ","Mushroom not get up ","Mushroom unit was dirty ","na","Open mushroom unit  proper cleaning ","","Mechanical","Design","No","Gagandeep","Completed"
"Apr","20-04-2024 T22:02","Final Assy","FA-WP4","PRE-PKG AUTO SCREW MACHINE","EEAT-204","B","CM","108","Abnormal sound coming,Y axis shifting,Part lift during running","Abnormal sound coming during running","screw tight position Y axis Shifted ","Y-axis  motor encoder output Given NG to driver","Y-axis motor encoder damage","Motor encoder stuck with product jig locking plate.","LM Guide mounting check OK,Y axis motor coupling check OK,Product load jig mounting check OK,Y axis  motor encoder check found NG (damaged),Y axis motor encoder change with spare and motor assembled ","PED Will change the position of product jig locking plate for Reoccurence
TD:- 10/06/2024.","Electrical","Wear","No","Ujjawal,Jatinder Singh,Sandeep Dhama","Completed"
"Apr","20-04-2024 T10:01","Final Assy","Spot Block-2","PCB Router","EEAT-072","A","BM","15","Door error coming ","Door error coming ","Door properly not movement ","Door open & close time door stuck ","Door movement guide rails dirty ","NA","Door menually movement check NG, Door take out  and found  guide rails  dirty ,Finally guide  rails clean and lubrication  then  door install after that  movement check  found ok,","","Mechanical","Wear","No","Indrajit Behera","Completed"
"Apr","21-04-2024 T01:30","Final Assy","FA-AB2","Packaging Jig-02","EEAT-131","C","BM","25","Fault No -5 coming (Camera Condenser Check NG).","Fault No- 5.","Camera Condenser Check NG.","Condensor presence area shifted show in software.","camera shifted from Mounting.","Camera mounting design issue","Temporay Camera Teaching done after that all Ok & NG master checked found ok.","Its design will be change ,Alredy siscussed with PED.","Mechanical","Design","Yes","Neeraj","Completed"
"Apr","21-04-2024 T02:30","Mounting","MA6","LOADER","EETP-114","C","CM","45","GRIPPER SENSOR ERROR","GRIPPER SENSOR ERROR","PHS-17 SENSOR OUTPUT REMAINING ON (SOMETIMES)","Dog Mis judge while Sensor while Running","GAP BETWEEN SENSOR AND SENSOR DOG IS VERY LESS","N/A","GRIPPER SLOW SENSOR (PHS-17) MOUNTING ADJUSTED TO INCREASE GAP BETWEEN SENSOR AND SENSOR DOG","","Mechanical","Design","No","Dalip Khajuria","Completed"
"Apr","22-04-2024 T09:30","Final Assy","FA-WP3","Silicon All-round","EEAT-156","A","BM","10","Front side touch panel display not coming ","Front side Touch panel display  not coming ","Ethernet  port communication NG","Lan cable communication NG","Lan cable properly not connected","NA","Lan cable re-connected after that ","Need to Lan cable  change .
Display unit changed on 28/04/2024.","Electrical","Communication","Yes","Indrajit Behera","Completed"
"Apr","22-04-2024 T09:31","Final Assy","FA-WP3","Silicon Below connector","EEAT-153","A","BM","15","Abnormal silicon coming ","Abnormal silicon coming ","Silicon properly nod dispense in silicon apply time","Nozzle side dry silicon coming ","Nozzle properly not clean","NA","Manually silicon dummy dispense NG,Nozzle clean but NG,Finally nozzle take out properly clean & silicon manually dispense  after that  silicon dispense ok,Finally nozzle re-install then nozzle  centering check ok,","","Mechanical","Wear","No","Indrajit Behera","Completed"
"Apr","22-04-2024 T09:10","Mounting","AOI-08","MULTIPLE MAGAZINE UNLOADER","EETP-133","A","CM","10","PCB Jam Error Coming","PCB Jam Error Coming","PCB Not Pass In Stocker","Stocker Width NG Made By Machine","Suspected Change Over Not Completed ","NA","Check Machine Display Side Change Over Ok But Actual Change Over Not Completed,NG Width Stocker Take Out From machine & Again Run Stocker","1.This Problem Discuss With Maker
2.Our Side Stocker Width Confirmation Sensor will Add T.D-12-05-2024","Electrical","Design","Yes","Jatinder Singh","Completed"
"Apr","22-04-2024 T10:30","Mounting","MA4","Board Flipper","EETP-052","A","CM","30","Ionizer Change Activity","Ionizer Change Activity","Suspected Static Charge Available On PCB","NA","NA","NA","Ionizer Unit Change With Spare New One","N/A","Electrical","Process","No","Jatinder Singh","Completed"
"Apr","22-04-2024 T11:36","Final Assy","FA-NWP3","Spray Sealer M/C","EEAT-027","A","BM","15","Exhaust fault and robot 1 fault ","Exhaust fault and robot 1 fault.","Exhaust sensor have AL-02 error coming.","Exhaust sensor communication break with PLC","NA","NA","Machine restart ,error reset and wait for FCS Temp. (10 min.)","","Electrical","Communication","No","Ujjawal,Jatinder Singh,Sandeep Dhama","Completed"
"Apr","22-04-2024 T23:50","Mounting","MA4","SPG","EETP-053","C","BM","25","Nozzle up error","Machine give alarm cleaning nozzle up error coming ","Nozzle not come up proper after cleaning ","Nozzle touch with safety plate ","Safety plate was bend ","PRD install roll Paper on existing roll.","This problem come after paper roll change so paper re install 2time ,All sensor work check ,Nozzle up down motion check ok reed switch also check,Safety plate do straight  after that machine run ok ","PRD TL informed and requested to follow the proper procedure.","Mechanical","Process","No","Gagandeep","Completed"
"Apr","23-04-2024 T09:19","Final Assy","FA-WP3","3W Gel-04","EEAT-193","A","BM","15","1gm Waight NG Coming Lower Side 0.85gm (Spec-0.95 ~1.05)","1 gm Waight NG Coming","Gel Not Dispense Properly As per Strock","Gel Leakage From Main Unit","Suspected Main Pump Seal Damage","Life Is Over","Take Dummy Shot 3-4 Times,Robot program Modified F207 Application Stroke Value Change 3.5 To 4.0","Main Tank Seal Change (T.D-10.06.2024)","Mechanical","Design","Yes","Jatinder Singh","Completed"
"Apr","23-04-2024 T17:10","Mounting","MA6","BOARD FLIPPER + CLEANER","EETP-115","B","BM","20","card jam in board flipper conveyor.","card jam in board flipper conveyor.","Cleaning brush forcedly touching PCB.","Cleaning Brush height issue","Human Mistake","NA","Flipper conveyor belt movement check found ok,Cleaning brush height adjusted","Marking provided for fixing brush position.","Mechanical","Human","No","Dalip Khajuria","Completed"
"Apr","23-04-2024 T18:00","Mounting","MA5","YS Loader","EETP-073","B","BM","25","MOVING LIFTER TIMEOUT ERROR","MOVING LIFTER TIMEOUT ERROR","LIFTER MOVEMENT NOT COMPLETE WITH IN TIME","GRIPPER POSITION CONFIRMATION NOT COMING","DURING GRIPPER MOVEMENT PNEUMATIC PIPE  STUCK WITH CLAMPER UNIT","GRIPPER CYLINDER PNEUMATIC PIPE DRESSING, TIE BAND BROKEN","GRIPPER CYLINDER PNEUMATIC PIPE DRESSING DONE ","","Mechanical","Part-Failure","No","Neeraj,Dalip Khajuria,Mukesh","Completed"
"Apr","23-04-2024 T16:00","Mounting","AOI-6","AOI-06","EETP-089","B","BM","15","Slow inspection process","Inspection process was slow","AOI PC communication issue with server","Suspected Inspected Data Send large in Size","Data Traffic in Server (Suspected)","NA","During running this problem coming. So M/c Power OFF/ON, Then OK","","Electrical","Design","No","Jaydev Mal,Dalip Khajuria","Completed"
"Apr","24-04-2024 T07:19","Final Assy","FA-WP3","Silicon All-round","EEAT-156","A","BM","40","Screw Check Poke Yoke Not Working In YCA Model","Screw Check Poke Yoke Not Working","Screw Position Disturb","Product Set Jig Block Was Wear out","Jig Block life is Over","Part Failure","Screw Position Teaching Done","Request To PMG Please Change Wear Out Block In Pan jig ","Mechanical","Wear","No","Jatinder Singh,Dalip Khajuria","Completed"
"Apr","24-04-2024 T23:50","Mounting","MA4","NPM-06","EETP-057","A","BM","190","TP Axis Over run Error","TP Axis not take origin ","Origin sensor Position Disturb","TP Axis was hit while Feeding Connector Tray at 20","Tray 19 Not taken Out in C/O","Only Tray need to Take out and Other Tray No Check.","Tray unit take out ,TP Axis Origin Sensor Setting as Per Procedure,Transfer Finger Allignment,While Movement Transfer should not Interfere with Tray Guide while Movement,Tray Unit Inserted.,TL and TP Axis Alignment done","1) PRD: Modify C/O Sheet (Need to take out Tray which is Connector related)
2) MTD :Will Discuss with Maker for Pokayoke Feasibilty . Panasonics Checking with Japan (TD:20-June-24)","Mechanical","Design","No","Subhash Sheoran,Gagandeep","Under MTD HOD Approval"
"Apr","25-04-2024 T13:51","Final Assy","Cell Sensor","Spray Sealer","EEAT-163","A","BM","24","Dummy NG coming.","Dummy Ng coming.","Sealer spray was not coming between rectangle.","Sealer not properly applied.","Nozzle side issue.","Suspected- O-Ring side issue in nozzle.","Temporary Dummy lenth increased from program after that ok.","Nozzle overhaulling will be do in shutdown .","Mechanical","Part-Failure","No","Neeraj,Sandeep Dhama","Completed"
"Apr","25-04-2024 T08:45","Final Assy","FA-NWP3","Spray Sealer M/C","EEAT-027","A","CM","100","In Running condition Sealer miss observed on one component-Capacitor by Operator.","Sealer miss on CM18 location R1 Side
","Program Start point was 8mm away from Miss area","No evidence of program modification in MTD & PED data","Suspected – with verbal consensus b/w PED & MTD- Program Modified","NA","Sealer dummy Checked .,Sealer viscosity Checked .,So After discuss with CFT decide to modify Robot program as below:-  Before-P556-X->574.00 ,Y->500.6 ,Z-> -57.3 <L>-19  After-P556-X->575.9 ,Y->509.00 ,Z-> -57.3 <L> -25.5","While New program making & any changepoint during Production i.e. document will maintain with program history sheet & product Image","Both","Process","No","Neeraj,Jatinder Singh,Sandeep Dhama","Under PRD TL Approval"
"Apr","25-04-2024 T21:30","Mounting","MA4","NPM-04","EETP-056","B","BM","60","Pallet Protruding error ","Pallet Protruding error","Tray No. 19 and Tray 20 Colision","Tray 19 Not taken out while Changeover","PRD Person Mistake ","na","Extra tray Take out as per model,TP axis Origin sensor adjust ","Informed to PRD TL about this problem and give proper training.","Mechanical","Design","Yes","Gagandeep","Under MTD HOSS Approval"
"Apr","26-04-2024 T10:00","Mounting","MA4","NPM-06","EETP-057","A","BM","110","Pallet Protruding Error Coming","Pallet Protruding Error Coming","TP Axis Origin Sensor ON During TP Axis Operation","TP Axis Origin Was Disturb","TP Axis Hit With Tray During TP Axis Operation","Tray Loading Method Was Wrong By Operator","Tray Change With Spare,Tray unit And Sensor Sensor Also Clean ,Finally TP Axis Origin Adjustment With Maker","PRD Modify C/O Sheet . Need to take out All Tray related to Connector while in C/O","Mechanical","Human","No","Jatinder Singh","Completed"
"Apr","29-04-2024 T07:45","Final Assy","FA-NWP3","3W Gel-02","EEAT-123","A","BM","45","Door open error (Fault no - 5)","Door Open Error","Door Open Condition not Coming","Loader Home Position Confirmation Sensor Malfunctioning","Sensor Mounting Loose","Mounting Thread Damage","Door Open Air Pressure Check,During Machine Home Position, Loader Confirmation Not Coming,Loader Homing Confirmation Sensor, Allen Bolt Change (Thread Damage) and Adjustment","","Mechanical","Wear","No","Anshul Gupta,Jaydev Mal,Mukesh","Fill Sheet"
"Apr","30-04-2024 T16:40","Final Assy","FA-AB2","Packaging Jig-02","EEAT-131","B","BM","20","Fault no.5 coming frequently","Fault no.5 coming","Poka-yoke not working","Product work confirmation not coming","Its work confirmation sensor not working","Sensor wire broken","Sensor wire soldering done","Sensor wire proper dressing done. ","Electrical","Design","No","Subhash Sheoran","Completed"
"May","01-05-2024 T11:20","Final Assy","Cell Sensor","Spray Sealer","EEAT-163","A","BM","85","Sealer Splash on grey connector and Location 14,24 ..","Sealer splashes and extra Sealer coming","Abnormal dispensing of Sealer","Nozzle Chip Choked and Width coming upper side of Spec.","Sealer material issue","NA","Nozzle-2 Chip Cleaning done and Humiseal Width Adjustment done,Width Adjustment done from 10.8 to 9.5","Nozzle chip choked phenomenon will share with Maker for permanent countermeasure","Mechanical","Process","No","Anshul Gupta,Jaydev Mal,Indrajit Behera","Completed"
"May","01-05-2024 T21:02","Final Assy","Cell Sensor","Spray Sealer","EEAT-163","B","BM","13","Sealer miss problem coming ","Sealer Miss problem coming ","Spray was not ok ","Pressure not come ok ","Nozzle chip was chocked ","NA","Try to adjust pressure from nozzle but not increase ,Nozzle chip clean after that ok ","","Mechanical","Design","No","Gagandeep","Completed"
"May","01-05-2024 T20:04","Final Assy","FA-AC1","RT Corolla","EEAT-040","B","BM","81","Quality confirmation error-122","Quality confirmation error was not reset","Its counter data erased","During reset of counter set value also reset","HUman mistake","","Check in PLC program but its, error was not reset.,Finaly other machine compare & its data enter in this machine after that OK","Informed to PRD TL about this problem and proper training should be given the PRD members.","Electrical","Communication","No","Subhash Sheoran,Gagandeep,Sandeep Dhama","Completed"
"May","01-05-2024 T18:20","Final Assy","ENG Sealer Block-03","Spray Sealer","EEAT-226","B","BM","11","Pallet open on flip 1 position ","Pallet open on flip 1 position ","Pallet lock was loose ","Pallet lock spring was n.g","Spring tension was not ok as per lock ","NA ","Pallet take out ","NG pallet spring change by PMG T.D->02-05-2024
Also we will added the stopper plate for prevent the unlock pallet stopping.","Mechanical","Design","No","Gagandeep","Completed"
"May","02-05-2024 T04:20","Mounting","MA5","Multi-Magzine Unloader","EETP-086","C","BM","20","PCB Jam Error Coming","PCB Jam Error Coming","PCB Was Not Pass From Pusher Conveyor","Belt Come Out From Roller","Belt Tension Was Loose","Belt Rotation Roller Was Loose","Belt Change With Spare New One & Roller Also Tight It","NA","Mechanical","Wear","No","Ujjawal,Jatinder Singh,Indrajit Behera","Completed"
"May","01-05-2024 T07:00","Mounting","AOI-6","AOI-06","EETP-089","A","BM","15","PCB stuck in X-Y table","PCB stuck problem coming ","PCB proper not transfer in X-Y table ","PCB stuck with fixed side conveyor belt ","Fixed side conveyor belt thread come out ","NA","Belt take out and clean and thread cutting after that ok ","","Mechanical","Wear","No","Jatinder Singh,Indrajit Behera","Completed"
"May","02-05-2024 T15:40","Final Assy","Cell Sensor","Air blowing M/C","EEAT-162","B","BM","10","Un process fault coming ","Un process fault coming ","Pallet sense sensor was on ","Pallet magnet catcher sense by sensor ","Magnet catcher was loose ","Pallet continue Touch with pallet ","Magnet catcher tight after hat ok ","","Mechanical","Design","No","Gagandeep","Completed"
"May","02-05-2024 T22:45","Mounting","MA6","NPM-3","EETP-135","C","BM","25","PCB Info Transfer Error Coming","PCB Info Transfer Error Coming","PCB Time Mismatch Loading Conveyor To Mount -1 Position","Server Communication Break From I-LNB","N/A","N/A","PCB Confirm By Help Of Option,Remove The PCB From Machine & Next PCB Run ","This Problem Share With PED","Electrical","Communication","No","Jatinder Singh,Gagandeep","Completed"
"May","03-05-2024 T05:52","Final Assy","ENG Sealer Block-03","Air Blow-03","EEAT-225","C","BM","16"," Door broken ","Auto start not done.","Door close confirmation not coming.","Door broken from Sensor mounting side.","Door open operation is  automatic ","Door material quality is not good","Temp. door repaired then ok","Door under preparation will change on 05-05-2024
Door changed on 05/05/2024 and added new stopper for prevent door broken.","Mechanical","Wear","Yes","Ujjawal,Jatinder Singh","Completed"
"May","03-05-2024 T04:00","Mounting","MA4","NPM-04","EETP-056","C","BM","30","Pick Up Error Coming In Head-1 & 2","Pick Up Error Coming In Head-1 & 2","Component Not Pick by Head","Head nozzle interfering with protection plate during Up-Down motion.","Plate bend.","Suspected during nozzle manually installation. ","Holder Change ,Vacuum check Ok,Z Hight Calibration done,Temporary Head -1 & 2 Disable ,Finally Found Head Plate interfering with the Head-1 and Head-2 due to bend so take out, after that OK.","Finally Found Head Plate interfering with the Head-1 and Head-2 due to bend so take out, after that OK. ","Both","Process","Yes","Ujjawal,Jatinder Singh","Completed"
"May","03-05-2024 T10:15","Final Assy","Cell Sensor","Spray Sealer","EEAT-163","A","CM","30","Sealer missing on R-2 side (ISS-BMU)","Sealer Missing Issue coming","Gap between prohibited and required area very less. (Less than 3mm)","Design Issue.","","","ISS-BMU R2 (TOP side) Sealer coating prog. modified.,After modified data transfer to M/c.,Then product check OK.","","Mechanical","Design","No","Anshul Gupta,Jaydev Mal","Completed"
"May","03-05-2024 T15:41","Final Assy","Cell Sensor","Spray Sealer","EEAT-163","B","BM","109","Sealer flow to prohibited area R2 side to land A","Sealer flow to prohibited area R2 side to land A","Sealer accumulate over Land A stopper(cover) ","Very less gap available-3mm b/w application area & Land A stopper","Constraint in Program Fine Tuning as per Product Requirement","NA","Check all Daily check point such as viscosity & Sealer filter clean found ok ,Pallet-1 stopper remove & trial done but NG,Robot program modify for shot near to Land A->Application shot direction change & Robot coating height reduced by 3mm after Discussion with PED (Naveen San)","For Splashes , Covering will be Provided
1. For Prohibited Sealer Issue, Application Z Height Reduced
Under Discussion with DNHA PED and Denso TEN (For Progra,m Comparison) TD: 25.06.24
2.  Customer & DNHA drawing is mismatched so PED & MTD requested QAD to review drawing. QAD & customer made consensus to reviewed drawing criteria as DNHA . <Already concluded to follow DNHA drawing>","Both","Design","No","Anshul Gupta,Sandeep Dhama,Ashish Gupta","Completed"
"May","04-05-2024 T04:17","Final Assy","FA-NWP3","Spray Sealer M/C","EEAT-027","C","BM","20","NOZZLE Check Fault 2","Fault 82 coming","Nozzle-2 spray check NG","Nozzle-2 check sensor malfunction ","Nozzle-2 spray width wide (24mm)","Nozzle-2 pressure High ","Sensor cover and sensor cleaning done.,Nozzle chip cleaning done.,Finally dummy spray width adjust then ok","","Pneumatic","Process","No","Ujjawal,Jatinder Singh","Completed"
"May","04-05-2024 T00:10","Mounting","MA5","SPG","EETP-075","C","BM","20","Centre Conveyor Transport Error Coming In ISSBMU Model","Centre Conveyor Transport Error Coming","PCB Not Arrived On Stopper Position","Possibility Of Time over To PCB Arriving Position","Possibility Of Belt Rotation Issue","Solder Past Available On Center Conveyor","Center conveyor Belt & Roller Clean","N/A","Mechanical","Process","No","Ujjawal,Jatinder Singh","Completed"
"May","04-05-2024 T02:00","Mounting","MA5","SPG","EETP-075","C","BM","80","Communication Error In Lane -1","Communication Error In Lane -1","PCB Not Coming In SPG Machine ","PCB Information not pass from Flipper to SPG","In C/O SPG did not receive C/O Instruction","Suspected: Version Related which was Upgraded 22nd Apr","Every time Machine Restart ,C/o again done from Loader to SPG","Version need to Review on 05th May (Planned_","Electrical","Communication","No","Ujjawal,Jatinder Singh","Completed"
"May","03-05-2024 T03:00","Mounting","AOI-5","3D-05","EETP-070","C","BM","10","Keyboard button not working.","Polarity check is not working.","Ten Keypad Button not working","Part failure ","NA","NA
","Keypad change with new then ok","","Electrical","Part-Failure","No","Ujjawal,Jatinder Singh","Completed"
"May","04-05-2024 T09:30","Final Assy","Spot Block-1","3D-04","EEAT-028","A","BM","30","QR reading position error rail.","QR Reading position error coming","Conveyor moving to QR position but not getting confirmation.","Conveyor encoder value of Y axis fluctuating","Dessing of the encoder wire hitting the block while moving.","Suspected contact breaking of the encoder wire. ","M/C Restart.,Both AOI and 3D Machine restart.,Manual motion found encoder value fluctuating when moving to QR position.,So, when in auto running conveyor move to QR position then wait., ,Finally Lubrication of ball screw and LM guide done and encoder wire dessing done. After that OK","","Both","Wear","No","Anshul Gupta,Jaydev Mal,Mukesh","Completed"
"May","04-05-2024 T12:00","Final Assy","FA-AB1","FAL-AB-RT1","EEAT-118","B","CM","-109","","","","","","","","","","","","Jaydev Mal","Work Order Closed"
"May","04-05-2024 T21:13","Mounting","MA5","NPM-1","EETP-111","B","BM","10","Waiting for PCB ","NPM  Machine was Waiting for pcb","Traverser-1 Not pass PCB","Pcb pass signal not come ","Suspected may be communication issue ","","OC and NPM machine restart after that ok ","","Electrical","Communication","No","Gagandeep","Completed"
"May","04-05-2024 T21:15","Mounting","MA6","NPM-2","EETP-134","B","BM","20","PCB Transfer error coming ","PCB transport error","Unwanted PCB show in machine memory (Yellow PCB)","Communication break of machine while transferring PCB","Cleaning time by mistake emergency switch press by person ","N/A","PCB take out and then PCB confirm after that machine run ok ","","Electrical","Human","No","Gagandeep","Completed"
"May","04-05-2024 T16:20","Final Assy","Cell Sensor","Spray Sealer","EEAT-163","B","BM","15","Sealer Splash in Prohibited Area (R2 Side)","Sealer Splash in Prohibited Area (R2 Side)","Sealer flowing after application ","Sealer thickness very thin
","Sealer viscosity found NG","NA","First check sealer viscosity found coming NG.->12.1 Spec->12.7 to 13.3,'Humiseal added in sealer solution then ok ","Sealer viscosity change phenomenon will share with maker T.D-08-05-24","Both","Design","No","Subhash Sheoran,Sandeep Dhama","Completed"
"May","04-05-2024 T23:35","Mounting","MA5","NPM-4","EETP-102","C","BM","10","Head-1 Over Load Problem Coming","Head-1 Over Load Problem Coming","Support pin pick up time HD-1 load over ","Support pin table dirty ","Process","NA","Take Out The Support Pin & Cleaning Done & then Re-Installed","Request to PRD Please Clean The Support Table as per Daily check sheet point","Mechanical","Process","No","Ujjawal,Jatinder Singh","Completed"
"May","05-05-2024 T02:00","Mounting","MA4","NPM-02","EETP-104","C","BM","20","Machine Hang NPM-1 & 2","Machine Hang NPM-1 & 2","Communication Break From LMV2","Version Issue","N/A","N/A","Machine Power Off/On","Machine Version need to revise. Corrected by 15th May","Electrical","Communication","Yes","Ujjawal,Jatinder Singh","Completed"
"May","05-05-2024 T04:35","Mounting","MA5","NPM-9","EETP-081","C","BM","10","Pallet Protruding Error  Coming TL Axis","Pallet Protruding Error Coming ","During TP Axis Operation Tray Confirmation Sensor Off/On","Tray Move Forward From sensor","TL Axis Miss Operation","N/A","Check tray Condition Ok,Clean The Tray Moving Are ","N/A","Mechanical","Wear","No","Ujjawal,Jatinder Singh","Completed"
"May","05-05-2024 T05:25","Final Assy","AB Sealer Block-01","Flash-05","EEAT-113","C","BM","45","GPIB error comes in 560b-ac model ","GPIB error coming ","Communication NG with machine and product","Suspected product side issue","NA","NA","Probe holder change,Probe holder pin cleaning done,Probe holder power connector reconnect ,Master every time coming OK (Same Part number)","We will check connector soldering","Electrical","Communication","Yes","Ujjawal,Jatinder Singh","Completed"
"May","05-05-2024 T12:26","Mounting","MA6","REFLOW OVEN","EETP-124","A","CM","60","Hood open motor overload","Hood open unit not working","Motor overload","Its Ball screw & linear shaft was sticky","Lubrication was dry",".","Linear shaft & ball screw Lubrication done after that its OK","","Mechanical","Part-Failure","No","Subhash Sheoran,Sreekanth Sasi,Anshul Gupta,Gagandeep","Completed"
"May","06-05-2024 T06:48","Final Assy","Cell Sensor","Spray Sealer","EEAT-163","A","BM","20","Sealer coming on prohibited area in R2 side (ISS BMU).","Sealer coming on prohibited area.","Sealer spray was happening on prohibited area.","Very less gap available between prohibited & application area","Constraint from program side & pallet design side","NA","Viscosity Checked found ok.,Temporary Program shot shifted 1mm as per attached picture of product.","Pallet modification under progress.","Mechanical","Design","No","Ujjawal,Neeraj","Completed"
"May","06-05-2024 T06:25","Final Assy","ENG Sealer Block-03","Spray Sealer","EEAT-226","A","BM","20","Pallet stuck in unlock pallet stopping plate","Cycle time over error coming","Pallet not reached at flip-1 position ","Pallet stuck on addition kaizen plate","Kaizen plate height NG (0.5mm)","NG","Addition Kaizen plate Takeout from machine ","Kaizen plate length will reduced and then assembled on the machine ","Mechanical","Part-Failure","No","Ujjawal,Sreekanth Sasi","Completed"
"May","06-05-2024 T06:10","Final Assy","FA-WP2","Silicon Below","EEAT-080","A","BM","40","silicon below cut mark","Silicon below cut mark coming on daily check plate","Silicon not dispensed properly ","Silicon Discharger unit Parameter setting issue","Currently Discharger Unit Parameter running as old Robo dispenser ","Old robo dispenser faulty due to its seal damaged. (Silicon drop on product)","Take multiple dummy.,Silicon dispensed manually ,Finally Discharger unit parameter setting change as New robo dispenser ","Parameter will change when Robo dispenser replaced activity ","Mechanical","Wear","No","Ujjawal,Neeraj,Subhash Sheoran,Sreekanth Sasi","Completed"
"May","06-05-2024 T13:33","Final Assy","FA-WP4","AIR LEACK CHECK","EEAT-209","A","BM","10","misjudgments come","Card fail on vacuum pressure ","Vacuum pressure NG","Daily check vacuum value NG ","Design issue","NA","Daily check value adjust with given Offset value ","","Both","Design","No","Ujjawal,Subhash Sheoran","Completed"
"May","06-05-2024 T12:05","Mounting","MA5","NPM-6","EETP-080","A","BM","15","NPM-6 & 7 Hang ","NPM-6 & 7 Machine Hang ","Communication Break From LMV2","M/c Version Issue","N/A","N/A","Both Machine Power Off/On Then Ok","This problem share with PED","Electrical","Communication","Yes","Jatinder Singh","Completed"
"May","06-05-2024 T13:05","Mounting","MA4","NPM-03","EETP-101","A","BM","15","Machine Hang During Running time","Machine Hang During Running time","Communication Break From LMV2","M/c Version Issue","N/A","N/A","M/c Power Off/On Then Ok","This problem share with PED","Electrical","Communication","Yes","Jatinder Singh","Completed"
"May","06-05-2024 T14:50","Mounting","MA3","YS Loader","EETP-033","B","BM","10","Chuck error (PCB dropped on jig ))","Chuck error coming ","PCB Drop during upward motion","PCB hit jig wall while movement","Jig width was tight ","Prd not set jig width with dummy plate ","Drop pcb take out machine run with other jig (jig no -2)","","Mechanical","Human","No","Gagandeep","Completed"
"May","06-05-2024 T15:50","Mounting","AOI-5","AOI-05","EETP-069","B","BM","15","PCB Drop In AOI M/c During Change Over DC1A (187)  To YHB A/B (154)","PCB Drop In AOI M/c","AOI M/c Change Over Ok BUt Width Not Change","Suspected C/o not done as Procedure","N/A","N/A","Again PCB Run Then AOI M/c Width Changed","Changeover Method
1.All Stage Should have NO PCB
2.3D Inspection Main Menu
3.AOI Inspection Main Menu
4.C/O Sheet Scan
5.First PCB Arrives at Scan Con. Stage
6.3DInspectionWaiting for PCB
7.AOI Inspection
","Electrical","Communication","Yes","Jatinder Singh","Completed"
"May","06-05-2024 T20:50","Mounting","MA4","NPM-04","EETP-056","B","BM","10","Theta 1 axis overload error","Theta 1 axis overload error coming","Theta 1-axis not origin ","Theta 1 axis Motion Was Free","Suspected Motor Tension Was Loose","NA","Finally error reset and manually theta axis movement and m/c origin after thta ok ","","Electrical","Wear","No","Jatinder Singh,Indrajit Behera","Completed"
"May","06-05-2024 T21:47","Final Assy","FA-AB3","DNHA-AB3-RT-01","EEAT-192","B","BM","13","Product not come out after product pass","Product not come out after product pass","Base jig properly not move","base jig tension spring broken","Part Failure","N/A","Spring Change With Spare New One","N/A","Mechanical","Wear","No","Jatinder Singh,Indrajit Behera","Completed"
"May","06-05-2024 T23:20","Final Assy","FA-WP2","Silicon Below","EEAT-080","C","BM","15","Extra silicon coming on over lapping area  (DC1U)","Extra silicon coming on over lapping area","Silicon dispenser amount was more","Dispense amount setting as per old dispenser unit","Old dispenser seal wearout
","N/A","Robot prog. modified,Sub no- 222, Left & Right side 1st point delay time change from 300 to 200,After that weight check OK, Run production OK","","Mechanical","Process","No","Jaydev Mal,Dalip Khajuria,Mukesh","Completed"
"May","06-05-2024 T22:45","Final Assy","FA-WP2","3W Gel-01","EEAT-111","C","BM","20","NG master get OK during daily check (Master No-3)","NG master get OK.","Colour data judgement coming OK.","NG master condenser inspection area was shifted","Component was shifted","","During daily check NG master get OK, So PC connect and check,Colour judgement data show OK, Due to capacitor shifted, As per attach pic,Colour judgement area teach, then OK,All master check OK.","","Mechanical","Design","No","Anshul Gupta,Jaydev Mal,Dalip Khajuria,Mukesh","Completed"
"May","07-05-2024 T00:55","Final Assy","FA-WP2","Falcon-II (DCIV) HT","EEAT-141","C","BM","10","Application not response during running (DC1U)","Application not response while step no-5 checking","Serial code read error","Mabe prog. side issue, all other model is OK.","","","Application close & Product take out ,Again application start & part number load OK.,Product run OK.","","Electrical","Communication","No","Jaydev Mal,Dalip Khajuria,Mukesh","Completed"
"May","07-05-2024 T03:10","Mounting","MA4","NPM-04","EETP-056","C","BM","10","Theta 1 overload error in NPM-4.","Theta 1 overload error","Theta Axis Motor withdraw over current","Suspected that Theta Axis Belt Side Issue","N/A","N/A","Error Reset and m/c origin done.","Theta belt change activity already planned in Shutdown Jun24","Mechanical","Wear","Yes","Jaydev Mal,Dalip Khajuria","Completed"
"May","07-05-2024 T06:59","Final Assy","Cell Sensor","Spray Sealer","EEAT-163","A","BM","21","Sealer coming on prohibited area & sealer Missing on one component  in ISS BMU -R1 Side.","Sealer coming on prohibited area .","Sealer width was wide in this area.","Sealer Applied from more height <18mm>.","For Avoid Nozzle hitting .","Pallet design Issue .","Viscosity checked <13.0>.,1mm shot shifted as per attached drawing after that missing ok.,For Prohibited - Z height changed 18 to 16 mm  after that 95% ok.","Sealer Apply height decreased from program 18 to 16 mm in this area .","Mechanical","Design","No","Neeraj","Completed"
"May","07-05-2024 T08:17","Mounting","MA3","CM212-2","EETP-038","A","BM","10","Emboss not getting cut","pick UP ERROR COMING ","Emboss got stuck ","emboss was not cut by machine ","Feeder stop limit switch was not on ","Feeder stop block was shifted ","Feeder stop Block adjust after that ok ","","Mechanical","Wear","No","Gagandeep","Completed"
"May","07-05-2024 T09:52","Mounting","MA4","YS Loader ","EETP-051","A","BM","10","Chuck Error coming ","Chuck error coming during running ","PCB Touch with jig ","Jig width was not ok ","PRD member not set Jig width with the plate.","NA","JIG  TAKE OUT JIG WIDTH AGAIN SET AFTER THAT OK ","Informed PRD TL to set the Jig width as per Jig Plate.","Mechanical","Human","No","Gagandeep","Completed"
"May","07-05-2024 T10:25","Final Assy","ENG Sealer Block-02","Flash writing","EEAT-148","A","BM","40","Step no. 100 N.G coming.","Card getting fail at step 100  ","VOM5 LO voltage coming","PS526-A board malfunctioning.","PS526-A relay no. RY0-02 & RY0-03 was not operating.","Relay was faulty","Probe holder pin clean but same status.,PS526-A board relay no. RY0-02 & RY0-03 changed after that OK","","Electrical","Part-Failure","No","Neeraj,Subhash Sheoran,Sandeep Dhama","Completed"
"May","07-05-2024 T15:24","Final Assy","FA-WP4","SILICON ALLAROUND","EEAT-205","B","BM","25","Fault no. 91 coming","Fault no.91 Suction pressure LOW","Silicon not feed properly from PAIL CAN-2 ","PAIL CAN-2 Main air pressure was low","Human mistake ","NA","Take dummy then run ok but again problem coming,Found PAIL CAN-2 main air pressure was low [(0.41mpa)Spec 0.45~0.55],Pail can-2 main air pressure adjust within speck (0.5mpa)","PAIL CAN-2 Main air pressure gauge marking done and spec TAG Also attached on machine ( So nobody change the pressure by mistake)","Pneumatic","Human","No","Ujjawal,Sreekanth Sasi","Completed"
"May","07-05-2024 T15:43","Mounting","MA6","SPG 2","EETP-116","B","BM","30","Temperature out of range error. ","Temperature out of range error.","Machine inside Temperature more then set value ","Machine inside chilled air not circulate ","Squeegee head come in between temp. sensor and chilled air circulation path","NA","Information given to PRD TL for keep front of Squeegee head when machine stop more then 10 min. for circulate chilled air inside the machine. ","Information given to PRD TL.","Electrical","Process","No","Ujjawal,Sreekanth Sasi,Indrajit Behera","Completed"
"May","07-05-2024 T15:00","Mounting","MA7","TRAVERSER WITH QR READER","EETP-144","B","BM","30","PCB transfer error coming ","PCB transfer error coming ","PCB properly not transfer  ","Fixed Conveyor belt come out with pulley  ","PCB cylinder stopper touch with conveyor belt ","Design issue  ","Finally belt take out and clean then re-install after thta ok","Need to cylinder stopper position height adjustment.
Also informed to Maker (DJK)","Both","Design","Yes","Indrajit Behera","Completed"
"May","07-05-2024 T20:40","Mounting","MA6","SPG 2","EETP-116","B","BM","30","PCB Interlock error in between conveyor ","PCB Interlock error coming in between conveyor ","wastage  Cleaner paper loose ","May be during change over paper loose","suspected by mistake human body touch with paper","NA","Inlet and outlet conveyor sensor cleaning done,XY Table cleaning done,Finally cleaner paper properly fold (Tight) then ok","Request to PRD please take care of it while doing change over (Do not loose cleaner paper)","Both","Human","No","Ujjawal,Indrajit Behera","Completed"
"May","08-05-2024 T00:56","Final Assy","FA-WP3","Air Leak","EEAT-160","C","BM","10","Under inspection process time machine hang","Under Inspection  process  m/c stop"," m/c hang","Communication break with AIO and DIO Unit","Communication Interupt","n/a","During runing m/c hang problem come,machine re-start by prd ,So usb-2 re-connected from PC side , after that ok","PC Change with New is Planned TD:30-May","Both","Design","Yes","Mangal Ram Kanwar","Completed"
"May","08-05-2024 T00:50","Mounting","MA5","NPM-2","EETP-112","C","BM","45","Machine Hang Problem","Machine not Respond","Machine Hang","This issue Observed after m/c Version update activity (PED)","","","Action 1: Machine Power OFF/ON. After that-OK OK","PED Discussion with Panasonics for Version Issue(TD:15-May-2024)","Electrical","Design","Yes","Jaydev Mal,Dalip Khajuria,Mukesh","Completed"
"May","08-05-2024 T06:10","Mounting","MA6","NPM-1","EETP-121","A","BM","10","PCB Carry in error coming ","PCB Carry in error coming "," PCB not come on designated position ","PCB Got stuck","Bur Available in side edge of PCB ","NA","PCB Munal move hand on location after that ok ","","Mechanical","Design","No","Gagandeep","Completed"
"May","08-05-2024 T16:40","Mounting","MA5","Multi-Magzine Unloader","EETP-086","B","BM","25","Magazine Stocker Transfer Error Coming","Magazine Stocker Transfer Error Coming","Stocker Not Move Conveyor to Lifter Conveyor","Stocker Stuck In lifter conveyor","Stocker Base Was Broken","N/A","Conveyor Move manually For Stocker Movement,Take Out the Stuck stocker & we found stocker base was broken ,New stocker run ","Request To PRD Please do not run broken Stocker ","Mechanical","Wear","No","Jatinder Singh,Indrajit Behera","Completed"
"May","08-05-2024 T20:00","Mounting","MA4","NPM-04","EETP-056","B","BM","20","Theta-1 Overload Error ","Theta-1 Overload Error","Theta-1 Not Rotate 90 degrees During Support Pin Nozzle Pick time","Belt Tension Issue","N/A","N/A","Theta-1 Axis Manually move,Theta-1 Axis Belt tension Adjusted","N/A","Mechanical","Wear","Yes","Ujjawal,Jatinder Singh,Indrajit Behera","Completed"
"May","08-05-2024 T22:55","Final Assy","FA-WP4","SILICON ALLAROUND","EEAT-205","C","BM","15","Nozzle centring fault coming","Nozzle centring ng fault coming","Nozzle not going to centring jig hole","Nozzle bend","Suspected during nozzle cleaning nozzle bend by prd","n/a","During daily check time nozzle centring fault coming,Found nozzle centring alignment disturb,So finally nozzle  change with spare new & alignment done, after that ok","","Mechanical","Human","No","Mangal Ram Kanwar,Jaydev Mal","Completed"
"May","09-05-2024 T04:00","Final Assy","FA-AB3","DNHA-AB3-RT-01","EEAT-192","C","BM","15","Misjudgement in YTA at  Step-40 and 100","Misjudgement in YTA At  Step-40,100 ","Value Coming out of Spec.","Poor Pin Contact","Pin Dirty","NA","Harness All Pin cleaning done","","Mechanical","Communication","No","Jaydev Mal,Dalip Khajuria","Completed"
"May","09-05-2024 T07:05","Mounting","MA6","NPM-2","EETP-134","A","BM","10","PCB carry in error","PCB Carry in error coming ","PCB Not come on our position ","During PCB Transfer PRD press Emergency Switch by Mistake ","NA","NA","PCB Take out and confirm PCB","","Electrical","Human","No","Gagandeep","Completed"
"May","09-05-2024 T07:00","Final Assy","FA-NWP3","FAL2-ENG-HT","EEAT-126","A","BM","15","Misjudgement coming in Multiple step at HV 5.0.","Misjudgement coming on Multiple step.","Zero voltage was coming.","Power supply Tripped.","Suspected -Over current pass through power supply,","N/A","Production Box swap with RT .,Machine restart .,Finally found its DC power supply tripped ,so make on it.","","Electrical","Part-Failure","No","Neeraj","Completed"
"May","09-05-2024 T09:03","Final Assy","FA-AB2","Packaging Jig-02","EEAT-131","A","BM","10","Fault No -4 was coming (Circuit assy. Check)","Fault No -4 was coming.","Circuit assy. Check wrong.","Its cylinder rod hit with product inside upper portion.","Cylinder rod nylon portion bent.","Part failure.","Cylinder mounting little bit adjust after that ok.","Request to PRD nylon rod change.","Mechanical","Part-Failure","Yes","Neeraj","Completed"
"May","09-05-2024 T08:47","Final Assy","FA-WP4","PRE-PKG AUTO SCREW MACHINE","EEAT-204","A","BM","18","Vaccum error was coming in running the machine ","Vacuum error coming","During screw pickup not proper vacuum generate","Gap available b/w screw driver bit & screw head","Screw driver Bit collate stuck ","Screw driver bit up/down motion NG","Check & found Screw driver collate stuck,So screw driver collate bit cleaning & lubrication done then ok","Bit collet-Cleaning point will reflect in PRD daily check sheet T.D-16-05-2024","Mechanical","Wear","No","Neeraj,Subhash Sheoran,Sandeep Dhama","Completed"
"May","09-05-2024 T12:32","Final Assy","Cell Sensor","Spray Sealer","EEAT-163","A","BM","42","Sealer missing on component body at ISS BMU R2 side.","Sealer missing on capacitor component body at ISS BMU R2 side.","Sealer not sufficient for capacitor body.","Sealer not properly apply.","Suspected -Filter chocked.","N/A","Viscosity Checked 13.05-ok,Nozzle chip Clean & Sealer apply Program modify after that ok.","Its filter condition will check. T.D-13-05-2024
Last filter clean-08-04-2024","Mechanical","Part-Failure","Yes","Neeraj,Sandeep Dhama","Completed"
"May","09-05-2024 T10:20","Mounting","MA3","YS Loader","EETP-033","A","BM","10","Chuck error coming ","Chuck error coming ","PCB was drop by chuck ","As per Pcb Clamp Pressure Not OK ","NA","NA","PCB Take out and clamp pressure increase ","","Mechanical","Wear","No","Gagandeep","Under MTD HOSS Approval"
"May","09-05-2024 T19:00","Mounting","MA7"," TRAVERSER WITH PUSHER CONVEYOR","EETP-150","B","BM","20","Pusher retract error  coming ,iLNB error in QR conveyor-3","Pusher retract error coming","PCB properly not transfer in stocker ","iLNB error in QR conveyor-3","Communication issue coming ","NA","Pcb motion check found ok,Finally ilnb side error reset from ilnb laptop ,Then m/c origin after that m/c run ok ,","","Electrical","Communication","No","Indrajit Behera","Completed"
"May","09-05-2024 T02:00","Mounting","MA4","Buffer Conveyor","EETP-055","C","BM","20","entrace conveyer transport error","entrace conveyer transport error coming","Pcb not arrived in slot -1 position (Buffer c-con)","Belt not moving","Fixed side Belt damage","Belt ng","During runing Entrace cv transport error coming, check pcb not arrived in slot no. 1 (buffer c-con),Found Fixed side buffer conveyer belt damage, so belt changed, now ok","All belts change of Buffer Planned in Shutdown","Mechanical","Wear","No","Mangal Ram Kanwar","Completed"
"May","08-05-2024 T23:26","Mounting","MA5","NPM-4","EETP-102","C","BM","14","Part Supply waiting Showing","Part Supply waiting Showing","Feeder Remaining Part Count not showing","Feeder memory data not transfer to m/c","Suspected that Communication issue","N/A","M/C return to home Screen and Start production,Rear Side Feeder No. 20 R Memory Reset.","","Electrical","Communication","No","Dalip Khajuria","Completed"
"May","10-05-2024 T01:15","Mounting","AOI-7","Unloader","EETP-110","C","BM","15","Card stuck in stocker while transferring","Card Stuck during transfer","Stocker Slot not matching with pusher conveyor rail","Stocker width not OK","Suspected that stocker side issue","N/A","Check and found card stuck in stocker,Stocker changed with another stocker Found-OK","","Mechanical","Wear","No","Jaydev Mal,Dalip Khajuria","Completed"
"May","09-05-2024 T04:10","Mounting","MA4","Buffer Conveyor","EETP-055","C","BM","15","Exit conveyer tranport error coming (2 times)","Exit conveyer tranport error coming ","Pcb stuck between the buffer conveyer & npm-1","Buffer conveyer m/c alignment Disturb","suspected During safety door open/close time m/c shifting","n/a","Pcb stuck between the buffer conveyer & npm-1,Buffer conveyer m/c alignment Disturb found,So finelly buffer conveyer m/c alignment done, after that ok","Foot Locking design change under discussion with OASIS.Jun 24 Shutdown Activity will be Carried out","Mechanical","Human","No","Mangal Ram Kanwar,Mukesh","Completed"
"May","10-05-2024 T09:57","Final Assy","FA-WP3","Silicon All-round","EEAT-156","A","BM","30","Screw Check pokayoke not working  at pan Jig No -4  of YCA model","Pokayoke not working at Pan jig No -4","Without screw - machine was giving ok judgement.","Without screw sensor value coming on range.","Sensor laser ray not going to screw slot .","Product location was shifting in pan jig No -4 due to pan jig issue .","Checked pokayoke in all pan jig .,Screw Check position teaching done after that Screw check was NG coming in all pan jig exept pan jig No -4 so revert back it.,Pan jig No -4 guide block adjusted by PMG after that ok.","Pokayoke confirmed in all pan jig found working ok. Also requested to PMG if any change point in pan jig side first confirm all pokayoke in presence of MTD .","Mechanical","Part-Failure","No","Neeraj,Sandeep Dhama","Completed"
"May","10-05-2024 T07:50","Mounting","MA7","LOADER","EETP-138","A","BM","40","PCB Was drop ","PCB Drop issue coming ","Chuck pick 4 pcb in one time ","Chuck pad was not available ","Chuck pad holding plate Bolt was missing ","Suspected:Initial Stage from Manufacturer Chuck Pad not Properly tighten","Open all cover inside machine and search chuck pad ,Chuck pad found another machine inside ,Chuck pad missing allen bolt search and install chuck pad than machine run ok ","","Mechanical","Design","No","Gagandeep","Completed"
"May","10-05-2024 T09:52","Final Assy","FA-WP4","LO-HI SCREENING MACHINE","EEAT-199","A","BM","20","Fault No -40 (Work set pin sensor Error)","During runing time master off.","Safety signal off during Auto running.","Work set pin cylinder reed switch did not on.","Cylinder Magnetic portion not coming on reed switch position.","Suspected -Cylinder side Issue.","Check & Found during runing time work set cylinder forward reed switch did not on .,Cylinder movement Checked ok.,Cylinder reed switch adjusted according to marking after that ok.","If problem repeats cylinder will repair or replace.","Mechanical","Part-Failure","No","Neeraj,Sandeep Dhama","Completed"
"May","10-05-2024 T06:13","Final Assy","FA-AB1","Packaging jig-01","EEAT-114","A","BM","10","Fault no -4 ( Circuit Assy check)","Fault no -4 ( Circuit Assy check)","Sensor continoue On.","Sensor alignment disturbed.","Sensor loosed from mounting.","Suspected- Sensor cleaning time May be loosed.","Sensor Tight from mounting & Also alignment done.","","Mechanical","Human","No","Neeraj,Subhash Sheoran","Completed"
"May","10-05-2024 T14:25","Final Assy","FA-WP4","SILICON BELOW CONNECTOR","EEAT-202","A","BM","26","NOZZLE CENTERING NG","Nozzle centering NG ","Nozzle not insert into the nozzle centering Jig ","Nozzle alignment disturb","May be during nozzle cleaning time nozzle disturb ","NA","Nozzle take out and re-installed after that ok (8 times)","Informed to PRD for proper handling the nozzle while daily check time. (Cleaning of nozzle)","Mechanical","Human","Yes","Ujjawal,Indrajit Behera","Completed"
"May","10-05-2024 T17:00","Final Assy","AB Sealer Block-01","Spray Sealer M/C","EEAT-078","B","BM","15","Sealer Miss Problem Coming In YHC-R1","Sealer Miss Problem Coming","Sealer Applied Shot Not Sufficient","Actual cause Not Clear","N/A","N/A","Machine Daily Check Ok,Chip Clean ,Finally SUB 228 Program Modified As Per Attached Sheet","N/A","Mechanical","Process","No","Ujjawal,Jatinder Singh","Completed"
"May","10-05-2024 T20:00","Mounting","MA4","Reflow Oven","EETP-059","B","BM","20","Temperature Controller Error.","Temperature Controller Error.","Communication Break From Controller To PLC","Design Problem","N/A","N/A","Machine Power Off/On And Temp. Wait Then Ok","Activity for this problem planned with maker on 19th Feb.","Electrical","Communication","Yes","Ujjawal,Jatinder Singh,Indrajit Behera","Completed"
"May","11-05-2024 T01:14","Final Assy","FA-AB2","Packaging Jig-02","EEAT-131","C","BM","20","Fault No. 4 (Circuit Assembly Fault)","Fault No.4 (Circuit Assembly Fault)","Poka-Yoke cylinder Hole detection sensor output was ON","Poka-Yoke cylinder Hole Position NG","Cylinder position was disturbed","","Check Sensor condition found ok,Cylinder Mounting Position Adjust","","Mechanical","Human","No","Jaydev Mal,Dalip Khajuria","Completed"
"May","11-05-2024 T03:15","Final Assy","FA-AB2","Connector Pin Check","EEAT-145","C","BM","15","AL-412 SD Access Error","AL-412 SD Access Error","Data not getting store in SD Card","SD Card Memory Full","","","SD Card formatting done","Need to revise the PM frequency. (Now 1/M) Due to production volume this frequency was not sufficient. So need to do PM in 2 times per month. (2/M).","Electrical","Design","No","Jaydev Mal,Dalip Khajuria","Completed"
"May","10-05-2024 T02:10","Mounting","MA5","SPG","EETP-075","C","BM","15","BCR Communication error (ISS BMU)","BCR Communication error","Board flipper to SPG m/c pcb not transfered","between the Board flipper &  SPG m/c communication issue","Cause not clear","n/a","During runing BCR Communication error coming,Board flipper to SPG m/c pcb not transfered,So finelly SPG machine power off/on, after that ok","","Electrical","Design","No","Mangal Ram Kanwar,Mukesh","Completed"
"May","13-05-2024 T06:50","Mounting","MA3","CM212-3","EETP-039","B","BM","400","X-Axis Servo Process Error Coming (TBL-1),Power ON Impossible Error Coming","Tray Unit Power ON Impossible Error At Start Up","Tray Unit Not origin","Ready Signal Not Coming From TP Axis Driver ","TP Axis Driver Was Faulty","Part Failure","Try To Error Reset,Machine Power Off/On ,X-AXis Cable Reconnect For X-Axis Servo Process Error,X-AXis Servo Driver Change Then check  X-Axis Servo Process Error OK But Power ON Impossible Error Coming,Tray Controlling Card Changed,Safety Relay change,TL Axis Driver Change & Parameter Setting Done,TP Axis Driver Change & Parameter Setting Done,Tray Station Calibration done,5372 Model Confirm By PRD  On Double Side Tap PCB  (Harsh San)","1.Check with Maker for other m/c TP /TL condition Found OK
2.Frequency set for Tray Unit All driver Change Every 1/5Y Based On Past Experience","Electrical","Part-Failure","No","Jatinder Singh,Indrajit Behera,Ashish Gupta","Under MTD HOS Approval"
"May","13-05-2024 T06:10","Mounting","MA5","Reflow Oven","EETP-083","A","BM","40","Remote Communication File Write Error","Reflow not taking changeover","Remote Communication File Write Error","Reflow Oven Machine requiring access from iLNB","Version Issue","NA","Remote Communication File Write Error Reset ,Machine Power Off/On ,iLNB User name & Password credential input then ok","This Problem Share With PED And Maker Because After Version Up This Problem coming
","Electrical","Communication","No","Jatinder Singh","Completed"
"May","13-05-2024 T14:54","Final Assy","FA-WP4","SILICON BELOW CONNECTOR","EEAT-202","B","BM","10","NOZZLE CENTERING NG","Nozzle centering check Coming NG","Nozzle not insert properly into centering jig ","Nozzle little bit misalign  ","Maybe nozzle cleaning time nozzle get bent.","Maybe human mistake ","Nozzle open and cleaning done,Re-installed nozzle then ok (4 times)","Informed to PRD TL about this issue and take care the nozzle while cleaning.","Mechanical","Process","No","Ujjawal","Completed"
"May","13-05-2024 T18:08","Mounting","MA5","YS Loader","EETP-073","B","BM","20","pick & place lifter moving time out error","pick & place lifter moving time out error","Gripper slow sensor output off condition","Gripper slow sensor dirty","","","During runing Gripper going going down in slow motion & alarm coming, found gripper slow sensor (PHS-17) output off condition,So finally Gripper slow sensor cleaning done & its sensor output on , after that  ok","","Mechanical","Process","No","Mangal Ram Kanwar,Dalip Khajuria","Completed"
"May","13-05-2024 T14:33","Final Assy","FA-WP2","Air leak-02","EEAT-082","B","BM","20","Ng master data not match","Ng master data not match","vacuum pressure value coming in Range","vacuum pressure present value higher side ","","","Daily check time Ng master data not match,Ng master checking time vacuum pressure coming in Range & its ng condition,So finally Vacuum pressure  adjustment done  from speed controller,after that daily checking found ok & all ok, ng master check with prd ok found, now ng master data match ok","","Pneumatic","Process","No","Mangal Ram Kanwar,Jaydev Mal","Completed"
"May","13-05-2024 T15:23","Final Assy","FA-WP4","PRE-PKG AUTO SCREW MACHINE","EEAT-204","B","BM","12","Vacuum error(screw not pick) Gp2y model","Vacuum error coming (screw not pick) ","Screw not pick-up by suction unit","Suction unit stuck in upward condition","Suction unit movement hard due to dust","","During runing Vacuum error coming & screw not pickup by suction unit,Found suction unit in stuck condition due to movement hard,So finelly Suction unit cleaning & lubrication done, after that ok,Suction unit cleaning point add in Pm point (monthly)","Suction unit cleaning point add in Pm point (monthly)","Mechanical","Process","No","Mangal Ram Kanwar,Dalip Khajuria","Completed"
"May","13-05-2024 T23:15","Final Assy","ENG Sealer Block-03","Spray Sealer","EEAT-226","C","BM","15","Sealer coming on prohobited area (Connector pin) in R2 side of YCA Model.","Sealer coming on prohobited area.","Spray width was more .","Sensor not proper judged to spray width.","Sensor was dirty .","Suspected -Nozzle cleaning time may be Thinner drop on sensor glass.","Viscosity Checked found 13.20-ok.,Checked Sensor value found 10.1 but actual spray width was more .,Sensor glass cleaned & spray width Auto adjust after that ok.","Requested to PRD during Nozzle cleaning time  first sensor covered from cloth then Nozzle clean.","Electrical","Human","No","Neeraj,Mukesh","Completed"
"May","14-05-2024 T02:10","Mounting","AOI-5","Multi Magazine Loader","EETP-067","C","BM","18","Magazine jam at output conveyor .","After Finished stocker unload ,Lifter did not go to next stocker pick.","Magazine jam Error occurred in Machine .","Magazine confirmation limit switch continue on without stocker.","Limit switch lever stucked at cover slot.","Limit switch lever bent due to its design Issue.","All sensor checked found working ok.,Machine restart .,Finally found magazine stocker confirmation limit switch lever bent so its alignment done after that ok.","Will observe the issue and change the type if problem reoccurs.
","Both","Design","No","Neeraj,Mukesh","Completed"
"May","14-05-2024 T02:00","Mounting","Laser Line-2","Laser Marking + Cleaner","EETP-099","C","BM","30","QR reading fault coming frequently","QR matching fault coming","QR judgement was low from camera"," camera glass was dirty","Dust particle accumulated on camera glass","PCB dust coming","Camera glass & camera glass protective plate cleaned","","Mechanical","Process","No","Neeraj,Subhash Sheoran,Mukesh","Completed"
"May","14-05-2024 T15:20","Mounting","MA7","DUAL LANE QR CODE READING CONVEYOR","EETP-147","B","BM","20","Conv. inlet jam (Lane-1)","Conv. inlet jam (Lane-1)","Card stuck at inlet","Width was tight.","","","Offset (0.10mm) given in Lane-1 width by Maker,Lane-1 Conveyor Speed Also increased from  40 to 50","This machine is under setup (Maker will ensure smooth Operation)","Mechanical","Design","No","Dalip Khajuria","Completed"
"May","14-05-2024 T17:40","Mounting","MA5","Multi-Magzine Unloader","EETP-086","B","BM","15","Magazine transferring time out error  (Zone-2 Lifter)","Magazine transferring time out error (Zone-2 Lifter)","Stocker not transfer to lifter with in time","Stocker was jam","Stocker was Damaged","","Check stocker was Damaged,Stocker takeout and Run another stocker.","","Mechanical","Human","No","Dalip Khajuria","Completed"
"May","15-05-2024 T01:16","Mounting","MA5","Buffer Conveyor","EETP-078","C","BM","8","Buffer conveyor Master not ON after power OFF.","Master not ON","Master ON switch not working","Switch contact was damaged","NA","NA","Master Switch replaced with new one","","Electrical","Part-Failure","No","Neeraj,Subhash Sheoran,Sreekanth Sasi","Completed"
"May","15-05-2024 T12:05","Final Assy","FA-WP4","SILICON ALLAROUND","EEAT-205","A","BM","25","Nozzle height NG coming","Nozzle height check NG coming ","Nozzle height position disturb","Nozzle bend found ","suspected nozzle cleaning Time nozzle bend","NA","Finally nozzle check found bend,Nozzle change with new but same,Finally nozzle height teaching done ","We have given bend Nozzle to SQD for checking dimension with respect to new Nozzle to find out variation","Mechanical","Process","No","Jatinder Singh,Indrajit Behera","Completed"
"May","15-05-2024 T10:00","Mounting","AOI-6","PCB Scanner","EETP-088","A","BM","30","Scan Error Coming in HV5.0","During change over Scan error coming","QR not Scan by scanner","PCB QR Position not in scanner window ","PCB QR position not in center","N/A","PCB Change ,Camera Clean,Finally, Scanner Position Teaching Done","Check and Found Stopper Cylinder -Rotating is Angle Shifted. PCB Stopping before scanning","Mechanical","Process","No","Ujjawal,Jatinder Singh,Indrajit Behera","Completed"
"May","15-05-2024 T15:07","Mounting","MA7","FLIPPER+CLEANER","EETP-139","B","BM","20","Card Jam Problem","Card Jam Problem","Belt not Rotating","Belt come off from pulley","Belt shape Deformed","","Flipper unit Moveable side Belt changed with new,Belt Tension adjusted","","Mechanical","Part-Failure","No","Mangal Ram Kanwar,Jaydev Mal,Dalip Khajuria","Completed"
"May","15-05-2024 T22:45","Final Assy","FA-WP4","SILICON ALLAROUND","EEAT-205","C","BM","10","Sensor fault center check (76 no.) & center check fault (87no.) coming","Sensor fault center check (76 no.) & center check fault (87no.) coming"," Centring jig detection sensor not on","Centring jig position not ok (not up)","Centring jig movement hard","","During daily check time this problem coming,Nozzle height check & centring check found ok coming, but robot homing time centring check fault coming,Finally found Centring jig detection sensor not on,So centring jig take out & properly cleaning done, after that ok","","Both","Process","No","Mangal Ram Kanwar","Completed"
"May","15-05-2024 T15:20","Mounting","MA6","NPM-1","EETP-121","B","BM","10","PCB Carry In Error","PCB Carry In Error","PCB not come in front of  inlet sensor","PCB movement not smooth","Suspected bur coming on the PCB Side.","","PCB manually move to sensor position & PCB reconfirm then OK","","Mechanical","Design","No","Jaydev Mal,Dalip Khajuria","Completed"
"May","15-05-2024 T13:10","Mounting","MA7","UNLOADER","EETP-151","A","BM","10","Motorized Pusher Driver Error Coming","Motorized Pusher Driver Error Coming","Pusher Was Not Move","PCB Was Stuck In Stocker No.-183","Stocker Base Was Broken","N/A","Check PCB Condition Found Jam In Stocker,Change The stocker With Spare Then Ok","Request To PRD Please Do Not Run Broken Stocker ","Mechanical","Human","No","Jatinder Singh","Completed"
"May","16-05-2024 T09:03","Final Assy","Cell Sensor","Spray Sealer","EEAT-163","A","BM","20","Sealer missing on component body.","Sealer missing on R-2 component body.","Coat-2 Spray width less coming ","Coat-2 Spray width pressure lower side of spec ","Process and design issue ","NA","Coat-2 side sealer leakage from chip ,Coat-2 chip open and cleaning done but same.,Finally coat-2 spray width adjust from 9.90 to 10.50 after that ok.(Spec 9.00 to 11.00)","","Mechanical","Design","No","Ujjawal,Sandeep Dhama","Completed"
"May","16-05-2024 T11:00","Mounting","AOI-5","Multi Magazine Unloader","EETP-072","A","BM","15","Card Stuck Between Inverter And Pusher Conveyor","Card Stuck Between Inverter And Pusher Conveyor","Fixed Side Belt Upper Portion Was Wear Out","Belt Life Is Over","Part Failure","N/A","Fixed Side Belt Change With Spare & Tension Adjust It","N/A","Mechanical","Part-Failure","No","Jatinder Singh,Indrajit Behera","Completed"
"May","16-05-2024 T11:25","Mounting","MA6","TRAVERSER WITH PUSHER CONVEYOR","EETP-126","A","BM","20","Card Stuck Between Cooling & Pusher Conveyor","Conveyor time over error coming","PCB Not arrived in Pusher conveyor","Card Stuck Between Cooling & Pusher Conveyor","Suspected Belt rotation issue","N/A","Check Belt rotation Ok But Card stuck,Finally Both Conveyor Belt condition check ok ,Finally Belt Cleaning Done ","N/A","Mechanical","Design","No","Ujjawal,Jatinder Singh,Indrajit Behera","Completed"
"May","16-05-2024 T10:14","Mounting","MA7","LOADER","EETP-138","A","BM","20","Gripper Board Drop Error coming ,PCB dropped in running condition.","Gripper Board Drop Error coming ","PCB dropped in running condition.","Chuck pad position disturbed  found ","Chuck pad mounting grub screw lock nut missing ","Suspected: Initial Set Up Groove Screw Not Properly tighten","Finally chuck pad unit grub screw lock nut install done ,After that ok ","","Both","Wear","No","Jatinder Singh,Indrajit Behera","Completed"
"May","16-05-2024 T10:30","Mounting","MA5","NPM-3","EETP-113","A","CM","40","Filter full error coming in NPM-3 TB-2 Hd-3","Filter full error coming","Vacuum Was NG Coming","Shaft Was Dirty","N/A","N/A","Nozzle change ,Holder change,TBL-2 Head-03 Shaft cleaning done","Head Maintenance Activity Planed T.D.-07.06.2024","Mechanical","Process","No","Ujjawal,Jatinder Singh,Indrajit Behera","Completed"
"May","16-05-2024 T12:40","Mounting","MA7","FLIPPER+CLEANER","EETP-139","A","BM","20","Movable Side Belt Out From Roller In Flipper CV","Movable Side Belt Out from Roller in Flipper CV","Roller Alignment NG","Design Problem","N/A","N/A","Check Roller Movement Condition -Ok & Belt Re-Installed ","This Problem Coming From M/c Start Up & Problem Also Share With Maker ","Mechanical","Design","No","Jatinder Singh","Completed"
"May","16-05-2024 T14:40","Final Assy","FA-WP4","SILICON BELOW CONNECTOR","EEAT-202","B","BM","10","CENTRING CHECK FAULT COMING (87 NO. FAULT)","CENTRING CHECK FAULT COMING (87 NO. FAULT)","Centring check sensor value out of spec.","Nozzle not going to centring jig hole","Centring jig dirty","","During daily check time this problem come,,Nozzle height check found ok, but centring check ng coming,Found nozzle not going to centring jig hole,Centring jig cleaning done, after that ok","Centring jig spring change","Both","Process","No","Mangal Ram Kanwar","Completed"
"May","17-05-2024 T00:05","Mounting","AOI-7","Unloader","EETP-110","C","BM","105","PCB Pusher was jam ","Pusher unit not moving 
","Pusher unit ball screw not rotate
","Ball screw Chain pulley get loosen
","Chain pulley grub screw was missing And loosen
","Under Analysis (Suspected Grub screw loosen due to vibration)
","Pusher unit and width adjusting unit ball screws cleaning and lubrication NG,Found pusher unit not moving while width adjusting due to its pulley grub screw missing & loose,Pusher unit manually moved by hand after loosen the main pulley.,Pusher unit chain pulley grub screw tightening done.,After that checked found unit movement OK.","","Mechanical","Design","No","Neeraj,Subhash Sheoran,Sreekanth Sasi,Gagandeep,Mukesh","Completed"
"May","17-05-2024 T07:44","Final Assy","Cell Sensor","Spray Sealer","EEAT-163","A","BM","53","Extra sealer coming on R-1 side (ISSBMU)","Extra sealer coming on R-1 side ","Actual width higher side coming ","Sensor dirty due to sealer coming ","Spray checking time fumes accumulate on sensor  ","N/A","Coat-1 spray width adjust,Nozzle chip cleaning done,Viscosity check found ok,Finally found Spray width check sensor sealer fumes accumulate, So sensor cleaning done and spray with adjust on 10.00 then ok","","Both","Design","No","Ujjawal,Sandeep Dhama","Completed"
"May","17-05-2024 T07:45","Final Assy","FA-WP3","Air Leak","EEAT-160","A","BM","17","Inspection process  hang issue coming,,ALL air pressure value NAN coming,","Inspection process hang issue coming,","Communication NG coming ","Inspection process time Air pressure not coming,","Design issue","NA","USB cable-2 reconnected and application close/open but same,M/C restart and A & B & flow rate pressure check found NAN value coming ,Finally a gain m/c re start after that m/c run ok ","This problem issue is under investigation with Maker support","Electrical","Part-Failure","Yes","Indrajit Behera","Completed"
"May","17-05-2024 T09:32","Final Assy","FA-AB3","DNHA-AB3-RT-01","EEAT-192","A","BM","30","Continue card failed on multiple step ,(6762,YTA model)","Continue card failed multiple step NG coming,","Harness and product properly not contact","Harness contact  probe pin dirty ","7 contact probe pin damage found","NA","Harness change with RT-1 but same,One time m/c re-start but same,,Harness take out and cleaning done but same ,,Finally harness side all probe pin change with new spare after that ok, Total PM Count-68156 last P.M Count-2045,ok & NG master check found ok,After that m/c run ok,","","Electrical","Part-Failure","No","Indrajit Behera","Completed"
"May","17-05-2024 T10:30","Mounting","MA5","NPM-5","EETP-103","A","CM","40","Filter full error coming in NPM-5 TB-1 HD-1","Filter full error coming","Vacuum NG Coming","Nozzle Shaft Was Dirty ","N/A","N/A","Nozzle Change ,Holder Change,Head-1 Shaft & filter Cleaning done","Head Maintenance Activity Plan in Shut down Jun24","Mechanical","Process","No","Jatinder Singh","Completed"
"May","17-05-2024 T06:20","Mounting","AOI-6","AOI-06","EETP-089","A","BM","50","Upper link Error: Data Register Error","Communication Error Coming","AOI M/c Not Communicate With External Device","Signal Break Issue","N/A","N/A","During Change Over this Problem Coming,Model Change Over,AOI & 3D Machine Power Off/On ,Change Over Done As Per Process,Finally, Both M/c Power Off/On & Again Change Over As per Process","","Electrical","Communication","No","Jatinder Singh,Sandeep Dhama","Completed"
"May","17-05-2024 T11:32","Mounting","AOI-7","Unloader","EETP-110","A","BM","15","Card Stuck between Invertor & Unloader Pusher Conveyor","Card Stuck between Invertor & Unloader Pusher Conveyor","Pusher Conveyor Width Was Wide & Card Stuck During Movement","Suspected Width ball Screw Position Disturb","N/A","N/A","We found width was wide,Given the Offset then Ok (252.8 MM To 252.9 MM)","N/A","Mechanical","Process","No","Jatinder Singh,Indrajit Behera","Completed"
"May","17-05-2024 T13:02","Final Assy","AB Sealer Block-01","Flash-05","EEAT-113","A","BM","20","Burning smell was coming ","Burning smell coming from probe holder side ","when burning smell come that time Rework product check by PRD ","Suspected Product side issue ","Already  ECU-4 Crossed marking done by PRD from mounting ","Part faulty ","Probe holder inside check found no any abnormality ,Machine side Connector and Instrument check found ok,Master check found OK, So check another  product found ok","","Electrical","Part-Failure","No","Ujjawal,Jatinder Singh,Sandeep Dhama","Completed"
"May","17-05-2024 T17:17","Final Assy","FA-WP3","Silicon Below connector","EEAT-153","B","BM","40","Abnormal sillicon problem coming (air bubbles) in sillicon below & all around m/c","Abnormal sillicon problem coming (air bubbles)","Air bubbles coming from pail can-1 side","Air got trapped with Silicon","Suspected during pail can-1  change  time air properly not release","Under Investigation","During runing abnormal sillicon problem coming in sillicon below & all around m/c,So 4-5 times dummy shot taken & amount also check but same problem,Sillicon manually Dispancing from pail can-1 side , ok found,,Sillicon Dispancing from hand valve (nozzle side) & air bubbles coming,So both machine side manually sillicon dispancing done (total approx 500 gram),after that 10 times dummy shot taken ok & amount check also ok & product run ok","We will observe PAIL CAN changeover process of PRD during PAIL CAN finish ","Pneumatic","Process","No","Mangal Ram Kanwar","Completed"
"May","17-05-2024 T19:10","Mounting","MA6","NPM-1","EETP-121","B","BM","20","PCB carry in Error (Lane-2)","PCB carry in Error (Lane-2)","PCB not come in front of inlet Sensor","PCB Movement Abnormal","Extension Conveyor Moveable side Belt come out from Pulley","Belt Tension loose","M/C lane-2 width origin done,Extension Conveyor Moveable side Belt installed through pulley and Belt tension adjusted.","","Mechanical","Design","No","Anshul Gupta,Jaydev Mal,Dalip Khajuria","Completed"
"May","17-05-2024 T22:00","Final Assy","FA-WP4","LO-HI SCREENING MACHINE","EEAT-199","B","BM","15","Fault No. 264, Safe Door Closed Confirmation timeout Error","Fault No. 264, Safe Door Closed Confirmation timeout Error","Door close cylinder Reed Switch Not ON","Door Not Closed completely (Half way)","Door Stuck ","Door Right Side Mounting, Bolt Loose and Come out  half way","Safety Door Right side mounting Bolt take out and thread tight applied to Bolt and Bolt Fixed.","1. Left side mounting bolt also checked found ok.
2. As this machine is new so during installation we will confirm bolt condition before production.","Mechanical","Part-Failure","No","Jaydev Mal,Dalip Khajuria","Completed"
"May","18-05-2024 T09:04","Final Assy","Cell Sensor","Spray Sealer","EEAT-163","A","BM","20","Sealer coming on prohibited area ","Sealer coming on prohibited area ","Sealer coating application area & prohibited area nearby 3-4mm","Last night coat-1 nozzle changed & And quality confirmed by Dummy due to No production plan in C shift","N/A","N/A","Check dummy found ok,Coat-1 width check found ok.,Viscosity check found ok,Finally Coat-1 coating program modification done after that ok.","We will add point for Nozzle cleaning in PM check sheet 1/3M.","Both","Design","No","Ujjawal","Completed"
"May","18-05-2024 T11:00","Final Assy","FA-NWP3","Spray Sealer M/C","EEAT-027","A","BM","12","Sealer miss  on R1 side DC1A","Sealer miss on product R-1 ","Sealer miss on border of prohibited and application area","Sealer application length not sufficient ","Sealer program modify","N/A","After discussion with PED Abhay San ,Sealer coating program modification done then ok,Quality confirmed by PRD (Nitish)","","Both","Process","No","Ujjawal,Indrajit Behera","Completed"
"May","18-05-2024 T10:02","Mounting","AOI-5","AOI-05","EETP-069","A","BM","12","An error has occured in the ups.","Turn off power error coming,","AOI m/c & UPS  communication break","M/C running time communication break","Design issue problem ","NA","Finally one time application close/open but same,,Finally one time m/c restart after that m/c origin after that m/c run ok,","","Electrical","Communication","No","Indrajit Behera","Completed"
"May","18-05-2024 T22:30","Final Assy","FA-AB1","Packaging jig-01","EEAT-114","B","BM","15","Camera Check NG coming in OK Master","Camera Check NG coming in OK Master","OK master image data not matching with saved image data","Image not coming in camera window","Camera Position was disturbed","","Camera mounting position adjust and Camera Glass Fixed","Ask PRD to take care camera handling & provide safety cover for camera.","Mechanical","Human","No","Dalip Khajuria","Completed"
"May","19-05-2024 T01:45","Mounting","AOI-7","AOI-07","EETP-107","C","BM","45","Power off error","Power off error coming during running","Part confirmation sensor  on off","sensor done malfunction","sensor set value and present value not difference","Under analysis","Machine restart ,AOI  and 3D both machine restart ,Belt take out and thread cut and install but same ,Now finally pcb confirmation  Sensor set value change after that ok ","Will check sensor alignment. TBD- 26.05.2024","Electrical","Design","No","Gagandeep,Mukesh","Completed"
"May","19-05-2024 T00:48","Final Assy","FA-AB1","FAL-AB-HT","EEAT-117","C","BM","60","Continue product failed at multiple steps","Continue product failed at multiple steps","HEX Value high coming","under analysis","na","na","machine restart 2  time but same ,Harness change but same ,Base jig change but same ,Another model check run ok ,This specific model side issue so model change now ok ","Checked the original and spare harness found no abnormality. So again checked on the machine found OK ","Electrical","Design","No","Neeraj,Sreekanth Sasi,Gagandeep,Mukesh","Completed"
"May","20-05-2024 T06:29","Final Assy","FA-WP3","Air Leak","EEAT-160","A","BM","91","Air leak check data not transfer to GSS.","GSS PC , Process skip error coming.","Air leak check OK, data not showing in GSS","Data not access by GSS from Line server2 ","Suspected lineserver2 & GSS server issue communication issue-Machine side","NA","During startup this problem coming,5M+1E Change point is , PC Change, Backup HDD , ADI unit use of PWC, Air leak M/c & ADI unit,Air leak inspection data showing on Line server-2 ,But GSS side side Detection server for Skip process error coming.,M/c Original backup HDD install in PC.,ADI unit setting done & Part number Scanner com port setting done.,PC IP address setting done. After that Daily check ,Found OK.,Master check OK, Product check OK. Process OK showing on GSS","Airleak Hang  was repeat issue- So on 19.05.24 - PWC new machine HDD & AIO unit was installed in this machine for Trail- After which hang issue is not reported till now <10.06.24>. ","Electrical","Communication","Yes","Anshul Gupta,Jaydev Mal,Dalip Khajuria","Completed"
"May","20-05-2024 T08:50","Mounting","AOI-7","Unloader","EETP-110","A","BM","25","Card not pass to stocker from Pusher Conveyor,No Error/Fault Come","Card not pass to stocker from Pusher Conveyor","Card Not Move","Card Stuck with edge of Conveyor Belt ","Card come off from Belt","Pusher Conveyor Width was Wide","-0.6mm offset given in Pusher Conveyor Width (Narrow) from 252.9mm to 253.5mm","","Mechanical","Design","No","Anshul Gupta,Jaydev Mal,Dalip Khajuria","Completed"
"May","20-05-2024 T06:25","Final Assy","FA-WP4","SILICON BELOW CONNECTOR","EEAT-202","A","BM","12","Nozzle centring check fault coming","Nozzle centring check fault coming","Nozzle centing check sensor Present value out of spec.","Nozzle centring  jig height go to down
","
Nozzle not going to centring jig hole
","Nozzle alignment Disturb
","During daily check time nozzle centring problem coming,Nozzle height check ok found but centring check ng coming,Nozzle not going to centring jig,So nozzle manually Rotate by hand , after that ok","Request to prd before nozzle cleaning activity, 1st nozzle centring check, after that nozzle cleaning do, then nozzle centring check","Mechanical","Human","No","Mangal Ram Kanwar,Jaydev Mal","Completed"
"May","20-05-2024 T09:20","Mounting","MA4","NPM-04","EETP-056","A","BM","15","Overload  Anomaly Theta-1 Axis (Rear)","Overload  Anomaly Theta-1 Axis (Rear)","Theta-1  Motion hard during Nozzle change","Head-2 Nozzle Stuck in holder","Head-2 Holder mesh Filter was damaged","","Head-2 Holder Changed with Spare.","","Mechanical","Human","No","Jaydev Mal,Dalip Khajuria","Completed"
"May","20-05-2024 T09:34","Mounting","AOI-5","3D-05","EETP-070","A","BM","11","3D machine Hang","3D Machine Hang","Application Not Respond","Application Hang","","","Machine PC Restart","","Electrical","Design","No","Anshul Gupta,Jaydev Mal,Dalip Khajuria","Completed"
"May","20-05-2024 T20:09","Final Assy","FA-WP3","Air Leak","EEAT-160","B","BM","15","Daily Check NG coming .,Print data was not coming.","Daily Check NG.","Value lower side coming.","Its design issue.","N/A
","N/A","Given offset in Pressure A, -.10 to 0  after that ok.,Printer added in setting after that ok","","Electrical","Design","No","Neeraj","Completed"
"May","20-05-2024 T20:11","Final Assy","FA-WP2","Silicon Below","EEAT-080","B","BM","10","Silicon cut coming on application.","Silicon cut coming on application.","Silicon not proper flow in the product .","Suspected - Nozzle dispenser side Issue.","N/A","N/A","Silicon Manually dispensed ,Now under observation .","Silicon dispenser will be change after availability in line. T.D-26-05-2024","Mechanical","Part-Failure","No","Neeraj","Completed"
"May","20-05-2024 T17:30","Final Assy","Cell Sensor","Spray Sealer","EEAT-163","B","BM","20","Sealer coming on prohibited area & Missing in ISS BMU R1 side..","Sealer coming in prohibited area.","Sealer width was more.","Sensor Given NG judgement.","Sensor dirty .","Suspected - IPA fumes accumulated on sensor glass.","Coat -1 Sensor cleaned .,Program modified.","Request to PRD during Nozzle cleaning time first cover sensor by cloth.","Electrical","Human","No","Neeraj","Completed"
"May","21-05-2024 T03:30","Mounting","MA5","Reflow Oven","EETP-083","C","BM","16","Conveyor width motor overload error coming.","Conveyor width motor overload error coming.","While making width of LANE-2 motor taking excess current ","Suspected LANE-2 width adjustment unit dirty inside the machine","Suspected flux collect inside the machine","NA","Error reset but same,Finally machine power OFF/ON then ok","Overhauling activity planned in shutdown.09.06.2024","Both","Process","No","Ujjawal,Ashish Gupta","Completed"
"May","21-05-2024 T02:30","Mounting","MA5","NPM-1","EETP-111","C","BM","30","Middle Request On Time out","Middle Request On Time out error coming ","PCB Transfer error coming in Next NPM Machine","PCB Transferring time mismatch in between NPM machine","Communication problem with ILNB","NA","PCB Confirmed found ok in all NPM machine ,Finally NPM-1 & 2 machine power OFF/ON Then ok","","Electrical","Communication","Yes","Ujjawal,Ashish Gupta","Completed"
"May","20-05-2024 T23:00","Mounting","MA5","SPG","EETP-075","C","BM","20","Lane-1, Communication error coming ,","Communication error coming Lane-1","PCB not coming in SPG machine","PCB information not pass from flipper To SPG","In c/o SPG did not receive c/o instruction","Suspected version related which was upgraded","PCB take out and error reset then next pcb run  but same,M/C side lan cable reconnected but same,Finally one time m/c restart after that m/c origin after that m/c run ","","Electrical","Communication","Yes","Indrajit Behera","Completed"
"May","21-05-2024 T09:45","Final Assy","Cell Sensor","Spray Sealer","EEAT-163","A","BM","15","Missing in Location-23,25,29  ( ISS-BMU-R1 & R2)","Sealer Coating Missing coming on Product","Application height NG.","Pallet Design Issue.","N/A","N/A","Nozzle -1 Humiseal width Sensor Clean,Sealer Coating Program Modified","","Both","Design","No","Mangal Ram Kanwar,Jaydev Mal,Dalip Khajuria","Under MTD HOSS Approval"
"May","21-05-2024 T12:30","Final Assy","Cell Sensor","Air blowing M/C","EEAT-162","A","BM","60","Fault No. 135 (Alarm Incomplete Substrate take out)","Fault No. 135 (Alarm Incomplete Substrate take out)","Blow Alarm coming","Blow ON confirmation not coming with in set time.","Blow ON Confirmation time was very less","","Part and Pallet Confirmation sensor Clean,Rail Cleaning done.,Primary Alarm was Blow Alarm (No Error Code showing ), but after part take out, Fault No. 135 Coming,Blow ON time, value increased  from 0.08 to 0.15, From machine Setting option","This point will reflect in PM check sheet. Also checked the lubrication points with lubrication checksheet.","Electrical","Design","No","Anshul Gupta,Mangal Ram Kanwar,Jaydev Mal,Dalip Khajuria,Mukesh","Completed"
"May","21-05-2024 T11:50","Final Assy","FA-AB1","Packaging jig-01","EEAT-114","A","BM","10","Part lift with screw driver bit ( only YJC )model","Part lift with screw driver bit ( only YJC )model","Screw stuck in the case (product)","Screw driver bit not going to screw center position","Suspected Screw driver stage & pcb jig position Disturb","n/a","During runing part lift issue coming in only YJC model,When 1st screw tightining complete, after that part lift issue,Screw driver working condition check ok,So screw driver bit changed with spare & magnetized done, after that ok","Need to Screwdriver stage & PCB jig adjustment required (position) T.D-26-05-2024","Both","Process","No","Mangal Ram Kanwar,Dalip Khajuria","Completed"
"May","22-05-2024 T05:45","Mounting","MA4","Reflow Oven","EETP-059","C","BM","10","Temperature controller trouble error coming ","Temperature controller trouble error coming ","Temp. controller unit have an error ","Machine design issue","NA","NA","Machine restart after card pass from inside the Reflow.","Activity planned with maker for troubleshooting in shutdown.","Electrical","Design","No","Ujjawal","Completed"
"May","22-05-2024 T10:10","Final Assy","FA-AB1","FAL-AB-LT","EEAT-115","A","BM","15","Step no. 20, 30 misjudgment coming (YHB)","Step no. 20, 30 misjudgment coming (YHB)","Ng step releted circuit incomplete","Between the product & harness pin proper not contact.","Pin dirty","water accumaleted on pin tip","During runing misjudgment coming (YHB) model,As per prd information misjudgment coming in 5 product,3 Product re-try ok found but 2 product re-try ng coming,machine re-start but ng,so Harness change with HT Tester , after that 5 times ok master check (6751) ok found,Product run ok found","We will discuss with maker to avoid ice accumulation in LT Chamber T.D-29-05-2024","Mechanical","Part-Failure","No","Mangal Ram Kanwar,Mukesh","Completed"
"May","21-05-2024 T15:00","Final Assy","Spot Block-03","SPOT M/C","EEAT-214","B","BM","12","Robot Hang During taking wave height","Robot Hang During taking wave height","Machine not give any alarm ","Robot axis side issue ","J6 software limit error coming  ","May be cross limit","Machine restart and  J6 manual move by hand after that ok ","","Mechanical","Design","No","Gagandeep","Completed"
"May","22-05-2024 T16:10","Final Assy","Cell Sensor","Spray Sealer","EEAT-163","B","BM","35","Sealer Missing problem was coming in ISS BMU R1 side","Sealer missing coming in R1 side.","Trialed of Modified program .","For modified pallet run.","Prevent sealer splashing in Connector .","Pallet design Issue.","As per discussion with PED ,Modified program uploaded ,Who  program modified  according to modified  pallet as per PED requested,Checked Product found sealer missing on some component .,So again fine tuning done after that ok.","This modified program make according to the modified pallet. So we transfer the new program on the machine with PED. After that checked quality by PED & PRD found OK.","Mechanical","Design","No","Neeraj","Completed"
"May","22-05-2024 T22:14","Final Assy","Spot Block-2","Screw driver-02","EEAT-032","B","BM","10","Screw was not come ","Screw was not come ","Screw was stop in rail ","Guide plate was down so screw stop ","Guide plate was loose so go down ","NA","Screw guide plate adjust after that ok ","PM point added to check guide plate gap.","Mechanical","Design","No","Gagandeep","Completed"
"May","22-05-2024 T23:46","Mounting","MA5","YS Loader","EETP-073","C","BM","13","Slot check valve timeout error","Slot check valve timeout error","Stocker slot PCB Detect sensor not ON","Sensor Dirty","Process","NA","PHS-28 sensor cleaning done then ok","","Electrical","Part-Failure","No","Ujjawal,Jatinder Singh","Completed"
"May","23-05-2024 T03:10","Mounting","AOI-6","PCB Inverter","EETP-091","C","BM","20","PCB time out error coming","PCB time out error coming","PCB was not move","Belt was not rotate","Belt damage portion Stuck with roller","Belt was damage (Part failure)","Motor side (Fixed conveyor) belt change with spare","N/A","Mechanical","Part-Failure","No","Ujjawal,Jatinder Singh,Indrajit Behera","Completed"
"May","23-05-2024 T04:50","Mounting","MA6","NPM-6","EETP-122","C","BM","25","It is failed to fit nozzle error coming During support pin nozzle pick time","It is failed to fit nozzle error","Support pin change over nozzle not pick","Nozzle not set in holder","Suspected Nozzle support pin changer was dirty","N/A","Holder Change ,Nozzle change,Nozzle pick up Head change 1 to 2,Finally nozzle changer unit cleaning done with IPA ","N/A","Mechanical","Process","No","Ujjawal,Jatinder Singh,Indrajit Behera","Completed"
"May","23-05-2024 T06:15","Final Assy","FA-AB3","DNHA-AB3-RT-01","EEAT-192","A","BM","15","Nagara actuate even after OK part Still on Tester","Nagara actuate even after OK part Still on Tester","Sensor Ok signal confirmation not coming","Sensor wire connection loose","Sensor wire comes out from connector","NA","Sensor Wire Insert properly and dressing done","","Electrical","Wear","No","Jaydev Mal,Dalip Khajuria","Completed"
"May","22-05-2024 T09:45","Mounting","MA5","NPM-4","EETP-102","A","BM","60","Filterfull occurred error coming. (TBL-2, HD-9 &12)","Filterfull occurred error coming. (TBL-2, HD-9 &12)","Vacuum pressure not achieved, as per Spec.","Nozzle Shaft Dirty","","","Vacuum check found NG,Nozzle Holder Swap,Temporary TBL-2 Head 9 & 12 Disable and Run M/C,In break time Nozzle shaft cleaning done. (TBL-2 HD-3, 9 & 12)and Head Enable.","Head Maintenance activity already planned in Shut down.","Mechanical","Process","No","Jaydev Mal,Dalip Khajuria","Completed"
"May","22-05-2024 T13:40","Final Assy","FA-WP3","Silicon Below connector","EEAT-153","C","CM","30","Abnormal Silicon Coming on product","Abnormal Silicon Coming on product/
Air trap in Silicon","Gap Comes between Pump and Silicon ","Pump not goes completely down ","Pump Down air Supply Hand valve was in stop Position.","Supply Hand valve position get disturbed, During CAN setup activity.","Silicon Dispense from Both M/C Dispenser unit","Discuss with PRD to verify hand valve position after CAN change.
Also we will provide sensor for valve handle position detection. <Kaizen> 
TD :- 02/06/2024","Pneumatic","Human","No","Mangal Ram Kanwar,Jaydev Mal,Dalip Khajuria,Mukesh","Completed"
"May","23-05-2024 T16:45","Final Assy","FA-WP2","Falcon-II (DCIV) LT","EEAT-142","B","BM","15","Step no.173 misjudgment coming. ","Measuring voltage coming high.","Product & harness pin contact not proper.","Probe pin was dirty.","Due to dust accumulation on the probe pin contact area.","","Harness cleaning done & check ,Harness change with spare.,Original harness pin condition check found pin was dirty. So pin change with new  (Pin no. 67,68 & Ground pin no.83 according to drawing.) Hand over to PRD & check on the M/C Found ok.","","Electrical","Part-Failure","No","Subhash Sheoran,Dipshikha","Completed"
"May","23-05-2024 T18:53","Final Assy","FA-WP3","HT Chamber","EEAT-053","B","BM","10","Door was not open ","Upper door was not open ","Door lock was stuck ","Door locking portion was broken ","Suspected door material issue","NA","Door lock change after that ok ","","Mechanical","Part-Failure","No","Gagandeep","Completed"
"May","24-05-2024 T06:47","Final Assy","FA-AB2","Packaging Jig-02","EEAT-131","A","BM","8","Circuit assy. error (fault no. 4 ) coming YL7 A/B","Circuit assy. error (fault no. 4 ) coming","Circuit assy Hole detect sensor output on (sensor no. 000011)","Pcb set jig alignment Disturb","Pcb set jig position pin side play avoilable","Its original pin missing","During runing time Circuit assy. error (fault no. 4 ) coming,Check  Circuit assy Hole detect sensor output on,Finally found Pcb set jig alignment Disturb due to more play avoilable in the jig,So pcb set jig alignment done, after that ok","Request to prd changed the position pin","Both","Process","No","Mangal Ram Kanwar","Completed"
"May","24-05-2024 T06:00","Mounting","MA5","SPG","EETP-075","A","BM","25","Centre conveyor transport error,PCB Stuck and broken Inside m/c","Centre conveyor transport error","PCB not reached at center conveyor Sensor","PCB found broken between inlet and center conveyor.","Not Clear","","Broken PCB take out and sensor cleaning done.","We will Share log data to maker for Investigation.","Both","Design","No","Anshul Gupta,Jatinder Singh,Dalip Khajuria","Completed"
"May","24-05-2024 T11:00","Mounting","MA5","SPI","EETP-077","A","BM","30","VP-V Series Application has Stopped working. (No Device Error)","VP-V Series Application has Stopped working. (No Device Error)","Image control board Communication break with PC","Intermittent communication.","Connector Side Issue","","Application Restart,Machine Power OFF/ON,PC Side all connector clean and Reconnect","","Electrical","Communication","No","Anshul Gupta,Dalip Khajuria","Completed"
"May","27-05-2024 T06:20","Final Assy","FA-WP4","AIR LEACK CHECK","EEAT-209","A","BM","20","NG master data not matched .<Master pass on vacuum>","NG master data not matched.","Master was passing  in Vacuum .","Vacuum pressure value coming in range in NG master.","Pressure A & B analog value was low .","Pressure A & B adjustment speed controller not locked.","Vacuum pressure checked found -8 ,So set in -10.,Pressure A & B offset removed from daily check screen & Adjustment done according to procedure after that ok.,All master checked -ok ,Also daily check checked -ok.","Speed controller properly locked ,Also Checked its flow speed controller locking found ok.","Mechanical","Human","No","Neeraj","Completed"
"May","27-05-2024 T06:20","Final Assy","ENG Sealer Block-01","Flash-01","EEAT-021","A","BM","60","Probe holder check error coming ","Probe holder check error coming","As per model jig I’d not found","So found Power load connector side issue","Power load connector side 2 wire was broken from soldering side","PRD handling issue","Probe holder change ,Machine restart,All connection reconnect,Power load connector open check found 2 wire was from broken,Wire soldering done after that machine run ok","Check other wires stress condition & dressing done to avoid excessive stress","Electrical","Human","No","Gagandeep","Completed"
"May","27-05-2024 T06:10","Final Assy","FA-WP3","Air Leak","EEAT-160","A","BM","10","Daily check N.G cOMING ","Daily check time flow n.g coming ","Pressure was not ok ","Vacuum was not ok  ","NA","NA","Flow adjust from flow adjuster valve ","","Electrical","Design","No","Gagandeep","Completed"
"May","27-05-2024 T06:45","Final Assy","FA-WP2","Silicon Below","EEAT-080","A","BM","25","Cut mark was coming in YCA model.","Silicon application NG coming.","Cut Mark was coming while below application.","Suction & Return speed not matching  during application.","Dispenser unit Motor changed with spare <Changed on 26/05/2024>","N/A","Suction  speed changed from discharger unit before suction 0.35 after 0.20,Return speed changed from discharger unit before suction 0.24 after 0.15,Product checked found more silicon coming in overlapping area so its delay reduced from program 250 to 150 in both side after that ok.","We will adjusted the suction & return speed on the discharger unit whenever we changed the dispenser unit, if necessary.","Both","Part-Failure","No","Neeraj","Completed"
"May","27-05-2024 T11:00","Mounting","Laser Line-1","Laser Marking + Cleaner","EETP-046","A","BM","10","Card Not pass in unloader ","Card not pass in unloader ","Card was tight move","Brush height was not ok ","Manually adjust ","Na","PCB Take out and brush height adjust ","Informed to PRD to checked the brush condition","Mechanical","Design","No","Gagandeep","Completed"
"May","27-05-2024 T11:05","Final Assy","FA-WP2","VCS-07","EEAT-092","A","BM","10","Scanner Was not working ","Machine Not run ","Machine got hang ","Scanner not on ","Communication issue ","NA","Machine restart after that ok ","","Electrical","Communication","No","Gagandeep","Completed"
"May","27-05-2024 T22:47","Final Assy","FA-WP4","ROOM TEMPERATURE TESTER","EEAT-207","C","BM","25","Daily check time ok master check ng coming (GP2Y)"," ok master check ng coming (GP2Y)","NG Step Releted circuit in-compelete"," Product & production box' s pins properly not contact","Pins dirty","n/a","Daily check time ok master check ng coming (GP2Y),Step np. 01 & 561 NG coming & NG master check ok found(ng data match ok), production box & ok master card cleaning  done but ng,machine re-start but ng,So finally production box side all pins & connector cleaning done, after that ok","We will plan to PM for RT tester harness.","Both","Part-Failure","No","Mangal Ram Kanwar,Dalip Khajuria","Completed"
"May","28-05-2024 T09:00","Mounting","MA4","NPM-01","EETP-093","A","BM","10","PCB Carry in error coming ","PCB show in machine but actual pcb not available.","Pcb not come on position ","PCB Got stuck in between both machine center ","Cutting bur was available  side of pcb ","Maker issue.","PCB Take out and machine origin done now run ok ","Informed to PRD to confirm the PCB with SQD.","Mechanical","Communication","No","Gagandeep","Completed"
"May","28-05-2024 T08:30","Mounting","MA5","Reflow Oven","EETP-083","A","BM","15","CV Width over load error coming ","CV Width inverter was trip ","CV Width overload error come ","Conveyor touch with in side plate ","Because reflow conveyor height was little up","Reflow height adjusted for O2 density problem. (26/05/2024)","2 -3 time application close and do with after that ok ","# We will revert the height with Maker (DJK).
# PED & PRD plan to check the machine with maker.","Mechanical","Design","Yes","Gagandeep","Completed"
"May","28-05-2024 T21:24","Final Assy","AB Sealer Block-01","PCB-Router-03","EEAT-012","B","BM","20","Bit down problem coming ,,bit height NG coming,","Bit height check NG "," Bit come down in running time","Chuck collet down in running,","Suspected spindle motor side problem ","NA","Bit down problem comiing ,,Check and found  chuck collet down ,Finally chuck collet take out and clean then re-install after that m/c origin then m/c run ok, ","Plan to change Spindle Motor currently under ordering.  ETA-30-06-2024","Both","Wear","No","Ujjawal,Indrajit Behera","Completed"
"May","29-05-2024 T11:35","Final Assy","Spot Block-1","AOI-04","EEAT-026","A","BM","95","The inspection data of bar code not found error coming after power off from utility side..","3D Machine not taking card for inspection.","The inspection data of bar code not found error was coming .","3D Machine Not Able to Find AOI Inspection data from Server","3D4 machine not Able Communicate with Server for Latest Prod Data","Suspected Communication Issue between 3D and Server","3D & AOI machine restart .,LAN cable re-connect .,HDD Changed .,Master Check , Master Data showing at 3D4, but Production part Inspection data not Showing,Time mismatched of 3D machine so correct it .,Ping Check from AOI to 3D - Ping Status OK,Ping Check from 3D to Server- Ping Status OK,Part Run AOI 4 and Check 3D3 - 3D Inspection OK,Conclude Communication Issue between 3D4 and Server,LAN again Reconnect from AOI and 3D after Power Off--> Status OK","If Re-occurrence Server LAN Cable Re-thimbling/ spare LAN Cable","Electrical","Communication","No","Neeraj,Sreekanth Sasi,Ashish Gupta","Completed"
"May","29-05-2024 T19:15","Mounting","AOI-08","3D-08","EETP-131","B","BM","10","Card stuck problem coming","Card stuck in X-Y table","PCB not reach on position","Belt was not rotate","Belt was damage","Part failure","Belt change with new ","","Mechanical","Part-Failure","No","Ujjawal,Jatinder Singh,Indrajit Behera","Completed"
"May","30-05-2024 T01:20","Mounting","AOI-9","PCB SCANNER","EETP-153","C","BM","20","PCB Transport Fault","PCB Transport Fault","PCB Jam at conveyor belt","Conveyor Belt damaged","","","Belt changed with spare, after that-OK.","","Mechanical","Part-Failure","No","Anshul Gupta,Dalip Khajuria","Completed"
"May","30-05-2024 T14:55","Mounting","AOI-6","AOI-06","EETP-089","B","BM","30","Communication error coming ,,Power off (contact To Omron) error coming ,","Communication NG with the external device,","AOI machine communication NG with scan conv.","AOI machine signal not coming from scan conveyor","Suspected communication issue ","NA","Application close & open but NG,Finally AOI & 3D both m/c restart after that m/c origin then PRD model change over after that m/c run ok ,","","Electrical","Communication","No","Indrajit Behera","Completed"
"May","30-05-2024 T15:40","Mounting","MA2","CM212-3","EETP-016","B","BM","50","Current excess error coming","Current excess error coming","Head-2 was not move","Motor was jam","Part failure","N/A","During running time this problem coming & check head-2 was down,Check head movement found hard,So Temp. head down & disable M/c origin ok,Production start ","Plan to Motor Change in C-shift (30-05-2024)","Mechanical","Part-Failure","No","Jatinder Singh,Indrajit Behera,Sandeep Dhama","Completed"
"May","30-05-2024 T19:00","Mounting","MA4","YS Unloader ","EETP-060","B","BM","20","PCB drop in stocker ","PCB drop in stocker","Stocker width was NG","Stocker width was not change by m/c","Stocker width change over setting was OFF","Human mistake","Check stocker width change process and we found Not Working,Check machine side stocker width change over setting was off,Stocker width change over setting ON then ok","Request to PRD Please follow proper change over process.","Electrical","Human","No","Ujjawal,Jatinder Singh,Indrajit Behera","Completed"
"May","31-05-2024 T08:31","Mounting","Laser Line-2","Laser Marking + Cleaner","EETP-099","A","BM","10","Machine hang ","Machine got hang ","Data signal not come ","Server communication error come ","Server side no signal come ","Server side issue ","Machine restart after that ok ","Will be informed by PED about the issue.","Electrical","Communication","Yes","Subhash Sheoran,Gagandeep","Completed"
"May","31-05-2024 T10:15","Mounting","MA4","Buffer Conveyor","EETP-055","A","BM","15","PCB Transport error coming ","PCB Transport error coming","PCB sop in between both machine ","Buffer small belt was damage "," BELT Joint was weak ","NA","N.G Belt take out and new belt install after that ok ","","Mechanical","Wear","No","Gagandeep","Under MTD HOSS Approval"
"June","31-05-2024 T23:20","Final Assy","AB Sealer Block-01","Spray Sealer M/C","EEAT-078","C","BM","25","Coat-01 Pallet ON/OFF un-match error","Coat-01 Pallet ON/OFF un-match error","Coat-1 pallet Confirm Sensor not ON","Pallet not reached to Sensor position","Pallet motion was hard.","Coat-1 Sliding Rail was dirty.","Sensor No. 707 Cleaning done. status-NG,Coat-1 Sliding Rail cleaning done & Apply little amount of grease.","Ask PRD to clean rail properly as found dirty.< Point already added in daily check sheet>","Mechanical","Human","No","Mangal Ram Kanwar,Dalip Khajuria","Completed"
"June","01-06-2024 T00:30","Mounting","MA5","SPG","EETP-075","C","BM","10","BCR Communication Error.","BCR convert request timeout error","Bar Code data not received to SPG","Communication issue","Not clear","","Return to Home Screen and Start production again.","","Electrical","Communication","No","Dalip Khajuria","Completed"
"June","01-06-2024 T06:50","Final Assy","Spot Block-2","Spot-02","EEAT-074","A","BM","30","Discharge Lifter-1 error was coming.","Lifter trouble coming","Lifter up confirmation not coming","Lifter was stuck with cover plate","Lifter block was dirty","Flux accumulated on lifter block","Lifter-1 block cleaned & adjust after that OK","We will informed to PRD to cleaning the machine while monthly or weekly activity.","Mechanical","Wear","No","Neeraj,Subhash Sheoran,Sreekanth Sasi","Completed"
"June","01-06-2024 T06:30","Final Assy","Cell Sensor","Spray Sealer","EEAT-163","A","BM","25","Sealer missing problem was coming in R1 & R2 in ISS BMU.","Sealer missing problem was coming.","Sealer spray width was minimum .","Spray Checking Sensor given NG judgement.","Sensor was dirty,","IPA/Thinner dot available on sensor glass.","Checked spray width of Both Nozzle found 9.2.,Auto width adjust on after that same.,Checked sensor found dirty so cleaned it after that spray adjusted on ,Also found both Nozzle back pressure set on maximum range so adjust it on center after that ok","Requested to PRD during nozzle cleaning time first cover to sensor by cloth .","Electrical","Human","No","Neeraj,Subhash Sheoran","Completed"
"June","01-06-2024 T12:50","Final Assy","Cell Sensor","MRC-04","EEAT-029","A","BM","40","Camera PC OFF AFTER TEA BREAK","Monitor display is not coming ","Signal is not coming from camera controller ","Camera controller faulty","Part failure ","NA","Camera controller check found faulty.,Camera controller change with spare (Repaired one)  then ok","NG camera controller repaired done  and online check pending 
T. Date: 13/06/2024","Electrical","Obsolete","No","Neeraj,Subhash Sheoran","Completed"
"June","01-06-2024 T21:03","Mounting","AOI-08","PCB INVERTER","EETP-132","B","BM","20","Card stuck between 3D & Invertor (HV 4.5)","Card stuck between 3D & Invertor","Inverter m/c width was narrow as per 3D m/c","Suspected Inverter m/c width not making completely during change over","N/A","N/A","PRD side Model change over & again change over done","","Mechanical","Process","No","Jatinder Singh,Indrajit Behera,Sandeep Dhama","Completed"
"June","01-06-2024 T23:45","Final Assy","FA-AB2","Connector Pin Check","EEAT-145","C","CM","15","Process skip error coming  in GSS system (HONDA 2TG)","Process skip error coming in GSS system (HONDA 2TG)","CPC machine Time ng showing IN GSS system","Connector pin check machine time 4 hrs ahead showing ","actual cause not clear","n/a","During runing time Process skip error coming in GSS system (HONDA 2TG),Laptop connect with PLC in connector pin check machine,Check  CPC machine PLC Time 4 hrs. Ahead showing,So CPC machine PLC time 30 Minute ahead setting done, after that ok","","Both","Design","No","Mangal Ram Kanwar","Completed"
"June","03-06-2024 T08:49","Final Assy","FA-WP4","FILTER ASSY","EEAT-200","A","BM","11","Mashroom not come up after press fit","Card stuck issue after filter press","Case stuck with mushroom guide ","Mushroom does not get up","Mushroom unit was dirty","NA","Mashroom not come up after press fit,,Finally mashurom unit take out and cleaning done ,After that m/c run ok","We will study Electrical drawing to analysis further T.D-04-06-2024","Mechanical","Wear","No","Indrajit Behera","Completed"
"June","03-06-2024 T09:20","Final Assy","Cell Sensor","Spray Sealer","EEAT-163","A","BM","30","Sealer Splash in Prohibited Area (R2 Side)","Sealer spread coming on bottom (ISSBMU)","Coat-2 spray width not good ","Coat-2 spray width fluctuating ","Strainer filter dirty","Suspected sealer dust accumulates on filter","Coat-2 width adjust,Coat-2  nozzle chip cleaning done ,Steiner filter cleaning done then ok","We will changed the frequency of strainer filter cleaning.","Mechanical","Process","No","Ujjawal,Jatinder Singh","Completed"
"June","03-06-2024 T06:15","Mounting","MA4","NPM-03","EETP-101","A","BM","25","Filter full error coming in NPM-3 TB-2 Hd-13","Filter full error coming","Vacuum NG not coming ","Vacuum not coming in spec. (Above -80)","Suspected Nozzle holder shaft was dirty","N/A","Nozzle change - NG,Nozzle holder change - NG,So temp. Head disable and production start ok,After that, during Break time, Shaft cleaning Done and Head Enabled.","Head shaft clean in B shift T.D - 03-06-2024-Done","Mechanical","Process","No","Ujjawal,Jatinder Singh","Completed"
"June","03-06-2024 T07:06","Mounting","Laser Line-1","Laser Marking + Cleaner","EETP-046","A","BM","30","QR Reading fault coming ,,QR matching level low error coming,","QR Reading fault coming","PCB QR not read by camera","QR Image not shown clearly","Suspected QR position was disturb","N/A","Finally pcb take out and laser unit clean but same Finally try to auto tuning in bank-7 after that ok,Finally try to auto tuning in bank-7 after that ok","","Electrical","Process","No","Ujjawal,Jatinder Singh,Indrajit Behera","Completed"
"June","03-06-2024 T20:40","Mounting","AOI-5","3D-05","EETP-070","B","BM","15","Cross mark shifting problem coming (YHB 882X R1)","Cross mark shifting problem coming (YHB 882X R1)","X-Y axis cross mark position out of range","Suspected programm side issue (only YHB model)","N/A","N/A","Cross mark shifting problem coming (YHB 882X R1),Cross mark shifting problem Coming in  only  YHB Model & other model runing ok found","Request to prd, Please Contact to PED For this YHB model","Both","Design","Yes","Mangal Ram Kanwar","Completed"
"June","04-06-2024 T06:15","Final Assy","FA-WP3","Silicon All-round","EEAT-156","A","BM","30","YCA Product weight NG coming 3.56g lower side (Spec.3.57 ~ 4.37)","Product weight NG coming","Less Silicon apply on product","Silicon not apply as per main unit stroke ","Main PUMP unit was leakage ","Suspected main pump unit seal damage","Take long dummy shot,Main unit cleaning done,Finally Coat gain adjust 1.180 to 1.300 then ok","Main unit seal change in shut down (T.D 11.06.2024)","Mechanical","Part-Failure","Yes","Ujjawal,Jatinder Singh,Indrajit Behera","Completed"
"June","04-06-2024 T14:35","Final Assy","FA-WP3","Silicon All-round","EEAT-156","B","BM","25","Daily check time 3 gram strip weight check ng coming","Daily check time 3 gram strip weight check ng coming","Sillicon application Amount out of spec","suspected main tank have leakage","n/a","na/","Daily check time 3 gram  strip weight check ng coming (upper side)  (YCA),Nozzle clean & dummy shot taken but ng,Finelly for 3 Gram strip weight stroke value changed  (F-26,   -7.20 TO  -6.85 DONE),After that 1 & 3 gram strip weight check ok, part run ok","main tank overhauling plan in shut down till 16-06-2024","Both","Design","No","Mangal Ram Kanwar,Jaydev Mal,Mukesh","Completed"
"June","04-06-2024 T13:40","Final Assy","Spot Block-2","Spot-02","EEAT-074","B","BM","70","Fluxer-1 atomization air valve Error coming","Fluxer-1 atomization air valve Error ","Delay air coming in nozzle","Fluxer-1 atomization air valve not work properly ","Valve spool movement was hard","Flux coming in side nozzle","Fluxer-1 Nozzle-1 swap with Nozzle-2 but same,Pressure increase but same so revert,atomization air valve tube clean ,Finally Fluxer-1 atomization air valve change with spare","Already planning to changed the valve in Shutdown.<Jun'24>","Mechanical","Part-Failure","No","Ujjawal,Jatinder Singh,Jaydev Mal","Completed"
"June","05-06-2024 T02:43","Final Assy","ENG Sealer Block-03","Flash Writing","EEAT-211","C","CM","30","Poka-yoke buzzer not working.","Poka-yoke not working.","Buzzer sound was not coming.","Buzzer faulty.","Part failure.","","Buzzer power checked -ok.,Buzzer changed with spare after that ok.","","Electrical","Part-Failure","No","Neeraj","Completed"
"June","05-06-2024 T04:19","Final Assy","FA-WP2","3W Gel-01","EEAT-111","C","BM","16","Fault No -3 coming at DC1V model.","Fault No -3 was coming.","Camera Checking was NG coming.","Judgement value was lower side coming.","More shining mark coming in product according to master.","Product side variation.","Teaching done & all master confirmed found ok.","OK master giving Ok. But fault coming in product. Found condenser was more shining. ","Electrical","Design","No","Neeraj","Completed"
"June","05-06-2024 T18:40","Mounting","AOI-6","3D-06","EETP-090","B","BM","10","3D  machine Hang.","3D machine Hang.","IP-3000 Application not respond.","Suspected that communication issue between application and machine hardware.","","","Application Close and Open, but Application does not respond.,Finally machine restart. After that-OK.","HDD change already planned in shut down.","Electrical","Design","No","Anshul Gupta,Dalip Khajuria","Completed"
"June","05-06-2024 T19:35","Final Assy","Cell Sensor","MRC-04","EEAT-029","B","BM","40","Grains in display MRC","Blur image coming ","Communication break with MRC controller ","MRC Controller Communication Cable was faulty ","Communication cable touching with machine body ","Maybe Communication cable dressing layout was not good.","MRC Communication reconnect from Both side.,MRC Controller Restart,Noise filter added in signal cable ,MRC communication Cable change with New.","MRC Communication cable dressing layout change to avoid touching with machine body. < Dressing with cable sleeve done on 05/06/2024 C-shift>","Both","Wear","No","Ujjawal,Mangal Ram Kanwar,Jaydev Mal,Dalip Khajuria","Completed"
"June","05-06-2024 T18:42","Mounting","AOI-6","AOI-06","EETP-089","B","BM","80","Upper Link Error : Register Data Error","Upper Link Error : Register Data Error","QR data transmission not happen between Scan conv. and AOI m/c","Communication Link Break.","Suspected Serial cable connection issue.","","This problem come, After 3D M/C Restart, because of 3D Application Hang,AOI m/c Inspection Process close and open , then this error coming,AOI m/c Application Close and Open,AOI m/c Power OFF/ON,3D, AOI and Scan Conv. m/c Power OFF/ON,RS 232-C2 Cable Reconnect,Model Changeover done,Finally RS 232 port Communication Setting changed and Revert back to original.","1. Serial Cable change planned.- 23-06-2024
2. 3D PC change if still issue re-ocuurs.","Electrical","Communication","Yes","Anshul Gupta,Jaydev Mal,Dalip Khajuria","Completed"
"June","05-06-2024 T02:15","Mounting","AOI-5","3D-05","EETP-070","C","BM","15","Machine hang during running","Machine hang during running","Application was not respond","Communication issue","Na","Na","Machine restart ,Pc side all connection reconnect ","","Electrical","Design","No","Gagandeep","Completed"
"June","06-06-2024 T08:15","Final Assy","Cell Sensor","Spray Sealer","EEAT-163","A","BM","38","Extra sealer coming on prohibit area (ISS-BMU-R2)","Extra sealer coming on prohibit area R2 side","Sealer Shot Start near by pohibit area  ","Suspected sealer shot direction problem","N/A","N/A","Check dummy shot OK,Check sealer spray & Chip clean,Finally sealer program modified ","","Mechanical","Process","No","Ujjawal,Jatinder Singh,Sandeep Dhama","Completed"
"June","06-06-2024 T17:20","Mounting","MA2","CM212-3","EETP-016","B","BM","60","Data Check Error","Data Check Error","M/C running condition not Fulfilled as Per model requirement.","Nozzle (1006) Pick up condition not fulfilled","TBL-2 HD-2 was Disable.","θ-2 Motor NG. (Current Excess Error)","During Model Changeover this problem come.,As per model requirement TBL-2 HD-2 (Nozzle 1006) condition not fullfilled,TBL-2 HD-2 was disabled (Current Excess Error coming because θ-2 motor NG)),TBL-2 HD-3 disable and try to run m/c but same error coming.,Finally IC Mounting change from TBL-2 to TBL-4 from Program Side with the help of PED","we will change θ-2 Motor in shut down.
Activity Done and Now Head Enabled on 10th June 2024","Electrical","Part-Failure","Yes","Anshul Gupta,Dalip Khajuria","Completed"
"June","07-06-2024 T03:45","Final Assy","FA-WP2","VCS-10","EEAT-057","C","BM","10","Bit detection error was coming in DC1V modal","Bit detection error coming","Jig motion not complete ","Cylinder was not working","Air supply not coming on cylinder","Solenoid valve faulty","Solenoid valve replaced with new one.","Need to add Long Term PM/ Overhauling Plan after discuss with HOS/HOSS. (Old machine more than 15 yrs.)","Pneumatic","Part-Failure","No","Neeraj,Subhash Sheoran,Sreekanth Sasi","Completed"
"June","06-06-2024 T22:50","Final Assy","FA-WP2","Silicon Below","EEAT-080","C","BM","15","More silicon coming in overlapping area","More silicon coming in overlapping area.","More silicon dispense in overlapping area.","Dispensor motor is New.","Part failure.","N/A","Delay time decreased from program side after that ok.,Delay -Left side 250 to 100 ,Right side 200 to 100","Dispensor motor faulty.","Electrical","Part-Failure","No","Neeraj","Completed"
"June","07-06-2024 T10:10","Final Assy","Spot Block-1","AOI-04","EEAT-026","A","BM","25","Machine Power Can not ON","Machine power not ON ","Machine Power ON circuit not completed","Front door close confirmation is not coming ","Door lever was misalign ","Lever mounting loose ","Check main input power in machine found ok,Check Emergency switch found ok,check door switch found confirmation is not coming so align the lever then ok","Door lock checking point will reflect in PM check sheet","Mechanical","Process","No","Ujjawal,Jatinder Singh,Indrajit Behera","Completed"
"June","07-06-2024 T15:00","Final Assy","Spot Block-03","SPOT M/C","EEAT-214","B","BM","20","Fluxer-1 flux leaking error coming (YCA)","Fluxer-1 flux leaking error coming (YCA)","fluxer pressure is out of range ","Nozzle piston not movement ","Due to flux accumulate in the Piston of nozzle","N/A","star-tup time Fluxer-1 position pallet stop & error come,So pallet manually take out & machine origin done,main flux tank side  lower limit flux liquied found, so flux tank full, after that  dummy width taken ok ,Again machine auto runing & same error come, so nozzle unit side flux & air coupler cleaning done,Nozzle piston manully movement done, after that ok","Request  to prd please weeckly cleaning of nozzle unit , if required so please change the seal","Both","Process","No","Mangal Ram Kanwar,Jaydev Mal,Mukesh","Completed"
"June","07-06-2024 T20:15","Mounting","AOI-6","AOI-06","EETP-089","B","BM","60","Upper Link Error : Register Data Error","Upper Link Error : Register Data Error","QR data transmission not happen between Scan conv. and AOI m/c","Communication Link Break.","Suspected May be 3D PC side issue or Serial cable issue.","","This problem come, After 3D M/C Restart, because of 3D Application Hang,AOI m/c Inspection Process close and open , then this error coming,AOI m/c Application Close and Open,3D, AOI and Scan Conv. m/c Power OFF/ON,Finally RS 232  Communication cable reconnect from both M/c. AOI & 3D M/C, After that OK.","","Electrical","Communication","Yes","Anshul Gupta,Jaydev Mal,Dalip Khajuria","Completed"
"June","08-06-2024 T03:30","Mounting","MA7","NPM-2","EETP-146","C","BM","20","TL TP closin error coming ","TL TP axis closing error coming","TL axis not move to Origin Position","Left side shutter rod interfere with TL axis ","Design Issue","NA","Machine restart,Shutter movement not ok left side,Touch with Tl axis so TL axis manual move up after that machine run ok ","","Mechanical","Design","No","Gagandeep","Completed"
"June","08-06-2024 T10:40","Mounting","MA6","SPG 2","EETP-116","A","BM","20","Support Block axis interlock error","Support Block axis interlock error","M/c judged Support block  maximum limit","Support table plate was bent","During change over support plate hit support block","Human mistake","After change over this problem coming,Support block clean ,Support table plate aligned","Request to PRD plz use correct method during support block installed ","Mechanical","Human","No","Jatinder Singh,Indrajit Behera","Completed"
"June","08-06-2024 T14:50","Mounting","AOI-5","3D-05","EETP-070","B","BM","10","3D Machine Hang","3D Machine Hang","IP-3000 Application not respond.","Suspected that communication issue between application and machine hardware.","","","Application Close and Open, but Application does not respond.,Finally machine restart. After that-OK.","Camera Hub Changed with Spare on 18-06-2024. - U/O
Next Action- Camera Cable change.","Electrical","Design","No","Dalip Khajuria","Completed"
"June","08-06-2024 T14:30","Mounting","AOI-5","3D-05","EETP-070","B","BM","15","CROSS MARK SHIFT PROBLEM  (HV4.5-R2)","CROSS MARK SHIFT PROBLEM","Camera Position disturbed.","Camera origin do not take at required position","Not Clear","","Machine origin done and Offset given in IC lead.","","Both","Process","No","Dalip Khajuria","Completed"
"June","16-06-2024 T09:08","Final Assy","FA-NWP3","Spray Sealer M/C","EEAT-027","A","BM","60","Exhaust sensor fault coming.","Exhaust sensor fault coming.","Exhaust confirmation not coming","Exhaust controller was not working","Exhaust confirmation relay was not ON","Relay was faulty","Exhaust check its under spec.,Exhaust hose cleaned due to sealer particles coming.,Exhaust confirmation relay (CR7)replaced with new one after that OK","","Electrical","Part-Failure","No","Subhash Sheoran,Mangal Ram Kanwar","Completed"
"June","17-06-2024 T08:35","Final Assy","FA-WP3","Silicon All-round","EEAT-156","A","BM","75","Less silicon coming on product &Weight NG coming (3.35 gm)","Less silicon coming on product &Weight NG coming","Silicon not proper dispense from supply valve
","Supply valve open/close position shifted
","Grub screw wear out","Part failure",".Less silicon coming on product & weight coming out of Specs. Specs:-3.57 to 4.37g ,Actual Weight-3.35g,Checked supply valve position  was not closed properly.,Manually closed the valve & checked the grub screw condition found wear out.,Wear out grub screw remove & Used Allen Bolt with locking Nut in place of grub screw.","During Periodic Overhauling 1/6M of Supply Valve Grub Screw condition will check.
Also, in place of grub screw Allen bolt will used after discuss with Maker. T.D-30-06-2024
","Mechanical","Wear","No","Subhash Sheoran,Jaydev Mal,Dalip Khajuria,Dipshikha","Completed"
"June","18-06-2024 T07:20","Final Assy","Cell Sensor","Spray Sealer","EEAT-163","A","BM","40","Sealer missing in the bottom side (R1) & Extra sealer in Top side (R2) problem coming (ISS-BMU)","Sealer missing in the bottom side (R1) & Extra sealer in Top side (R2) problem coming (ISS-BMU)","Abnormal sealer application (Coat-2)","Suspected Nozzle piston timely not open/close","Nozzle Piston movement not ok","","Sealer missing in the bottom side (R1) & Extra sealer in Top side (R2) problem coming (ISS-BMU),Dummy width check ok, sealer viscocity maintain due to out of range ,Coat-01 & coat-02 nozzle chip take out & cleaning &  installed done,,Coat-01 Pressure width adjustment done for sealer miss problm, after that ok","Nozzle change plan ,targate date: - 23-06-2024","Both","Process","No","Mangal Ram Kanwar,Jaydev Mal","Completed"
"June","17-06-2024 T16:40","Final Assy","Cell Sensor","Spray Sealer","EEAT-163","B","BM","30","Sealer miss coming on R1 side (ISS BMU).","Sealer missing issue was coming in R1 side.","sealer spray was not in 90 degree.","Nozzle chip was loosed .","Suspected -Nozzle cleaning time loosed .","NA","Spray checked found not in 90degree due to chip loosed.,Chip tight & spray checked ok.,Product checked found 70% ok after that program modified .","Informed to PRD & MTD to confirmed the nozzle chip tightening while chip cleaning.","Mechanical","Human","No","Neeraj,Gagandeep","Completed"
"June","17-06-2024 T16:30","Final Assy","FA-AC1","RT-AC Amp","EEAT-020","B","BM","20","Continues card fail  ,One wire was broken from soldering point ","Continues card fail","Judgment was not come ","Wire was broken ","5 wire bunch attached with 1 wire ","NA","Master check also fail on same step ,Found 1 wire was found broken so soldering done after that ok ","Informed to PRD about this problem and take care of handling the wire harness.","Electrical","Design","No","Gagandeep","Completed"
"June","17-06-2024 T15:10","Final Assy","FA-WP3","Silicon Below connector","EEAT-153","B","BM","100","Less silicon coming in the start point (YNC).","Less silicon was coming in product.","Silicon not proper dispense from supply valve.","Supply valve cylinder mounting position shifted .","Grub screw wear out.","Part failure .","Dummy short checked found pressure going to higher side.,Silicon dispense for air released .,Opened  the silicon air release valve found silicon coming from while valve is closed .,Checked supply valve position by opening the cylinder found valve was not closed properly .,Manually closed the valve & checked the grub screw condition found it was wear out so changed the grub screw with spare .,After cylinder assy. on the valve & checked the dummy found pressure not going to higher side.","Allen bolt provided with lock nut								
","Mechanical","Part-Failure","No","Neeraj,Sreekanth Sasi,Jaydev Mal","Completed"
"June","17-06-2024 T17:10","Final Assy","FA-WP3","Silicon All-round","EEAT-156","B","BM","50","Less silicon coming on first point.","Less silicon was coming in product.","Silicon not proper dispense from supply valve.","Supply valve cylinder mounting position shifted .","Grub screw wear out.","Part failure .","Checked supply valve position by opening the cylinder found valve was not closed properly .,Manually closed the valve & checked the grub screw condition found it was wear out .,Now changed Allen bolt with locking nut in place of grub screw after that ok.","Grub screw will be change when overhauling the supply valve . Also do one more locking at opposite side of the connecting rod.","Mechanical","Part-Failure","No","Neeraj,Sreekanth Sasi,Gagandeep","Completed"
"June","17-06-2024 T14:32","Mounting","MA7","NPM-1","EETP-145","B","BM","20","PCB transfer error coming ","PCB Transfer error coming ","PCB detect sensor not ON within Time limit","PCB did not reach the Mount position","Suspected bur available in PCB  ","N/A","PCB Manual take out ,But machine need pcb on location so place pcb on location after that machine run ok ","","Mechanical","Design","No","Gagandeep","Completed"
"June","17-06-2024 T22:00","Mounting","MA4","NPM-02","EETP-104","B","BM","94639","","","","","","","","","","","","Gagandeep","Work Order Closed"
"June","17-06-2024 T23:00","Mounting","MA5","Board Flipper and Cleaner","EETP-074","C","BM","80","PCB Transferring Time out error in inverter m/c","PCB Transferring Time out error ","PCB not arrived at stopper position ","PCB was damage & stuck in conveyor","Movable side rotation conveyor belt come out from pully","Pulley Allen bolt damage","During running time this problem coming R2 to R1,Check movable side rotation conveyor position was disturb & belt come out from pully,So we found Movable side rotation Pully Allen  bolt was damage so remove and change with spare after that ok","Others line same m/c pully Allen bolt condition check (T.D-18.06.2024)","Mechanical","Wear","No","Jatinder Singh,Indrajit Behera,Sandeep Dhama","Completed"
"June","18-06-2024 T00:40","Mounting","MA5","YS Loader","EETP-073","C","BM","25","Gripper board drop error","Gripper board drop error","Empty jig was not unload","jig PCB confirm sensor was malfunction","Sensor sensing power was low","Continue use","jig PCB confirm Sensor clean,sensor Amplifier set value change ,Finally fiber wire cut & Re-installed","sensor Type change","Electrical","Design","No","Jatinder Singh,Indrajit Behera,Sandeep Dhama","Completed"
"June","17-06-2024 T22:50","Mounting","MA7","UNLOADER","EETP-151","C","BM","25","Machine not take in stocker width,,No alarm given by machine. ","Stocker width not change by machine,","No any alarm given by machine.","Cause not clear","Suspected stocker no-182 side issue","","Manually stocker take out and re-install but same,,Machine power off-ON but same,,Loader and pusher conveyor both m/c power off/ON but same,,Finally stocker change with other after that stocker width ok,,After that m/c run ok","Request to PRD  do not used NG stocker ","Both","Wear","No","Jatinder Singh,Indrajit Behera","Completed"
"June","18-06-2024 T10:00","Final Assy","Cell Sensor","Spray Sealer","EEAT-163","A","BM","50","Sealer Miss problem, on bottom side (R1) & Extra sealer coming on Top side (R2)","Extra sealer coming on Top side (R2)","Nozzle-2, Spray was not OK.","Tail coming ,during spray","Nozzle piston not move properly","Piston seal get sticky","For Sealer Miss problem, on bottom side (R1) ,Sealer coating program modified. ,Then upload to M/c & Check found OK.,For extra sealer coming on Top side (R2), Nozzle-2, dummy check, Found tail coming on center area.,So Nozzle-2, change with spare & Dummy centering adjust ,Dummy check ,found OK. Then run production ,OK.","Nozzle cleaning Point will add in P.M check sheet 1/6M T.D-23-06-2024","Mechanical","Wear","No","Mangal Ram Kanwar,Jaydev Mal","Completed"
"June","19-06-2024 T08:00","Mounting","AOI-7","PCB Loader","EETP-105","A","BM","15","Board jam at inlet conveyor error","Board jam at inlet conveyor error","Suspected that Communication issue (As no Board Present  in machine)","","","","Check all Sensor found working OK.,Down stream machine origin done. After that-OK","","Electrical","M/c Communication ","No","Dalip Khajuria","Completed"
"June","20-06-2024 T04:15","Mounting","MA4","NPM-06","EETP-057","C","BM","30","TL axis driver error in 8040 model","TL axis driver error","TL axis was not move","Connector stuck in TL axis","Connector drop in M/c","Human mistake","Machine origin done,M/c power Off/On ,Remove the all tray and we found connector stuck in TL axis so remove the connector then ok","","Mechanical","Human","No","Jatinder Singh,Indrajit Behera,Sandeep Dhama,Mukesh,Omvir","Completed"
"June","20-06-2024 T07:06","Mounting","AOI-7","AOI-07","EETP-107","A","BM","14","Sequence processing error","Sequence processing error.","Sequence not completed.","Communication Break.","Not clear","","Error coming and Error Recovery option not coming.,So Machine power OFF and ON. After that-OK","","Electrical","Communication","No","Jaydev Mal,Dalip Khajuria","Completed"
"June","20-06-2024 T18:02","Final Assy","ENG Sealer Block-02","Spray Sealer","EEAT-194","B","BM","23","Outlet door not open ","Pallet not drawn out ","Door was not open in running mode","Drying chamber exit pass check sensor 1114 was not on","Sensor side issue ","NA","Door manual open and pallet take out and run ,Machine master on/off but same ,Sensor clean but same ,Found 1114 no sensor was not on so lens clean but same ,Finally found sensor side issue so now set value change 8.0 to 6.0 now ok ","We will plan to change the sensor with new. TD:- 07/07/2024","Mechanical","Design","Yes","Sreekanth Sasi,Gagandeep","Completed"
"June","20-06-2024 T18:01","Mounting","MA7","UNLOADER","EETP-151","B","BM","10","Motorized pusher driver error coming ","Motorized pusher driver error coming","Card not goes proper in stocker ","Stocker width was tight ","Stocker side issue ","NA","Stocker take out and another stocker run ok ","Informed to PRD to checked the stoker with PMG.","Mechanical","Design","No","Gagandeep","Completed"
"June","21-06-2024 T05:45","Mounting","MA5","NPM-8","EETP-097","C","BM","15","Move command received while in power off","Move command received while in power off","Communication Issue","Not Clear","","","Check m/c side No abnormality found.,So Error Reset and machine origin done. After that-OK.","","Electrical","M/c Communication ","No","Dalip Khajuria,Indrajit Behera","Completed"
"June","20-06-2024 T10:59","Final Assy","Spot Block-1","Spot-01","EEAT-096","A","BM","61","Dip tester value NG. coming (116 °C)","Dip tester value NG. coming","Proper temperature not coming to dip tester lead","Halogen Heater no -7 & 8 was not glowing","Halogen Heater no -7 & 8 was fused","Part Failure","Check & found Halogen heater no-7 & 8 was fused,Heater not available in spare, So temporary heater no-7, swap with 13.,After that Dip tester value coming 152 °C ~157 °C. OK.","After spare Halogen heater available in spare , Then change the fused heater
NG Heater Replacement done 01st Jul 2024","Electrical","Part-Failure","Yes","Jaydev Mal,Dalip Khajuria","Completed"
"June","21-06-2024 T13:10","Mounting","AOI-7","3D-07","EETP-108","A","BM","15","3D Machine Hang ","Key board buttons not work while checking","3D Machine get stop and hang","Machine and PC Communication broken","Because PC not working","NA ","Card Take Out And Application Close Open ,M/C Restart after that ok ","","Electrical","M/c Communication ","Yes","Gagandeep","Under MTD HOSS Approval"
"June","21-06-2024 T16:10","Final Assy","FA-WP2","Silicon Below","EEAT-080","B","BM","15","Nagara switch was not working ","Machine not auto run ","Nagara switch signal not come ","Nagara switch was n.g ","Nagara life is over ","NA","NAGARA SWITCH CHANGE WITH OLD REPAIR  SAPRE ","We will changed the Nagara switch as per condition base.","Electrical","Part-Failure","No","Sreekanth Sasi,Gagandeep","Completed"
"June","21-06-2024 T17:00","Mounting","MA2","CM212-2","EETP-015","B","BM","40","Emboss not cut ","Pickup error come ","Empty Emboss was stuck ","Empty emboss was not cut by cutter","Cutter Cylinder was not move ","Solenoid valve was n.g ","Cutter manual move ok ,Solenoid check Ok ,Cylinder movement check ok ,Solenoid valve change ","","Mechanical","Part-Failure","No","Gagandeep","Completed"
"June","22-06-2024 T02:30","Mounting","MA2","Reflow Oven","EETP-025","C","CM","120","Water level trouble error","Water level trouble error","Chiller unit water flow was NG","Chiller unit water circuit was dirty","Continue use","N/A","Chiller unit water change ,Water flow adjusted,Water circuit between all joint cleaning done","Request to PRD Please change chiller unit water on time as per daily check sheet","Mechanical","Process","No","Jatinder Singh,Omvir","Completed"
"June","21-06-2024 T23:00","Mounting","MA2","CM212-2","EETP-015","C","CM","120","Emboss not getting cut during running condition","Emboss not getting cut","Cutter was not move","Reverse air not coming in cylinder","Sol. was faulty","Part failure","Check cutter movement by hand ok,Check right cylinder found reverse air not coming so change the sol. valve with spare then ok","Left side cylinder sol. valve also cleaning done","Mechanical","Part-Failure","No","Jatinder Singh,Omvir","Completed"
"June","22-06-2024 T05:32","Final Assy","FA-NWP3","MRC-03","EEAT-075","C","BM","20","Camera signal not coming ","No signal coming in monitor","Camera controller not ON","IN put voltage not coming ","Power cable come out in extension board","NA","Camera controller not ON,Check in-put voltage not coming ,,Power cable come out ,Finally power cable connected properly after that camera controller ON and image coming ok,","","Electrical","Wear","No","Jatinder Singh,Indrajit Behera","Completed"
"June","22-06-2024 T16:15","Final Assy","FA-NWP3","Screw driver-632A","EEAT-124","B","BM","10","Double sound come ","Abnormal sound come ","Screw driver was not stop","Screw  driver cam was damage ","Life is over ","NA","Lubrication done and cam change done ","","Mechanical","Part-Failure","No","Gagandeep","Completed"
"June","23-06-2024 T04:00","Mounting","MA6","SPG 2","EETP-116","C","BM","20","Support block axis interlock error coming ","Support block axis interlock error coming ","M/C judged support block maximum limit ","Support table plate was bent","During change over support plate hit support block","Human mistake","Finally support block plate alignment done, after that ok,","Informed to PRD to proper handling the support plate while change over.","Electrical","Allignment","No","Indrajit Behera","Completed"
"June","24-06-2024 T06:35","Final Assy","FA-WP4","AIR LEACK CHECK","EEAT-209","A","BM","25","NG master data not Match","NG master data not Match","detect pressure was NG","Detect pressure found low, its related to flow adjustment pressure","Flow adjustment pressure was low coming","Flow pressure was distrub","Flow pressure adjustment done after that OK","","Both","Part-Failure","No","Neeraj,Subhash Sheoran,Gagandeep","Completed"
"June","24-06-2024 T06:49","Final Assy","Cell Sensor","Spray Sealer","EEAT-163","A","BM","118","Sealer missing & prohibited issue on R1 & R2 Side in ISS BMU.","Sealer Missing & prohibited issue.","less gap between prohibited & application area","Product application pattern design constraint
","Pallet design under modification to cover sealer prohibited area ","Suspected pallet design issue","As per discussion in CFT ,Program shot direction will  change in R1 side ,,Program shot direction changed vertical to horizontal now under observation. ","Now Under discussion PED ,MTD ,PRD , pallet will modify.","Mechanical","Design","No","Neeraj","Under PRD TL Approval"
"June","22-06-2024 T16:00","Final Assy","Cell Sensor","Spray Sealer","EEAT-163","B","BM","110","Sealer missing on R1 side in ISS BMU.","Sealer missing Issue on component body.","Sealer not proper applied on component body.","Modified program is running."," Program modified for Sealer splashing ,missing .",".","Three point short added in this area for body covering after that ok.","","Mechanical","Design","No","Neeraj","Under PRD TL Approval"
"June","25-06-2024 T06:25","Final Assy","Spot Block-2","Spot-02","EEAT-074","A","BM","30","Idling wave is high coming during daily check","Idling wave is high coming","Solder wave pump rpm found high(920rpm).
spec(430~530)","Idling wave setup Program found NG ","During program modification by PED, program registering not completed","Human mistake","Idling wave rpm adjusting done as per PED instruction for YCA modal.","","Electrical","Human","No","Subhash Sheoran","Completed"
"June","25-06-2024 T13:14","Mounting","AOI-08","AOI-08","EETP-130","A","BM","10","Power off error coming","Power off error","PCB was not unclamp with in time","Unclamp speed was different.
Unclamp: 180~220ms Clamp :380~420ms","PCB Burr Dust on Cylinder Shaft","N/A","Machine application close/open then ok ,In break time clamp speed adjust with in spec. then ok,PCB Burr removed on Cylinder","clamp speed adjust with in spec. ","Mechanical","Process","Yes","Jatinder Singh","Completed"
"June","25-06-2024 T06:20","Mounting","MA5","SPG","EETP-075","A","BM","15","BCR Communication error ","Card not come in machine from flipper ","Ready signal not come from spg machine ","PCB QR Code data not transfer in spg ","Communication Not complete ","VERSION ISSUE ","Machine restart and Lan cable reconnect ","","Electrical","M/c Communication ","Yes","Gagandeep","Completed"
"June","26-06-2024 T12:25","Final Assy","FA-WP3","HT Chamber","EEAT-053","A","BM","20","Upper door lock broken","Door lock not working","slide unit broken","Continuosly use","Its process is continue open/close",".","Door lock replaced with new one","","Mechanical","Part-Failure","No","Subhash Sheoran,Gagandeep","Completed"
"June","27-06-2024 T15:40","Mounting","MA7","NPM-2","EETP-146","B","BM","20","Nozzle Hight rang exceeded error coming","Nozzle Hight rang exceeded error","Nozzle Hight NG judged by camera","Nozzle Hight was NG","Nozzle tip was broken","","Check nozzle found broken in running condition,Check head-1 movement ok,Finally change nozzle with spare","Actual cause not clear. Under discussed with PRD.","Mechanical","Process","No","Sreekanth Sasi,Jatinder Singh","Completed"
"June","28-06-2024 T06:20","Mounting","MA5","SPG","EETP-075","A","BM","10","BCR Communication error","BCR Communication error","Barcode convert request timeout","Barcode data not received by SPG m/c","Communication issue","","Machine Power OFF/ON. After that-OK.","Version Upgrade by PED/Maker now OK","Electrical","Design","Yes","Dalip Khajuria,Indrajit Behera","Completed"
"June","28-06-2024 T11:20","Final Assy","FA-AB3","FAL-AB-LT","EEAT-146","A","BM","30","Output connector pin broken (M/c side)","Harness Output connector Not connected","Output connector pin broken ","Suspected During Harness change over pin broken","Human mistake","","Output connector pin no.-1 & 22 change with spare","Request to PRD Plz use correct method during harness change over","Mechanical","Human","No","Jatinder Singh,Indrajit Behera","Completed"
"June","29-06-2024 T21:00","Mounting","MA5","Reflow Oven","EETP-083","B","PM","","","","","","","","","","","","","Gagandeep","Assigned"
"June","29-06-2024 T22:09","Mounting","MA5","Reflow Oven","EETP-083","B","BM","20","O2 density error","O2 density error","O2 coming out of spec.","O2 density varies","Under Investigation","","Zone-8 N2 flow increased. After that-OK.","Suspected connector side leakage connecting O2 circuit. Will check the condition- 28/07/2024","Pneumatic","Wear","No","Dalip Khajuria","Completed"
"June","29-06-2024 T22:00","Mounting","MA5","Reflow Oven","EETP-083","B","BM","20","Product jam in reflow outlet conveyor.","Product jam in reflow outlet conveyor.","PCB Motion not Smooth","Guide Roller was dirty","","","Outlet side guide Roller cleaning done. After that-OK.","","Mechanical","Human","No","Dalip Khajuria","Completed"
"June","29-06-2024 T21:10","Mounting","MA4","Reflow Oven","EETP-059","B","BM","15","Temp Controller Error","Temp. controller trouble error coming ","Temp. controller unit have an error coming ","Design issue ","NA","NA ","Machine restart after that ok","","Electrical","Design","Yes","Ujjawal,Jatinder Singh","Completed"
"July","01-07-2024 T07:40","Mounting","AOI-08","AOI-08","EETP-130","A","BM","20","Power off error coming","Power off error coming","Application not responding","Application was hang","N/A","N/A","M/c power off/On then ok","Communication failed with PC and machine. 
Already discussion on going with maker and PED.","Electrical","Process","No","Jatinder Singh","Completed"
"July","01-07-2024 T07:15","Mounting","MA5","Reflow Oven","EETP-083","A","BM","20","O2 Density error","O2 Density error","O2 was coming out of spec. ","N2 Was not flow properly","Suspected N2 circuit was choke after holiday","N/A","O2 circuit reconnected,N2 Flow Increase and again adjust with in spec. ","N/A","Mechanical","Process","Yes","Jatinder Singh,Omvir","Completed"
"July","01-07-2024 T06:15","Mounting","MA5","Reflow Oven","EETP-083","A","BM","30","Zone 2  & Zone 3 Upper overheat error","Zone 2  & Zone 3 Upper overheat error","Heater thermocouple wire connection open shown","Thermocouple wire not connected properly","Suspected Carbon coming on thermocouple wire thimble ","N/A","Error reset,M/c power off/on,Over heat detection relay (CR-21 & 22) Change,MR-11 Relay change,K103 & K105 Thermocouple wire connection clean & reconnected","Other zone connection also clean","Electrical","Process","No","Ujjawal,Jatinder Singh","Completed"
"July","01-07-2024 T21:55","Mounting","MA6","SPI","EETP-118","B","BM","45","z-aixs origin error","Machine not ready ","Machine origin was not complete ","Machine given z axis origin error ","Z AXIS Sensor was n.g","Na","Machine restart ,Sensor connection reconnect ,Sensor Change ","","Electrical","Part-Failure","No","Neeraj,Gagandeep,Dalip Khajuria","Completed"
"July","02-07-2024 T03:20","Final Assy","FA-WP2","Silicon Below","EEAT-080","C","BM","15","Less silicon coming in overlapping area. <YCA >","Less silicon coming in overlapping area. <YCA >","Suck back time is more.","Silicon automatic dispense issue in this machine.","Dispenser Router unit wear out .","Part failure.","Silicon manually dispense.,Delay time increased 450 to 500 in left & right side start point from program.","Rotor will changed in dispenser unit <Part on ordering>. T.D-21-07-2024","Mechanical","Part-Failure","Yes","Neeraj","Completed"
"July","01-07-2024 T22:40","Mounting","MA6","SPI","EETP-118","B","BM","40","Z Axis origin error coming ","M/C not take ORIGIN ","Z Axis origin error coming ","Z axis Origin sensor was not on ","Sensor was n.g ","NA","Sensor interchange with another sensor ,so sensor change with new one after that ok ","","Electrical","Part-Failure","No","Neeraj,Gagandeep","Completed"
"July","01-07-2024 T23:20","Mounting","MA6","REFLOW OVEN","EETP-124","C","BM","20","PC Error coming ","Machine not run ","Application was hang","PC Communication error coming ","Pc NOT COMMUNICATE With machine PLC ","NA ","Machine restart after that machine run ok ","","Electrical","M/c Communication ","No","Gagandeep","Completed"
"July","02-07-2024 T05:00","Mounting","MA4","YS Loader ","EETP-051","C","BM","20","Chuck error coming ","Chuck error coming ","Sensor was continue on ","Diagonal sensor was disturb ","Diagonal sensor was hit ","PCB Not Proper Set By PRD Person ","Diagonal sensor was disturb so sensor adjust after that ok ","Ask to PRD Every Time check PCB Proper set or not in jig ","Mechanical","Allignment","No","Gagandeep","Under MTD HOSS Approval"
"July","01-07-2024 T06:30","Final Assy","Spot Block-1","Spot-01","EEAT-096","A","BM","240"," Dip tester value coming out of spec","Dip tester value coming out of spec","Temp. not  coming on the dip tester ","Halogen heater burn out (4 Nos)","Part failure ","NA","pre heater Nos.4 found burnout (heater no.4,8,9,13),Heater no.4  change  with spot-2 (heater no.13) but same ,All heater change with spare with New (Heater received today in morning) after that ok.","Discussion with PED About heater burn out  ","Electrical","Part-Failure","No","Ujjawal,Sreekanth Sasi,Jatinder Singh","Under MTD HOS Approval"
"July","02-07-2024 T10:33","Final Assy","FA-AB3","Packaging Jig-03","EEAT-188","A","BM","15","Fault No. 5 coming","Fault No. 5 coming","Screw driver torque NG coming (lower side)","Screw Driver Signal cable connection break","Communication issue","N/A","signal cable re-connected then ok","Signal cable proper dressing done","Electrical","M/c Communication ","No","Ujjawal,Jatinder Singh","Completed"
"July","02-07-2024 T09:30","Mounting","AOI-08","AOI-08","EETP-130","A","BM","50","Power off error coming (0*02814005)","Power off error coming","During process m/c stop","M/c communication break from PC","Communication issue","N/A","M/c application close/open,M/c power off/on ,M/c PCB clamp unit cleaning done,Model change over power window to others model then ok","This problem share with maker","Both","M/c Communication ","No","Ujjawal,Jatinder Singh","Completed"
"July","02-07-2024 T09:00","Mounting","MA5","Multi-Magzine Unloader","EETP-086","A","BM","30","Stocker loading condition not coming during stocker loading","Stocker loading condition not coming","Machine inside stocker wrong orientation shown","Stocker wrong orientation sensor was not ON","Sensor position was disturb","Sensor stay Allen bolt was loose","Stocker change by PRD,Magazine wrong orientation sensor position adjust as per stocker then ok","Check all senser stay and tight it","Mechanical","Allignment","No","Jatinder Singh","Completed"
"July","02-07-2024 T15:30","Mounting","MA3","CM212-3","EETP-039","B","BM","30","Current Excess Error (Theta-2 Axis) ,Current Excess Error (Z-2 Axis),Head Error (Encoder disconnection error)","Multiple error coming, one by one","Communication break","Stress coming on Communication and Power cable","NA","NA","Theta-2 manually move and try to run m/c but Z-2 axis excess current error coming.,Table-1, Z-2 axis, Z- height teach. and run m/c but Head Error (encoder disconnection error coming),Finally Communication and Power Cable side tie band cut to release stress from cables. After that-OK","we will plan to change Communication and Power cable if reoccur
No Re occurence for 1 week , further it will be monitored","Both","Wear","Yes","Jaydev Mal,Dalip Khajuria","Completed"
"July","02-07-2024 T18:40","Mounting","MA3","CM212-3","EETP-039","B","BM","20","Pick up Z-measurement error coming (TBL-4),Nozzle changer open error","Pick up Z-measurement error coming (TBL-4)","Nozzle not picked up by head","Nozzle changer open/close with delay","Nozzle changer cylinder malfunction","Cylinder was faulty","Check Nozzle changer open /close in manual operation found ok, but issue coming in auto running.,So Temporary  Nozzle manual picked up by Head  and Run machine,Permanent action Nozzle cylinder change with spare.","Nozzle changer cylinder changed with spare.","Pneumatic","Part-Failure","Yes","Dalip Khajuria","Completed"
"July","03-07-2024 T06:20","Final Assy","Spot Block-1","Spot-01","EEAT-096","A","BM","75","Pre-heater glass broken","Pre-Heater glass found  broken","Thermal shock due to continue heat up.","Long use and life over. (10 Yrs)","Part failure","NA.","Pre-Heater glass change with New ,After that Take Dip tester value Found ok,now production start ","Check the glass condition (if any crack or damage) while doing PM. ","Mechanical","Human","No","Ujjawal,Jatinder Singh,Omvir","Completed"
"July","03-07-2024 T11:00","Final Assy","FA-WP3","Air blow-05","EEAT-073","A","BM","70","145 alarm come(time over)","Alarm no.145 coming (Nozzle movement cycle time over)","Cylinder forward reed switch not ON.","Nozzle forward movement not completed ","Cylinder seal damaged ","Part failure ","Nozzle cylinder roller cleaning done,Nozzle cylinder speed adjust but same,Nozzle cylinder change with new and Nozzle movement speed adjusts after that ok","Nozzle cylinder seal damage (Part failure)
This point we will add on the shutdown plan with the frequency of 1/Y.","Mechanical","Part-Failure","No","Ujjawal,Jatinder Singh","Completed"
"July","03-07-2024 T13:54","Mounting","AOI-5","AOI-05","EETP-069","A","BM","10","AOI Power off error","AOI Power off error","Application not work","Application was hang","Communication break from PC","Communication issue","PCB clamp unit clean & m/c application close/open then ok","","Electrical","M/c Communication ","No","Jatinder Singh,Dipshikha","Completed"
"July","03-07-2024 T13:55","Mounting","MA6","NPM-1","EETP-121","A","BM","10","Head-1 over load error coming during support pin nozzle pick up time","Head-1 over load error coming","Load detect by head","Support pin nozzle position was disturb","Head-1 holder spring was loose","Holder spring position NG","Holder Change by PRD Then ok","Request to PRD please confirm holder spring position during holder weekly ","Mechanical","Allignment","No","Jatinder Singh","Completed"
"July","03-07-2024 T20:20","Final Assy","FA-WP4","SILICON ALLAROUND","EEAT-205","B","BM","20","Silicon application shifting coming on Product","Silicon application shifting coming","Nozzle centering was not OK.","Nozzle found bend.","N/A","N/A","Nozzle centering check found NG.,Try to adjust centering but not set, due to nozzle bend.,So Nozzle change & centering adjust, then Silicon application OK.","","Mechanical","Part-Failure","No","Jaydev Mal,Dalip Khajuria","Under PRD TL Approval"
"July","03-07-2024 T18:05","Mounting","AOI-08","AOI-08","EETP-130","B","BM","60","An error has occurred on the PCB lock","An error has occurred on the PCB lock","PCB Clamp Unlock abnormal","PCB Clamp unlock Reed switch ON timing mismatch between Fixed and Moveable side Cylinder","Moveable Side PCB Clamp unlock Cylinder Speed was low.","","Machine Restart,Conveyor belt cleaning done. Still Problem come after some time.,Finally Moveable side PCB Clamp Lock/Unlock Cylinder Up/Down Speed adjust (for timing mismatch). After that-OK.","","Pneumatic","Wear","No","Dalip Khajuria","Completed"
"July","03-07-2024 T13:10","Final Assy","FA-WP4","SILICON ALLAROUND","EEAT-205","A","BM","60","Abnormal silicon dispensed from nozzle on home position ","Continues silicon dispenses from nozzle. ","Silicon pressure out of range (High)","Air trap in silicon feeding circuit pipe ","Actual cause not clear. Under investigation.","NA","Nozzle poppet open and cleaned ,Silicon dispensed from nozzle side ,Finally, Silicon dispensed from main pipe after that silicon pressure coming within spec  ,Main pipe connect and again silicon dispensed from nozzle to remove trap air.,Take dummy multiple times then ok","Informed to PRD to proper air release from the line while Can change over.","Both","Process","No","Ujjawal,Sreekanth Sasi,Jatinder Singh","Completed"
"July","04-07-2024 T12:20","Final Assy","FA-WP4","ROOM TEMPERATURE TESTER","EEAT-207","A","BM","","","","","","","","","","","","","Indrajit Behera","Assigned"
"July","05-07-2024 T06:14","Final Assy","FA-WP4","FILTER ASSY","EEAT-200","A","BM","20","Card stuck issue after filter press","Card stuck issue after filter press ","Case stuck mushroom guide","Mushroom does not get up","Mushroom unit was dirty","NA","Finally Mushroom unit take out dirty,Finally Mushroom unit cleaning and lubrication done ,After that ok,","We will check the mushroom unit condition and compare with other line (FA-3WP). ","Electrical","Wear","No","Jatinder Singh,Indrajit Behera","Completed"
"July","06-07-2024 T08:00","Mounting","AOI-7","AOI-07","EETP-107","A","BM","85","Power Off error coming","Power Off error coming","PCB was not unlock With in time (Home Side)","Cylinder Speed was slow","Air Was not coming Properly","N/A","Application Close/Open,PCB Clamp unit Cleaning Done,Finally PCB Home Side Clamp unit Cylinder speed Adjusted,Problem-2. Machine power Off/on AOI & 3D for 3D machine width not taken.","PCB clamp unit speed adjust as per spec.
Will be discuss with PED and maker about this problem and take proper countermeasure","Both","Process","No","Jatinder Singh,Ashish Gupta","Completed"
"July","06-07-2024 T10:15","Final Assy","FA-AB3","Packaging Jig-03","EEAT-188","A","BM","40","Fault no.05 error coming (torque lower)","Fault no.05 (Torque NG coming in lower side)","Screw driver communication NG With  Controller ","Screw driver with controller unit malfunctioning ","Part failure","NA","Screw driver signal cable reconnect ,Torque adjust from screw driver ,Machine restart but same ,Finally screw driver with controller change with new after that ok","We will do the calibrate of NG Screw driver unit  with controller (Off line)","Electrical","Part-Failure","No","Ujjawal,Indrajit Behera","Completed"
"July","06-07-2024 T13:48","Mounting","AOI-7","PCB Loader","EETP-105","A","BM","20","Board jam at inlet conveyor error","Machine stocker loading signal not coming","Board jam at inlet conveyor error shown on TP","Loading conveyor Was not On","Suspected loading request bit was hold","N/A","Loading conveyor sensor condition check ok,Model change over,Finally m/c power off/on then ok","Connect the PLC & check condition no any abnormality found","Electrical","Process","No","Jatinder Singh,Indrajit Behera","Completed"
"July","08-07-2024 T06:10","Final Assy","FA-WP4","LO-HI SCREENING MACHINE","EEAT-199","A","BM","10","SQ Response time out error coming","SQ Response time out error coming
","SQ data not transfer to m/c ","m/c communication issue","N/A","N/A","dally check time this problem  coming,tray to fault reset but ng ,so finaly application close and open after that ok","","Electrical","M/c Communication ","No","Ujjawal,Mukesh","Completed"
"July","08-07-2024 T06:15","Final Assy","FA-WP4","SILICON BELOW CONNECTOR","EEAT-202","A","BM","10","Wrinkles coming on silicon application","Wrinkle coming on product on left side ","Silicon  abnormal dispensed from nozzle "," Dry silicon available in side the nozzle ","Nozzle not properly cleaned by PRD in daily check ","Human mistake ","Nozzle cleaning done with nozzle cleaning tool then ok","Request to PRD for proper cleaning during daily check ","Mechanical","Human","No","Ujjawal","Completed"
"July","08-07-2024 T09:30","Final Assy","Cell Sensor","Spray Sealer","EEAT-163","A","BM","40","Sealer miss on multiple point  (Coat-2) ","Sealer missing on multiple points of soldering points
 (R-2)Side","Check at soldering point Sealer overlapping less   ","So, Overlapping increase & Single shot added for proper coverage of Sealer","As per revised ciriteria by customer End","NA ","Coat-2 width adjust from 10.00 to 10.30 &10.50MM  but same ,Finally Sealer coating program modify then ok","","Both","Process","No","Ujjawal,Sandeep Dhama","Completed"
"July","08-07-2024 T06:15","Mounting","MA5","Reflow Oven","EETP-083","A","BM","195","Zone 2 & Zone 3 Upper overheat error.","Zone 2 & Zone 3 Upper overheat error.","Thermocouple given wrong feedback (Higher side)","Thermocouple unable to sense the temperature","Thermocouple communication broken","Because one wire (-103) was come off   from connector CN-104","Error Reset and again operation ON,Machine Power OFF/ON,Zone-2 & 3 Safety Relay Changed with spare,Zone-2 & 3 upper Thermocouple connection swap with Zone-2 & 3 lower. Problem shifted to Zone-2 & 3 lower,Thermocouple wire resistance check on Relay side. Zone-2 resistance open (O.L.) and Zone-3 resistance found ok. (15~20 ohm) ,Zone-2 thermocouple wire continuity check from CN-103 to CR-21  found NG,Finally found that thermocouple -103 wire come off from connector CN-104,Thermocouple wire (-103) reconnected. ","Dressing done to Eliminate Risk of Disconnection","Electrical","Design","No","Ujjawal,Dalip Khajuria,Sandeep Dhama,Ashish Gupta","Under PRD TL Approval"
"July","10-07-2024 T11:10","Final Assy","FA-NWP3","3W Gel-02","EEAT-123","A","BM","20","Abnormal Gel dispense from nozzle ","Abnormal gel coming on product ","Machine inside air coming during running ","Cartridge-2 side air coming ","Cartridge-2 open found Air bubble Inside Cartridge","Part failure","Cartridge-2 change with new.,Gel dispensed from nozzle side (Cartridge-1 & 02)","Ask PRD to share air trap issue Inside new catridge","Both","Part-Failure","No","Ujjawal,Dalip Khajuria","Completed"
"July","10-07-2024 T02:00","Final Assy","FA-WP4","PRE-PKG AUTO SCREW MACHINE","EEAT-204","C","BM","10","Screw not tight during running condition","Screw tighten fail error coning","Screw not tight on PCB","Screw drop on PCB","Suspected screw not pick properly","N/A","Vacuum filter clean then ok","Screwdriver pick up unit cleaning point reflection done on P.M check sheet","Mechanical","Process","No","Jatinder Singh,Indrajit Behera","Completed"
"July","11-07-2024 T05:00","Mounting","AOI-08","PCB INVERTER","EETP-132","C","BM","15","PCB drop between Inverter & Pusher Conveyor ","Inlet and outlet sensor double feed error coming","Two PCB coming in inverter conveyor","1st PCB drop between Inverter outlet & Pusher inlet Conveyor","Suspected Inverter conveyor outlet sensor malfunction","Sensor low sensitivity","Inverter inlet & outlet sensor cleaning done then ok","Inverter conveyor sensor cleaning done","Electrical","Process","No","Jatinder Singh,Omvir","Completed"
"July","11-07-2024 T09:05","Final Assy","FA-WP4","PRE-PKG AUTO SCREW MACHINE","EEAT-204","A","BM","10","Vacuum error coming (GP2Y)","Vacuum error coming (GP2Y)","Vacuum pressure value out of Spec.","Nozzle head not touch to the screw","Nozzle head stucked","due to dirty","During runing time this problem come,Found Nozzle head not going to complete down position,Nozzle head stucked due to dirty,So Nozzle head unit take out & cleaning done, after that ok","Request to prd screw box & screw  feeder unit clean","Mechanical","Wear","No","Mangal Ram Kanwar,Mukesh","Completed"
"July","11-07-2024 T11:15","Mounting","AOI-5","Multi Magazine Unloader","EETP-072","A","BM","30","PCB jamming Error","PCB jamming Error","PCB not reached to Sensor within time.","Fixed Side conveyor Belt came out from Roller","Belt was damaged.","","Check and found fixed side belt come out from roller, because belt was damaged.,So Belt change with new, but belt not rotating. Belt touching with guide plate.,Temporary old belt installed and Run M/C.","Guide plate grinding done and new belt installed- 14/07/2024","Mechanical","Wear","Yes","Ujjawal,Dalip Khajuria,Mukesh","Completed"
"July","12-07-2024 T05:46","Final Assy","FA-AB2","Roll Over Tester","EEAT-143","C","BM","","","","","","","","","","","","","Indrajit Behera","Assigned"
"July","12-07-2024 T06:39","Final Assy","Cell Sensor","Spray Sealer","EEAT-163","A","BM","","","","","","","","","","","","","Neeraj","Assigned"
"July","12-07-2024 T07:52","Final Assy","Cell Sensor","Spray Sealer","EEAT-163","A","BM","30","Sealer missing on Cell sensor model.","Sealer missing on component body.","Machine running in 10mm spray width.","Cell sensor model program running in 10.5 mm spray  width.","Program made in 10.5 mm width.","N/A","Program modified after that ok.","R1 & R2 Spray target width set in 10mm (Center value) for all model. .Before Target width was 10.5mm .Now program modified according to 10mm spray width.","Mechanical","Design","No","Neeraj","Under PRD TL Approval"
"July","12-07-2024 T13:37","Final Assy","FA-NWP3","Spray Sealer M/C","EEAT-027","A","CM","18"," sealer in prohibited area ","Extra sealer coming on prohibited area ","Sealer Flow on prohibited area ","Short no.07 Length was more ","Component body missing ","NA","Check dummy width found OK,Finally robot coating program modification done ","","Electrical","Process","No","Ujjawal,Sandeep Dhama","Completed"
"July","12-07-2024 T15:20","Mounting","MA2","AOI#1","EETP-032","B","BM","40","External Unit Communication error coming ","Barcode Not found problem come in 3D","PCB Data not found from server ","Aoi side external unit communication error coming ","Aoi data not send to server","Lan cable side issue ","Machine Restart ,Aoi -3d both restart ,Lan cable reconnect both machine ,Lan cable change with spare in AOI Machine and both machine restart ","","Electrical","M/c Communication ","No","Gagandeep","Completed"
"July","13-07-2024 T03:13","Final Assy","FA-AB2","Connector Pin Check","EEAT-145","C","BM","30","AL412 SD Access Error coming,","AL412 SD card Access Error coming ","Data not getting store in SD card","SD card memory full","NA","NA","AL412 SD Access Error coming,Finally SD card formatting after that m/c run ok,","We will discuss with Maker for permanent countermeasure for this issue","Electrical","Process","No","Indrajit Behera","Completed"
"July","15-07-2024 T07:00","Mounting","MA5","NPM-1","EETP-111","A","BM","30","PCB Transfer Error","PCB Transfer Error","Two PCB coming on lane-1 loader conveyor","Fixed side conveyor belt come out from Roller","Belt slip from roller","Grease available on roller","Clean the roller and belt after that ok","Request to PRD Please proper job procedure use during lubrication and clean the extra grees after lubrication.","Mechanical","Human","No","Subhash Sheoran,Jatinder Singh","Completed"
"July","15-07-2024 T23:00","Final Assy","Cell Sensor","Spray Sealer","EEAT-163","C","BM","25","Flip-1 pallet sensor error coming (cell sensor)","Flip-1 pallet sensor error coming (cell sensor)","pallet not arrived in the Flip-1 position","pallet stuck between the Flip-1 position & waiting cv","Flip-1 Rail position Not homing ","Flip-1 position little bit up","During runing Flip-1 pallet sensor error coming,pallet stuck between the Flip-1 position & waiting cv, so pallet manually take out by PRD from waiting cv position,Flip-1 railt & waiting cv rail cleaning done, after that machine run,Again same problem come, so found Flip-1 rail Not homing position,So pallet manually move in Flip-1 position by hand, after that ok","Request to prd please loading conveyer all rail & all pallets properly clean","Both","Process","No","Mangal Ram Kanwar","Completed"
"July","06-07-2024 T13:00","Mounting","AOI-7","AOI-07","EETP-107","A","BM","80","Unexpected exception error coming","Unexpected exception error coming","Camera unit not communicating with mechanical control board.","LAN cable intermittent connection","","","Unexpected exception error coming during inspection and application close automatically.,Machine Power OFF/ON,PCB clamp/ Unclamp speed adjusted as per procedure.,Door By-pass and machine initialization done, then camera unit critical error coming.,So Camera Main LAN cable Reconnected from Mechanical control board side. After that-OK.","","Electrical","M/c Communication ","No","Jatinder Singh,Dalip Khajuria,Ashish Gupta","Completed"
"July","13-07-2024 T07:00","Final Assy","Spot Block-1","Spot-01","EEAT-096","A","CM","60","Preheater (Halogen Heater) rod no. 6 was fused. ","Halogen Heater no. 6 not glowing.","Halogen Heater was fused.","Suspected that heater drawing over current.","","","Halogen heater No. 6 change with New.,Then Dip tester value check found OK, 146 degrees coming","Under discussion on going with Maker and PED","Electrical","Part-Failure","No","Dalip Khajuria","Completed"
"July","16-07-2024 T23:26","Mounting","AOI-6","AOI-06","EETP-089","C","BM","15","Sequence processing error","Sequence processing error","Sequence not completed","Communication issue","","","VT-S 730 application close/open. After that-OK.","","Electrical","Design","No","Dalip Khajuria","Completed"
"July","17-07-2024 T07:20","Mounting","AOI-08","Multi-Magazine Loader","EETP-128","A","BM","60","Stocker not move after stocker loading","Conveyor time out error coming","Loading stocker not move","Left side loader conveyor not rotate","Conveyor Chain was broken","Part failure","Loading Conveyor chain broken link change with spare new one then ok","Conveyor chain Link change with spare","Mechanical","Design","No","Sreekanth Sasi,Jatinder Singh,Mukesh","Completed"
"July","17-07-2024 T10:00","Final Assy","FA-WP2","Silicon All-round","EEAT-081","A","BM","25","Silicon Weight NG coming in DC1U model","1st Check daily point NG coming","Silicon weight NG coming","Suspected Accumulator Pressure not Maintain","Accumulator inside part life is over","N/A","Take long dummy shot ,Finally change the RPM in Start No.15 (116 to 125) then ok ","1.Accumulator Ordered 
2.Accumulator change T.D-30.07.2024","Mechanical","Wear","No","Jatinder Singh,Dipshikha","Completed"
"July","17-07-2024 T10:30","Final Assy","FA-WP2","Silicon Below","EEAT-080","A","BM","30","Silicon tail coming on case after application ","Silicon tail coming","Extra silicon dispenser from nozzle at home position","Robo dispenser suction NG","Suspected dispenser seal damage","N/A","Suction time change 0.40 to0.45,Return time Change 0.15 to 0.16 then ok","Robo dispenser seal change T.D-28.07.2024","Mechanical","Wear","No","Jatinder Singh,Mukesh","Completed"
"July","17-07-2024 T23:20","Mounting","AOI-6","3D-06","EETP-090","C","BM","28","Application not responding.","3D HANG","Application not responding","Under Investigation","","","Application close/open.,PCB Restart, still problem coming after some time,HDD disk reconnected and  RS-232 (COM-1) cable reconnected.,Machine Power OFF/ON and model changeover done.","RAM on order for upgrade.","Electrical","Design","No","Dalip Khajuria","Completed"
"July","17-07-2024 T03:30","Mounting","AOI-9","MULTIPLE MAGAZINE UNLOADER","EETP-157","C","BM","20","Magazine jam at inlet conveyor.","Magazine jam at inlet conveyor.","Magazine detection sensor signal not coming to PLC","Sensor intermittent connection  from connector side","","","Check magazine found ok. (Not Jam),Finally magazine detection sensor connector reconnected.","","Electrical","Design","No","Anshul Gupta,Dalip Khajuria","Completed"
"July","18-07-2024 T06:45","Final Assy","ENG Sealer Block-03","Flash Writing","EEAT-211","A","BM","119","Product getting fail at Step no.100 VOM3 NG coming","Continue card getting fail at step no.100.","No voltage coming for checking
","Voltage not flow from PS326-C board
5Volt signal not coming from PS Board
","PS board relays not working
","Relay damage due to product burnout.
","Production box changed with spare but results same.,All Pin changed with spare one but same results.,Machine restart but same results.,All connection re-connected but same results.,Misjudgment analysis & trace the data. ,Step no.100 VOM3 Hyper terminal CN106 Pin no.1 & 4.,The signal going on PS526-C CN1 Pin no.1 & 4.,Continuity check its OK.,PS526-C board trace & found the signal going on relay no. Ry0-30~Ry0-33.,Relay changed with spare one after that OK.","The burn out product will be checked by PRD for root cause.","Electrical","Part-Failure","No","Subhash Sheoran,Jatinder Singh","Completed"
"July","19-07-2024 T00:05","Mounting","MA4","Reflow Oven","EETP-059","C","BM","115","Temperature controller connection trouble-2","Temperature controller connection trouble-2","PLC not able to communicate with Temp control unit.","Main controller unit (Super visor unit)- NG","Part Failure","","Machine Power OFF/ON,Application close/open,Model changeover to another model,Communication controller side connection reconnect.,Communication controller change with new,Super visor unit (O) change with new and one by one backup uploaded to temperature controller unit(A,B,C,D,E,F,G,H,I and O) . After that-OK","Temperature Controller "O" Unit to be change frequency of 1/6M based on Past Experience","Electrical","Part-Failure","No","Anshul Gupta,Mangal Ram Kanwar,Dalip Khajuria","Completed"
"July","19-07-2024 T17:30","Final Assy","FA-WP4","ROOM TEMPERATURE TESTER","EEAT-207","B","BM","15","MISJUDGEMENT COME AT STEP NO.232","M.J. Coming on step no. 232 ","Time measurement NG Coming ","Pin not connect properly with Production box","Pin dirty (pin no.41)","Part failure ","Production box pin cleaning done and pin no.41 change with new then ok","","Electrical","Part-Failure","No","Ujjawal","Completed"
"July","19-07-2024 T23:15","Mounting","AOI-6","3D-06","EETP-090","C","BM","15","Machine hang during running condition","Machine Hang","Machine application not responding","Suspected Ram memory was full","N/A","N/A","Machine power OFF/ON then ok","New Ram order","Electrical","Process","Yes","Jatinder Singh","Completed"
"July","19-07-2024 T04:00","Mounting","AOI-9","MULTIPLE MAGAZINE UNLOADER","EETP-157","C","BM","20","Conveyor jam error,Partial stocker Showing Empty by machine","Conveyor Jam Error","PCB already Present in first slot.","Partial stocker Showing Empty by machine","Memory Reset automatically","","PCB and Stocker takeout manually, and run next Stocker found-OK.","","Electrical","Design","No","Dalip Khajuria","Completed"
"July","20-07-2024 T10:30","Final Assy","FA-WP3","Silicon Below connector","EEAT-153","A","BM","45","Tail coming in silicon below machine in YCA","Tail coming on product while below application on case","Silicon accumulated on the upper side of case (Both side)","Less gap between Case and nozzle ","Actual cause not clear","Suspected that may be height variation in Case.","Programe modified for tail coming :- ,P1632 : -76.63  to -176.5,  P1616 : -174.55 to -176.5,F3115 : -0.10to -0.03 &  F3113 : -0.10 to -0.03,For over lapping F3101 change -2.13 to -2.4 & F3117 change -2.13 to -2.4","Informed to PRD to check the case lot with SQD.","Both","Process","No","Subhash Sheoran,Sreekanth Sasi","Completed"
"July","20-07-2024 T19:15","Final Assy","FA-WP2","Silicon All-round","EEAT-081","B","BM","15","Alarm no. 82 coming (Screw check NG)","Fault no. 82 coming ","Screw check NG coming ","Screw check value coming out of spec ","Sensor ray coming on top of screw head","Variation available in  Product with PCB Screw head position ","Pan jig change but same,Screw change but same,Finally Screw check position teached then ok,Laser Sensor mounting also tighten","Suspected case side variation so ask PRD to check case dimension with SQD ","Both","Allignment","No","Ujjawal,Jatinder Singh,Sandeep Dhama","Completed"
"July","20-07-2024 T20:40","Final Assy","ENG Sealer Block-03","Spray Sealer","EEAT-226","B","BM","25","Sealer come on prohibited area (R-2) YCA","Extra sealer coming on R-2 side","Sealer flowing on product","R-2 spray was wide ","R-2 spray pressure abnormal(Higher)","NA","Check target width found 9.5  and actual width was 10.00,So adjust the pressure of Nozzle-2 then check dummy found OK,Check product found ok","Need to Nozzle chip cleaning every shift change over ","Mechanical","Process","No","Ujjawal,Sandeep Dhama","Completed"
"July","20-07-2024 T23:53","Mounting","AOI-6","AOI-06","EETP-089","C","BM","15","AOI SLOW PROCESSING (Slow inspection Process).","AOI slow inspection process.","communication delay between Machine and Server","Server response late coming.","","","AOI Machine Power OFF/ON. After that-OK.","PED will do activity for AOI Server Separation by Aug 24 end","Electrical","Design","No","Dalip Khajuria","Completed"
"July","22-07-2024 T06:20","Mounting","AOI-5","AOI-05","EETP-069","A","BM","20","Image not rotate during camera switch","Wrong image shown on display","Image not rotate during camera switch","Camera switching Signal not coming in controller","PC Communication break from controller card","N/A","PC & HUB side connection re-connected then ok","HUB change with spare T.D-28.07.2024","Electrical","Process","No","Jatinder Singh,Omvir","Completed"
"July","22-07-2024 T11:05","Mounting","AOI-5","AOI-05","EETP-069","A","BM","20","Product running process was slow","Product running process was slow","Application not work properly","Suspected PC Ram was full","N/A","N/A","Machine power off/on then ok","New Ram order for size increase","Electrical","Process","No","Jatinder Singh,Omvir","Completed"
"July","22-07-2024 T06:30","Final Assy","FA-WP3","Silicon Below connector","EEAT-153","A","BM","25","ABNORMAL SILICON APPLICATION","Silicon dispensed from nozzle after application ","Silicon feeding pressure not in spec (Higher side)","Machine hose pipe inside pressure maybe not controlled by pressure sensor ","Suspected silicon control valve dirty from inside ","NA","Silicon pressure try to adjust but higher side coming ,Finally silicon dispensed from hose pipe and nozzle side ,silicon also dispensed from nozzle side then take dummy found ok,Check product frond ok","Suspected silicon control vale need to cleaning ","Mechanical","Wear","No","Ujjawal,Omvir","Completed"
"July","22-07-2024 T11:00","Mounting","AOI-08","AOI-08","EETP-130","A","BM","10","An error has occurred on the PCB lock ","Machine power off display shown","An error has occurred on the PCB lock error coming","PCB unlock timing miss match","PCB Unlock speed was slow","N/A","Machine application close/open & PCB clamp unit cleaning done","Clamp unit locking and unlocking speed adjust as per procedure (T.D-25.07.2024","Mechanical","Process","No","Jatinder Singh,Omvir","Completed"
"July","22-07-2024 T16:00","Mounting","MA7","TRAVERSER WITH QR READER","EETP-144","B","CM","30","Conveyor outlet jam error (Lane-1)","Card Jam between Traverser-1 & NPM-1.","PCB stuck at traveser-1 outlet (Lane-1)","Traverser Lane-1 position not align with NPM Lane-1 ","","","NPM-1  m/c conveyor width origin done.,Traveser lane-1 position teaching done.  (value change from 0.00 to 0.56),After that PCB motion check in both lane position found-OK.","","Mechanical","Design","No","Anshul Gupta,Dalip Khajuria","Completed"
"July","22-07-2024 T23:45","Mounting","MA4","Reflow Oven","EETP-059","C","BM","110","Conveyor over load error coming after modal change over(Width154mm to 112mm),608 AC modal O2 density not coming.","O2 density not coming ","Sampling pot was chocked","Flux accumulated on the sampling port pipe","Monthly PM done by PRD","","Modal change over its OK ,Sampling pot cleaned & block pipe changed with spare one,Hood open & take out the N2 JOINT & cleaned it.,N2 flow adjusted after that OK and Carbon Filter Clean","On 28th Jul, Hood Sealing Condition to Be checked","Both","Part-Failure","Yes","Neeraj,Subhash Sheoran","Completed"
"July","23-07-2024 T16:30","Final Assy","FA-AB3","Packaging Jig-03","EEAT-188","B","CM","30","Emergency Switch Press pokayoke Not Working","emergency switch press but screw driver rotation not stop","Screw driver circuit not breake","Relay CR212 not on","Its relay wire no. 000212 loose","n/a","As per prd information emergency switch press but screw driver rotation not stop,So emergency switch releted electrical cicuit trace & found,CR212 relay side wire no. 000212 loose found, so properly tight done, after that ok","","Both","M/c Communication ","No","Mangal Ram Kanwar,Mukesh","Completed"
"July","23-07-2024 T19:00","Mounting","AOI-08","AOI-08","EETP-130","B","BM","25","An error has occurred on the PCB Lock ","An error has occurred on the PCB Lock","PCB Clamp Unlock Abnormal","PCB Clamp Unlock Reed switch ON timing coming out of spec.","Move and Home side PCB clamp Cylinder speed was Low","","PCB Lock / Unlock Cylinder down Speed adjustment done ,Speed adjustment done in both side move and Home ,Now PCB Unlock timing coming 500ms (Spec. 480~500)","Clamp Spec- 180~220
Unclamp Spec- 380~420","Pneumatic","Wear","No","Anshul Gupta,Dalip Khajuria","Completed"
"July","23-07-2024 T22:55","Mounting","MA4","YS Loader ","EETP-051","C","BM","65","Chuck error was coming in YJC modal","Chuck error was coming","Chuck unit was not release the PCB in clamp unit","Chuck unit clamp the PCB in tilt condition","Chuck pad side play was more",".","Chuck pad adjustment done.,PCB detection sensor also alignment done","We will replaced the chuck pad and chuck alignment on coming sunday. (28/07/2024)","Both","Part-Failure","No","Neeraj,Subhash Sheoran","Completed"
"July","24-07-2024 T11:25","Final Assy","FA-AB2","Packaging Jig-02","EEAT-131","A","BM","20","Sensor Fault coming","Sensor Fault coming
","Jig sensor was not ON","Power not coming","Power wire was broken","N/A","Broken power wire soldering done then ok","Broken wire soldering done","Electrical","Process","No","Jatinder Singh,Omvir","Completed"
"July","24-07-2024 T12:24","Final Assy","FA-AC1","RT-AC Amp","EEAT-020","A","BM","20","Abnormal insert error coming.","Abnormal Insert error coming","Base jig forward position confirm sensor was not ON.","Base jig forward motion not complete.","Attachment jig stuck with harness cover.","Harness  cover alignment NG.","Harness Cover alignment done. After that-OK.","","Mechanical","Human","No","Mangal Ram Kanwar,Dalip Khajuria","Under PRD TL Approval"
"July","24-07-2024 T21:56","Final Assy","ENG Sealer Block-03","Spray Sealer","EEAT-226","B","BM","44","Sealer coming on prohibited area (Connector Pin)","Sealer coming on prohibited area (Connector Pin)","Sealer flow coming to Pin area.","Flux available on pin area. ","N/A","N/A","First check Coat-2 Width found ok 9.7mm to 10.00mm,Check all daily check point, Viscosity found ok,Nozzle chip take out clean, But same,Finally Point shot timing changed from 8,10,12 to 5,5,6.After that OK.","Suspected there is flux application near connector soldering so ask PRD to control flux application.","Mechanical","Process","No","Mangal Ram Kanwar,Jaydev Mal,Mukesh","Under PRD TL Approval"
"July","25-07-2024 T08:00","Final Assy","FA-WP4","PKG AUTO SCREW MACHINE","EEAT-206","A","BM","20","Vacuum error coming  (Double screw coming )","Double screw coming on pickup position ","Screw feeding guide plate cover gap was NG ","Guide plate cover was bent ","Suspected  screw stuck in screw feeding unit ","NA","Screw feeding guide unit cover alignment done then ok ","Cover gap check point reflect in PM check sheet ","Mechanical","Allignment","No","Ujjawal,Jatinder Singh","Completed"
"July","25-07-2024 T06:20","Mounting","MA7","TRAVERSER WITH QR READER","EETP-144","A","BM","20","Card Jam between Traverser-1 & NPM-1 ","PCB Jam error coming ","PCB Stuck in Conv. and NPM Inlet  ","Traverser alignment disturb ","NPM machine have more vibration ","Design issue ","PCB Take out and traverser machine alignment done ,Then check product found ok  ","This problem share with PED and maker ","Mechanical","Allignment","No","Ujjawal,Jatinder Singh","Completed"
"July","25-07-2024 T09:49","Final Assy","FA-AB3","LT Chamber","EEAT-189","A","BM","20","TM unable to lock as per usual practice","TM unable to lock as per usual practice","Lock key hit with lock stopper","Lock key unable to press during lock","Lock key actuating spring force was more ","-","Check and found lock key spring force was high,Change spring with less force spring","","Mechanical","Design","No","Omvir","Completed"
"July","25-07-2024 T09:00","Final Assy","FA-WP3","3W Gel-04","EEAT-193","A","BM","20","Fault No.-3 coming During cartridge-2 exchange request time","Low air pressure fault coming","Master was not ON","Pressure switch Was not ON","Air Was not coming within spec.","Main air filter was dirty","Check main air regulator pressure coming within spec. (Analog gage regulator),Pressure not show in digital pressure gauge ,Main air filter change with  new then ok","","Mechanical","Process","No","Ujjawal,Jatinder Singh,Omvir","Completed"
"July","25-07-2024 T19:03","Mounting","MA7","LOADER","EETP-138","B","BM","20","Gripper Board Drop Error","Gripper Board Drop Error","PCB Detection sensor output not getting ON (sometimes)","PCB not detected by sensor","Sensor sensitivity low","","PCB Detection Sensor PHS-35 sensitivity increased. After that-OK.","","Electrical","Design","No","Dalip Khajuria","Completed"
"July","26-07-2024 T04:05","Final Assy","Spot Block-1","Spot-01","EEAT-096","C","BM","80","Halogen heater no.7 was fused","Halogen heater was fused","Heater-Power O/P is high","Due to defect reduction PED Increase Output of Halogen heater ","NA","NA","Heater No-7 Rode found fuse during changeover,Halogen heater No-7 Change with spare,Check Dip tester value coming out of specs-175 degree Spec-140-165 degree Celsius so heater rode angel adjusted","1.Frequent Halogen heater Summary shared with Maker. Reply Awaited
2.PED will reduce Output of Heater.","Electrical","Part-Failure","No","Subhash Sheoran,Sreekanth Sasi","Under PRD TL Approval"
"July","26-07-2024 T04:10","Mounting","MA6","REFLOW OVEN","EETP-124","C","BM","80","PC Run in problem  machine running time this error come ","Restart error come on screen ","PC Get Off ","PC and Machine communication Was Broken ","C Drive Communication Not Complete With PC ","C Drive CF Card Was Faulty ","In running condition PC blue screen issue come,Machine restart then PC boot normally but during temp. change again PC blue screen come,C drive & D drive CF card reconnect then PC boot normally but again problem repeat,Finally, C drive CF card change with Backup then temp. & O2 comes normally.","Discussion ongoing with Maker regarding the compatible type of CF-Card for Reflow.","Electrical","M/c Communication ","No","Sreekanth Sasi,Gagandeep","Under PRD TL Approval"
"July","26-07-2024 T08:55","Mounting","MA3","CM212-1","EETP-037","A","BM","15","head overload error HD-06","Head over load error coming ","Head-06 Current excess ","Suspected HD-06 motor faulty ","Na","NA","Head move upward and nozzle take out safely ,HD-06 motion check in manual mode same error coming ,Temp. HD-06 disabled then ok ","We will change the HD-06 motor in C shift ","Both","Part-Failure","Yes","Ujjawal,Jatinder Singh","Completed"
"July","26-07-2024 T20:21","Mounting","AOI-08","AOI-08","EETP-130","B","BM","10","PCB failed to load.","PCB failed to load.","PCB not reached in AOI","PCB jam between AOI and Scan conv.","scan conveyor width was tight.","","Check AOI m/c side PCB motion was smooth.,Scan conveyor side check PCB motion was tight,So scan conveyor width origin done. After that-OK.","","Both","Design","No","Dalip Khajuria","Completed"
"July","27-07-2024 T08:05","Mounting","AOI-5","PCB Inverter","EETP-071","A","BM","15","Card Jam Issue in HV 4.5","Product Transfer Jam error coming ","product Jam  in traverser outlet ","Traverser unit alignment disturb ","Maybe machine  shift With touching TM ","NA","Belt condition check found OK,Roller and belt clean ,Traverser unit alignment done then ok ","Foot locked","Mechanical","Allignment","No","Ujjawal,Omvir","Completed"
"July","29-07-2024 T07:05","Final Assy","FA-WP3","Silicon Below connector","EEAT-153","A","CM","30","Abnormal silicon coming (Model - 2150)","Abnormal silicon coming","Nozzle impression coming on silicon application ","Pan jig height increase","Pan jig base plate & Guide block change by PMG ","Jig wear out","Nozzle height check OK.,Silicon application robot program modify, ,"Z" height decrease 1 mm., After that OK","Product (N=20) confirmation will be done by PRD after change Jig block.","Mechanical","Human","No","Anshul Gupta,Jaydev Mal","Under PRD TL Approval"
"July","29-07-2024 T07:40","Final Assy","FA-WP3","Silicon All-round","EEAT-156","A","CM","50","less silicon coming on left side","less silicon coming","Case height change","Yesterday Pan jig base plate & Guide block change by, PMG","N/A","N/A","Nozzle height & Centering check, found Ok.,Finally silicon application program modified, Then OK.,Stroke & Speed adjust, Then OK.","","Mechanical","Human","No","Anshul Gupta,Mangal Ram Kanwar,Jaydev Mal","Under PRD TL Approval"
"July","29-07-2024 T09:00","Final Assy","Spot Block-1","Spot-01","EEAT-096","A","BM","60","Halogen heater no. 4 not glowing.","Halogen heater no. 4 not glowing","Halogen heater was fused.","Power output is running at 87%","Model requirement.","","Halogen Heater No. 4 changed with New.,Then check dip tester value coming 161 degree","Discussion Ongoing with Maker and PED for the solution","Electrical","Part-Failure","No","Dalip Khajuria,Dipshikha","Under PRD TL Approval"
"July","30-07-2024 T06:20","Final Assy","FA-WP3","Silicon Below connector","EEAT-153","A","BM","20","Nozzle centering NG coming","Nozzle centering NG.","Nozzle not goes smoothly in centering jig.","Nozzle found bend","Suspected Nozzle centering block movement hard","N/A","Try to adjust nozzle, but it was bend,Change nozzle with old spare, then centering, Found OK","","Mechanical","Part-Failure","No","Jaydev Mal,Dalip Khajuria","Under PRD TL Approval"
"July","30-07-2024 T12:30","Final Assy","FA-AB3","DNHA-AB3-RT-01","EEAT-192","A","BM","20","Misjudgment in Step at 30,100 step","Misjudgment in Step at 30 step","Product not communicate with M/C. ","Harness pin was dirty","N/A","N/A","M/c restart by PRD, but same,Harness change from HT tester ,Then OK.,Original harness all pin cleaning done, Then OK.","","Mechanical","Part-Failure","No","Jaydev Mal","Under PRD TL Approval"
"July","30-07-2024 T17:35","Mounting","MA4","Reflow Oven","EETP-059","B","BM","15","Conveyor over load  Error Coming  ","Conveyor over load error Coming ","Conveyor was not Move ","Conveyor Run Signal Not Come ","Communication issue ","NA ","Conveyor over load issue coming so one time machine restart after that ok ","Temp. Controller I- Unit change and Parameter update planned. - TD-18/08/2024","Electrical","M/c Communication ","No","Sreekanth Sasi,Gagandeep","Under PRD TL Approval"
"July","30-07-2024 T20:20","Final Assy","Spot Block-2","THD DC1V(4720)","EEAT-169","B","BM","45","Discharge conveyor Lifter-2 error coming","Lifter-2 up confirmation not coming","Lifter-2 up side reed switch not on","Lifter cylinder not properly up","Sufficient air not coming on the cylinder","Because lifter-2 solenoid valve faulty.","Lifter-2 cylinder speed increased ,Lifter-2 cylinder reed switch adjusted,Lifter-2 cylinder solenoid swap with lifter-1 after that OK.","Temporary solenoid valve swap with lifter-1. 
Permanent Action- Solenoid Valve changed with New.","Mechanical","Part-Failure","Yes","Neeraj,Subhash Sheoran,Gagandeep","Under PRD TL Approval"
"July","31-07-2024 T04:54","Mounting","MA4","YS Unloader ","EETP-060","C","BM","20","Card drop in Machine (154 width)","Card drop in Machine","Stocker width was loose","Suspected machine make width NG.","Under Analysis","","After model change over this problem coming (112 mm width to 154 mm width),Stocker change width check ok,Running stocker again run ok,Trial done width no stick in stocker, but PCB dropping in the stocker not outside.","","Mechanical","Process","No","Ujjawal,Jatinder Singh","Under PRD TL Approval"
"July","31-07-2024 T06:45","Final Assy","FA-AB2","FAL2-AB-LT","EEAT-128","A","BM","10","Step no. 20, 40, 50 continue misjudgment coming (YXA 4CH)","Step no. 20, 40, 50 continue misjudgment coming (YXA 4CH)","NG step releted circuit not complete","Between the Harness & Product's pin proper not contact","Pins dirty","n/a","During runing time Step no. 20, 40, 50 continue misjudgment coming (YXA 4CH),So harness change with HT Tester , after that HT tester runing ok & LT Tester have same problem coming,Finaly machine re-start & harness side all pins cleaning done, after that ok","","Both","Part-Failure","No","Mangal Ram Kanwar","Under PRD TL Approval"
"July","31-07-2024 T13:25","Mounting","AOI-5","3D-05","EETP-070","A","BM","15","10-key board not working","10-key board not working","Numlock key off condition","numlock key pressed by operator","mistake by prd","n/a","During runing time over-reject key (10-key board) not working problem coming,So application close/open but ng,Finally found numlock off (10-key board) condition found, so numlock on done,Once time machine re-start done, after that ok","Request to operator do not pressed other keys of 10-key board","Both","Human","No","Mangal Ram Kanwar","Under PRD TL Approval"
"July","31-07-2024 T18:38","Final Assy","ENG Sealer Block-01","Spray Sealer M/C","EEAT-069","B","BM","60","Machine stopped at apply station.","Machine stopped at apply station.","Turn loader position pin-1 cylinder backward confirmation not coming.","Its reed switch was not on.","Reed switch faulty.","Stress coming on reed switch wire during turn table rotate.","Machine side checked no error occurred ,Machine restart then position -1 cylinder error coming.,Checked position pin -1 cylinder found working ok.,Checked position pin -1 cylinder reed switch found off ,Try to adjust but it was on/off during adjustment .,Finally reed switch changed with spare after that ok.,Also its dressing done.","Turn loader cylinder side reed switch wire dressing done with flexible tube .","Both","Part-Failure","No","Neeraj,Subhash Sheoran,Sreekanth Sasi","Under PRD TL Approval"
"July","31-07-2024 T14:30","Mounting","MA7","NPM-1","EETP-145","B","BM","15","Pcb Transfer Error Coming ","PCB Not Transfer ","One PCB Show in machine Without pcb ","Part Confirmation Sensor Get on ","NA","NA","One pcb place on location ,PCB Confirm and machine run ok ","","Mechanical","Human","No","Gagandeep","Under PRD TL Approval"
"Aug","01-08-2024 T01:20","Final Assy","FA-WP2","3W Gel-01","EEAT-111","C","BM","10","3W GEL Alarm 88 (Part float NG DC1V)","Fault no.88 coming ","Part float NG coming (DC1V)","Part Hight is more ","Part Jig base Allen bolt loose","Wear  tear ","Jig base cleaning done ,Product change but same ","","Mechanical","Allignment","No","Ujjawal,Jatinder Singh","Under PRD TL Approval"
"Aug","01-08-2024 T10:30","Final Assy","FA-AC1","RT-AC Amp","EEAT-020","A","CM","30","Ok master check time step no. 10, 105, 110, 150, 170,200, 210 step ng coming (6480 model)","Ok master check time step no. 10, 105, 110, 150, 170,200, 210 step ng coming (6480 model)","Ng step Related circuit not complete","Harness side 1 wire broken","Harness handling time this wire broken","Mistake by Prd","During model change time Ok master check that time  step no. 10, 105, 110, 150, 170,200, 210  ng coming (6480 model),So harness side all pins clean & m/c re-start done, but ng,So harness side all pins changed with spare new, but same problem,So harness side all wire condition check & found 1 wire was broken,So broken wire proper soldring done , after that ok master check found ok","Request to Operator change over time please proper harness handling","Electrical","Human","No","Mangal Ram Kanwar,Dalip Khajuria,Dipshikha","Under PRD TL Approval"
"Aug","01-08-2024 T11:43","Final Assy","FA-WP4","3W GEL APPLICATION","EEAT-201","A","BM","50","Coating Check Fault.","Coating Check Fault","Coating Check Sensor value coming out of spec.","Gel coating time tail coming on gel application","Suspected dispenser Poppet Spring tension loose","Part failure","Nozzle clean,Nozzle height and centering check found OK,Gel coating Dispenser poppet spring change.","","Mechanical","Wear","No","Dalip Khajuria","Under PRD TL Approval"
"Aug","01-08-2024 T07:00","Mounting","AOI-08","Multi-Magazine Loader","EETP-128","A","BM","110","Scanner data not transferred to PLC.","Model changeover not happen","Scanner data not transferred to PLC","Scanner not communicating with PLC","Scanner faulty which leads to SCU unit side Port error and Port-1 getting NG.","","Machine Restart,Scanner cable Reconnected. After that scanner side power Not coming,Power adapter voltage check found OK,Scanner changed with AOI-9 line. Now Power coming OK but still data not transferred to PLC,RS-232 cable Reconnected from PLC side.,Found ERH light blinking SCU unit side.,SCU port change from 1 to 2 and setting done. After that-OK.","Scanner setup setting requested from Maker.","Electrical","Part-Failure","No","Mangal Ram Kanwar,Jaydev Mal,Dalip Khajuria","Under PRD TL Approval"
"Aug","01-08-2024 T15:51","Final Assy","FA-WP3","Silicon Below connector","EEAT-153","B","BM","45","Nozzle bend on 1st product running after change over PWC to YCA","Nozzle bend in YCA modal","Nozzle hit with Nozzle centering jig ","Jig not going down after nozzle centering check","Jig up/down motion was hard","Jig was sticky","Open the centering jig & cleaning & adjustment done ,New nozzle changed & run the production.","We will add this point on the PRD daily check sheet of the frequency of 1/D. (Only FA-3WP line) T.D-19-08-2024","Mechanical","Allignment","No","Neeraj,Subhash Sheoran","Under PRD TL Approval"
"Aug","01-08-2024 T20:54","Final Assy","FA-WP3","3W Gel-03","EEAT-152","B","BM","30","Gel was not sticking on case (YCA).","Gel was not sticking on case (YCA).","Very less gape available between Nozzle & case .","Suspected- Pan jig guide block height up.","Last week guide block had been changed .","N/A","Nozzle height Checked -ok.,Cartridge changed & Air released .,Finally program modified ( Height Increased) after that ok.,Program changed point P3201 (-18.5 to -19),P3205 = -19 TO -19.5,P3206 = -20 TO -20.5,P3211= -18.5 TO -19,P3215= -19 TO -19.5,P3216= -19.5 TO -20","We will confirmed the gap of nozzle & part when PMG changed the pan jig block.","Mechanical","Human","No","Neeraj","Under PRD TL Approval"
"Aug","02-08-2024 T04:30","Mounting","AOI-9","PCB SCANNER","EETP-153","C","BM","20","Abnormal sound coming during conveyor width change over","Abnormal sound coming from width ball screw","Ball screw was dry","No lubrication on ball screw","N/A","N/A","Ball screw Lubrication done then ok","","Mechanical","Process","No","Jatinder Singh,Ashish Gupta,Omvir","Under PRD TL Approval"
"Aug","02-08-2024 T10:17","Final Assy","Spot Block-2","Spot-02","EEAT-074","A","PM","","","","","","","","","","","","","","Generated"
"Aug","03-08-2024 T04:25","Mounting","AOI-5","AOI-05","EETP-069","C","BM","20","PCB drop in AOI Machine after model change over A/B 154 to HV4.5 116","PCB drop in AOI Machine","AOI Machine width not change as per model","Width data not move in D memory","Suspected machine communication break during width data transfer","N/A","Check in AOI machine model change over ok but width not change,Again change over done as per process then ok","1. This problem share with maker.
2. We will add a sensor to confirm the width of the machine after changeover.","Mechanical","M/c Communication ","No","Jatinder Singh,Ashish Gupta","Under PRD TL Approval"
"Aug","03-08-2024 T12:07","Final Assy","FA-WP3","HT Tester","EEAT-158","A","BM","1733","","","","","","","Production Swap and Pin Clean/Change,As per Script file PS449 Board Change & Input Condition  Load Plate 1-PS458 Change, ADC ID 6 swap with 7 but NG, So revert back.,VO ID:0 Change,Do System Check related to Pressor Sensor &Check found Step OK/NG Simultaneously,DMM to all Interface Board Ribbon Cable change,ADC-ID-06 Board change from Spare & All ADC Board calibration done","","","","No","Jaydev Mal","Fill Sheet"
"Aug","03-08-2024 T17:20","Mounting","MA2","CM212-3","EETP-016","B","BM","180","Power on impossible error","Ast Tray Unit Was Not Move","Power on impossible error","Tray Feeder Unit TL Driver Side Power Not Come ","Tray Feeder Unit TL Driver was Faulty ","May Be Driver life is over ","Tray unit MCB Check ,Tray Feeder Unit Card Connection Reconnect ,Driver Connection Reconnect ,Driver Change ,Parameter set in Driver ,Tray Feeder Install ,Calibration Done After That ok","TL and TP driver Change Plan in Dec 24 as Running Hr Part Maintenance									
","Electrical","Part-Failure","No","Sreekanth Sasi,Gagandeep","Under PRD TL Approval"
"Aug","05-08-2024 T10:09","Final Assy","FA-WP4","AIR LEACK CHECK","EEAT-209","A","BM","30","During running time Product fail at Balance pressure.","During running time Product fail at Balance pressure","Pressure A & B analog value higher side.","Automatically increased .","Vacuum pressure stabled after 2 hours,","After machine on vacuum pump takes some time for stable.","Ok master Checked found fail on balance  .,Daily checked found NG but daily check was ok in startup.,Daily Checked analog gauge set according to procedure after that ok.","","Both","Design","No","Neeraj,Mukesh","Under PRD TL Approval"
"Aug","05-08-2024 T06:10","Final Assy","FA-WP3","Silicon Below connector","EEAT-153","A","BM","40","Running Time Silicon Drop ON Product ","Running Time Silicon Drop ON Product","Silicon Dispense while home position","Supply Pressure was coming High ","Suspected Dispenser stator side issue","NA","Dummy take but same,Main Silicon Pipe Take Out and Dispense ","Dispenser Stator Under ordering .","Mechanical","Design","No","Gagandeep","Under PRD TL Approval"
"Aug","05-08-2024 T08:27","Mounting","MA5","YS Loader","EETP-073","A","BM","20","Gripper board drop error ","Gripper board drop error","PCB Present Sensor Continue on ","Sensor Was Dirty Due To dust","NA","NA ","Sensor Value Adjust And sensor Clean ","Sensor Type Change Planned on TD-11/08/2024","Electrical","Design","No","Gagandeep","Under PRD TL Approval"
"Aug","05-08-2024 T19:10","Mounting","MA4","NPM-06","EETP-057","B","BM","40","Pallet Protruding Error Coming","Pallet Protruding Error Coming","Tray confirmation sensor was ON","Loading tray come out From Lock & sensor was ON","Lock was not confirm by operator","Human mistake","After tray loading this problem coming,Remove the all connector from TP & TL axis,Machine homing confirm ok,Production start running ok","Request to PRD Pease teach Good method for tray lock confirmation","Mechanical","Human","No","Jatinder Singh,Omvir","Under PRD TL Approval"
"Aug","04-08-2024 T10:45","Mounting","AOI-5","3D-05","EETP-070","A","CM","105","During Camera switching machine Hang.","Camera not switching","Communication issue","Camera cable side issue","","","Camera Cable changed with New. After that-OK.","Camera Cable changed with New.","Electrical","Part-Failure","No","Anshul Gupta,Jaydev Mal,Dalip Khajuria","Under PRD TL Approval"
"Aug","05-08-2024 T11:30","Final Assy","Spot Block-2","Spot-02","EEAT-074","A","BM","60","Preheater Rod Fuse ","One Preheater was not glow ","Preheater Rod was Fuse ","May Be Preheater Life Is Over ","NA ","NA","Preheater wire found broken from thimbling ,Preheater Rod Change With New One ","Pre- heater damage cause under analysis with PED and maker.","Electrical","Part-Failure","No","Sreekanth Sasi,Gagandeep,Mukesh","Under PRD TL Approval"
"Aug","06-08-2024 T09:30","Final Assy","Spot Block-2","Air Blowing M/C06","EEAT-047","A","CM","30","Width Adjustment Unit Not Set  ","Width adjustment unit properly not lock","Locking lever was loosen","Lever was damage","Operator mistake ","Lock of knowledge about the lock lever mechanism","Locking lever take out from the m/c and try to repair but not ok ,new lock lever arrange from MMD and install from m/c after that ok","Training given to PRD TL and operator for how to lock lever functioning. ","Mechanical","Human","No","Gagandeep,Mukesh","Under PRD TL Approval"
"Aug","06-08-2024 T18:25","Mounting","MA4","YS Loader ","EETP-051","B","BM","25","Chuck Error Coming ","Chuck Error Coming","PCB Drop On Jig","PCB Was Not Pick Properly By Chuck Pad","Cut Mark Coming On Chuck Pad","Part Wear Out","During running condition this problem coming,PCB Jig change,PCB Jig width gap adjust with master plate,Finally Chuck Pad change with spare then ok","Chuck Pad Change With Spare new one","Mechanical","Wear","No","Ujjawal,Jatinder Singh","Under PRD TL Approval"
"Aug","07-08-2024 T07:00","Final Assy","FA-WP3","3W Gel-04","EEAT-193","A","BM","16","Abnormal Gel coming on the products","Abnormal gel coming ","Leakage from Nozzle side","Nozzle was loose ","Human mistake","During nozzle cleaning its not properly tightend","Nozzle & poppet cleaning done.,Nozzle tightened properly after that OK","Informed to all MTD member to confirm the parts conditions( There was no looseness or any leakage) after any maintenance activity. ","Mechanical","Human","No","Subhash Sheoran,Gagandeep,Mukesh","Under PRD TL Approval"
"Aug","07-08-2024 T09:00","Final Assy","AB Sealer Block-02","Spray Sealer","EEAT-215","A","BM","115","Sealer coming on prohibited area <Y1K R2>.","Sealer coming on prohibited area <Y1K R2>.","Sealer dummy was NG.","Sealer spray not closed within the time.","Nozzle needle movement hard .","Part failure.","Viscosity Checked found 13.10.,Dummy Checked found NG.,Program modified status NG.,Nozzle repaired then installed status NG.,Nozzle changed with spare repaired Nozzle after that dummy found ok. ,Product checked found need to some adjustment from program .So program modified after that ok.","Nozzle cleaning point will reflect during Shutdown 1/6M.","Mechanical","Part-Failure","No","Neeraj","Under PRD TL Approval"
"Aug","08-08-2024 T10:21","Mounting","MA7","UNLOADER","EETP-151","A","BM","20","Stocker Broken when width change ","Stocker Broken when width change","Stocker all lock was not open ","One side lock was not match with liver","Stocker side Issue ","NA ","Stocker Take out and sensor clean ,Stocker Change After That ok ","Informed to PRD to use OK stocker or confirmed the stoker condition before using on the line.","Mechanical","Design","No","Gagandeep","Under MTD HOSS Approval"
"Aug","08-08-2024 T15:20","Mounting","MA5","Traverser with QR Reader","EETP-079","B","BM","40","Rescan Count Error Coming","Rescan Count Error Coming","PCB QR Not Read By Scanner","Scanner position NG","N/A","N/A","1st time this  model (PWC) Run,Given the Offset in X-Coordinate 0.00 MM To 1.00 MM then ok","QR position  to be check with Laptop (T.D-09.08.2024) ","Mechanical","Process","No","Jatinder Singh,Sandeep Dhama","Under PRD TL Approval"
"Aug","09-08-2024 T10:12","Mounting","MA7","UNLOADER","EETP-151","A","BM","30","mag. width locking lever opening time out error","mag. width locking lever opening time out error","One side lock not open by machine ","Stocker Lock side issue ","Stocker lock touch with stocker moveable unit side ","NA ","Stocker take out and another stocker run found ok","","Mechanical","Design","Yes","Gagandeep","Under MTD HOSS Approval"
"Aug","09-08-2024 T16:00","Mounting","MA7","LOADER","EETP-138","B","BM","15","Stocker not going inside in auto running","Stocker not going inside in auto running","Wrong orientation Error coming on display","Wrong orientation sensor was not ON","Wrong orientation allen bolt height NG","Stocker allen bolt side washer not available","Change the stocker after that ok","Request to PRD Please check Stocker allen bolt side washer available or not","Mechanical","Process","No","Jatinder Singh,Indrajit Behera","Under PRD TL Approval"
"Aug","09-08-2024 T20:10","Mounting","AOI-7","Unloader","EETP-110","B","BM","25","Magazine Width Locking lever opening time out error coming","Magazine Width Locking lever opening time out error ","Locking open confirmation sensor was not ON","Magazine Width Locking lever was not open","Magazine Width Locking lever Stuck with Stocker lock","Alignment NG","Magazine Width Locking lever Alignment done then ok","Both lever alignment done","Mechanical","Allignment","No","Jatinder Singh,Omvir","Under PRD TL Approval"
"Aug","10-08-2024 T20:30","Final Assy","FA-WP3","HT Tester","EEAT-158","B","BM","30","Misjudgment Coming on step No 202","Product Fail at step No 202","Step no.202 Measured value coming Lower Spec side ","Suspected ADC ID-6 Measured value Not OK. ","ADC ID-6 Calibration Issue with Base board.","NA","Production Box pin cleaning done ,PS-449 board change with Spare ,ADC32-6 Board change with Spare ,Finally ALL ADC Board calibration done after that ok ","Problem summery shared with DNJP For Permanent Countermeasure->Reply Awaited  ","Electrical","M/c Communication ","No","Ujjawal,Neeraj,Rahul Pant","Under PRD TL Approval"
"Aug","12-08-2024 T06:10","Final Assy","FA-WP4","AIR LEACK CHECK","EEAT-209","A","BM","10","OK product  failed ","OK master NG coming","A & B pressure value higher side coming ","Daily check NG ","NA ","NA","Finally A & B pressure adjust ment after that ok,After that ok master & product check found ok ,","","Pneumatic","Part-Failure","No","Indrajit Behera","Under MTD TL Approval"
"Aug","12-08-2024 T10:50","Final Assy","FA-WP2","Silicon Below","EEAT-080","A","BM","35","Silicon tail coming after application and dummy  ","After Dummy And product application silicon tail coming from nozzle ","Dispensing Unit Silicon not Stop when Application finished","Dispenser Not Maintain Sufficient Pressure to Hold Silicon","Suspected -Dispenser Stator Unit Wear Out leading Leakage of Silicon","Residual Leakage Not Properly Control by Suck Back","Suction value change from 130 to 160,Set up no.11 RPM Adjust from 78 to 82,1st point application delay time increased  from 600 to 700 (YCA)","Stator and Rotor Unit to be Change by Sept 24","Both","Part-Failure","No","Ujjawal,Sandeep Dhama","Under PRD TL Approval"
"Aug","12-08-2024 T20:20","Final Assy","FA-NWP3","FAL2-ENG-LT","EEAT-125","B","BM","20","Monitor side no signal problem coming","Monitor Display no signal problem coming","VGA signal not coming","VGA Port N.G","monitor faulty","Part failure","During runing Monitor side no signal problem coming,Machine re-start but ng,So monitor change with HT Tester & problem shift , same problm coming,Finaly monitor change with spare new, after that ok","","Electrical","Part-Failure","No","Mangal Ram Kanwar","Under PRD TL Approval"
"Aug","12-08-2024 T21:50","Final Assy","FA-AB1","FAL-AB-RT1","EEAT-118","B","BM","15","Step no. 30, 60, 80, 90 continous product failed (Model-822)","Step no. 30, 60, 80, 90 continous product failed","NG step Releted circuit incomplete ","Product & Harness's pins proper not contact","Pin dirty","n/a","During runing Step no. 30, 60, 80, 90 continous product failed,Machine re-start but same ,Harness change with LT Tester & problem shift , so NG Harness (RT Tester) take out,Harness side all pins & connector cleaning done, after that ok","","Both","Part-Failure","No","Mangal Ram Kanwar","Under PRD TL Approval"
"Aug","13-08-2024 T02:21","Final Assy","Spot Block-2","Air Blowing M/C06","EEAT-047","C","CM","120","Workpiece set unit stopper broken & its sock absorbers was damaged ","Door was not stop properly after open"," Because its stopper was broken","Due to impact on the stopper in every cycle","Due to long use and life over.","Part failure","Both side stopper replaced with new.,Nozzle cylinder stop sock absorbers replaced with new one due to it was damage.","Stopper condition check point available in PM check sheet.","Mechanical","Part-Failure","No","Subhash Sheoran","Under PRD TL Approval"
"Aug","13-08-2024 T06:10","Final Assy","FA-WP2","Silicon Below","EEAT-080","A","BM","30","Abnormal silicon coming on product (DC1U & YCA)","After Dummy And product application silicon tail Silicon coming from nozzle 
","Dispensing Unit Silicon not Stop when Application finished","Dispenser Not Maintain Sufficient Pressure to Hold Silicon","Suspected -Dispenser Stator Unit Wear Out leading Leakage of Silicon","Residual Leakage Not Properly Control by Suck Back","Machine parameter change ,Suction from 130 to 160,Left and right both start point delay time increased from 360 to 450 for DC1U ,For THD Delay time increased from 500 to 600  for DC1U ,For YCA Delay time increased of Both start point from 600 to 700,For YCA Both start point Left & Right Application  Overlapping Increased (+2.00mm for left and -2.00mm for Right   in X Axis )","Stator and Rotor Unit to be Change by Sept 24","Both","Part-Failure","Yes","Ujjawal,Sandeep Dhama","Under PRD TL Approval"
"Aug","13-08-2024 T07:30","Final Assy","Spot Block-1","Spot-01","EEAT-096","A","BM","60","Dip tester value NG coming 135°C (Spec.-140~165°C)","Dip tester value NG coming","Halogen Heater was Not glowing","Halogen Heater was fuse","Part Failure","N/A","This problem coming during daily check time,Change the heater with spare new one {Heater Set no.6- 2 & 5}","Pre-Heater Output will be changed by PED","Electrical","Part-Failure","No","Indrajit Behera,Omvir","Under PRD TL Approval"
"Aug","13-08-2024 T21:55","Mounting","AOI-5","AOI-05","EETP-069","B","BM","10","A reception time out has occured error coming ,","A reception time out has occured error coming ,","Pcb not transfer to 3D machine ","Pcb stuck in Belt","More play avoilable in the width axis","","During runing Pcb stuck in Unloading station & error occured,Found pcb stuck in the Belt, so pcb manually take out & belt cleaning done, ,Once time auto width done, after that ok","","Mechanical","Design","No","Mangal Ram Kanwar,Dalip Khajuria,Mukesh","Under MTD HOSS Approval"
"Aug","14-08-2024 T00:11","Mounting","MA7","LOADER","EETP-138","C","BM","30","Chuck Error Coming ","Chuck Error Coming ","Pcb Drop By Chuck","More play available In chuck Pad movement side ","One side Grub Screw Was Missing And one side loose ","Due to impact while chuck open & close.","Drop Pcb Take Out ,Chuck Check Grub Screw Was Missing ,Grub Screw Search ,Now New allen bolt install Now ok ","","Mechanical","Design","No","Gagandeep","Under PRD TL Approval"
"Aug","13-08-2024 T04:20","Final Assy","Cell Sensor","Spray Sealer","EEAT-163","C","BM","120","During origin time master getting off & Alarm SVALM-9 was coming.","During origin time master off.","SVALM-9 Alarm was coming.","Pusher Transfer unit not moving.","Sealer accumulated in pusher transfer unit rail.","Single product run due to sealer dropped on rail unit.","Machine restart .,Driver -9 LAN Cable re-connect.,Driver -9 LAN Cable changed .,Checked pusher -2 found not moving while origin . Manually checked found very hard.,Checked pusher rail unit found sealer accumulated .Very difficult to accumulated sealer removed from rail unit .,Accumulated sealer removed after that pusher moving ok.","One sensor will add for part confirmation & Cleaning frequency will Changed 1M to 1/w .","Mechanical","Human","No","Neeraj","Under MTD HOSS Approval"
"Aug","14-08-2024 T12:10","Mounting","MA5","Reflow Oven","EETP-083","A","CM","50","Outlet jamming error coming in ISSBMU","Outlet jamming error coming","PCB was stuck between reflow & cooling conveyor","Cooling conveyor belt was not rotate","Cooling conveyor inlet sensor was not ON","Sensor position issue","Sensor clean,sensor sensivity adjust ,Finally adjust the inlet cooling CV sensor position 3MM reflow side then ok","Sensor position adjusted","Mechanical","Allignment","No","Jatinder Singh,Rahul Pant","Under PRD TL Approval"
"Aug","14-08-2024 T23:59","Final Assy","FA-WP2","Silicon Below","EEAT-080","C","BM","16","Less silicon coming in overlapping area at DC1U model.","Less silicon coming in overlapping area at DC1U model","Suck back value has been increased. ","Prevent Silicon drop issue.","Dispenser side issue .","Part failure.","Program modified (Delay time Increased) after that ok.","","Mechanical","Part-Failure","Yes","Neeraj,Sreekanth Sasi","Under MTD HOSS Approval"
"Aug","16-08-2024 T06:15","Final Assy","FA-WP3","HT Tester","EEAT-158","A","BM","25","Misjudgement Coming on step no.202 ","Product Fail at step No 202","Step no.202 Measured value coming Lower Spec side","Suspected ADC ID-6 Measured value Not OK. ","ADC ID-6 Calibration Issue with Base board.","NA","Connection reconnect from ADC-6 and PS449 side ,Master check 10 to 15 times then ok ","Problem summery shared with DNJP For Permanent Countermeasure->Reply Awaited  ","Electrical","M/c Communication ","No","Ujjawal","Under MTD TL Approval"
"Aug","16-08-2024 T09:30","Mounting","MA5","YS Loader","EETP-073","A","BM","10","Magazine transfer time out error coming,","Magazine transfer time out error coming,","PCB  jig properly not transfer in lifter conveyor","PCB jig tilted in lifter conveyor side","NA","NA","Finally PCB jig manually take out and lifter conveyor belt clean done,After that m/c run ok,","","Both","Allignment","No","Indrajit Behera","Under MTD TL Approval"
"Aug","16-08-2024 T12:00","Final Assy","FA-NWP3","FAL2-ENG-LT","EEAT-125","A","BM","35","L T TESTER Waiting for steps checking  running condition ","Waiting for step checking ","Processing slow during running  ","HDD Processing speed slow ","HDD Storage almost full & not able to process data","HDD side issue(Part failure)","Machine restart ,P.Box Swapped with HT,Motherboard RAM Clean,TEMP. and Recycle file deleted ,Finally HDD Change with spare backup then ok ","HDD Back up spare maintain in SSD in place of HDD ","Electrical","Part-Failure","No","Ujjawal,Sandeep Dhama","Under PRD TL Approval"
"Aug","16-08-2024 T06:30","Mounting","MA4","Buffer Conveyor","EETP-055","A","BM","50","Product jam at Buffer conveyor","Product jam at Buffer conveyor","Buffer Conveyor belt was not rotate","Motor gear mechanism not Touch with buffer belt mechanism","Motor gear mechanism Cylinder not move","Sol. Valve Faulty (Part failure)","Sensor clean ,Conveyor belt clean,Belt Rotation motor working check ok  but belt was not rotate because Motor gear mechanism Cylinder not move,Change the Motor gear mechanism movement cylinder Sol. valve then ok","Changed the Motor gear mechanism movement cylinder Sol. valve","Electrical","Part-Failure","No","Jatinder Singh,Sandeep Dhama,Mukesh","Under PRD TL Approval"
"Aug","16-08-2024 T06:30","Mounting","AOI-08","Multi-Magazine Loader","EETP-128","A","BM","110","QR code scanner not working","QR code scanner not working","QR data not transfer to PLC D memory","SCU unit Not working","Suspected SCU Unit was faulty","N/A","Machine power off/on,Scanner Re-connected,Scanner Change with other line,SCU Unit Port change 2 to 1,SCU unit setting done & D memory back up upload then ok","SCU Unit Change (T.D -18.08.2024)","Electrical","M/c Communication ","No","Jatinder Singh,Indrajit Behera,Sandeep Dhama","Under MTD TL Approval"
"Aug","16-08-2024 T22:50","Final Assy","FA-WP3","Air Leak","EEAT-160","C","BM","15","Detect NG master data not matched.","Detect NG master data not matched.","Master failed in balance pressure.","All preesure not set according to analog gauge.","Speed controller was not locking.",".","Checked daily found 140 offset in flow rate.So offset set in zero .,All preesure set according to procedure after that ok.,Given offset  for daily check.,All master checked ok.","Speed controller locked .","Mechanical","Human","No","Neeraj,Sreekanth Sasi","Under MTD HOSS Approval"
"Aug","17-08-2024 T05:00","Mounting","AOI-08","Multi-Magazine Loader","EETP-128","C","BM","30","Scanner data not transfer during changeover.","Changeover not taken.","Scan data was not transferring.","Suspected- SCU card issue.","N/A","N/A","Machine restart.,Scanner cable reconnect.,Scanner changed but same so revert.,D-Memory data transfer to PLC after that ok.","SCU card changed with spare.","Electrical","Part-Failure","Yes","Neeraj,Sreekanth Sasi","Under PRD TL Approval"
"Aug","17-08-2024 T06:50","Mounting","MA7","NPM-2","EETP-146","A","BM","25","Nozzle Installed error coming (Vacuum check NG)","Nozzle Installed error coming","Nozzle not pick by head
","Nozzle not available in changer (As per Runing model )","N/A","N/A","After model change over this problem coming,As per Runing model nozzle not kept on changer location (21),Set the nozzle by PRD as per Changer location then ok","Request to PRD Plz verified the nozzle before running production. ","Mechanical","Human","No","Ujjawal,Jatinder Singh","Under MTD HOSS Approval"
"Aug","17-08-2024 T13:00","Mounting","MA7","DUAL LANE CONVEYOR WITH COOLING FAN + QR","EETP-149","A","BM","15","Conveyor transfer time out error coming","Conveyor transfer time out error ","Due to PCB Stucked  into Conveyor. ","Conveyor belt came out from pully.","Conveyor belt tension was Loose.","N/A","Remove conveyor belt & cleaning done of Belt . After that Adjusted  belt tension .","All Pully tension Checked & tighted.","Mechanical","Allignment","No","Jatinder Singh,Indrajit Behera","Under MTD HOSS Approval"
"Aug","18-08-2024 T03:25","Mounting","MA5","YS Loader","EETP-073","C","BM","100","Slot check valve time out error","Slot check valve time out error was coming","Slot check cylinder close/open confirmation not coming ","slot check Cylinder movement was hard","Its rod was dirty","Dust coming from  environment .","Solenoid valve manualy operate but its same.,Solenoid valve changed with spare but its same.,Slot check cylinder rod clean & manualy move after that OK.","Informed to PRD to do 5S inside the machine.","Mechanical","Part-Failure","No","Neeraj,Subhash Sheoran,Dalip Khajuria","Under MTD HOSS Approval"
"Aug","20-08-2024 T06:25","Final Assy","FA-WP4","PRE-PKG AUTO SCREW MACHINE","EEAT-204","A","BM","20","Daily check time Calibration error coming ","Daily check time Calibration error coming ","Screw driver not rotate","Screw driver Rotation signal not coming from Driver ","Driver have alarm coming","","During Daily check time Calibration error coming ,Found screw driver not Rotate & alarm coming,Found Driver side Alarm showing, So Once time machine power off/on, after that ok","","Both","M/c Communication ","No","Mangal Ram Kanwar,Jaydev Mal","Under MTD HOSS Approval"
"Aug","20-08-2024 T06:20","Mounting","MA3","Reflow Oven","EETP-041","A","BM","20","Machine operation not getting ON","Machine Operation not ON","Monitor Display not coming","Monitor display faulty","","","Monitor change with spare (connect externally). After that-OK.","","Electrical","Part-Failure","No","Jaydev Mal,Dalip Khajuria","Under MTD HOSS Approval"
"Aug","20-08-2024 T07:10","Mounting","MA3","SP60","EETP-035","A","BM","20","Camera Height Error (upper)","Camera Height Error (upper)","Camera Height up confirmation not coming within time","Camera Up/Down cylinder up speed abnormal","","","Camera Up/Down cylinder speed adjust. After that-OK.","","Pneumatic","Wear","No","Jaydev Mal,Dalip Khajuria","Under PRD TL Approval"
"Aug","20-08-2024 T11:00","Mounting","MA7","REFLOW OVEN","EETP-148","A","BM","60","PCB Drop at lane-2 inlet.","PCB Drop at lane-2 inlet.","Lane-2 width was not OK (Set value-187mm, but actual width was wider)","Changeover data not set in m/c properly.","Disk Error (File format isn't normal )","","As per maker instruction temporary data delete.,conv. width origin done. After that-OK.","Problem shared with maker. Waiting for analysis.","Electrical","Design","No","Jaydev Mal,Dalip Khajuria","Under MTD HOSS Approval"
"Aug","20-08-2024 T14:25","Final Assy","FA-WP3","Air Leak","EEAT-160","A","BM","20","Daily Check N.G Coming ","Master Data Not Match ","Daily check time flow n.g coming ","Flow Value was not come ok ","Flow value was disturbed ","Because its flow valve malfunctioning.","Flow Value Adjust From Flow Adjuster ","We will changed the type of flow adjuster for trail. If flow value not disturbed we will replace other valve also. ","Mechanical","Design","Yes","Gagandeep","Under MTD HOSS Approval"
"Aug","17-08-2024 T04:00","Mounting","AOI-6","3D-06","EETP-090","C","BM","25","3D hanged when NG polarity over rejection was shown in YY8 TM master then after restarting, AOI machine gave upper link data error","Over rejection is high","machine hang during running","data not transferring ","Suspected communication issue",".","Machine restart but its same issue.,RS232 cable reconnected after that OK","","Electrical","M/c Communication ","No","Subhash Sheoran,Sreekanth Sasi","Under PRD TL Approval"
"Aug","20-08-2024 T18:45","Mounting","MA4","Board Flipper","EETP-052","B","BM","25","X axis -Y axis origin error","X axis -Y axis origin error","One side Pcb Was Not Stop ","Stoper Not Proper Down Come ","Cylinder Motion Was Hard ","Cylinder Bush Rod Was Dirty ","Pusher Speed Adjust ,Machine restart ,Stoper Cylinder Rod Lubrication Done","","Mechanical","Design","No","Gagandeep","Under PRD TL Approval"
"Aug","20-08-2024 T15:10","Final Assy","Cell Sensor","Spray Sealer","EEAT-163","B","BM","40","Sealer flow coming on prohibited area -R1 side of ISS BMU.","Sealer flow coming on prohibited area -R1 side of ISS BMU.","Spray width was getting wide while nozzle closing.","Dummy was NG.","Suspected- Nozzle needle movement issue.","N/A","Checked viscosity 13.10.,Checked dummy found Nozzle closing time spray getting wide.,Nozzle closing speed adjusted from speed controller (Before 5 turn After 4 turn open) after that product checked ok.","If problem repeated ,Nozzle will replace.","Mechanical","Part-Failure","No","Neeraj,Gagandeep","Under MTD HOSS Approval"
"Aug","17-08-2024 T15:07","Mounting","AOI-08","Multi-Magazine Loader","EETP-128","B","BM","60","QR Scanner not working (Data not transfered to PLC)","QR Scanner not working","Data not transferred to PLC","SCU21-V1 unit parameter setting was NG","Automatically parameter setting goes to Default.","SCU21-V1 unit side issue.","PLC D-memory transferred to PLC,Scanner chnaged from AOI-10 loader M/c,Check and found SCU21-V1 unit port-2 Parameter setting was NG (Default setting),SCU21-V1 unit port-2 parameter setting done as per Mannual. After that-OK.","SCU21-V1 unit changed with spare. (18-08-2024)
PLC Battery also changed with New. (18-08-2024)","Electrical","Part-Failure","No","Jaydev Mal,Dalip Khajuria,Ashish Gupta","Under MTD HOSS Approval"
"Aug","21-08-2024 T09:10","Mounting","MA5","SPG","EETP-075","A","BM","20","C-R conveyor transport error.","C-R conveyor transport error","PCB transfer confirmation not coming","PCB confirmation sensor continue ON","Sensor was dirty","","Check belt condition found -OK,PCB confirmation sensor clean. After that-OK.","","Electrical","Human","No","Dalip Khajuria","Under MTD HOSS Approval"
"Aug","21-08-2024 T10:15","Mounting","MA5","Multi-Magzine Unloader","EETP-086","A","BM","20","PCB Jam at unloader","PCB Jam at unloader","PCB stuck between stocker and idler, while transferring PCB","Stocker slot height and Idler position was not matching.","Idler little bit mis-aligned with stocker slot","","Idler alignment done with reference to stocker slot height. After that-OK.","","Mechanical","Design","No","Jaydev Mal,Dalip Khajuria","Under MTD HOSS Approval"
"Aug","21-08-2024 T17:40","Final Assy","FA-AB1","FAL-AB-LT","EEAT-115","B","BM","40","Product fail on multiple step (Error..) Model 882.","Product fail on multiple step (Error..) Model 882.","Lower side value coming.","Contect not making -Harness Pin & product housing .","Small connector not proper set & alignment.","Small connector supporting portion broken.","Harness swap with HT after that problem shifted.,Pin cleaned .,All pin changed with spare new .,Small connector changed with spare & alignment done after that ok.","We will arrange A/B harness connector for stock.","Mechanical","Part-Failure","No","Neeraj,Subhash Sheoran,Gagandeep","Under MTD HOSS Approval"
"Aug","22-08-2024 T02:03","Mounting","MA3","Reflow Oven","EETP-041","C","BM","15","Lower overheat error coming  in zone-6","Overheat alarm coming","Overheat detection Signal continue coming ","Overheat detection relay was not working ","Relay contact was damage ","Part failure","Error reset ,Change the CR-13 Relay with spare for Zone-6 lower overheat alarm","relay change with spare","Electrical","Part-Failure","No","Jatinder Singh,Rahul Pant","Under PRD TL Approval"
"Aug","22-08-2024 T02:30","Mounting","MA4","YS Loader ","EETP-051","C","BM","20","Halogen lamp not glowing (Thickness Machine )","Halogen lamp not glowing (Thickness Machine )","Halogen lamp Burn out ","Halogen lamp Life over ","NA","NA","Changed Both side new halogen lamp with sapre after that ok ","","Electrical","Part-Failure","No","Indrajit Behera","Under MTD TL Approval"
"Aug","22-08-2024 T07:17","Final Assy","Cell Sensor","Spray Sealer","EEAT-163","A","BM","18","Sealer Splash coming on prohibited area (ISS-BMU R1)","Sealer Splash coming on prohibited area","Nozzle - 1 ,Spray was not OK.","Nozzle was chocked","Suspected humiseal dry in-side Nozzle hole.","N/A","Nozzle-1, chip take out & Clean with thinner,After that instaled in M/c, Dummy check OK.,Product run OK.","","Mechanical","Design","No","Mangal Ram Kanwar,Jaydev Mal,Mukesh","Under MTD TL Approval"
"Sep","02-09-2024 T09:23","New Cell","New Line","AOI-05","EETP-069","A","BM","","","","","","","","","","","","","Sreekanth Sasi","Assigned"
"Sep","10-09-2024 T09:38","Mounting","MA3","OC-1","EETP-036","A","CM","62","gfdhsh","","","","","","kjhl","lkj","Electrical","Wear","Yes","Jatinder Singh,Ashish Gupta","Under MTD TL Approval"
"Sep","10-09-2024 T11:42","Mounting","AOI-6","AOI-06","EETP-089","A","BM","","","","","","","","","","","","","","Generated"
"Sep","10-09-2024 T11:42","Mounting","AOI-6","AOI-06","EETP-089","A","BM","","","","","","","","","","","","","","Generated"
"Sep","10-09-2024 T11:45","Mounting","MA2","CM212-3","EETP-016","A","BM","234","rewt","","","","","","","","Electrical","Wear","Yes","Sreekanth Sasi,Jatinder Singh","Fill Sheet"
"Apr","30/4/2024 - 2:35 am","Final Assy","Spot Block-2","THD DC1V(4720)","EEAT-169","","PM","120","","","","","","","","","","","","Jatinder","Completed"
"July","31/7/2024 - 5:37 am","Final Assy","Spot Block-2","THD DC1V(4720)","EEAT-169","","PM","90","","","","","","","","","","","","Ujjawal","Completed"
"May","7/5/2024 - 5:12 AM","New Cell","New Line","YS Loader","EETP-005","","PM","40","","","","","","","","","","","","Dalip","Completed"
"Aug","7/8/2024 - 4:40 am","New Cell","New Line","YS Loader","EETP-005","","PM","60","","","","","","","","","","","","Dalip","Completed"
"Apr","18/4/2024 - 5:26 am","New Cell","New Line","Board Flipper","EETP-009","","PM","45","","","","","","","","","","","","Dalip","Completed"
"May","7/5/2024 - 5:13 AM","New Cell","New Line","Board Flipper","EETP-009","","PM","60","","","","","","","","","","","","Dalip","Completed"
"June","19/6/2024 - 1:17 am","New Cell","New Line","Board Flipper","EETP-009","","PM","40","","","","","","","","","","","","Indrajit","Completed"
"July","12/7/2024 - 1:40 AM","New Cell","New Line","Board Flipper","EETP-009","","PM","45","","","","","","","","","","","","Indrajit","Completed"
"Aug","14/8/2024 - 1:02 am","New Cell","New Line","Board Flipper","EETP-009","","PM","30","","","","","","","","","","","","Gagandeep","Completed"
"Apr","18/4/2024 - 5:31 am","New Cell","New Line","SPG-2","EETP-094","","PM","120","","","","","","","","","","","","Neeraj","Completed"
"May","8/5/2024 - 2:20 AM","New Cell","New Line","SPG-2","EETP-094","","PM","120","","","","","","","","","","","","Dalip","Completed"
"June","19/6/2024 - 1:56 AM","New Cell","New Line","SPG-2","EETP-094","","PM","90","","","","","","","","","","","","Jatinder","Completed"
"July","4/7/2024 - 3:35 AM","New Cell","New Line","SPG-2","EETP-094","","PM","60","","","","","","","","","","","","Gagandeep","Completed"
"Aug","8/8/2024 - 4:58 am","New Cell","New Line","SPG-2","EETP-094","","PM","120","","","","","","","","","","","","Dalip","Completed"
"Apr","10/4/2024 - 3:20 AM","New Cell","New Line","SPI","EETP-044","","PM","60","","","","","","","","","","","","Jatinder","Completed"
"July","12/7/2024 - 3:42 am","New Cell","New Line","SPI","EETP-044","","PM","120","","","","","","","","","","","","Indrajit","Completed"
"Apr","10/4/2024 - 3:12 AM","Mounting","MA2","OC-1","EETP-013","","PM","60","","","","","","","","","","","","Jatinder","Completed"
"May","7/5/2024 - 5:13 AM","Mounting","MA2","OC-1","EETP-013","","PM","20","","","","","","","","","","","","Jaydev","Completed"
"June","19/6/2024 - 1:42 AM","Mounting","MA2","OC-1","EETP-013","","PM","60","","","","","","","","","","","","Jatinder","Completed"
"July","4/7/2024 - 3:27 AM","Mounting","MA2","OC-1","EETP-013","","PM","45","","","","","","","","","","","","Gagandeep","Completed"
"Aug","7/8/2024 - 4:40 am","Mounting","MA2","OC-1","EETP-013","","PM","20","","","","","","","","","","","","Dalip","Completed"
"Apr","14/4/2024 - 4:47 am","Mounting","MA2","OC-2","EETP-017","","PM","60","","","","","","","","","","","","Jatinder","Completed"
"July","5/7/2024 - 3:39 AM","Mounting","MA2","OC-2","EETP-017","","PM","30","","","","","","","","","","","","Subhash","Completed"
"Apr","10/4/2024 - 2:41 am","Mounting","MA2","CM212-1","EETP-014","","PM","180","","","","","","","","","","","","Jatinder","Completed"
"July","10/7/2024 - 5:39 am","Mounting","MA2","CM212-1","EETP-014","","PM","200","","","","","","","","","","","","Indrajit","Completed"
"Apr","21/4/2024 - 1:05 PM","Mounting","MA2","CM212-2","EETP-015","","PM","210","","","","","","","","","","","","Jatinder,Indrajit","Completed"
"July","10/7/2024 - 5:43 am","Mounting","MA2","CM212-2","EETP-015","","PM","200","","","","","","","","","","","","Indrajit","Completed"
"Apr","18/4/2024 - 5:30 am","Mounting","MA2","YS Unloader","EETP-029","","PM","120","","","","","","","","","","","","Dalip","Completed"
"July","12/7/2024 - 3:44 am","Mounting","MA2","YS Unloader","EETP-029","","PM","150","","","","","","","","","","","","Jatinder","Completed"
"Apr","21/4/2024 - 1:04 PM","Mounting","MA2","CM212-3","EETP-016","","PM","150","","","","","","","","","","","","Jatinder,Indrajit","Completed"
"July","21/7/2024 - 11:16 am","Mounting","MA2","CM212-3","EETP-016","","PM","180","","","","","","","","","","","","Jatinder","Completed"
"Apr","18/4/2024 - 5:30 am","Mounting","MA2","Reflow Oven","EETP-025","","PM","90","","","","","","","","","","","","Dalip","Completed"
"May","7/5/2024 - 5:13 AM","Mounting","MA2","Reflow Oven","EETP-025","","PM","40","","","","","","","","","","","","Jaydev","Completed"
"June","19/6/2024 - 2:24 AM","Mounting","MA2","Reflow Oven","EETP-025","","PM","90","","","","","","","","","","","","Jatinder","Completed"
"July","","Mounting","MA2","Reflow Oven","EETP-025","","PM","120","","","","","","","","","","","","Ujjawal","PM Skip"
"Aug","14/8/2024 - 1:50 AM","Mounting","MA2","Reflow Oven","EETP-025","","PM","30","","","","","","","","","","","","Subhash","Completed"
"Apr","19/4/2024 - 5:10 am","Mounting","MA3","Board Flipper","EETP-034","","PM","60","","","","","","","","","","","","Neeraj","Completed"
"May","8/5/2024 - 3:50 am","Mounting","MA3","Board Flipper","EETP-034","","PM","70","","","","","","","","","","","","Mangal","Completed"
"June","19/6/2024 - 3:31 am","Mounting","MA3","Board Flipper","EETP-034","","PM","90","","","","","","","","","","","","Jatinder","Completed"
"July","7/7/2024 - 5:09 AM","Mounting","MA3","Board Flipper","EETP-034","","PM","60","","","","","","","","","","","","Subhash","Completed"
"Aug","2/8/2024 - 9:40 PM","Mounting","MA3","Board Flipper","EETP-034","","PM","30","","","","","","","","","","","","Gagandeep","Completed"
"Apr","10/4/2024 - 3:46 AM","Mounting","MA3","OC-1","EETP-036","","PM","40","","","","","","","","","","","","Jatinder","Completed"
"May","8/5/2024 - 3:52 am","Mounting","MA3","OC-1","EETP-036","","PM","30","","","","","","","","","","","","Mangal","Completed"
"June","19/6/2024 - 3:36 am","Mounting","MA3","OC-1","EETP-036","","PM","90","","","","","","","","","","","","Jatinder","Completed"
"Aug","2/8/2024 - 9:39 PM","Mounting","MA3","OC-1","EETP-036","","PM","20","","","","","","","","","","","","Gagandeep","Completed"
"Apr","19/4/2024 - 5:11 am","Mounting","MA3","SP60","EETP-035","","PM","90","","","","","","","","","","","","Dalip","Completed"
"May","8/5/2024 - 3:51 am","Mounting","MA3","SP60","EETP-035","","PM","50","","","","","","","","","","","","Mangal","Completed"
"June","19/6/2024 - 3:35 am","Mounting","MA3","SP60","EETP-035","","PM","90","","","","","","","","","","","","Jatinder","Completed"
"July","7/7/2024 - 5:34 AM","Mounting","MA3","SP60","EETP-035","","PM","60","","","","","","","","","","","","Gagandeep","Completed"
"Aug","2/8/2024 - 9:29 PM","Mounting","MA3","SP60","EETP-035","","PM","120","","","","","","","","","","","","Gagandeep","Completed"
"Apr","14/4/2024 - 4:48 am","Mounting","MA3","OC-2","EETP-040","","PM","60","","","","","","","","","","","","Jatinder","Completed"
"May","10/5/2024 - 4:51 am","Mounting","MA3","OC-2","EETP-040","","PM","20","","","","","","","","","","","","Jaydev","Completed"
"June","19/6/2024 - 3:36 am","Mounting","MA3","OC-2","EETP-040","","PM","60","","","","","","","","","","","","Jatinder","Completed"
"Aug","2/8/2024 - 9:43 PM","Mounting","MA3","OC-2","EETP-040","","PM","20","","","","","","","","","","","","Gagandeep","Completed"
"May","18/5/2024 - 5:16 am","Mounting","MA3","AOI-02","EETP-004","","PM","30","","","","","","","","","","","","Gagandeep","Completed"
"July","10/7/2024 - 2:30 am","Mounting","MA3","AOI-02","EETP-004","","PM","20","","","","","","","","","","","","Indrajit","Completed"
"May","10/5/2024 - 4:50 am","Mounting","MA3","CM212-1","EETP-037","","PM","180","","","","","","","","","","","","Jaydev","Completed"
"Apr","19/4/2024 - 5:09 am","Mounting","MA3","YS Loader","EETP-033","","PM","60","","","","","","","","","","","","Neeraj","Completed"
"July","7/7/2024 - 5:07 AM","Mounting","MA3","YS Loader","EETP-033","","PM","60","","","","","","","","","","","","Subhash","Completed"
"May","11/5/2024 - 6:03 am","Mounting","MA3","CM212-2","EETP-038","","PM","180","","","","","","","","","","","","Mangal","Completed"
"Apr","20/4/2024 - 4:51 am","Mounting","MA3","3D-02","EETP-002","","PM","30","","","","","","","","","","","","Neeraj","Completed"
"June","20/6/2024 - 3:36 AM","Mounting","MA3","3D-02","EETP-002","","PM","30","","","","","","","","","","","","Indrajit","Completed"
"July","10/7/2024 - 2:31 am","Mounting","MA3","3D-02","EETP-002","","PM","20","","","","","","","","","","","","Indrajit","Completed"
"Aug","11/8/2024 - 8:09 PM","Mounting","MA3","3D-02","EETP-002","","PM","20","","","","","","","","","","","","Indrajit","Completed"
"May","18/5/2024 - 5:15 am","Mounting","MA3","CM212-3","EETP-039","","PM","90","","","","","","","","","","","","Gagandeep","Completed"
"Apr","22/4/2024 - 8:35 am","Mounting","MA3","Reflow Oven","EETP-041","","PM","150","","","","","","","","","","","","Indrajit","Completed"
"May","10/5/2024 - 4:51 am","Mounting","MA3","Reflow Oven","EETP-041","","PM","60","","","","","","","","","","","","Jaydev","Completed"
"June","19/6/2024 - 4:26 am","Mounting","MA3","Reflow Oven","EETP-041","","PM","60","","","","","","","","","","","","Jatinder","Completed"
"Aug","7/8/2024 - 3:29 am","Mounting","MA3","Reflow Oven","EETP-041","","PM","300","","","","","","","","","","","","Dalip","Completed"
"Apr","30/4/2024 - 2:36 am","Mounting","MA4","SPG","EETP-053","","PM","120","","","","","","","","","","","","Jatinder","Completed"
"May","26/5/2024 - 10:24 AM","Mounting","MA4","SPG","EETP-053","","PM","60","","","","","","","","","","","","Gagandeep","Completed"
"June","23/6/2024 - 1:35 pm","Mounting","MA4","SPG","EETP-053","","PM","120","","","","","","","","","","","","Dalip","Completed"
"July","7/7/2024 - 12:34 pm","Mounting","MA4","SPG","EETP-053","","PM","120","","","","","","","","","","","","Indrajit","Completed"
"May","21/5/2024 - 4:46 AM","Mounting","MA4","Board Flipper","EETP-052","","PM","30","","","","","","","","","","","","Indrajit","Completed"
"June","23/6/2024 - 1:35 pm","Mounting","MA4","Board Flipper","EETP-052","","PM","30","","","","","","","","","","","","Dalip","Completed"
"July","7/7/2024 - 12:33 pm","Mounting","MA4","Board Flipper","EETP-052","","PM","90","","","","","","","","","","","","Indrajit","Completed"
"Apr","19/4/2024 - 5:12 am","Mounting","MA3","YS Unloader","EETP-043","","PM","60","","","","","","","","","","","","Dalip","Completed"
"July","7/7/2024 - 5:11 AM","Mounting","MA3","YS Unloader","EETP-043","","PM","60","","","","","","","","","","","","Subhash","Completed"
"Apr","30/4/2024 - 2:36 am","Mounting","MA4","OC-1","EETP-054","","PM","90","","","","","","","","","","","","Jatinder","Completed"
"May","4/5/2024 - 2:53 AM","Mounting","MA4","OC-1","EETP-054","","PM","10","","","","","","","","","","","","Jatinder","Completed"
"June","23/6/2024 - 12:11 PM","Mounting","MA4","OC-1","EETP-054","","PM","30","","","","","","","","","","","","Jaydev","Completed"
"July","7/7/2024 - 12:36 pm","Mounting","MA4","OC-1","EETP-054","","PM","90","","","","","","","","","","","","Indrajit","Completed"
"Aug","14/8/2024 - 1:01 am","Mounting","MA4","OC-1","EETP-054","","PM","20","","","","","","","","","","","","Gagandeep","Completed"
"Apr","30/4/2024 - 2:37 am","Mounting","MA4","Buffer Conveyor","EETP-055","","PM","120","","","","","","","","","","","","Jatinder","Completed"
"May","26/5/2024 - 9:55 AM","Mounting","MA4","Buffer Conveyor","EETP-055","","PM","60","","","","","","","","","","","","Gagandeep","Completed"
"June","23/6/2024 - 9:14 PM","Mounting","MA4","Buffer Conveyor","EETP-055","","PM","60","","","","","","","","","","","","Gagandeep","Completed"
"July","7/7/2024 - 12:45 pm","Mounting","MA4","Buffer Conveyor","EETP-055","","PM","150","","","","","","","","","","","","Indrajit","Completed"
"Apr","30/4/2024 - 2:37 am","Mounting","MA4","OC-2","EETP-058","","PM","90","","","","","","","","","","","","Jatinder","Completed"
"May","4/5/2024 - 2:51 AM","Mounting","MA4","OC-2","EETP-058","","PM","10","","","","","","","","","","","","Jatinder","Completed"
"June","23/6/2024 - 1:36 pm","Mounting","MA4","OC-2","EETP-058","","PM","30","","","","","","","","","","","","Dalip","Completed"
"July","","Mounting","MA4","OC-2","EETP-058","","PM","90","","","","","","","","","","","","Indrajit","Completed"
"Apr","30/4/2024 - 2:37 am","Mounting","MA4","Reflow Oven","EETP-059","","PM","120","","","","","","","","","","","","Jatinder","Completed"
"June","23/6/2024 - 1:36 pm","Mounting","MA4","Reflow Oven","EETP-059","","PM","60","","","","","","","","","","","","Dalip","Completed"
"July","28/7/2024 - 4:47 pm","Mounting","MA4","Reflow Oven","EETP-059","","PM","360","","","","","","","","","","","","Dalip","Completed"
"May","5/5/2024 - 9:28 AM","Mounting","MA4","NPM-01","EETP-093","","PM","120","","","","","","","","","","","","Gagandeep","Completed"
"June","12/6/2024 - 4:08 pm","Mounting","MA4","NPM-01","EETP-093","","PM","300","","","","","","","","","","","","Jatinder","Completed"
"Aug","21/8/2024 - 11:38 pm","Mounting","MA4","NPM-01","EETP-093","","PM","90","","","","","","","","","","","","Jatinder","Completed"
"May","26/5/2024 - 3:56 pm","Mounting","MA4","NPM-03","EETP-101","","PM","120","","","","","","","","","","","","Jatinder","Completed"
"June","12/6/2024 - 4:16 pm","Mounting","MA4","NPM-03","EETP-101","","PM","300","","","","","","","","","","","","Jatinder","Completed"
"June","","Mounting","MA4","NPM-04","EETP-056","","PM","420","","","","","","","","","","","","Jatinder","Completed"
"May","27/5/2024 - 9:00 AM","Mounting","MA4","NPM-06","EETP-057","","PM","120","","","","","","","","","","","","Gagandeep","Completed"
"June","12/6/2024 - 4:28 pm","Mounting","MA4","NPM-06","EETP-057","","PM","300","","","","","","","","","","","","Jatinder","Completed"
"Apr","30/4/2024 - 2:37 am","Mounting","MA4","YS Unloader ","EETP-060","","PM","120","","","","","","","","","","","","Jatinder","Completed"
"July","7/7/2024 - 2:21 pm","Mounting","MA4","YS Unloader ","EETP-060","","PM","120","","","","","","","","","","","","Indrajit","Completed"
"May","31/5/2024 - 1:32 am","Mounting","MA5","SPI","EETP-077","","PM","40","","","","","","","","","","","","Dalip","Completed"
"Aug","21/8/2024 - 3:32 am","Mounting","MA5","SPI","EETP-077","","PM","90","","","","","","","","","","","","Jatinder","Completed"
"Apr","7/4/2024 - 4:09 pm","Mounting","MA5","SPG","EETP-075","","PM","90","","","","","","","","","","","","Jatinder","Completed"
"May","5/5/2024 - 3:10 am","Mounting","MA5","SPG","EETP-075","","PM","60","","","","","","","","","","","","Jatinder","Completed"
"July","4/7/2024 - 1:39 AM","Mounting","MA5","SPG","EETP-075","","PM","60","","","","","","","","","","","","Gagandeep","Completed"
"June","14/6/2024 - 6:11 am","Mounting","MA5","NPM-6","EETP-080","","PM","390","","","","","","","","","","","","Jatinder","Completed"
"June","16/6/2024 - 11:35 am","Mounting","MA5","NPM-7","EETP-096","","PM","240","","","","","","","","","","","","Jatinder","Completed"
"June","16/6/2024 - 11:40 am","Mounting","MA5","NPM-9","EETP-081","","PM","500","","","","","","","","","","","","Jatinder","Completed"
"June","16/6/2024 - 11:38 am","Mounting","MA5","NPM-8","EETP-097","","PM","450","","","","","","","","","","","","Jatinder","Completed"
"June","27/6/2024 - 3:43 am","Mounting","MA5","Traverser with QR Reader-2","EETP-082","","PM","60","","","","","","","","","","","","Dalip","Completed"
"June","27/6/2024 - 3:44 am","Mounting","MA5","Dual Lane Conveyor with Cooling Fan and QR","EETP-084","","PM","60","","","","","","","","","","","","Dalip","Completed"
"June","27/6/2024 - 3:45 am","Mounting","MA5","Traverser with Pusher","EETP-085","","PM","60","","","","","","","","","","","","Dalip","Completed"
"Apr","7/4/2024 - 4:08 pm","Mounting","MA5","Reflow Oven","EETP-083","","PM","60","","","","","","","","","","","","Jatinder","Completed"
"May","26/5/2024 - 9:24 AM","Mounting","MA5","Reflow Oven","EETP-083","","PM","60","","","","","","","","","","","","Mangal","Completed"
"June","23/6/2024 - 2:34 PM","Mounting","MA5","Reflow Oven","EETP-083","","PM","60","","","","","","","","","","","","Gagandeep","Completed"
"July","4/7/2024 - 1:40 AM","Mounting","MA5","Reflow Oven","EETP-083","","PM","60","","","","","","","","","","","","Gagandeep","Completed"
"Aug","21/8/2024 - 3:29 am","Mounting","MA5","Reflow Oven","EETP-083","","PM","60","","","","","","","","","","","","Jatinder","Completed"
"June","30/6/2024 - 8:24 pm","New Cell","New Line","AOI-05","EETP-069","","PM","50","","","","","","","","","","","","Jatinder","Completed"
"Apr","27/4/2024 - 10:11 pm","New Cell","New Line","PCB Scanner","EETP-068","","PM","30","","","","","","","","","","","","Jaydev","Completed"
"June","30/6/2024 - 8:23 pm","New Cell","New Line","PCB Scanner","EETP-068","","PM","40","","","","","","","","","","","","Jatinder","Completed"
"Apr","27/4/2024 - 10:10 pm","New Cell","New Line","Multi Magazine Loader","EETP-067","","PM","30","","","","","","","","","","","","Jaydev","Completed"
"June","30/6/2024 - 8:23 pm","New Cell","New Line","Multi Magazine Loader","EETP-067","","PM","50","","","","","","","","","","","","Jatinder","Completed"
"Aug","22/8/2024 - 5:22 am","New Cell","New Line","Multi Magazine Loader","EETP-067","","PM","30","","","","","","","","","","","","Jatinder","Completed"
"June","28/6/2024 - 5:05 am","Mounting","MA5","Multi-Magzine Unloader","EETP-086","","PM","70","","","","","","","","","","","","Dalip","Completed"
"Apr","29/4/2024 - 7:25 PM","New Cell","New Line","3D-05","EETP-070","","PM","30","","","","","","","","","","","","Indrajit","Completed"
"June","30/6/2024 - 8:25 pm","New Cell","New Line","3D-05","EETP-070","","PM","50","","","","","","","","","","","","Jatinder","Completed"
"Apr","30/4/2024 - 12:23 am","New Cell","New Line","PCB Inverter","EETP-071","","PM","60","","","","","","","","","","","","Jatinder","Completed"
"June","30/6/2024 - 8:25 pm","New Cell","New Line","PCB Inverter","EETP-071","","PM","50","","","","","","","","","","","","Jatinder","Completed"
"May","19/5/2024 - 10:07 pm","Mounting","AOI-6","PCB Scanner","EETP-088","","PM","30","","","","","","","","","","","","Dalip","Completed"
"July","30/7/2024 - 3:09 AM","Mounting","AOI-6","PCB Scanner","EETP-088","","PM","30","","","","","","","","","","","","Jatinder","Completed"
"Apr","29/4/2024 - 7:30 PM","New Cell","New Line","Multi Magazine Unloader","EETP-072","","PM","30","","","","","","","","","","","","Indrajit","Completed"
"June","30/6/2024 - 8:26 pm","New Cell","New Line","Multi Magazine Unloader","EETP-072","","PM","50","","","","","","","","","","","","Jatinder","Completed"
"May","19/5/2024 - 10:06 pm","Mounting","AOI-6","Multi Magazine Loader","EETP-087","","PM","30","","","","","","","","","","","","Dalip","Completed"
"July","23/7/2024 - 1:27 pm","Mounting","AOI-6","Multi Magazine Loader","EETP-087","","PM","30","","","","","","","","","","","","Jatinder","Completed"
"May","19/5/2024 - 10:15 pm","Mounting","AOI-6","AOI-06","EETP-089","","PM","60","","","","","","","","","","","","Dalip","Completed"
"July","30/7/2024 - 3:08 AM","Mounting","AOI-6","AOI-06","EETP-089","","PM","30","","","","","","","","","","","","Jatinder","Completed"
"May","26/5/2024 - 4:31 pm","Mounting","AOI-6","PCB Inverter","EETP-091","","PM","120","","","","","","","","","","","","Indrajit","Completed"
"July","30/7/2024 - 3:08 AM","Mounting","AOI-6","PCB Inverter","EETP-091","","PM","40","","","","","","","","","","","","Jatinder","Completed"
"May","19/5/2024 - 10:15 pm","Mounting","AOI-6","3D-06","EETP-090","","PM","30","","","","","","","","","","","","Dalip","Completed"
"July","30/7/2024 - 3:08 AM","Mounting","AOI-6","3D-06","EETP-090","","PM","40","","","","","","","","","","","","Jatinder","Completed"
"July","6/7/2024 - 2:33 am","Final Assy","FA-AC1","RT-AC Amp","EEAT-020","","PM","30","","","","","","","","","","","","Subhash","Completed"
"June","6/6/2024 - 12:57 am","Final Assy","FA-AC1","RT Tester","EEAT-181","","PM","15","","","","","","","","","","","","Subhash","Completed"
"Apr","21/4/2024 - 11:01 AM","Mounting","MA4","YS Loader ","EETP-051","","PM","50","","","","","","","","","","","","Indrajit","Completed"
"May","21/5/2024 - 4:40 AM","Mounting","MA4","YS Loader ","EETP-051","","PM","40","","","","","","","","","","","","Indrajit","Completed"
"June","23/6/2024 - 1:34 pm","Mounting","MA4","YS Loader ","EETP-051","","PM","60","","","","","","","","","","","","Dalip","Completed"
"July","7/7/2024 - 12:31 pm","Mounting","MA4","YS Loader ","EETP-051","","PM","120","","","","","","","","","","","","Indrajit","Completed"
"Aug","14/8/2024 - 12:59 am","Mounting","MA4","YS Loader ","EETP-051","","PM","30","","","","","","","","","","","","Gagandeep","Completed"
"May","9/5/2024 - 4:58 am","Final Assy","FA-AB1","FAL-AB-HT","EEAT-117","","PM","15","","","","","","","","","","","","Mangal","Completed"
"Aug","6/8/2024 - 4:28 am","Final Assy","FA-AB1","FAL-AB-HT","EEAT-117","","PM","15","","","","","","","","","","","","Dalip","Completed"
"Apr","14/4/2024 - 3:14 am","Final Assy","FA-AB1","Packaging jig-01","EEAT-114","","PM","60","","","","","","","","","","","","Jatinder","Completed"
"May","9/5/2024 - 3:16 am","Final Assy","FA-AB1","Packaging jig-01","EEAT-114","","PM","30","","","","","","","","","","","","Mangal","Completed"
"July","6/7/2024 - 2:38 am","Final Assy","FA-AB1","Packaging jig-01","EEAT-114","","PM","30","","","","","","","","","","","","Subhash","Completed"
"Aug","6/8/2024 - 4:27 am","Final Assy","FA-AB1","Packaging jig-01","EEAT-114","","PM","30","","","","","","","","","","","","Dalip","Completed"
"May","9/5/2024 - 4:42 am","Final Assy","FA-AB1","FAL-AB-LT","EEAT-115","","PM","15","","","","","","","","","","","","Mangal","Completed"
"Aug","6/8/2024 - 4:28 am","Final Assy","FA-AB1","FAL-AB-LT","EEAT-115","","PM","15","","","","","","","","","","","","Dalip","Completed"
"May","9/5/2024 - 4:41 am","Final Assy","FA-AB1","FAL-AB-RT1","EEAT-118","","PM","15","","","","","","","","","","","","Mangal","Completed"
"Aug","6/8/2024 - 4:29 am","Final Assy","FA-AB1","FAL-AB-RT1","EEAT-118","","PM","15","","","","","","","","","","","","Dalip","Completed"
"July","9/7/2024 - 5:47 am","Final Assy","FA-AB2","FAL2-AB-LT","EEAT-128","","PM","20","","","","","","","","","","","","Indrajit","Completed"
"Apr","13/4/2024 - 2:57 am","Final Assy","FA-AB1","HT Chamber-01","EEAT-116","","PM","30","","","","","","","","","","","","Jatinder","Completed"
"May","9/5/2024 - 4:58 am","Final Assy","FA-AB1","HT Chamber-01","EEAT-116","","PM","20","","","","","","","","","","","","Mangal","Completed"
"June","6/6/2024 - 1:55 pm","Final Assy","FA-AB1","HT Chamber-01","EEAT-116","","PM","60","","","","","","","","","","","","Jatinder","Completed"
"July","6/7/2024 - 2:34 am","Final Assy","FA-AB1","HT Chamber-01","EEAT-116","","PM","30","","","","","","","","","","","","Subhash","Completed"
"Aug","6/8/2024 - 4:27 am","Final Assy","FA-AB1","HT Chamber-01","EEAT-116","","PM","30","","","","","","","","","","","","Dalip","Completed"
"Apr","14/4/2024 - 3:19 am","Final Assy","FA-AB2","Packaging Jig-02","EEAT-131","","PM","60","","","","","","","","","","","","Jatinder","Completed"
"May","9/5/2024 - 3:14 am","Final Assy","FA-AB2","Packaging Jig-02","EEAT-131","","PM","30","","","","","","","","","","","","Mangal","Completed"
"June","","Final Assy","FA-AB2","Packaging Jig-02","EEAT-131","","PM","60","","","","","","","","","","","","Subhash","Completed"
"July","9/7/2024 - 5:52 am","Final Assy","FA-AB2","Packaging Jig-02","EEAT-131","","PM","70","","","","","","","","","","","","Indrajit","Completed"
"Aug","9/8/2024 - 5:13 am","Final Assy","FA-AB2","Packaging Jig-02","EEAT-131","","PM","40","","","","","","","","","","","","Mangal","Completed"
"May","9/5/2024 - 3:17 am","Final Assy","FA-AB1","LT Chamber-01","EEAT-129","","PM","25","","","","","","","","","","","","Mangal","Completed"
"May","26/5/2024 - 10:55 AM","Mounting","MA4","NPM-05","EETP-066","","PM","120","","","","","","","","","","","","Gagandeep","Completed"
"June","12/6/2024 - 4:24 pm","Mounting","MA4","NPM-05","EETP-066","","PM","300","","","","","","","","","","","","Jatinder","Completed"
"July","9/7/2024 - 5:48 am","Final Assy","FA-AB2","FAL2-AB-HT","EEAT-133","","PM","20","","","","","","","","","","","","Indrajit","Completed"
"July","9/7/2024 - 5:49 am","Final Assy","FA-AB2","FAL2-AB-RT1","EEAT-134","","PM","20","","","","","","","","","","","","Indrajit","Completed"
"Apr","14/4/2024 - 3:20 am","Final Assy","FA-AB2","LT Chamber-03","EEAT-147","","PM","60","","","","","","","","","","","","Jatinder","Completed"
"July","31/7/2024 - 5:51 am","Final Assy","FA-AB2","LT Chamber-03","EEAT-147","","PM","120","","","","","","","","","","","","Ujjawal","Completed"
"July","9/7/2024 - 5:50 am","Final Assy","FA-AB2","Roll Over Tester","EEAT-143","","PM","20","","","","","","","","","","","","Indrajit","Completed"
"June","7/6/2024 - 3:08 am","Final Assy","FA-AB2","FAL2-AB-RT2","EEAT-144","","PM","15","","","","","","","","","","","","Subhash","Completed"
"Apr","13/4/2024 - 2:56 am","Final Assy","FA-AB2","HT Chamber-02","EEAT-052","","PM","30","","","","","","","","","","","","Jatinder","Completed"
"May","9/5/2024 - 3:15 am","Final Assy","FA-AB2","HT Chamber-02","EEAT-052","","PM","20","","","","","","","","","","","","Mangal","Completed"
"June","7/6/2024 - 3:08 am","Final Assy","FA-AB2","HT Chamber-02","EEAT-052","","PM","15","","","","","","","","","","","","Subhash","Completed"
"July","21/7/2024 - 11:27 am","Final Assy","FA-AB2","HT Chamber-02","EEAT-052","","PM","60","","","","","","","","","","","","Jatinder","Completed"
"Aug","6/8/2024 - 5:46 am","Final Assy","FA-AB2","HT Chamber-02","EEAT-052","","PM","30","","","","","","","","","","","","Dalip","Completed"
"Apr","13/4/2024 - 7:32 PM","Final Assy","FA-AB2","Connector Pin Check","EEAT-145","","PM","20","","","","","","","","","","","","Subhash","Completed"
"May","25/5/2024 - 1:17 am","Final Assy","FA-AB2","Connector Pin Check","EEAT-145","","PM","30","","","","","","","","","","","","Indrajit","Completed"
"July","21/7/2024 - 8:27 am","Final Assy","FA-AB2","Connector Pin Check","EEAT-145","","PM","30","","","","","","","","","","","","Jatinder","Completed"
"Aug","9/8/2024 - 5:13 am","Final Assy","FA-AB2","Connector Pin Check","EEAT-145","","PM","60","","","","","","","","","","","","Mangal","Completed"
"Apr","27/4/2024 - 10:06 pm","Final Assy","AB Sealer Block-01","Flash-05","EEAT-113","","PM","40","","","","","","","","","","","","Jaydev","Completed"
"July","5/7/2024 - 3:00 AM","Final Assy","AB Sealer Block-01","Flash-05","EEAT-113","","PM","30","","","","","","","","","","","","Subhash","Completed"
"Apr","27/4/2024 - 10:08 pm","Final Assy","AB Sealer Block-01","Air blow -01","EEAT-015","","PM","120","","","","","","","","","","","","Jaydev","Completed"
"July","31/7/2024 - 5:43 am","Final Assy","AB Sealer Block-01","Air blow -01","EEAT-015","","PM","120","","","","","","","","","","","","Ujjawal","Completed"
"June","2/6/2024 - 12:28 PM","Final Assy","Cell Sensor","Flash writing (C/S)","EEAT-161","","PM","50","","","","","","","","","","","","Neeraj","Completed"
"Apr","27/4/2024 - 10:09 pm","Final Assy","AB Sealer Block-01","MRC-01","EEAT-005","","PM","30","","","","","","","","","","","","Jaydev","Completed"
"July","5/7/2024 - 3:02 AM","Final Assy","AB Sealer Block-01","MRC-01","EEAT-005","","PM","30","","","","","","","","","","","","Subhash","Completed"
"May","23/5/2024 - 7:23 am","Final Assy","ENG Sealer Block-01","Flash-01","EEAT-021","","PM","30","","","","","","","","","","","","Jaydev","Completed"
"July","31/7/2024 - 5:41 am","Final Assy","ENG Sealer Block-01","Flash-01","EEAT-021","","PM","60","","","","","","","","","","","","Ujjawal","Completed"
"June","2/6/2024 - 12:56 PM","Final Assy","Cell Sensor","Air blowing M/C","EEAT-162","","PM","80","","","","","","","","","","","","Neeraj","Completed"
"June","2/6/2024 - 9:23 AM","Final Assy","AB Sealer Block-01","PCB-Router-03","EEAT-012","","PM","120","","","","","","","","","","","","Neeraj",""
"May","4/5/2024 - 2:36 AM","Final Assy","Cell Sensor","LT Chamber","EEAT-164","","PM","40","","","","","","","","","","","","Jatinder","Completed"
"June","6/6/2024 - 12:56 am","Final Assy","FA-AC1","RT Corolla","EEAT-040","","PM","30","","","","","","","","","","","","Subhash","Completed"
"May","19/5/2024 - 10:17 pm","Mounting","AOI-6","Multi Magazine Unloader","EETP-092","","PM","30","","","","","","","","","","","","Dalip","Completed"
"July","30/7/2024 - 3:07 AM","Mounting","AOI-6","Multi Magazine Unloader","EETP-092","","PM","40","","","","","","","","","","","","Jatinder","Completed"
"July","21/7/2024 - 5:09 am","Final Assy","Cell Sensor","IMV ICC ","EEAT-195","","PM","15","","","","","","","","","","","","Mangal","Completed"
"May","19/5/2024 - 8:40 AM","Final Assy","FA-WP3","Filter Assembly ","EEAT-151","","PM","45","","","","","","","","","","","","Ujjawal","Completed"
"Aug","10/8/2024 - 5:15 am","Final Assy","FA-WP3","Filter Assembly ","EEAT-151","","PM","80","","","","","","","","","","","","Jaydev","Completed"
"July","21/7/2024 - 11:24 am","Final Assy","FA-WP3","3W Gel-04","EEAT-193","","PM","60","","","","","","","","","","","","Jatinder","Completed"
"Apr","11/4/2024 - 3:37 am","Final Assy","FA-WP3","HT Chamber","EEAT-053","","PM","60","","","","","","","","","","","","Jatinder","Completed"
"June","30/6/2024 - 8:04 am","Final Assy","FA-WP3","HT Chamber","EEAT-053","","PM","30","","","","","","","","","","","","Subhash","Completed"
"July","7/7/2024 - 9:33 am","Final Assy","FA-WP3","HT Chamber","EEAT-053","","PM","20","","","","","","","","","","","","Indrajit","Completed"
"Aug","10/8/2024 - 5:15 am","Final Assy","FA-WP3","HT Chamber","EEAT-053","","PM","20","","","","","","","","","","","","Jaydev","Completed"
"May","19/5/2024 - 8:43 AM","Final Assy","FA-WP3","Air Leak","EEAT-160","","PM","30","","","","","","","","","","","","Ujjawal","Completed"
"Aug","10/8/2024 - 5:18 am","Final Assy","FA-WP3","Air Leak","EEAT-160","","PM","120","","","","","","","","","","","","Jaydev","Completed"
"Apr","21/4/2024 - 12:18 PM","Final Assy","Spot Block-2","Air Blowing M/C06","EEAT-047","","PM","60","","","","","","","","","","","","Ujjawal","Completed"
"June","30/6/2024 - 8:20 pm","Final Assy","Spot Block-2","Air Blowing M/C06","EEAT-047","","PM","60","","","","","","","","","","","","Ujjawal","Completed"
"July","31/7/2024 - 5:53 am","Final Assy","Spot Block-2","Air Blowing M/C06","EEAT-047","","PM","60","","","","","","","","","","","","Ujjawal","Completed"
"Aug","4/8/2024 - 3:40 PM","Final Assy","Spot Block-2","Air Blowing M/C06","EEAT-047","","PM","120","","","","","","","","","","","","Mangal","Completed"
"Apr","13/4/2024 - 7:51 PM","Final Assy","Spot Block-2","Screw driver-02","EEAT-032","","PM","10","","","","","","","","","","","","Subhash","Completed"
"June","30/6/2024 - 9:05 am","Final Assy","Spot Block-2","Screw driver-02","EEAT-032","","PM","180","","","","","","","","","","","","Subhash","Completed"
"Aug","4/8/2024 - 3:39 PM","Final Assy","Spot Block-2","Screw driver-02","EEAT-032","","PM","20","","","","","","","","","","","","Mangal","Completed"
"June","30/6/2024 - 8:57 am","Final Assy","Spot Block-2","PCB Router","EEAT-072","","PM","60","","","","","","","","","","","","Subhash","Completed"
"Apr","21/4/2024 - 12:21 PM","Final Assy","Spot Block-2","Spot-02","EEAT-074","","PM","80","","","","","","","","","","","","Ujjawal","Completed"
"May","19/5/2024 - 4:39 pm","Final Assy","Spot Block-2","Spot-02","EEAT-074","","PM","150","","","","","","","","","","","","Mangal","Completed"
"June","30/6/2024 - 8:29 pm","Final Assy","Spot Block-2","Spot-02","EEAT-074","","PM","1320","","","","","","","","","","","","Subhash","Completed"
"July","31/7/2024 - 5:55 am","Final Assy","Spot Block-2","Spot-02","EEAT-074","","PM","120","","","","","","","","","","","","Ujjawal","Completed"
"Aug","4/8/2024 - 3:40 PM","Final Assy","Spot Block-2","Spot-02","EEAT-074","","PM","120","","","","","","","","","","","","Mangal","Completed"
"June","7/6/2024 - 3:03 am","Final Assy","FA-WP2","MRC-02","EEAT-112","","PM","60","","","","","","","","","","","","Subhash","Completed"
"June","7/6/2024 - 3:04 am","Final Assy","FA-WP2","Flash-02","EEAT-003","","PM","30","","","","","","","","","","","","Subhash","Completed"
"June","7/6/2024 - 3:05 am","Final Assy","FA-WP2","Air blow-04","EEAT-109","","PM","60","","","","","","","","","","","","Subhash","Completed"
"May","19/5/2024 - 12:26 PM","Final Assy","FA-WP2","Silicon Below","EEAT-080","","PM","50","","","","","","","","","","","","Ujjawal","Completed"
"Aug","11/8/2024 - 4:25 PM","Final Assy","FA-WP2","Silicon Below","EEAT-080","","PM","30","","","","","","","","","","","","Indrajit","Completed"
"Apr","11/4/2024 - 5:37 am","Final Assy","FA-WP2","3W Gel-01","EEAT-111","","PM","90","","","","","","","","","","","","Jatinder","Completed"
"June","19/6/2024 - 3:51 am","Final Assy","FA-WP2","3W Gel-01","EEAT-111","","PM","90","","","","","","","","","","","","Jatinder","Completed"
"July","20/7/2024 - 5:30 am","Final Assy","FA-WP2","3W Gel-01","EEAT-111","","PM","120","","","","","","","","","","","","Mangal","Completed"
"May","19/5/2024 - 12:47 PM","Final Assy","FA-WP2","Screw driver(YL7)","EEAT-035","","PM","30","","","","","","","","","","","","Ujjawal","Completed"
"May","19/5/2024 - 12:46 PM","Final Assy","FA-WP2","Silicon All-round","EEAT-081","","PM","60","","","","","","","","","","","","Ujjawal","Completed"
"Aug","11/8/2024 - 4:27 PM","Final Assy","FA-WP2","Silicon All-round","EEAT-081","","PM","30","","","","","","","","","","","","Indrajit","Completed"
"Apr","27/4/2024 - 7:05 am","Final Assy","FA-WP2","Filter Assembly (YL7)","EEAT-121","","PM","60","","","","","","","","","","","","Jatinder","Completed"
"Apr","","Final Assy","FA-WP2","Screw driver-04","EEAT-036","","PM","120","","","","","","","","","","","","Jatinder","Completed"
"Aug","10/8/2024 - 5:04 am","Final Assy","FA-WP2","Screw driver-04","EEAT-036","","PM","20","","","","","","","","","","","","Mangal","Completed"
"July","17/7/2024 - 5:29 am","Final Assy","FA-WP2","Falcon-04","EEAT-050","","PM","15","","","","","","","","","","","","Dalip","Completed"
"Aug","10/8/2024 - 5:05 am","Final Assy","FA-WP2","Falcon-02","EEAT-088","","PM","15","","","","","","","","","","","","Jaydev","Completed"
"Apr","11/4/2024 - 3:39 am","Final Assy","FA-WP2","HT Chamber-05","EEAT-022","","PM","60","","","","","","","","","","","","Jatinder","Completed"
"May","19/5/2024 - 9:49 AM","Final Assy","FA-WP2","HT Chamber-05","EEAT-022","","PM","20","","","","","","","","","","","","Ujjawal","Completed"
"June","19/6/2024 - 3:52 am","Final Assy","FA-WP2","HT Chamber-05","EEAT-022","","PM","30","","","","","","","","","","","","Jatinder","Completed"
"July","17/7/2024 - 5:32 am","Final Assy","FA-WP2","HT Chamber-05","EEAT-022","","PM","20","","","","","","","","","","","","Dalip","Completed"
"Aug","8/8/2024 - 2:56 am","Final Assy","FA-WP2","HT Chamber-05","EEAT-022","","PM","20","","","","","","","","","","","","Jaydev","Completed"
"May","19/5/2024 - 11:29 AM","Final Assy","FA-WP2","LT Chamber-02","EEAT-132","","PM","120","","","","","","","","","","","","Ujjawal","Completed"
"Aug","10/8/2024 - 5:05 am","Final Assy","FA-WP2","LT Chamber-02","EEAT-132","","PM","40","","","","","","","","","","","","Jaydev","Completed"
"May","19/5/2024 - 9:48 AM","Final Assy","FA-WP2","VCS-10","EEAT-057","","PM","30","","","","","","","","","","","","Ujjawal","Completed"
"July","20/7/2024 - 5:30 am","Final Assy","FA-WP2","VCS-10","EEAT-057","","PM","30","","","","","","","","","","","","Mangal","Completed"
"Apr","11/4/2024 - 3:42 am","Final Assy","FA-WP2","VCS-07","EEAT-092","","PM","60","","","","","","","","","","","","Jatinder","Completed"
"June","20/6/2024 - 3:04 AM","Final Assy","FA-WP2","VCS-07","EEAT-092","","PM","30","","","","","","","","","","","","Jatinder","Completed"
"Aug","10/8/2024 - 5:06 am","Final Assy","FA-WP2","VCS-07","EEAT-092","","PM","15","","","","","","","","","","","","Jaydev","Completed"
"June","20/6/2024 - 3:11 AM","Final Assy","FA-WP2","Air leak-01","EEAT-083","","PM","160","","","","","","","","","","","","Jatinder","Completed"
"July","17/7/2024 - 5:31 am","Final Assy","FA-WP2","Falcon-II (DCIV) HT","EEAT-141","","PM","15","","","","","","","","","","","","Dalip","Completed"
"July","17/7/2024 - 5:29 am","Final Assy","FA-WP2","Falcon-II (DCIV) LT","EEAT-142","","PM","15","","","","","","","","","","","","Dalip","Completed"
"Apr","19/4/2024 - 8:23 am","Final Assy","FA-WP2","Filter Assembly (YCA)","EEAT-138","","PM","30","","","","","","","","","","","","Jatinder","Completed"
"May","19/5/2024 - 9:38 AM","Final Assy","FA-WP2","Filter Assembly (YCA)","EEAT-138","","PM","60","","","","","","","","","","","","Ujjawal","Completed"
"June","30/6/2024 - 8:16 am","Final Assy","FA-WP2","Filter Assembly (YCA)","EEAT-138","","PM","15","","","","","","","","","","","","Subhash","Completed"
"July","20/7/2024 - 5:31 am","Final Assy","FA-WP2","Filter Assembly (YCA)","EEAT-138","","PM","60","","","","","","","","","","","","Mangal","Completed"
"Aug","11/8/2024 - 4:29 PM","Final Assy","FA-WP2","Filter Assembly (YCA)","EEAT-138","","PM","25","","","","","","","","","","","","Indrajit","Completed"
"June","20/6/2024 - 3:14 AM","Final Assy","FA-WP2","Air leak-02","EEAT-082","","PM","120","","","","","","","","","","","","Jatinder","Completed"
"May","19/5/2024 - 12:05 pm","Final Assy","FA-WP2","Screw driver(Hyundai)","EEAT-037","","PM","30","","","","","","","","","","","","Ujjawal","Completed"
"June","7/6/2024 - 3:14 am","Final Assy","FA-AB3","DNHA-AB3-HT-01","EEAT-191","","PM","15","","","","","","","","","","","","Subhash","Completed"
"Apr","13/4/2024 - 2:54 am","Final Assy","FA-AB3","Packaging Jig-03","EEAT-188","","PM","60","","","","","","","","","","","","Jatinder","Completed"
"May","5/5/2024 - 3:07 am","Final Assy","FA-AB3","Packaging Jig-03","EEAT-188","","PM","60","","","","","","","","","","","","Jatinder","Completed"
"June","7/6/2024 - 5:37 am","Final Assy","FA-AB3","Packaging Jig-03","EEAT-188","","PM","60","","","","","","","","","","","","Subhash","Completed"
"July","6/7/2024 - 2:37 am","Final Assy","FA-AB3","Packaging Jig-03","EEAT-188","","PM","30","","","","","","","","","","","","Subhash","Completed"
"Aug","9/8/2024 - 3:17 am","Final Assy","FA-AB3","Packaging Jig-03","EEAT-188","","PM","40","","","","","","","","","","","","Jaydev","Completed"
"June","7/6/2024 - 3:12 am","Final Assy","FA-AB3","DNHA-AB3-RT-01","EEAT-192","","PM","15","","","","","","","","","","","","Subhash","Completed"
"June","","Final Assy","FA-AB3","LT Chamber","EEAT-189","","PM","15","","","","","","","","","","","","Subhash","Completed"
"Apr","13/4/2024 - 2:55 am","Final Assy","FA-AB3","HT Chamber","EEAT-190","","PM","30","","","","","","","","","","","","Jatinder","Completed"
"May","5/5/2024 - 3:06 am","Final Assy","FA-AB3","HT Chamber","EEAT-190","","PM","30","","","","","","","","","","","","Jatinder","Completed"
"June","7/6/2024 - 3:13 am","Final Assy","FA-AB3","HT Chamber","EEAT-190","","PM","15","","","","","","","","","","","","Subhash","Completed"
"July","6/7/2024 - 2:35 am","Final Assy","FA-AB3","HT Chamber","EEAT-190","","PM","15","","","","","","","","","","","","Subhash","Completed"
"Aug","9/8/2024 - 3:18 am","Final Assy","FA-AB3","HT Chamber","EEAT-190","","PM","20","","","","","","","","","","","","Jaydev","Completed"
"Apr","21/4/2024 - 10:58 AM","Final Assy","Spot Block-1","AOI-04","EEAT-026","","PM","30","","","","","","","","","","","","Ujjawal","Completed"
"May","19/5/2024 - 4:37 pm","Final Assy","Spot Block-1","AOI-04","EEAT-026","","PM","30","","","","","","","","","","","","Mangal","Completed"
"June","30/6/2024 - 8:46 am","Final Assy","Spot Block-1","AOI-04","EEAT-026","","PM","10","","","","","","","","","","","","Subhash","Completed"
"July","7/7/2024 - 7:35 AM","Final Assy","Spot Block-1","AOI-04","EEAT-026","","PM","20","","","","","","","","","","","","Ujjawal","Completed"
"Aug","4/8/2024 - 4:10 PM","Final Assy","Spot Block-1","AOI-04","EEAT-026","","PM","60","","","","","","","","","","","","Mangal","Completed"
"Apr","13/4/2024 - 7:50 PM","Final Assy","Spot Block-1","Screw driver-04","EEAT-034","","PM","10","","","","","","","","","","","","Subhash","Completed"
"July","31/7/2024 - 5:48 am","Final Assy","Spot Block-1","Screw driver-04","EEAT-034","","PM","120","","","","","","","","","","","","Ujjawal","Completed"
"Aug","4/8/2024 - 4:04 PM","Final Assy","Spot Block-1","Screw driver-04","EEAT-034","","PM","20","","","","","","","","","","","","Mangal","Completed"
"Apr","11/4/2024 - 3:43 am","Final Assy","Spot Block-1","3D-04","EEAT-028","","PM","60","","","","","","","","","","","","Jatinder","Completed"
"May","19/5/2024 - 4:37 pm","Final Assy","Spot Block-1","3D-04","EEAT-028","","PM","30","","","","","","","","","","","","Mangal","Completed"
"June","30/6/2024 - 8:48 am","Final Assy","Spot Block-1","3D-04","EEAT-028","","PM","20","","","","","","","","","","","","Subhash","Completed"
"July","7/7/2024 - 7:34 AM","Final Assy","Spot Block-1","3D-04","EEAT-028","","PM","40","","","","","","","","","","","","Ujjawal","Completed"
"Aug","4/8/2024 - 4:12 PM","Final Assy","Spot Block-1","3D-04","EEAT-028","","PM","40","","","","","","","","","","","","Mangal","Completed"
"Apr","21/4/2024 - 10:55 AM","Final Assy","Spot Block-1","PCB router-01","EEAT-094","","PM","60","","","","","","","","","","","","Ujjawal","Completed"
"July","7/7/2024 - 9:09 am","Final Assy","Spot Block-1","PCB router-01","EEAT-094","","PM","100","","","","","","","","","","","","Ujjawal","Completed"
"May","19/5/2024 - 4:41 pm","Final Assy","Spot Block-2","AOI-03","EEAT-076","","PM","30","","","","","","","","","","","","Mangal","Completed"
"July","7/7/2024 - 8:16 am","Final Assy","Spot Block-2","AOI-03","EEAT-076","","PM","40","","","","","","","","","","","","Indrajit","Completed"
"Aug","4/8/2024 - 3:40 PM","Final Assy","Spot Block-2","AOI-03","EEAT-076","","PM","60","","","","","","","","","","","","Mangal","Completed"
"May","5/5/2024 - 12:11 pm","Final Assy","FA-NWP3","MRC-03","EEAT-075","","PM","60","","","","","","","","","","","","Subhash","Completed"
"Aug","11/8/2024 - 6:11 PM","Final Assy","FA-NWP3","MRC-03","EEAT-075","","PM","40","","","","","","","","","","","","Indrajit","Completed"
"Apr","21/4/2024 - 12:22 PM","Final Assy","Spot Block-2","3D-03","EEAT-077","","PM","20","","","","","","","","","","","","Ujjawal","Completed"
"May","19/5/2024 - 4:40 pm","Final Assy","Spot Block-2","3D-03","EEAT-077","","PM","30","","","","","","","","","","","","Mangal","Completed"
"June","","Final Assy","Spot Block-2","3D-03","EEAT-077","","PM","20","","","","","","","","","","","","Subhash","Completed"
"July","7/7/2024 - 8:15 am","Final Assy","Spot Block-2","3D-03","EEAT-077","","PM","60","","","","","","","","","","","","Indrajit","Completed"
"Aug","4/8/2024 - 3:41 PM","Final Assy","Spot Block-2","3D-03","EEAT-077","","PM","30","","","","","","","","","","","","Mangal","Completed"
"Apr","21/4/2024 - 10:57 AM","Final Assy","Spot Block-1","Spot-01","EEAT-096","","PM","60","","","","","","","","","","","","Ujjawal","Completed"
"May","19/5/2024 - 4:36 pm","Final Assy","Spot Block-1","Spot-01","EEAT-096","","PM","120","","","","","","","","","","","","Mangal","Completed"
"June","30/6/2024 - 8:28 pm","Final Assy","Spot Block-1","Spot-01","EEAT-096","","PM","90","","","","","","","","","","","","Subhash","Completed"
"July","7/7/2024 - 8:13 am","Final Assy","Spot Block-1","Spot-01","EEAT-096","","PM","90","","","","","","","","","","","","Ujjawal","Completed"
"Aug","11/8/2024 - 8:45 PM","Final Assy","Spot Block-1","Spot-01","EEAT-096","","PM","150","","","","","","","","","","","","Indrajit","Completed"
"May","21/5/2024 - 1:47 am","Final Assy","FA-NWP3","Screw driver-632A","EEAT-124","","PM","15","","","","","","","","","","","","Indrajit","Completed"
"June","2/6/2024 - 8:36 pm","Final Assy","FA-NWP3","Spray Sealer M/C","EEAT-027","","PM","120","","","","","","","","","","","","Ujjawal",""
"May","5/5/2024 - 12:12 pm","Final Assy","FA-NWP3","3W Gel-02","EEAT-123","","PM","60","","","","","","","","","","","","Subhash","Completed"
"June","19/6/2024 - 6:27 am","Final Assy","FA-NWP3","3W Gel-02","EEAT-123","","PM","270","","","","","","","","","","","","Jaydev","Completed"
"Aug","21/8/2024 - 3:36 am","Final Assy","FA-NWP3","3W Gel-02","EEAT-123","","PM","120","","","","","","","","","","","","Jatinder","Completed"
"July","7/7/2024 - 9:30 am","Final Assy","FA-NWP3","FAL2-ENG-RT","EEAT-127","","PM","20","","","","","","","","","","","","Indrajit","Completed"
"July","21/7/2024 - 4:56 am","Final Assy","FA-NWP3","Air blow-02","EEAT-122","","PM","100","","","","","","","","","","","","Mangal","Completed"
"June","20/6/2024 - 3:17 AM","Final Assy","FA-NWP3","FAL2-ENG-LT","EEAT-125","","PM","20","","","","","","","","","","","","Jatinder","Completed"
"Apr","11/4/2024 - 3:39 am","Final Assy","FA-NWP3","HT Chamber-06","EEAT-024","","PM","60","","","","","","","","","","","","Jatinder","Completed"
"May","5/5/2024 - 12:13 pm","Final Assy","FA-NWP3","HT Chamber-06","EEAT-024","","PM","60","","","","","","","","","","","","Subhash","Completed"
"June","30/6/2024 - 8:12 am","Final Assy","FA-NWP3","HT Chamber-06","EEAT-024","","PM","10","","","","","","","","","","","","Subhash","Completed"
"July","7/7/2024 - 9:29 am","Final Assy","FA-NWP3","HT Chamber-06","EEAT-024","","PM","20","","","","","","","","","","","","Indrajit","Completed"
"Aug","8/8/2024 - 2:56 am","Final Assy","FA-NWP3","HT Chamber-06","EEAT-024","","PM","20","","","","","","","","","","","","Jaydev","Completed"
"July","7/7/2024 - 9:30 am","Final Assy","FA-NWP3","FAL2-ENG-HT","EEAT-126","","PM","20","","","","","","","","","","","","Indrajit","Completed"
"June","30/6/2024 - 8:09 am","Final Assy","FA-NWP3","LT Chamber-03","EEAT-045","","PM","15","","","","","","","","","","","","Subhash","Completed"
"May","5/5/2024 - 12:10 pm","Final Assy","FA-NWP3","Flash-04","EEAT-097","","PM","30","","","","","","","","","","","","Subhash","Completed"
"Aug","11/8/2024 - 6:08 PM","Final Assy","FA-NWP3","Flash-04","EEAT-097","","PM","60","","","","","","","","","","","","Indrajit","Completed"
"May","5/5/2024 - 12:14 pm","Final Assy","FA-NWP3","VCS-08","EEAT-099","","PM","15","","","","","","","","","","","","Subhash","Completed"
"Aug","11/8/2024 - 6:20 PM","Final Assy","FA-NWP3","VCS-08","EEAT-099","","PM","50","","","","","","","","","","","","Indrajit","Completed"
"May","5/5/2024 - 12:26 pm","Final Assy","FA-NWP3","Air Leak Tester","EEAT-180","","PM","60","","","","","","","","","","","","Subhash","Completed"
"Aug","11/8/2024 - 6:31 PM","Final Assy","FA-NWP3","Air Leak Tester","EEAT-180","","PM","60","","","","","","","","","","","","Indrajit","Completed"
"June","30/6/2024 - 8:14 am","Final Assy","FA-NWP3","VCS","EEAT-179","","PM","15","","","","","","","","","","","","Subhash","Completed"
"Apr","13/4/2024 - 9:43 am","Final Assy","Spot Block-2","THD DC1A/632A(4480)","EEAT-135","","PM","120","","","","","","","","","","","","Dalip","Completed"
"July","23/7/2024 - 12:07 pm","Final Assy","Spot Block-2","THD DC1A/632A(4480)","EEAT-135","","PM","50","","","","","","","","","","","","Jatinder","Completed"
"May","23/5/2024 - 9:23 am","Final Assy","Spot Block-2","THD DC1A/632A<4450>","EEAT-136","","PM","150","","","","","","","","","","","","Jaydev","Completed"
"Aug","7/8/2024 - 5:55 am","Final Assy","Spot Block-2","THD DC1A/632A<4450>","EEAT-136","","PM","60","","","","","","","","","","","","Mangal","Completed"
"June","30/6/2024 - 8:21 pm","Final Assy","Spot Block-2","THD G2C (4280)","EEAT-137","","PM","50","","","","","","","","","","","","Ujjawal","Completed"
"May","22/5/2024 - 10:14 am","Final Assy","Spot Block-2","THD HONDA 2TG (2960)","EEAT-172","","PM","60","","","","","","","","","","","","Dalip","Completed"
"Aug","7/8/2024 - 5:56 am","Final Assy","Spot Block-2","THD HONDA 2TG (2960)","EEAT-172","","PM","60","","","","","","","","","","","","Mangal","Completed"
"Apr","30/4/2024 - 2:35 am","Final Assy","Spot Block-2","THD LEAD CLINCHING","EEAT-173","","PM","120","","","","","","","","","","","","Jatinder","Completed"
"Aug","4/8/2024 - 3:41 PM","Final Assy","Spot Block-2","THD LEAD CLINCHING","EEAT-173","","PM","30","","","","","","","","","","","","Mangal","Completed"
"May","21/5/2024 - 1:48 am","Final Assy","FA-NWP3","Flash ","EEAT-174","","PM","40","","","","","","","","","","","","Indrajit","Completed"
"Aug","11/8/2024 - 6:39 PM","Final Assy","FA-NWP3","Flash ","EEAT-174","","PM","40","","","","","","","","","","","","Indrajit","Completed"
"May","24/5/2024 - 2:03 pm","Final Assy","FA-NWP3","Silicon Below","EEAT-175","","PM","180","","","","","","","","","","","","Jaydev","Completed"
"Aug","21/8/2024 - 3:47 am","Final Assy","FA-NWP3","Silicon Below","EEAT-175","","PM","120","","","","","","","","","","","","Jatinder","Completed"
"May","24/5/2024 - 2:03 pm","Final Assy","FA-NWP3","Silicon All Round","EEAT-177","","PM","190","","","","","","","","","","","","Jaydev","Completed"
"Aug","22/8/2024 - 5:21 am","Final Assy","FA-NWP3","Silicon All Round","EEAT-177","","PM","90","","","","","","","","","","","","Jatinder","Completed"
"Apr","27/4/2024 - 10:16 AM","Meter Assy","Meter 1","Flash Writing Machine","M1M-001","","PM","30","","","","","","","","","","","","Ujjawal","Completed"
"July","30/7/2024 - 2:24 am","Meter Assy","Meter 1","Flash Writing Machine","M1M-001","","PM","40","","","","","","","","","","","","Ujjawal","Completed"
"May","24/5/2024 - 1:19 am","Meter Assy","Meter 1","Antistatic Agent Machine","M1M-005","","PM","90","","","","","","","","","","","","Ujjawal","Completed"
"Aug","22/8/2024 - 11:26 pm","Meter Assy","Meter 1","Antistatic Agent Machine","M1M-005","","PM","30","","","","","","","","","","","","Ujjawal","Completed"
"Apr","27/4/2024 - 10:18 AM","Meter Assy","Meter 1","Pointer Press Fit Machine","M1M-003","","PM","60","","","","","","","","","","","","Ujjawal","Completed"
"July","30/7/2024 - 2:25 am","Meter Assy","Meter 1","Pointer Press Fit Machine","M1M-003","","PM","120","","","","","","","","","","","","Ujjawal","Completed"
"May","24/5/2024 - 1:23 am","Meter Assy","Meter 1","Calibration","M1M-008","","PM","230","","","","","","","","","","","","Ujjawal","Completed"
"Aug","22/8/2024 - 11:27 pm","Meter Assy","Meter 1","Calibration","M1M-008","","PM","50","","","","","","","","","","","","Ujjawal","Completed"
"June","30/6/2024 - 8:19 pm","Meter Assy","Meter 1","Inspection Machine-1","M1M-009","","PM","30","","","","","","","","","","","","Ujjawal","Completed"
"Apr","27/4/2024 - 11:31 AM","RTS Assy.","RTS-2","Resistance Check Machine","RTS-203","","PM","90","","","","","","","","","","","","Ujjawal","Completed"
"May","23/5/2024 - 4:20 am","RTS Assy.","RTS-2","Resistance Check Machine","RTS-203","","PM","160","","","","","","","","","","","","Jatinder","Completed"
"Aug","22/8/2024 - 11:33 pm","RTS Assy.","RTS-2","Resistance Check Machine","RTS-203","","PM","120","","","","","","","","","","","","Ujjawal","Completed"
"July","17/7/2024 - 5:28 am","Final Assy","FA-WP2","Falcon-II (DCIV) RT","EEAT-143A","","PM","15","","","","","","","","","","","","Dalip","Completed"
"Apr","27/4/2024 - 11:22 AM","RTS Assy.","RTS-1","Resistance Check Machine","RTS-103","","PM","90","","","","","","","","","","","","Ujjawal","Completed"
"May","23/5/2024 - 4:14 am","RTS Assy.","RTS-1","Resistance Check Machine","RTS-103","","PM","150","","","","","","","","","","","","Jatinder","Completed"
"Aug","22/8/2024 - 11:39 pm","RTS Assy.","RTS-1","Resistance Check Machine","RTS-103","","PM","120","","","","","","","","","","","","Ujjawal","Completed"
"Apr","27/4/2024 - 10:20 AM","Meter Assy","Meter 3","Flash Writing Machine","M3M-001","","PM","30","","","","","","","","","","","","Ujjawal","Completed"
"July","23/7/2024 - 1:40 pm","Meter Assy","Meter 3","Flash Writing Machine","M3M-001","","PM","60","","","","","","","","","","","","Jatinder","Completed"
"May","24/5/2024 - 1:26 am","Meter Assy","Meter 3","Antistatic Agent Machine","M3M-005","","PM","150","","","","","","","","","","","","Ujjawal","Completed"
"Aug","22/8/2024 - 11:28 pm","Meter Assy","Meter 3","Antistatic Agent Machine","M3M-005","","PM","30","","","","","","","","","","","","Ujjawal","Completed"
"Apr","27/4/2024 - 6:32 pm","Final Assy","ENG Sealer Block-02","Spray Sealer","EEAT-194","","PM","30","","","","","","","","","","","","Jaydev","Completed"
"July","21/7/2024 - 11:32 am","Final Assy","ENG Sealer Block-02","Spray Sealer","EEAT-194","","PM","120","","","","","","","","","","","","Jatinder","Completed"
"Apr","27/4/2024 - 10:21 AM","Meter Assy","Meter 3","Pointer Pressfit Machine","M3M-003","","PM","90","","","","","","","","","","","","Ujjawal","Completed"
"July","30/7/2024 - 2:27 am","Meter Assy","Meter 3","Pointer Pressfit Machine","M3M-003","","PM","90","","","","","","","","","","","","Ujjawal","Completed"
"May","5/5/2024 - 11:58 AM","Mounting","MA4","NPM-02","EETP-104","","PM","120","","","","","","","","","","","","Gagandeep","Completed"
"June","12/6/2024 - 4:14 pm","Mounting","MA4","NPM-02","EETP-104","","PM","300","","","","","","","","","","","","Jatinder","Completed"
"Aug","","Mounting","MA4","NPM-02","EETP-104","","PM","90","","","","","","","","","","","","Jatinder","Completed"
"June","12/6/2024 - 4:05 pm","Mounting","MA5","NPM-5","EETP-103","","PM","480","","","","","","","","","","","","Neeraj,Jatinder","Completed"
"May","24/5/2024 - 1:28 am","Meter Assy","Meter 3","Calibration Machine","M3M-008","","PM","50","","","","","","","","","","","","Ujjawal","Completed"
"Aug","22/8/2024 - 11:29 pm","Meter Assy","Meter 3","Calibration Machine","M3M-008","","PM","50","","","","","","","","","","","","Ujjawal","Completed"
"June","30/6/2024 - 8:18 pm","Meter Assy","Meter 3","Inspection Machine","M3M-009","","PM","30","","","","","","","","","","","","Ujjawal","Completed"
"June","12/6/2024 - 4:02 pm","Mounting","MA5","NPM-4","EETP-102","","PM","480","","","","","","","","","","","","Gagandeep,Jatinder","Completed"
"May","24/5/2024 - 1:29 am","Meter Assy","Meter 3","Auto Tapping Inspection","M3M-017","","PM","150","","","","","","","","","","","","Ujjawal","Completed"
"Apr","27/4/2024 - 11:15 AM","Meter Assy","Meter 3","Vibration Screening","M3M-018","","PM","80","","","","","","","","","","","","Ujjawal","Completed"
"July","30/7/2024 - 2:29 am","Meter Assy","Meter 3","Vibration Screening","M3M-018","","PM","120","","","","","","","","","","","","Ujjawal","Completed"
"Apr","20/4/2024 - 4:50 am","Mounting","MA2","AOI#1","EETP-032","","PM","30","","","","","","","","","","","","Neeraj","Completed"
"June","20/6/2024 - 3:35 AM","Mounting","MA2","AOI#1","EETP-032","","PM","40","","","","","","","","","","","","Indrajit","Completed"
"Apr","20/4/2024 - 4:50 am","Mounting","MA2","3D#1","EETP-030","","PM","30","","","","","","","","","","","","Neeraj","Completed"
"May","7/5/2024 - 5:14 AM","Mounting","MA2","3D#1","EETP-030","","PM","30","","","","","","","","","","","","Jaydev","Completed"
"June","20/6/2024 - 3:37 AM","Mounting","MA2","3D#1","EETP-030","","PM","30","","","","","","","","","","","","Indrajit","Completed"
"July","7/7/2024 - 9:45 am","Mounting","MA2","3D#1","EETP-030","","PM","40","","","","","","","","","","","","Indrajit","Completed"
"Apr","27/4/2024 - 10:20 am","Mounting","AOI-7","PCB Scanner","EETP-106","","PM","60","","","","","","","","","","","","Jatinder","Completed"
"June","30/6/2024 - 8:28 pm","Mounting","AOI-7","PCB Scanner","EETP-106","","PM","30","","","","","","","","","","","","Jatinder","Completed"
"Apr","27/4/2024 - 10:19 am","Mounting","AOI-7","PCB Loader","EETP-105","","PM","60","","","","","","","","","","","","Jatinder","Completed"
"June","30/6/2024 - 8:27 pm","Mounting","AOI-7","PCB Loader","EETP-105","","PM","30","","","","","","","","","","","","Jatinder","Completed"
"Apr","27/4/2024 - 10:20 am","Mounting","AOI-7","AOI-07","EETP-107","","PM","60","","","","","","","","","","","","Jatinder","Completed"
"June","30/6/2024 - 8:28 pm","Mounting","AOI-7","AOI-07","EETP-107","","PM","30","","","","","","","","","","","","Jatinder","Completed"
"Apr","","Mounting","AOI-7","PCB Inverter","EETP-109","","PM","60","","","","","","","","","","","","Jatinder","Completed"
"June","30/6/2024 - 8:30 pm","Mounting","AOI-7","PCB Inverter","EETP-109","","PM","60","","","","","","","","","","","","Jatinder","Completed"
"Apr","27/4/2024 - 10:21 am","Mounting","AOI-7","3D-07","EETP-108","","PM","60","","","","","","","","","","","","Jatinder","Completed"
"June","30/6/2024 - 8:29 pm","Mounting","AOI-7","3D-07","EETP-108","","PM","50","","","","","","","","","","","","Jatinder","Completed"
"Apr","27/4/2024 - 10:21 am","Mounting","AOI-7","Unloader","EETP-110","","PM","60","","","","","","","","","","","","Jatinder","Completed"
"June","30/6/2024 - 8:30 pm","Mounting","AOI-7","Unloader","EETP-110","","PM","50","","","","","","","","","","","","Jatinder","Completed"
"June","30/6/2024 - 8:31 pm","Mounting","Laser Line-1","Laser Loader","EETP-045","","PM","60","","","","","","","","","","","","Jatinder","Completed"
"June","30/6/2024 - 8:31 pm","Mounting","Laser Line-1","Laser Marking + Cleaner","EETP-046","","PM","60","","","","","","","","","","","","Jatinder","Completed"
"June","30/6/2024 - 8:32 pm","Mounting","Laser Line-1","Laser Unloader","EETP-047","","PM","60","","","","","","","","","","","","Jatinder","Completed"
"May","26/5/2024 - 9:37 AM","Mounting","Laser Line-2","Laser Loader","EETP-098","","PM","60","","","","","","","","","","","","Mangal","Completed"
"May","26/5/2024 - 10:50 AM","Mounting","Laser Line-2","Laser Unloader","EETP-100","","PM","80","","","","","","","","","","","","Indrajit","Completed"
"May","28/5/2024 - 1:39 am","Mounting","Laser Line-2","Laser Marking + Cleaner","EETP-099","","PM","90","","","","","","","","","","","","Mangal","Completed"
"May","29/5/2024 - 4:58 am","Final Assy","ENG Sealer Block-02","Metal Rubbish Check","EEAT-150","","PM","180","","","","","","","","","","","","Jaydev","Completed"
"Aug","2/8/2024 - 5:45 am","Final Assy","ENG Sealer Block-02","Metal Rubbish Check","EEAT-150","","PM","60","","","","","","","","","","","","Jatinder","Completed"
"Apr","27/4/2024 - 10:05 pm","Final Assy","ENG Sealer Block-02","Air blow-03","EEAT-095","","PM","40","","","","","","","","","","","","Jaydev","Completed"
"May","4/5/2024 - 2:45 AM","Final Assy","ENG Sealer Block-02","Air blow-03","EEAT-095","","PM","25","","","","","","","","","","","","Jatinder","Completed"
"June","20/6/2024 - 12:35 am","Final Assy","ENG Sealer Block-02","Air blow-03","EEAT-095","","PM","60","","","","","","","","","","","","Jatinder","Completed"
"July","12/7/2024 - 3:53 am","Final Assy","ENG Sealer Block-02","Air blow-03","EEAT-095","","PM","30","","","","","","","","","","","","Jatinder","Completed"
"Aug","2/8/2024 - 5:50 am","Final Assy","ENG Sealer Block-02","Air blow-03","EEAT-095","","PM","90","","","","","","","","","","","","Jatinder","Completed"
"Apr","27/4/2024 - 10:03 pm","Final Assy","ENG Sealer Block-02","Flash writing","EEAT-148","","PM","40","","","","","","","","","","","","Jaydev","Completed"
"July","","Final Assy","ENG Sealer Block-02","Flash writing","EEAT-148","","PM","50","","","","","","","","","","","","Jatinder","Completed"
"Apr","13/4/2024 - 3:54 am","Final Assy","Cell Sensor","MRC-04","EEAT-029","","PM","80","","","","","","","","","","","","Jatinder","Completed"
"May","4/5/2024 - 2:39 AM","Final Assy","Cell Sensor","MRC-04","EEAT-029","","PM","31","","","","","","","","","","","","Jatinder","Completed"
"July","21/7/2024 - 5:11 am","Final Assy","Cell Sensor","MRC-04","EEAT-029","","PM","30","","","","","","","","","","","","Mangal","Completed"
"Aug","2/8/2024 - 5:03 AM","Final Assy","Cell Sensor","MRC-04","EEAT-029","","PM","30","","","","","","","","","","","","Ujjawal","Completed"
"Apr","13/4/2024 - 7:44 PM","Final Assy","ENG Sealer Block-01","Spray Sealer M/C","EEAT-069","","PM","30","","","","","","","","","","","","Subhash","Completed"
"June","30/6/2024 - 8:33 pm","Final Assy","ENG Sealer Block-01","Spray Sealer M/C","EEAT-069","","PM","50","","","","","","","","","","","","Subhash","Completed"
"July","21/7/2024 - 12:32 pm","Final Assy","ENG Sealer Block-01","Spray Sealer M/C","EEAT-069","","PM","60","","","","","","","","","","","","Jatinder","Completed"
"Apr","30/4/2024 - 2:34 am","Final Assy","AB Sealer Block-01","Spray Sealer M/C","EEAT-078","","PM","120","","","","","","","","","","","","Jatinder","Completed"
"May","31/5/2024 - 7:32 am","Final Assy","AB Sealer Block-01","Spray Sealer M/C","EEAT-078","","PM","60","","","","","","","","","","","","Subhash","Completed"
"June","2/6/2024 - 9:20 AM","Final Assy","AB Sealer Block-01","Spray Sealer M/C","EEAT-078","","PM","180","","","","","","","","","","","","Neeraj","Completed"
"July","31/7/2024 - 5:46 am","Final Assy","AB Sealer Block-01","Spray Sealer M/C","EEAT-078","","PM","200","","","","","","","","","","","","Ujjawal","Completed"
"May","23/5/2024 - 9:28 am","Final Assy","Spot Block-1","Air Blowing M/C","EEAT-149","","PM","60","","","","","","","","","","","","Mangal","Completed"
"Aug","4/8/2024 - 4:03 PM","Final Assy","Spot Block-1","Air Blowing M/C","EEAT-149","","PM","60","","","","","","","","","","","","Mangal","Completed"
"May","19/5/2024 - 7:39 AM","Final Assy","FA-WP3","Air blow-05","EEAT-073","","PM","40","","","","","","","","","","","","Indrajit","Completed"
"Aug","10/8/2024 - 5:15 am","Final Assy","FA-WP3","Air blow-05","EEAT-073","","PM","180","","","","","","","","","","","","Jaydev","Completed"
"June","","Final Assy","FA-AB3","FAL-AB-LT","EEAT-146","","PM","15","","","","","","","","","","","","Subhash","Completed"
"June","11/6/2024 - 6:20 pm","Mounting","MA5","NPM-1","EETP-111","","PM","420","","","","","","","","","","","","Gagandeep,Jatinder","Completed"
"June","30/6/2024 - 7:56 am","Mounting","MA6","LOADER","EETP-114","","PM","60","","","","","","","","","","","","Gagandeep","Completed"
"June","11/6/2024 - 6:23 pm","Mounting","MA5","NPM-3","EETP-113","","PM","420","","","","","","","","","","","","Neeraj,Jatinder","Completed"
"June","30/6/2024 - 7:57 am","Mounting","MA6","BOARD FLIPPER + CLEANER","EETP-115","","PM","60","","","","","","","","","","","","Gagandeep","Completed"
"June","11/6/2024 - 6:21 pm","Mounting","MA5","NPM-2","EETP-112","","PM","420","","","","","","","","","","","","Neeraj,Jatinder","Completed"
"June","30/6/2024 - 1:38 pm","Mounting","MA6","QR CONVEYOR","EETP-117","","PM","30","","","","","","","","","","","","Gagandeep","Completed"
"Apr","7/4/2024 - 4:05 pm","Mounting","MA6","SPG 2","EETP-116","","PM","90","","","","","","","","","","","","Jatinder","Completed"
"May","23/5/2024 - 2:37 am","Mounting","MA6","SPG 2","EETP-116","","PM","90","","","","","","","","","","","","Jatinder","Completed"
"June","30/6/2024 - 11:54 AM","Mounting","MA6","SPG 2","EETP-116","","PM","120","","","","","","","","","","","","Gagandeep","Completed"
"July","4/7/2024 - 3:21 AM","Mounting","MA6","SPG 2","EETP-116","","PM","60","","","","","","","","","","","","Gagandeep","Completed"
"June","30/6/2024 - 1:39 pm","Mounting","MA6","BUFFER CONVEYOR","EETP-119","","PM","60","","","","","","","","","","","","Gagandeep","Completed"
"June","","Mounting","MA6","TRAVERSER WITH QR READER","EETP-120","","PM","30","","","","","","","","","","","","Gagandeep","Completed"
"June","30/6/2024 - 1:42 pm","Mounting","MA6","DUAL LANE QR CODE READING CONVEYOR","EETP-123","","PM","60","","","","","","","","","","","","Gagandeep","Completed"
"June","30/6/2024 - 12:02 pm","Mounting","MA6","SPI","EETP-118","","PM","60","","","","","","","","","","","","Jatinder","Completed"
"June","30/6/2024 - 12:02 pm","Mounting","MA6","SPI","EETP-118","","PM","60","","","","","","","","","","","","Jatinder","Completed"
"June","30/6/2024 - 8:21 pm","Mounting","MA6","TRAVERSER WITH PUSHER CONVEYOR","EETP-126","","PM","35","","","","","","","","","","","","Jatinder","Completed"
"June","14/6/2024 - 6:16 am","Mounting","MA6","NPM-6","EETP-122","","PM","460","","","","","","","","","","","","Jatinder","Completed"
"June","14/6/2024 - 6:14 am","Mounting","MA6","NPM-1","EETP-121","","PM","450","","","","","","","","","","","","Jatinder","Completed"
"June","30/6/2024 - 8:20 pm","Mounting","MA6","DUAL LANE CONVEYOR WITH COOLING FAN + QR","EETP-125","","PM","45","","","","","","","","","","","","Jatinder","Completed"
"Apr","7/4/2024 - 4:07 pm","Mounting","MA6","REFLOW OVEN","EETP-124","","PM","60","","","","","","","","","","","","Jatinder","Completed"
"May","5/5/2024 - 12:52 PM","Mounting","MA6","REFLOW OVEN","EETP-124","","PM","90","","","","","","","","","","","","Gagandeep","Completed"
"June","30/6/2024 - 8:20 pm","Mounting","MA6","REFLOW OVEN","EETP-124","","PM","360","","","","","","","","","","","","Jatinder","Completed"
"July","4/7/2024 - 2:58 AM","Mounting","MA6","REFLOW OVEN","EETP-124","","PM","60","","","","","","","","","","","","Gagandeep","Completed"
"June","30/6/2024 - 8:22 pm","Mounting","MA6","UNLOADER","EETP-127","","PM","50","","","","","","","","","","","","Jatinder","Completed"
"May","19/5/2024 - 10:17 pm","Mounting","AOI-08","Multi-Magazine Loader","EETP-128","","PM","30","","","","","","","","","","","","Dalip","Completed"
"July","21/7/2024 - 11:42 am","Mounting","AOI-08","Multi-Magazine Loader","EETP-128","","PM","60","","","","","","","","","","","","Jatinder","Completed"
"July","","Mounting","AOI-08","PCB SCANNER","EETP-129","","PM","30","","","","","","","","","","","","Jatinder","Completed"
"May","19/5/2024 - 10:19 pm","Mounting","AOI-08","AOI-08","EETP-130","","PM","30","","","","","","","","","","","","Dalip","Completed"
"July","27/7/2024 - 3:04 AM","Mounting","AOI-08","AOI-08","EETP-130","","PM","45","","","","","","","","","","","","Gagandeep","Completed"
"May","19/5/2024 - 10:19 pm","Mounting","AOI-08","3D-08","EETP-131","","PM","30","","","","","","","","","","","","Dalip","Completed"
"July","27/7/2024 - 2:48 AM","Mounting","AOI-08","3D-08","EETP-131","","PM","60","","","","","","","","","","","","Gagandeep","Completed"
"June","2/6/2024 - 7:07 pm","Mounting","AOI-08","PCB INVERTER","EETP-132","","PM","60","","","","","","","","","","","","Jatinder",""
"July","31/7/2024 - 5:35 am","Mounting","AOI-08","PCB INVERTER","EETP-132","","PM","40","","","","","","","","","","","","Ujjawal","Completed"
"May","19/5/2024 - 10:21 pm","Mounting","AOI-08","MULTIPLE MAGAZINE UNLOADER","EETP-133","","PM","30","","","","","","","","","","","","Dalip","Completed"
"July","21/7/2024 - 12:56 pm","Mounting","AOI-08","MULTIPLE MAGAZINE UNLOADER","EETP-133","","PM","30","","","","","","","","","","","","Jatinder","Completed"
"June","30/6/2024 - 8:35 pm","Final Assy","Spot Block-03","PCB Router","EEAT-212","","PM","120","","","","","","","","","","","","Jatinder",""
"Aug","8/8/2024 - 4:52 am","Final Assy","Spot Block-03","PCB Router","EEAT-212","","PM","60","","","","","","","","","","","","Jaydev","Completed"
"Apr","","Final Assy","Spot Block-03","Air Blow","EEAT-213","","PM","","","","","","","","","","","","","",""
"May","23/5/2024 - 9:18 am","Final Assy","Spot Block-03","Air Blow","EEAT-213","","PM","80","","","","","","","","","","","","Jaydev","Completed"
"June","","Final Assy","Spot Block-03","Air Blow","EEAT-213","","PM","","","","","","","","","","","","","",""
"July","","Final Assy","Spot Block-03","Air Blow","EEAT-213","","PM","","","","","","","","","","","","","",""
"Aug","8/8/2024 - 4:54 am","Final Assy","Spot Block-03","Air Blow","EEAT-213","","PM","60","","","","","","","","","","","","Mangal","Completed"
"Sep","","Final Assy","Spot Block-03","Air Blow","EEAT-213","","PM","","","","","","","","","","","","","","Current Plan"
"Oct","","Final Assy","Spot Block-03","Air Blow","EEAT-213","","PM","","","","","","","","","","","","","",""
"Nov","","Final Assy","Spot Block-03","Air Blow","EEAT-213","","PM","","","","","","","","","","","","","","Current Plan"
"Dec","","Final Assy","Spot Block-03","Air Blow","EEAT-213","","PM","","","","","","","","","","","","","",""
"Jan","","Final Assy","Spot Block-03","Air Blow","EEAT-213","","PM","","","","","","","","","","","","","",""
"Feb","","Final Assy","Spot Block-03","Air Blow","EEAT-213","","PM","","","","","","","","","","","","","","Current Plan"
"Mar","","Final Assy","Spot Block-03","Air Blow","EEAT-213","","PM","","","","","","","","","","","","","","Current Plan"
"Apr","","Final Assy","Spot Block-03","SPOT M/C","EEAT-214","","PM","","","","","","","","","","","","","",""
"May","24/5/2024 - 4:40 am","Final Assy","Spot Block-03","SPOT M/C","EEAT-214","","PM","250","","","","","","","","","","","","Jatinder","Completed"
"June","30/6/2024 - 8:38 pm","Final Assy","Spot Block-03","SPOT M/C","EEAT-214","","PM","1400","","","","","","","","","","","","Subhash","Completed"
"July","27/7/2024 - 2:56 AM","Final Assy","Spot Block-03","SPOT M/C","EEAT-214","","PM","60","","","","","","","","","","","","Subhash","Completed"
"Aug","8/8/2024 - 4:56 am","Final Assy","Spot Block-03","SPOT M/C","EEAT-214","","PM","120","","","","","","","","","","","","Mangal","Completed"
"Sep","","Final Assy","Spot Block-03","SPOT M/C","EEAT-214","","PM","","","","","","","","","","","","","","Current Plan"
"Oct","","Final Assy","Spot Block-03","SPOT M/C","EEAT-214","","PM","","","","","","","","","","","","","","Current Plan"
"Nov","","Final Assy","Spot Block-03","SPOT M/C","EEAT-214","","PM","","","","","","","","","","","","","","Current Plan"
"Dec","","Final Assy","Spot Block-03","SPOT M/C","EEAT-214","","PM","","","","","","","","","","","","","","Current Plan"
"Jan","","Final Assy","Spot Block-03","SPOT M/C","EEAT-214","","PM","","","","","","","","","","","","","","Current Plan"
"Feb","","Final Assy","Spot Block-03","SPOT M/C","EEAT-214","","PM","","","","","","","","","","","","","","Current Plan"
"Mar","","Final Assy","Spot Block-03","SPOT M/C","EEAT-214","","PM","","","","","","","","","","","","","","Current Plan"
"Apr","","Final Assy","AB Sealer Block-02","Spray Sealer","EEAT-215","","PM","","","","","","","","","","","","","",""
"May","","Final Assy","AB Sealer Block-02","Spray Sealer","EEAT-215","","PM","","","","","","","","","","","","","",""
"June","","Final Assy","AB Sealer Block-02","Spray Sealer","EEAT-215","","PM","","","","","","","","","","","","","",""
"July","","Final Assy","AB Sealer Block-02","Spray Sealer","EEAT-215","","PM","","","","","","","","","","","","","",""
"Aug","","Final Assy","AB Sealer Block-02","Spray Sealer","EEAT-215","","PM","","","","","","","","","","","","","","No Completion"
"Sep","","Final Assy","AB Sealer Block-02","Spray Sealer","EEAT-215","","PM","","","","","","","","","","","","","","No Completion"
"Oct","","Final Assy","AB Sealer Block-02","Spray Sealer","EEAT-215","","PM","","","","","","","","","","","","","",""
"Nov","","Final Assy","AB Sealer Block-02","Spray Sealer","EEAT-215","","PM","","","","","","","","","","","","","","Current Plan"
"Dec","","Final Assy","AB Sealer Block-02","Spray Sealer","EEAT-215","","PM","","","","","","","","","","","","","",""
"Jan","","Final Assy","AB Sealer Block-02","Spray Sealer","EEAT-215","","PM","","","","","","","","","","","","","",""
"Feb","","Final Assy","AB Sealer Block-02","Spray Sealer","EEAT-215","","PM","","","","","","","","","","","","","","Current Plan"
"Mar","","Final Assy","AB Sealer Block-02","Spray Sealer","EEAT-215","","PM","","","","","","","","","","","","","",""
"Apr","","Final Assy","AB Sealer Block-02","Air Blow","EEAT-187","","PM","","","","","","","","","","","","","",""
"May","","Final Assy","AB Sealer Block-02","Air Blow","EEAT-187","","PM","","","","","","","","","","","","","",""
"June","","Final Assy","AB Sealer Block-02","Air Blow","EEAT-187","","PM","","","","","","","","","","","","","",""
"July","","Final Assy","AB Sealer Block-02","Air Blow","EEAT-187","","PM","","","","","","","","","","","","","",""
"Aug","14/8/2024 - 2:11 AM","Final Assy","AB Sealer Block-02","Air Blow","EEAT-187","","PM","60","","","","","","","","","","","","Subhash","Completed"
"Sep","","Final Assy","AB Sealer Block-02","Air Blow","EEAT-187","","PM","","","","","","","","","","","","","",""
"Oct","","Final Assy","AB Sealer Block-02","Air Blow","EEAT-187","","PM","","","","","","","","","","","","","",""
"Nov","","Final Assy","AB Sealer Block-02","Air Blow","EEAT-187","","PM","","","","","","","","","","","","","","Current Plan"
"Dec","","Final Assy","AB Sealer Block-02","Air Blow","EEAT-187","","PM","","","","","","","","","","","","","",""
"Jan","","Final Assy","AB Sealer Block-02","Air Blow","EEAT-187","","PM","","","","","","","","","","","","","",""
"Feb","","Final Assy","AB Sealer Block-02","Air Blow","EEAT-187","","PM","","","","","","","","","","","","","","Current Plan"
"Mar","","Final Assy","AB Sealer Block-02","Air Blow","EEAT-187","","PM","","","","","","","","","","","","","",""
"June","20/6/2024 - 12:51 am","Mounting","MA6","NPM-2","EETP-134","","PM","300","","","","","","","","","","","","Jatinder","Completed"
"June","28/6/2024 - 4:58 am","Mounting","MA6","NPM-3","EETP-135","","PM","480","","","","","","","","","","","","Dalip","Completed"
"June","28/6/2024 - 5:01 am","Mounting","MA6","NPM-4","EETP-136","","PM","480","","","","","","","","","","","","Dalip","Completed"
"June","30/6/2024 - 11:59 am","Mounting","MA6","NPM-5","EETP-137","","PM","480","","","","","","","","","","","","Dalip,Jatinder","Completed"
"July","21/7/2024 - 11:39 am","Mounting","MA6","NPM-5","EETP-137","","PM","30","","","","","","","","","","","","Jatinder","Completed"
"Apr","","Final Assy","ENG Sealer Block-03","Air Blow-03","EEAT-225","","PM","","","","","","","","","","","","","",""
"May","","Final Assy","ENG Sealer Block-03","Air Blow-03","EEAT-225","","PM","","","","","","","","","","","","","",""
"June","","Final Assy","ENG Sealer Block-03","Air Blow-03","EEAT-225","","PM","","","","","","","","","","","","","",""
"July","21/7/2024 - 11:36 am","Final Assy","ENG Sealer Block-03","Air Blow-03","EEAT-225","","PM","60","","","","","","","","","","","","Jatinder","Completed"
"Aug","","Final Assy","ENG Sealer Block-03","Air Blow-03","EEAT-225","","PM","","","","","","","","","","","","","",""
"Sep","","Final Assy","ENG Sealer Block-03","Air Blow-03","EEAT-225","","PM","","","","","","","","","","","","","",""
"Oct","","Final Assy","ENG Sealer Block-03","Air Blow-03","EEAT-225","","PM","","","","","","","","","","","","","","Current Plan"
"Nov","","Final Assy","ENG Sealer Block-03","Air Blow-03","EEAT-225","","PM","","","","","","","","","","","","","",""
"Dec","","Final Assy","ENG Sealer Block-03","Air Blow-03","EEAT-225","","PM","","","","","","","","","","","","","",""
"Jan","","Final Assy","ENG Sealer Block-03","Air Blow-03","EEAT-225","","PM","","","","","","","","","","","","","","Current Plan"
"Feb","","Final Assy","ENG Sealer Block-03","Air Blow-03","EEAT-225","","PM","","","","","","","","","","","","","",""
"Mar","","Final Assy","ENG Sealer Block-03","Air Blow-03","EEAT-225","","PM","","","","","","","","","","","","","",""
"Apr","","Final Assy","ENG Sealer Block-03","MRC","EEAT-219","","PM","","","","","","","","","","","","","",""
"May","","Final Assy","ENG Sealer Block-03","MRC","EEAT-219","","PM","","","","","","","","","","","","","",""
"June","","Final Assy","ENG Sealer Block-03","MRC","EEAT-219","","PM","","","","","","","","","","","","","",""
"July","","Final Assy","ENG Sealer Block-03","MRC","EEAT-219","","PM","","","","","","","","","","","","","",""
"Aug","18/8/2024 - 9:32 pm","Final Assy","ENG Sealer Block-03","MRC","EEAT-219","","PM","60","","","","","","","","","","","","Mangal","Completed"
"Sep","","Final Assy","ENG Sealer Block-03","MRC","EEAT-219","","PM","","","","","","","","","","","","","",""
"Oct","","Final Assy","ENG Sealer Block-03","MRC","EEAT-219","","PM","","","","","","","","","","","","","",""
"Nov","","Final Assy","ENG Sealer Block-03","MRC","EEAT-219","","PM","","","","","","","","","","","","","","Current Plan"
"Dec","","Final Assy","ENG Sealer Block-03","MRC","EEAT-219","","PM","","","","","","","","","","","","","",""
"Jan","","Final Assy","ENG Sealer Block-03","MRC","EEAT-219","","PM","","","","","","","","","","","","","",""
"Feb","","Final Assy","ENG Sealer Block-03","MRC","EEAT-219","","PM","","","","","","","","","","","","","","Current Plan"
"Mar","","Final Assy","ENG Sealer Block-03","MRC","EEAT-219","","PM","","","","","","","","","","","","","",""
"Apr","","Final Assy","ENG Sealer Block-03","Spray Sealer","EEAT-226","","PM","","","","","","","","","","","","","",""
"May","","Final Assy","ENG Sealer Block-03","Spray Sealer","EEAT-226","","PM","","","","","","","","","","","","","",""
"June","","Final Assy","ENG Sealer Block-03","Spray Sealer","EEAT-226","","PM","","","","","","","","","","","","","",""
"July","","Final Assy","ENG Sealer Block-03","Spray Sealer","EEAT-226","","PM","","","","","","","","","","","","","",""
"Aug","18/8/2024 - 9:32 pm","Final Assy","ENG Sealer Block-03","Spray Sealer","EEAT-226","","PM","120","","","","","","","","","","","","Mangal","Completed"
"Sep","","Final Assy","ENG Sealer Block-03","Spray Sealer","EEAT-226","","PM","","","","","","","","","","","","","",""
"Oct","","Final Assy","ENG Sealer Block-03","Spray Sealer","EEAT-226","","PM","","","","","","","","","","","","","",""
"Nov","","Final Assy","ENG Sealer Block-03","Spray Sealer","EEAT-226","","PM","","","","","","","","","","","","","","Current Plan"
"Dec","","Final Assy","ENG Sealer Block-03","Spray Sealer","EEAT-226","","PM","","","","","","","","","","","","","",""
"Jan","","Final Assy","ENG Sealer Block-03","Spray Sealer","EEAT-226","","PM","","","","","","","","","","","","","",""
"Feb","","Final Assy","ENG Sealer Block-03","Spray Sealer","EEAT-226","","PM","","","","","","","","","","","","","","Current Plan"
"Mar","","Final Assy","ENG Sealer Block-03","Spray Sealer","EEAT-226","","PM","","","","","","","","","","","","","",""
"Apr","","Final Assy","ENG Sealer Block-03","Flash Writing","EEAT-211","","PM","","","","","","","","","","","","","",""
"May","","Final Assy","ENG Sealer Block-03","Flash Writing","EEAT-211","","PM","","","","","","","","","","","","","",""
"June","","Final Assy","ENG Sealer Block-03","Flash Writing","EEAT-211","","PM","","","","","","","","","","","","","",""
"July","","Final Assy","ENG Sealer Block-03","Flash Writing","EEAT-211","","PM","","","","","","","","","","","","","",""
"Aug","18/8/2024 - 9:31 pm","Final Assy","ENG Sealer Block-03","Flash Writing","EEAT-211","","PM","40","","","","","","","","","","","","Mangal","Completed"
"Sep","","Final Assy","ENG Sealer Block-03","Flash Writing","EEAT-211","","PM","","","","","","","","","","","","","",""
"Oct","","Final Assy","ENG Sealer Block-03","Flash Writing","EEAT-211","","PM","","","","","","","","","","","","","",""
"Nov","","Final Assy","ENG Sealer Block-03","Flash Writing","EEAT-211","","PM","","","","","","","","","","","","","","Current Plan"
"Dec","","Final Assy","ENG Sealer Block-03","Flash Writing","EEAT-211","","PM","","","","","","","","","","","","","","Current Plan"
"Jan","","Final Assy","ENG Sealer Block-03","Flash Writing","EEAT-211","","PM","","","","","","","","","","","","","",""
"Feb","","Final Assy","ENG Sealer Block-03","Flash Writing","EEAT-211","","PM","","","","","","","","","","","","","","Current Plan"
"Mar","","Final Assy","ENG Sealer Block-03","Flash Writing","EEAT-211","","PM","","","","","","","","","","","","","",""
"Apr","","Final Assy","FA-WP4","LO-HI SCREENING MACHINE","EEAT-199","","PM","","","","","","","","","","","","","",""
"May","","Final Assy","FA-WP4","LO-HI SCREENING MACHINE","EEAT-199","","PM","","","","","","","","","","","","","",""
"June","30/6/2024 - 8:40 pm","Final Assy","FA-WP4","LO-HI SCREENING MACHINE","EEAT-199","","PM","90","","","","","","","","","","","","Subhash","Completed"
"July","7/7/2024 - 11:56 AM","Final Assy","FA-WP4","LO-HI SCREENING MACHINE","EEAT-199","","PM","200","","","","","","","","","","","","Ujjawal","Completed"
"Aug","9/8/2024 - 5:17 am","Final Assy","FA-WP4","LO-HI SCREENING MACHINE","EEAT-199","","PM","80","","","","","","","","","","","","Mangal","Completed"
"Sep","","Final Assy","FA-WP4","LO-HI SCREENING MACHINE","EEAT-199","","PM","","","","","","","","","","","","","","Current Plan"
"Oct","","Final Assy","FA-WP4","LO-HI SCREENING MACHINE","EEAT-199","","PM","","","","","","","","","","","","","","Current Plan"
"Nov","","Final Assy","FA-WP4","LO-HI SCREENING MACHINE","EEAT-199","","PM","","","","","","","","","","","","","","Current Plan"
"Dec","","Final Assy","FA-WP4","LO-HI SCREENING MACHINE","EEAT-199","","PM","","","","","","","","","","","","","","Current Plan"
"Jan","","Final Assy","FA-WP4","LO-HI SCREENING MACHINE","EEAT-199","","PM","","","","","","","","","","","","","","Current Plan"
"Feb","","Final Assy","FA-WP4","LO-HI SCREENING MACHINE","EEAT-199","","PM","","","","","","","","","","","","","","Current Plan"
"Mar","","Final Assy","FA-WP4","LO-HI SCREENING MACHINE","EEAT-199","","PM","","","","","","","","","","","","","","Current Plan"
"Apr","","Final Assy","FA-WP4","FILTER ASSY","EEAT-200","","PM","","","","","","","","","","","","","",""
"May","","Final Assy","FA-WP4","FILTER ASSY","EEAT-200","","PM","","","","","","","","","","","","","",""
"June","30/6/2024 - 8:39 pm","Final Assy","FA-WP4","FILTER ASSY","EEAT-200","","PM","60","","","","","","","","","","","","Subhash","Completed"
"July","","Final Assy","FA-WP4","FILTER ASSY","EEAT-200","","PM","","","","","","","","","","","","","",""
"Aug","","Final Assy","FA-WP4","FILTER ASSY","EEAT-200","","PM","","","","","","","","","","","","","",""
"Sep","","Final Assy","FA-WP4","FILTER ASSY","EEAT-200","","PM","","","","","","","","","","","","","","Current Plan"
"Oct","","Final Assy","FA-WP4","FILTER ASSY","EEAT-200","","PM","","","","","","","","","","","","","",""
"Nov","","Final Assy","FA-WP4","FILTER ASSY","EEAT-200","","PM","","","","","","","","","","","","","",""
"Dec","","Final Assy","FA-WP4","FILTER ASSY","EEAT-200","","PM","","","","","","","","","","","","","","Current Plan"
"Jan","","Final Assy","FA-WP4","FILTER ASSY","EEAT-200","","PM","","","","","","","","","","","","","",""
"Feb","","Final Assy","FA-WP4","FILTER ASSY","EEAT-200","","PM","","","","","","","","","","","","","",""
"Mar","","Final Assy","FA-WP4","FILTER ASSY","EEAT-200","","PM","","","","","","","","","","","","","","Current Plan"
"Apr","","Final Assy","FA-WP4","3W GEL APPLICATION","EEAT-201","","PM","","","","","","","","","","","","","",""
"May","","Final Assy","FA-WP4","3W GEL APPLICATION","EEAT-201","","PM","","","","","","","","","","","","","",""
"June","30/6/2024 - 8:40 pm","Final Assy","FA-WP4","3W GEL APPLICATION","EEAT-201","","PM","60","","","","","","","","","","","","Jatinder","Completed"
"July","","Final Assy","FA-WP4","3W GEL APPLICATION","EEAT-201","","PM","","","","","","","","","","","","","",""
"Aug","","Final Assy","FA-WP4","3W GEL APPLICATION","EEAT-201","","PM","","","","","","","","","","","","","",""
"Sep","","Final Assy","FA-WP4","3W GEL APPLICATION","EEAT-201","","PM","","","","","","","","","","","","","","Current Plan"
"Oct","","Final Assy","FA-WP4","3W GEL APPLICATION","EEAT-201","","PM","","","","","","","","","","","","","",""
"Nov","","Final Assy","FA-WP4","3W GEL APPLICATION","EEAT-201","","PM","","","","","","","","","","","","","",""
"Dec","","Final Assy","FA-WP4","3W GEL APPLICATION","EEAT-201","","PM","","","","","","","","","","","","","","Current Plan"
"Jan","","Final Assy","FA-WP4","3W GEL APPLICATION","EEAT-201","","PM","","","","","","","","","","","","","",""
"Feb","","Final Assy","FA-WP4","3W GEL APPLICATION","EEAT-201","","PM","","","","","","","","","","","","","",""
"Mar","","Final Assy","FA-WP4","3W GEL APPLICATION","EEAT-201","","PM","","","","","","","","","","","","","","Current Plan"
"Apr","","Final Assy","FA-WP4","SILICON BELOW CONNECTOR","EEAT-202","","PM","","","","","","","","","","","","","",""
"May","","Final Assy","FA-WP4","SILICON BELOW CONNECTOR","EEAT-202","","PM","","","","","","","","","","","","","",""
"June","30/6/2024 - 8:39 pm","Final Assy","FA-WP4","SILICON BELOW CONNECTOR","EEAT-202","","PM","60","","","","","","","","","","","","Jatinder","Completed"
"July","","Final Assy","FA-WP4","SILICON BELOW CONNECTOR","EEAT-202","","PM","","","","","","","","","","","","","",""
"Aug","","Final Assy","FA-WP4","SILICON BELOW CONNECTOR","EEAT-202","","PM","","","","","","","","","","","","","",""
"Sep","","Final Assy","FA-WP4","SILICON BELOW CONNECTOR","EEAT-202","","PM","","","","","","","","","","","","","","Current Plan"
"Oct","","Final Assy","FA-WP4","SILICON BELOW CONNECTOR","EEAT-202","","PM","","","","","","","","","","","","","",""
"Nov","","Final Assy","FA-WP4","SILICON BELOW CONNECTOR","EEAT-202","","PM","","","","","","","","","","","","","",""
"Dec","","Final Assy","FA-WP4","SILICON BELOW CONNECTOR","EEAT-202","","PM","","","","","","","","","","","","","","Current Plan"
"Jan","","Final Assy","FA-WP4","SILICON BELOW CONNECTOR","EEAT-202","","PM","","","","","","","","","","","","","",""
"Feb","","Final Assy","FA-WP4","SILICON BELOW CONNECTOR","EEAT-202","","PM","","","","","","","","","","","","","",""
"Mar","","Final Assy","FA-WP4","SILICON BELOW CONNECTOR","EEAT-202","","PM","","","","","","","","","","","","","","Current Plan"
"Apr","","Final Assy","FA-WP4","PRE-PKG AUTO SCREW MACHINE","EEAT-204","","PM","","","","","","","","","","","","","",""
"May","","Final Assy","FA-WP4","PRE-PKG AUTO SCREW MACHINE","EEAT-204","","PM","","","","","","","","","","","","","",""
"June","30/6/2024 - 8:38 pm","Final Assy","FA-WP4","PRE-PKG AUTO SCREW MACHINE","EEAT-204","","PM","90","","","","","","","","","","","","Jatinder","Completed"
"July","7/7/2024 - 1:43 pm","Final Assy","FA-WP4","PRE-PKG AUTO SCREW MACHINE","EEAT-204","","PM","60","","","","","","","","","","","","Ujjawal","Completed"
"Aug","9/8/2024 - 5:17 am","Final Assy","FA-WP4","PRE-PKG AUTO SCREW MACHINE","EEAT-204","","PM","60","","","","","","","","","","","","Mangal","Completed"
"Sep","","Final Assy","FA-WP4","PRE-PKG AUTO SCREW MACHINE","EEAT-204","","PM","","","","","","","","","","","","","","Current Plan"
"Oct","","Final Assy","FA-WP4","PRE-PKG AUTO SCREW MACHINE","EEAT-204","","PM","","","","","","","","","","","","","","Current Plan"
"Nov","","Final Assy","FA-WP4","PRE-PKG AUTO SCREW MACHINE","EEAT-204","","PM","","","","","","","","","","","","","","Current Plan"
"Dec","","Final Assy","FA-WP4","PRE-PKG AUTO SCREW MACHINE","EEAT-204","","PM","","","","","","","","","","","","","","Current Plan"
"Jan","","Final Assy","FA-WP4","PRE-PKG AUTO SCREW MACHINE","EEAT-204","","PM","","","","","","","","","","","","","","Current Plan"
"Feb","","Final Assy","FA-WP4","PRE-PKG AUTO SCREW MACHINE","EEAT-204","","PM","","","","","","","","","","","","","","Current Plan"
"Mar","","Final Assy","FA-WP4","PRE-PKG AUTO SCREW MACHINE","EEAT-204","","PM","","","","","","","","","","","","","","Current Plan"
"Apr","","Final Assy","FA-WP4","SILICON ALLAROUND","EEAT-205","","PM","","","","","","","","","","","","","",""
"May","","Final Assy","FA-WP4","SILICON ALLAROUND","EEAT-205","","PM","","","","","","","","","","","","","",""
"June","30/6/2024 - 8:37 pm","Final Assy","FA-WP4","SILICON ALLAROUND","EEAT-205","","PM","","","","","","","","","","","","","","Completed"
"July","","Final Assy","FA-WP4","SILICON ALLAROUND","EEAT-205","","PM","","","","","","","","","","","","","",""
"Aug","","Final Assy","FA-WP4","SILICON ALLAROUND","EEAT-205","","PM","","","","","","","","","","","","","",""
"Sep","","Final Assy","FA-WP4","SILICON ALLAROUND","EEAT-205","","PM","","","","","","","","","","","","","","Current Plan"
"Oct","","Final Assy","FA-WP4","SILICON ALLAROUND","EEAT-205","","PM","","","","","","","","","","","","","",""
"Nov","","Final Assy","FA-WP4","SILICON ALLAROUND","EEAT-205","","PM","","","","","","","","","","","","","",""
"Dec","","Final Assy","FA-WP4","SILICON ALLAROUND","EEAT-205","","PM","","","","","","","","","","","","","","Current Plan"
"Jan","","Final Assy","FA-WP4","SILICON ALLAROUND","EEAT-205","","PM","","","","","","","","","","","","","",""
"Feb","","Final Assy","FA-WP4","SILICON ALLAROUND","EEAT-205","","PM","","","","","","","","","","","","","",""
"Mar","","Final Assy","FA-WP4","SILICON ALLAROUND","EEAT-205","","PM","","","","","","","","","","","","","","Current Plan"
"Apr","","Final Assy","FA-WP4","PKG AUTO SCREW MACHINE","EEAT-206","","PM","","","","","","","","","","","","","",""
"May","","Final Assy","FA-WP4","PKG AUTO SCREW MACHINE","EEAT-206","","PM","","","","","","","","","","","","","",""
"June","30/6/2024 - 8:35 pm","Final Assy","FA-WP4","PKG AUTO SCREW MACHINE","EEAT-206","","PM","120","","","","","","","","","","","","Jatinder","Completed"
"July","7/7/2024 - 1:44 pm","Final Assy","FA-WP4","PKG AUTO SCREW MACHINE","EEAT-206","","PM","30","","","","","","","","","","","","Ujjawal","Completed"
"Aug","9/8/2024 - 5:19 am","Final Assy","FA-WP4","PKG AUTO SCREW MACHINE","EEAT-206","","PM","60","","","","","","","","","","","","Mangal","Completed"
"Sep","","Final Assy","FA-WP4","PKG AUTO SCREW MACHINE","EEAT-206","","PM","","","","","","","","","","","","","","Current Plan"
"Oct","","Final Assy","FA-WP4","PKG AUTO SCREW MACHINE","EEAT-206","","PM","","","","","","","","","","","","","","Current Plan"
"Nov","","Final Assy","FA-WP4","PKG AUTO SCREW MACHINE","EEAT-206","","PM","","","","","","","","","","","","","","Current Plan"
"Dec","","Final Assy","FA-WP4","PKG AUTO SCREW MACHINE","EEAT-206","","PM","","","","","","","","","","","","","","Current Plan"
"Jan","","Final Assy","FA-WP4","PKG AUTO SCREW MACHINE","EEAT-206","","PM","","","","","","","","","","","","","","Current Plan"
"Feb","","Final Assy","FA-WP4","PKG AUTO SCREW MACHINE","EEAT-206","","PM","","","","","","","","","","","","","","Current Plan"
"Mar","","Final Assy","FA-WP4","PKG AUTO SCREW MACHINE","EEAT-206","","PM","","","","","","","","","","","","","","Current Plan"
"Apr","","Final Assy","FA-WP4","ROOM TEMPERATURE TESTER","EEAT-207","","PM","","","","","","","","","","","","","",""
"May","","Final Assy","FA-WP4","ROOM TEMPERATURE TESTER","EEAT-207","","PM","","","","","","","","","","","","","",""
"June","20/6/2024 - 3:02 AM","Final Assy","FA-WP4","ROOM TEMPERATURE TESTER","EEAT-207","","PM","30","","","","","","","","","","","","Jatinder","Completed"
"July","","Final Assy","FA-WP4","ROOM TEMPERATURE TESTER","EEAT-207","","PM","","","","","","","","","","","","","",""
"Aug","9/8/2024 - 5:18 am","Final Assy","FA-WP4","ROOM TEMPERATURE TESTER","EEAT-207","","PM","15","","","","","","","","","","","","Mangal","Completed"
"Sep","","Final Assy","FA-WP4","ROOM TEMPERATURE TESTER","EEAT-207","","PM","","","","","","","","","","","","","",""
"Oct","","Final Assy","FA-WP4","ROOM TEMPERATURE TESTER","EEAT-207","","PM","","","","","","","","","","","","","","Current Plan"
"Nov","","Final Assy","FA-WP4","ROOM TEMPERATURE TESTER","EEAT-207","","PM","","","","","","","","","","","","","",""
"Dec","","Final Assy","FA-WP4","ROOM TEMPERATURE TESTER","EEAT-207","","PM","","","","","","","","","","","","","","Current Plan"
"Jan","","Final Assy","FA-WP4","ROOM TEMPERATURE TESTER","EEAT-207","","PM","","","","","","","","","","","","","",""
"Feb","","Final Assy","FA-WP4","ROOM TEMPERATURE TESTER","EEAT-207","","PM","","","","","","","","","","","","","","Current Plan"
"Mar","","Final Assy","FA-WP4","ROOM TEMPERATURE TESTER","EEAT-207","","PM","","","","","","","","","","","","","",""
"Apr","","Final Assy","FA-WP4","VCS -1","EEAT-208","","PM","","","","","","","","","","","","","",""
"May","","Final Assy","FA-WP4","VCS -1","EEAT-208","","PM","","","","","","","","","","","","","",""
"June","20/6/2024 - 2:56 AM","Final Assy","FA-WP4","VCS -1","EEAT-208","","PM","30","","","","","","","","","","","","Jatinder","Completed"
"July","","Final Assy","FA-WP4","VCS -1","EEAT-208","","PM","","","","","","","","","","","","","",""
"Aug","","Final Assy","FA-WP4","VCS -1","EEAT-208","","PM","","","","","","","","","","","","","",""
"Sep","","Final Assy","FA-WP4","VCS -1","EEAT-208","","PM","","","","","","","","","","","","","","Current Plan"
"Oct","","Final Assy","FA-WP4","VCS -1","EEAT-208","","PM","","","","","","","","","","","","","",""
"Nov","","Final Assy","FA-WP4","VCS -1","EEAT-208","","PM","","","","","","","","","","","","","",""
"Dec","","Final Assy","FA-WP4","VCS -1","EEAT-208","","PM","","","","","","","","","","","","","","Current Plan"
"Jan","","Final Assy","FA-WP4","VCS -1","EEAT-208","","PM","","","","","","","","","","","","","",""
"Feb","","Final Assy","FA-WP4","VCS -1","EEAT-208","","PM","","","","","","","","","","","","","",""
"Mar","","Final Assy","FA-WP4","VCS -1","EEAT-208","","PM","","","","","","","","","","","","","","Current Plan"
"Apr","","Final Assy","FA-WP4","VCS-2","EEAT-221","","PM","","","","","","","","","","","","","",""
"May","","Final Assy","FA-WP4","VCS-2","EEAT-221","","PM","","","","","","","","","","","","","",""
"June","20/6/2024 - 2:58 AM","Final Assy","FA-WP4","VCS-2","EEAT-221","","PM","30","","","","","","","","","","","","Jatinder","Completed"
"July","","Final Assy","FA-WP4","VCS-2","EEAT-221","","PM","","","","","","","","","","","","","",""
"Aug","","Final Assy","FA-WP4","VCS-2","EEAT-221","","PM","","","","","","","","","","","","","",""
"Sep","","Final Assy","FA-WP4","VCS-2","EEAT-221","","PM","","","","","","","","","","","","","","Current Plan"
"Oct","","Final Assy","FA-WP4","VCS-2","EEAT-221","","PM","","","","","","","","","","","","","",""
"Nov","","Final Assy","FA-WP4","VCS-2","EEAT-221","","PM","","","","","","","","","","","","","",""
"Dec","","Final Assy","FA-WP4","VCS-2","EEAT-221","","PM","","","","","","","","","","","","","","Current Plan"
"Jan","","Final Assy","FA-WP4","VCS-2","EEAT-221","","PM","","","","","","","","","","","","","",""
"Feb","","Final Assy","FA-WP4","VCS-2","EEAT-221","","PM","","","","","","","","","","","","","",""
"Mar","","Final Assy","FA-WP4","VCS-2","EEAT-221","","PM","","","","","","","","","","","","","","Current Plan"
"Apr","","Final Assy","FA-WP4","AIR LEACK CHECK","EEAT-209","","PM","","","","","","","","","","","","","",""
"May","","Final Assy","FA-WP4","AIR LEACK CHECK","EEAT-209","","PM","","","","","","","","","","","","","",""
"June","30/6/2024 - 8:34 pm","Final Assy","FA-WP4","AIR LEACK CHECK","EEAT-209","","PM","60","","","","","","","","","","","","Jatinder","Completed"
"July","","Final Assy","FA-WP4","AIR LEACK CHECK","EEAT-209","","PM","","","","","","","","","","","","","",""
"Aug","","Final Assy","FA-WP4","AIR LEACK CHECK","EEAT-209","","PM","","","","","","","","","","","","","",""
"Sep","","Final Assy","FA-WP4","AIR LEACK CHECK","EEAT-209","","PM","","","","","","","","","","","","","","Current Plan"
"Oct","","Final Assy","FA-WP4","AIR LEACK CHECK","EEAT-209","","PM","","","","","","","","","","","","","",""
"Nov","","Final Assy","FA-WP4","AIR LEACK CHECK","EEAT-209","","PM","","","","","","","","","","","","","",""
"Dec","","Final Assy","FA-WP4","AIR LEACK CHECK","EEAT-209","","PM","","","","","","","","","","","","","","Current Plan"
"Jan","","Final Assy","FA-WP4","AIR LEACK CHECK","EEAT-209","","PM","","","","","","","","","","","","","",""
"Feb","","Final Assy","FA-WP4","AIR LEACK CHECK","EEAT-209","","PM","","","","","","","","","","","","","",""
"Mar","","Final Assy","FA-WP4","AIR LEACK CHECK","EEAT-209","","PM","","","","","","","","","","","","","","Current Plan"
"Apr","","Final Assy","","Rahul Pant Machine","3333","","PM","","","","","","","","","","","","","",""
"May","","Final Assy","","Rahul Pant Machine","3333","","PM","","","","","","","","","","","","","",""
"June","","Final Assy","","Rahul Pant Machine","3333","","PM","","","","","","","","","","","","","",""
"July","","Final Assy","","Rahul Pant Machine","3333","","PM","","","","","","","","","","","","","",""
"Aug","","Final Assy","","Rahul Pant Machine","3333","","PM","20","","","","","","","","","","","","Ujjawal","Completed"
"Sep","","Final Assy","","Rahul Pant Machine","3333","","PM","","","","","","","","","","","","","","Current Plan"
"Oct","","Final Assy","","Rahul Pant Machine","3333","","PM","","","","","","","","","","","","","","Current Plan"
"Nov","","Final Assy","","Rahul Pant Machine","3333","","PM","","","","","","","","","","","","","","Current Plan"
"Dec","","Final Assy","","Rahul Pant Machine","3333","","PM","","","","","","","","","","","","","","Current Plan"
"Jan","","Final Assy","","Rahul Pant Machine","3333","","PM","","","","","","","","","","","","","","Current Plan"
"Feb","","Final Assy","","Rahul Pant Machine","3333","","PM","","","","","","","","","","","","","","Current Plan"
"Mar","","Final Assy","","Rahul Pant Machine","3333","","PM","","","","","","","","","","","","","","Current Plan"
"Apr","","Final Assy","AB Sealer Block-02","Flash Writer","EEAT-183","","PM","","","","","","","","","","","","","",""
"May","","Final Assy","AB Sealer Block-02","Flash Writer","EEAT-183","","PM","","","","","","","","","","","","","",""
"June","","Final Assy","AB Sealer Block-02","Flash Writer","EEAT-183","","PM","","","","","","","","","","","","","",""
"July","","Final Assy","AB Sealer Block-02","Flash Writer","EEAT-183","","PM","","","","","","","","","","","","","",""
"Aug","14/8/2024 - 2:13 AM","Final Assy","AB Sealer Block-02","Flash Writer","EEAT-183","","PM","60","","","","","","","","","","","","Subhash","Completed"
"Sep","","Final Assy","AB Sealer Block-02","Flash Writer","EEAT-183","","PM","","","","","","","","","","","","","",""
"Oct","","Final Assy","AB Sealer Block-02","Flash Writer","EEAT-183","","PM","","","","","","","","","","","","","",""
"Nov","","Final Assy","AB Sealer Block-02","Flash Writer","EEAT-183","","PM","","","","","","","","","","","","","","Current Plan"
"Dec","","Final Assy","AB Sealer Block-02","Flash Writer","EEAT-183","","PM","","","","","","","","","","","","","","Current Plan"
"Jan","","Final Assy","AB Sealer Block-02","Flash Writer","EEAT-183","","PM","","","","","","","","","","","","","",""
"Feb","","Final Assy","AB Sealer Block-02","Flash Writer","EEAT-183","","PM","","","","","","","","","","","","","","Current Plan"
"Mar","","Final Assy","AB Sealer Block-02","Flash Writer","EEAT-183","","PM","","","","","","","","","","","","","",""
"Apr","","Final Assy","AB Sealer Block-02","PCB Router","EEAT-182","","PM","","","","","","","","","","","","","",""
"May","","Final Assy","AB Sealer Block-02","PCB Router","EEAT-182","","PM","","","","","","","","","","","","","",""
"June","","Final Assy","AB Sealer Block-02","PCB Router","EEAT-182","","PM","","","","","","","","","","","","","",""
"July","","Final Assy","AB Sealer Block-02","PCB Router","EEAT-182","","PM","","","","","","","","","","","","","",""
"Aug","","Final Assy","AB Sealer Block-02","PCB Router","EEAT-182","","PM","","","","","","","","","","","","","","No Completion"
"Sep","","Final Assy","AB Sealer Block-02","PCB Router","EEAT-182","","PM","","","","","","","","","","","","","","No Completion"
"Oct","","Final Assy","AB Sealer Block-02","PCB Router","EEAT-182","","PM","","","","","","","","","","","","","",""
"Nov","","Final Assy","AB Sealer Block-02","PCB Router","EEAT-182","","PM","","","","","","","","","","","","","","Current Plan"
"Dec","","Final Assy","AB Sealer Block-02","PCB Router","EEAT-182","","PM","","","","","","","","","","","","","",""
"Jan","","Final Assy","AB Sealer Block-02","PCB Router","EEAT-182","","PM","","","","","","","","","","","","","",""
"Feb","","Final Assy","AB Sealer Block-02","PCB Router","EEAT-182","","PM","","","","","","","","","","","","","","Current Plan"
"Mar","","Final Assy","AB Sealer Block-02","PCB Router","EEAT-182","","PM","","","","","","","","","","","","","",""
"Apr","02-04-2024 T14:50","Mounting","AOI-5","3D-05","EETP-070","B","BD with No Loss","15","Camera Image Not Clear","","","","","","LED Brightness Increased ,L1: 128 -> 130,L2::200->202","","","","Yes","Neeraj,Mangal Ram Kanwar","OK"
"Apr","04-04-2024 T00:40","Final Assy","Spot Block-1","Spot-01","EEAT-096","A","BD with No Loss","15","Robot fault coming","","","","","","Robot controller restart.,Robot data verification done then ok.","","Electrical","Communication","No","Subhash Sheoran,Sreekanth Sasi","OK"
"May","30-04-2024 T10:30","Final Assy","FA-NWP3","3W Gel-02","EEAT-123","A","PED Support","30","New Part no adition","","","","","","GP2A model new Part no added.,Set up no- 97,Part no- 283800-0390,After that product check OK.","","","","No","Jaydev Mal","OK"
"May","30-04-2024 T07:15","Final Assy","ENG Sealer Block-02","Spray Sealer","EEAT-194","","BD with No Loss","35","","","","","","","Humiseal Pump was stopped, So error coming,Pump manually start, Then wait for temperature, After that OK.","","Mechanical","Process","No","Jaydev Mal,Indrajit Behera","OK"
"May","30-04-2024 T07:30","Final Assy","FA-AC1","AC Falcon","EEAT-119","A","CM Entry","60","Ready signal not coming","","","","","","Base jig male connector wire broken  & Pin free.,Connector change & wire thimbling done, After that OK. ","","Both","Human","No","Jaydev Mal,Indrajit Behera,Mukesh","OK"
"May","30-04-2024 T13:30","Meter Assy","Meter 1","Antistatic Agent Machine","M1M-005","A","BD with No Loss","30","Antistatic drop coming on Glass ","","","","","","Liquid leakage from joint side.,So reconnect Pipe, Then OK.","","Pneumatic","Wear","No","Jaydev Mal,Mukesh","OK"
"May","30-04-2024 T06:40","Final Assy","FA-AB1","LT Chamber-01","EEAT-129","","CM Entry","10","Rank no-3 ,Not rotate","","","","","","Ice clean from rotating unit & WD40 apply on  gear unit,After that OK.","","Mechanical","Process","Yes","Jaydev Mal","OK"
"May","30-04-2024 T06:30","Final Assy","FA-WP3","Air Leak","EEAT-160","","BD with No Loss","10","Application not responce","","","","","","M/c Power OF & USB-1 & 2 cable reconnect from PC,Then Master check OK.","","Electrical","Design","Yes","Jaydev Mal,Mukesh","OK"
"May","30-04-2024 T12:00","Final Assy","FA-WP4","ROOM TEMPERATURE TESTER","EEAT-207","","CM Entry","20","Misj. coming on Step no - 232","","","","","","Production box all pin cleaning done ,then OK.","","Mechanical","Process","No","Jaydev Mal,Indrajit Behera","OK"
"May","30-04-2024 T12:30","Final Assy","","","","A","CM Entry","15","OK/NG Master not pass","","","","","","Harness clean but same.,Finally both master clean , Then OK.","N/A","Mechanical","Process","No","Indrajit Behera","OK"
"May","30-04-2024 T07:00","Mounting","MA5","SPG","EETP-075","A","BD with No Loss","10","Communication error coming","","","","","","PCB take out & M/c origin, Then OK.","","Electrical","Communication","No","Indrajit Behera","OK"
"May","30-04-2024 T07:30","Final Assy","AB Sealer Block-01","Flash-05","EEAT-113","","BD with No Loss","10","Part Number not loading","","","","","","","","Mechanical","Human","No","Indrajit Behera","OK"
"May","30-04-2024 T11:38","Mounting","AOI-7","AOI-07","EETP-107","","BD with No Loss","2","Inspection process slow","","","","","","Machine restart, Then OK.","","Electrical","Communication","Yes","Indrajit Behera","OK"
"May","01-05-2024 T16:30","Final Assy","ENG Sealer Block-02","Spray Sealer","EEAT-194","B","BD with No Loss","20","Coat-1 Width Abnormal error coming","","","","","","Check & found width showing zero on HMI so  sensor cover adjusted after that ok","Sensor cover tight properly","Both","Human","No","Gagandeep,Sandeep Dhama","OK"
"May","01-04-2024 T15:00","Final Assy","Cell Sensor","Spray Sealer","EEAT-163","B","BD with No Loss","20","Sealer Miss issue on ISS-BMU","","","","","","1.Check & found width coming lower side-9.4,2.So spray width increase to 10.5 then ok","","Electrical","Design","No","Gagandeep,Sandeep Dhama","OK"
"May","01-04-2024 T16:40","Mounting","AOI-9","MULTIPLE MAGAZINE UNLOADER","EETP-157","","BD with No Loss","10","Stocker clamp reed switch error coming ","","","","","","Found Stocker clamp reed switch was not on ,Reed switch adjust after that ok","","Mechanical","Design","No","Sandeep Dhama","OK"
"May","01-05-2024 T23:00","Final Assy","FA-NWP3","FAL2-ENG-LT","EEAT-125","C","BD with No Loss","25","Multiple step NG coming (GD1B)","","","","","","Machine restart ,Production box swapped,DC1A master check Found OK & Product check found ok","Request to PRD for check the master of GD1B With PED","Electrical","Communication","No","Ujjawal,Jatinder Singh","OK"
"May","01-05-2024 T23:40","Mounting","MA5","SPG","EETP-075","C","BD with No Loss","19","Lane 1 Failed to pass PCB  information from LMV2.","","","","","","Machine restart,Finally model changeover done from Loader to SPG ","","Electrical","Communication","No","Ujjawal,Jatinder Singh","OK"
"May","01-05-2024 T07:40","Mounting","MA3","3D-02","EETP-002","A","BD with No Loss","10","Communication error coming","","","","","","PCB take out and M/c restart ,After that Ok.","","Electrical","Communication","No","Jaydev Mal,Indrajit Behera","OK"
"May","01-05-2024 T10:30","Mounting","MA5","Reflow Oven","EETP-083","A","CM Entry","20","Inlet PCB jamming error","","","","","","In Break time, Inlet & out let PCB detection sensor clean, Then OK","","Electrical","Design","No","Indrajit Behera","OK"
"May","01-05-2024 T13:10","Final Assy","ENG Sealer Block-03","Spray Sealer","EEAT-226","","BD with No Loss","15","Flip-1, Flipper dec. error","","","","","","During running Pallet no-4, Lock open ,while flip operation.,Pallet take out Lock condition check tension was loose,Request to PRD check all pallet with PMG And change  spring.,Pallet no-4 , hold & M/c run with other pallet OK.,M/c give error if cover height more then 1.5mm","","Mechanical","Wear","No","Jaydev Mal,Indrajit Behera","OK"
"May","01-05-2024 T13:00","Final Assy","Spot Block-2","Spot-02","EEAT-074","","CM Entry","20","","","","","","","Coupler take out & connected properly, Then OK.","","Mechanical","Human","No","Jaydev Mal,Indrajit Behera","OK"
"May","01-05-2024 T11:30","Mounting","MA3","3D-02","EETP-002","","BD with No Loss","10","10Key board not working","","","","","","Key board mode change button was press , So  mode change then OK.","","Electrical","Human","No","Indrajit Behera","OK"
"May","30-04-2024 T11:00","Mounting","MA4","NPM-06","EETP-057","","CM Entry","90","Component scattered in Tray no-7 & 10 (IC 151821-2822)","","","","","","Tray change- NG., Nozzle change -NG,Finally Component pickup speed change from 100 to 40 percent & Mesh filter cleaning , After that OK","","Mechanical","Process","No","Jaydev Mal","OK"
"May","01-05-2024 T11:10","Final Assy","Spot Block-1","Spot-01","EEAT-096","A","BD with No Loss","10","Nozzle id Parity bit error coming.","","","","","","pallet ID Sensor no-1604 Set value increase from 1250 to 1500, after that OK. from","","Electrical","","No","Jaydev Mal,Indrajit Behera","OK"
"May","02-05-2024 T14:34","Final Assy","Spot Block-2","Spot-02","EEAT-074","B","CM Entry","11","Fluxer 1 no flux error coming ","","","","","","Main tank side flux fill up ok ,One time Flux Pumping Done after That ok ","","Mechanical","Human","No","Gagandeep","OK"
"May","02-05-2024 T14:30","Final Assy","FA-WP3","Silicon All-round","EEAT-156","","BD with No Loss","10","Nozzle centring N.G coming ","","","","","","Nozzle cleaning done ,Nozzle open and set after that machine run ok ","","Mechanical","Design","No","Subhash Sheoran,Gagandeep","OK"
"May","02-05-2024 T14:40","Final Assy","FA-AB2","Packaging Jig-02","EEAT-131","","CM Entry","10","Fault no 4 coming ","","","","","","Cylinder hole sense sensor was loose ,Sensor tight proper after that machine run ok ","","Mechanical","Process","No","Gagandeep","OK"
"May","02-05-2024 T16:10","Final Assy","Cell Sensor","MRC-04","EEAT-029","","CM Entry","10","Nagara switch not working","","","","","","Nagara switch was not working,Nagara switch change with spare one now ok","","Electrical","Design","No","Gagandeep","OK"
"May","01-05-2024 T16:30","Final Assy","FA-WP4","VCS -1","EEAT-208","","CM Entry","10","Nagara switch was not working ","","","","","","Nagara switch grub screw was loose so tight after that ok ","","Mechanical","Design","No","Subhash Sheoran,Gagandeep","OK"
"May","01-05-2024 T20:10","Mounting","AOI-6","AOI-06","EETP-089","","CM Entry","15","Inspection slow ","","","","","","Machine restart ","","Electrical","Design","Yes","Gagandeep","OK"
"May","01-05-2024 T22:50","Final Assy","ENG Sealer Block-01","","","","CM Entry","-50","Air pressure error coming ","","","","","","Air valve was close so valve open after that ok ","","Mechanical","Human","No","Gagandeep","OK"
"May","01-05-2024 T17:30","Final Assy","ENG Sealer Block-03","Spray Sealer","EEAT-226","","CM Entry","20","Pallet open on flip 1 ","","","","","","Pallet got open when flip ,Found pallet lock spring was n.g so pallet remove by prd ","","Mechanical","Design","No","Gagandeep","OK"
"May","01-05-2024 T15:20","Final Assy","FA-AB2","Packaging Jig-02","EEAT-131","","CM Entry","15","Camera check n.g fault no 5 coming ","","","","","","","","","","No","Gagandeep,Sandeep Dhama","OK"
"May","02-05-2024 T20:50","Mounting","MA4","NPM-04","EETP-056","","CM Entry","10","Nozzle check n.g coming Whe machine start","","","","","","Check and found already nozzle available in head so nozzle take out and machine run ok ","","Mechanical","Process","No","Gagandeep","OK"
"May","02-05-2024 T02:30","Final Assy","","","","B","PED Support","420","New Machine product set-up","","","","","","System check of VCS completed","","Electrical","Process","Yes","Subhash Sheoran,Sandeep Dhama","OK"
"May","02-05-2024 T05:30","Final Assy","ENG Sealer Block-02","Spray Sealer","EEAT-194","C","BD with No Loss","10","Pallet open in flip-1","","","","","","Pallet no.10 take out and check its locking spring found its tension was loose.,So pallet take away from line for PMG Checking and line run with another pallet.","","Mechanical","Wear","No","Ujjawal,Jatinder Singh","OK"
"May","03-05-2024 T02:25","Final Assy","AB Sealer Block-01","Flash-05","EEAT-113","C","CM Entry","10","The network fault occurred does it use a local INFO file. ","","","","","","Machine restart then ok","","Electrical","Communication","No","Ujjawal,Jatinder Singh","OK"
"May","03-05-2024 T00:10","Final Assy","ENG Sealer Block-03","Flash Writing","EEAT-211","","CM Entry","10","Application close in running","","","","","","Proper machine shutdown and power OFF/ON then ok","","Electrical","Communication","No","Jatinder Singh","OK"
"May","03-05-2024 T02:30","Final Assy","FA-WP2","Silicon Below","EEAT-080","","CM Entry","30","Silicon drop on product","","","","","","Nozzle clean,Dummy taken done ","Robo dispenser will change after discuss with senior ","Mechanical","Wear","Yes","Jatinder Singh","NG"
"May","02-05-2024 T23:00","Final Assy","Cell Sensor","Air blowing M/C","EEAT-162","","CM Entry","130","Process error coming ","","","","","","Magnet change with spare after that check in auto found ok","Magnet will  kept in spare ","Mechanical","Wear","Yes","Jatinder Singh","OK"
"May","03-05-2024 T02:00","Mounting","MA4","NPM-04","EETP-056","","BD with No Loss","30","Pick up error coming","","","","","","HD-01 & 02 holder change ,Vacuum Check OK,Finally Both HD shaft (Inner) cleaning done  with IPA ,Z- height calibration done but same so temp. disabled the HD -01 & 02","","Mechanical","Process","Yes","Jatinder Singh","OK"
"May","02-05-2024 T10:30","Final Assy","FA-NWP3","Spray Sealer M/C","EEAT-027","A","CM Entry","20","Sealer miss coming on R-1 Side (DC1A 130)","","","","","","Break time sealer coating prog. modified.,Sub-209, DC1A R1 130,  ,Shot no-5, Length increase from -14 to -15,Shot no-6, Length increase from  -26 to -27, ","","Mechanical","Process","No","Jaydev Mal,Indrajit Behera","OK"
"May","02-05-2024 T09:20","Mounting","MA6","LOADER","EETP-114","","CM Entry","10","Gripper Board drop error coming . (YCA)","","","","","","PCB set jig take out & width check Found tight , not set with jig..,PCB set jig take out & width check Found tight , not set with jig.,So width set asper jig, then OK.","","Mechanical","Human","No","Anshul Gupta,Jaydev Mal","OK"
"May","02-05-2024 T10:00","Mounting","MA5","NPM-1","EETP-111","","BD with No Loss","10","Support pin Issue ,Problem coming during Model change over.(NPM-1,2,3,5)","","","","","","All pin take out & Register again, Then OK.","N/A","Electrical","Process","Yes","Indrajit Behera","OK"
"May","02-05-2024 T06:10","Final Assy","FA-WP2","Air leak-02","EEAT-082","A","BD with No Loss","10","Flow rate detect pressure NG coming","","","","","","Flow rate increase from valve (3.07 Kpa), After that OK.","","Mechanical","Process","No","Indrajit Behera","OK"
"May","02-05-2024 T12:20","Final Assy","ENG Sealer Block-02","Spray Sealer","EEAT-194","A","CM Entry","10","Flip-2 Pallet Sensor error coming.","","","","","","Pallet no-10, Transfer time this problem coming. So take out & Check mounting screw loose & stuck with Rail.,M/c run with other pallet, Found OK.,NG pallet screw retight ,","","Mechanical","Process","No","Indrajit Behera","OK"
"May","02-05-2024 T11:00","Final Assy","ENG Sealer Block-03","Spray Sealer","EEAT-226","A","BD with No Loss","10","Extra sealer coming on Connector Pin. YCA R2 ","","","","","","Coat-2 ,Spray width adjust from 10.50 to 9.50 mm, After that OK.","","Mechanical","Process","Yes","Indrajit Behera","OK"
"May","02-05-2024 T08:00","Final Assy","Cell Sensor","Spray Sealer","EEAT-163","A","BD with No Loss","10","Sealer miss coming on Top side (ISS-BMU R2)","","","","","","Coat-2, Spray width increase from 10.20 to 10.50 mm, After that OK.","","Mechanical","Process","Yes","Indrajit Behera","OK"
"May","02-05-2024 T11:30","Final Assy","Cell Sensor","Air blowing M/C","EEAT-162","","BD with No Loss","10","Process error coming.","","","","","","Part set Jig holding magnet lock open, So this  problem coming,Now temp. magnet lock attach with Tape, After that OK","Magnet change with spare on 35.05.2024","Mechanical","Wear","Yes","Indrajit Behera,Mukesh","OK"
"May","02-05-2024 T09:00","Final Assy","ENG Sealer Block-03","Spray Sealer","EEAT-226","A","PRD Support","90","Activity for pallet lock open in YCA, Pallet no- 4,10","","","","","","Lock spring check in OK Pallet & NG pallet , Found different.,OK Lock spring length is 6*25, & NG Lock Spring is 5*20,So give give to PMG 6*25 length spring, Then OK.","","Mechanical","Wear","No","Sreekanth Sasi,Jaydev Mal,Indrajit Behera","OK"
"May","03-05-2024 T16:10","Final Assy","FA-AB2","Packaging Jig-02","EEAT-131","B","CM Entry","10","Cylinder rod white portion come out ","","","","","","Fix cylinder white portion after that ok ","","Mechanical","Design","No","Gagandeep","OK"
"May","03-05-2024 T18:20","Mounting","MA4","YS Loader ","EETP-051","","CM Entry","10","Chuck error coming ","","","","","","Jig no 4 width was not ok so jig take out and  machine run ok ","","Mechanical","Human","No","Gagandeep","OK"
"May","01-05-2024 T21:10","Final Assy","FA-AB1","HT Chamber-01","EEAT-116","","CM Entry","10","Lower door lock broken ","","","","","","Door lock change with new one after that ok ","","Mechanical","Design","No","Gagandeep","OK"
"May","01-05-2024 T21:10","Final Assy","FA-AB1","HT Chamber-01","EEAT-116","","CM Entry","10","Lower door lock broken ","","","","","","Door lock change with new one after that ok ","","Mechanical","Design","No","Gagandeep","OK"
"May","01-05-2024 T21:10","Final Assy","FA-AB1","HT Chamber-01","EEAT-116","","CM Entry","10","Lower door lock broken ","","","","","","Door lock change with new one after that ok ","","Mechanical","Design","No","Gagandeep","OK"
"May","01-05-2024 T16:20","Final Assy","ENG Sealer Block-03","Spray Sealer","EEAT-226","","CM Entry","10","Coat 1 width abnormal error coming ","","","","","","Width adjust but same,Finally sensor cover adjust after that ok ","","","","No","Gagandeep","OK"
"May","01-05-2024 T14:00","Final Assy","","","","B","PED Support","3390","CBMU-new machine product setup","","","","","","System check done ICC1 & ICC2","","","","No","Subhash Sheoran,Gagandeep,Sandeep Dhama","NG"
"May","03-05-2024 T09:00","Final Assy","FA-WP2","Falcon-II (DCIV) HT","EEAT-141","A","BD with No Loss","20","OK master fail on all step","","","","","","After QAD part check, this problem coming,So M/c restart, After that OK","","Electrical","Human","No","Indrajit Behera","OK"
"May","03-05-2024 T10:00","Final Assy","AB Sealer Block-01","Flash-05","EEAT-113","","BD with No Loss","90","Ecu-4, Step no -356 NG coming","","","","","","Probe holder change with spare, but same.,Original probe holder ECU-4, all pin change, But same.,PIO 128L connector wire connection check  found OK.,Model change over ,after that OK.,YTA model partnumber register in A/B-2 sealer.","","Electrical","Communication","No","Anshul Gupta,Indrajit Behera,Mukesh","OK"
"May","03-05-2024 T12:30","Final Assy","FA-AB1","LT Chamber-01","EEAT-129","","CM Entry","10","Door No-3, Lock broken","","","","","","Lock repaired & Install ,Then OK.","","Mechanical","Wear","No","Indrajit Behera","OK"
"May","03-05-2024 T14:00","Final Assy","Cell Sensor","MRC-04","EEAT-029","","CM Entry","10","Limit switch Not working","","","","","","Limit switch change with old spare, After that OK.","","Electrical","Wear","No","Indrajit Behera,Mukesh","OK"
"May","02-05-2024 T10:45","Final Assy","ENG Sealer Block-02","","","A","PED Support","25","3 New Pallet registered of CNG Model.","","","","","","As per PED request CNG Model, 3 new pallet registered and checked found OK.","","Electrical","Design","No","Anshul Gupta,Jaydev Mal","OK"
"May","03-05-2024 T07:15","Mounting","MA5","YS Loader","EETP-073","","PRD Support","15","Stocker getting stuck due to bolt loosing of exit and loading conveyor.","","","","","","Loading Conveyor bolt tightening done both loading and unloading station of the Loader","","Mechanical","Wear","No","Anshul Gupta,Jaydev Mal","OK"
"May","03-05-2024 T10:30","Final Assy","FA-WP4","SILICON BELOW CONNECTOR","EEAT-202","","PRD Support","20","Material waste in Pail can.","","","","","","Pail Can reed switch adjusted.","","Mechanical","Design","No","Sreekanth Sasi","OK"
"May","03-05-2024 T09:00","Final Assy","FA-NWP3","FAL2-ENG-HT","EEAT-126","","CM Entry","90","Production Box count over(HV 4.5)","","","","","","PM Done.","","Mechanical","Wear","No","Indrajit Behera","OK"
"May","03-05-2024 T06:15","Final Assy","ENG Sealer Block-03","Air Blow-03","EEAT-225","","CM Entry","120","Door Broken.","","","","","","New Door Made with Lazer Machine.","","Mechanical","Part-Failure","No","Indrajit Behera,Mukesh","OK"
"May","03-05-2024 T12:00","Final Assy","Spot Block-2","3D-03","EEAT-077","","BD with No Loss","10","Machine not taking card in auto running mode.","","","","","","Machine restarted.","","Electrical","Communication","Yes","Indrajit Behera","OK"
"May","02-05-2024 T06:00","Final Assy","FA-WP2","","","A","CM Entry","90","Tester cover screw not available","","","","","","All testers screw and cover closed","","Mechanical","Human","No","Indrajit Behera","OK"
"May","02-05-2024 T10:45","Final Assy","FA-AB2","FAL2-AB-LT","EEAT-128","","PED Support","30","New Model tester ready setting verify","","","","","","PS591 Board all Dip switch and Board ID verified as per drawing.","","Electrical","Design","No","Anshul Gupta,Jaydev Mal,Mukesh","OK"
"May","02-05-2024 T12:00","Final Assy","FA-WP3","Air Leak","EEAT-160","","CM Entry","90","CBMU Airleak BackUp required","","","","","","Image Back Up File created from new CBMU PC for FA-3 WP Air Leak Hang Issue","","Electrical","Process","No","Anshul Gupta,Jaydev Mal","OK"
"May","02-05-2024 T06:00","Final Assy","ENG Sealer Block-03","Spray Sealer","EEAT-226","","CM Entry","20","Pallet Lock checking for open pallet pokayoke","","","","","","Pallet lock Poka Yoke checked and verified for working and then M/C handover to PRD.","","Mechanical","Process","No","Anshul Gupta","OK"
"May","04-05-2024 T14:30","Final Assy","FA-WP2","Silicon All-round","EEAT-081","B","CM Entry","120","Dispenser was n.g ","","","","","","Robo Dispenser All seal change done ","","Mechanical","Process","No","Gagandeep","OK"
"May","04-05-2024 T15:10","Mounting","Laser Line-1","Laser Marking + Cleaner","EETP-046","","CM Entry","10","PCB Not pass in unloader ","","","","","","Sensor side dust coming so sensor was not on so sensor clean after that ok ","","Mechanical","Process","No","Gagandeep","OK"
"May","04-05-2024 T14:30","Final Assy","FA-WP4","SILICON BELOW CONNECTOR","EEAT-202","","CM Entry","10","O check n.g coming ","","","","","","O check N.G Coming so 0 check jig clean and sensor clean after that ok ","","Electrical","Design","No","Gagandeep","OK"
"May","04-05-2024 T16:30","Final Assy","ENG Sealer Block-03","Flash Writing","EEAT-211","","CM Entry","10","Machine PC Was not on ","","","","","","Machine PC Was not on so machine one time restart after that ok ","","Electrical","","No","Gagandeep","OK"
"May","04-05-2024 T14:30","Final Assy","","","","B","PED Support","420","New machine product setup-CBMU","","","","","","System check from page no-7 to page no-26 completed","","Both","","No","Subhash Sheoran,Gagandeep,Sandeep Dhama","OK"
"May","04-05-2024 T21:20","Final Assy","","","","B","PED Support","70","New Machine product set-up","","","","","","PS-596 Board all connector reconnect for ICC-01 & baseboard VO board reconnect,After this step No:-175 to 183 check found ok","","Electrical","","No","Subhash Sheoran,Sandeep Dhama","NG"
"May","04-05-2024 T23:30","","","","","C","PED Support","240","System check Step NG","","","","","","VO ID-2 board change with tool room (New)","","Both","Communication","No","Ujjawal,Jatinder Singh","NG"
"May","05-05-2024 T06:15","Final Assy","ENG Sealer Block-03","Air Blow-03","EEAT-225","A","BD with No Loss","45","Door broken","","","","","","Replaced new door & door stopper.","","Mechanical","Design","No","Subhash Sheoran,Gagandeep","OK"
"May","05-05-2024 T08:30","Final Assy","FA-WP2","Silicon Below","EEAT-080","","CM Entry","90","Silicon drop during running production from dispenser unit ","","","","","","Dispenser unit changed with spare.","","Mechanical","Part-Failure","No","Subhash Sheoran,Sreekanth Sasi","OK"
"May","05-05-2024 T10:15","Mounting","MA4","Reflow Oven","EETP-059","A","CM Entry","30","Zone 6 lower over load error coming ","","","","","","Try to reset error but error again and again come ,Finaly blower manual move by hand after that ok","","Mechanical","Design","No","Gagandeep","OK"
"May","05-05-2024 T12:30","Final Assy","ENG Sealer Block-03","Spray Sealer","EEAT-226","A","CM Entry","40","Pallet open while flipping","","","","","","One metal stopper added for catching unlock pallet ","Kaizen done for stop the unlock pallet","Mechanical","Part-Failure","No","Sreekanth Sasi","OK"
"May","05-05-2024 T13:40","Final Assy","ENG Sealer Block-03","Spray Sealer","EEAT-226","","BD with No Loss","95","Machine not in auto run","","","","","","","Sensor changed with new one.","Electrical","Human","No","Subhash Sheoran,Sreekanth Sasi,Anshul Gupta,Gagandeep","OK"
"May","06-05-2024 T06:15","Final Assy","","","","A","BD with No Loss","15","Nozzle Check fault.","","","","","","Check & Found sensor continue on without spray so Sensor cleaned after that ok..","","Electrical","","No","Neeraj","OK"
"May","06-05-2024 T06:10","Final Assy","FA-WP4","SILICON BELOW CONNECTOR","EEAT-202","A","BD with No Loss","10","Nozzle centering NG","","","","","","Nozzle open and cleaning done then installed found ok","","Mechanical","Process","No","Ujjawal,Subhash Sheoran","OK"
"May","06-05-2024 T06:10","Mounting","AOI-6","PCB Inverter","EETP-091","","BD with No Loss","10","Product transfer error ","","","","","","Found 3D machine belt come out from fixed side,Belt and roller check found ok.,So belt installed after cleaning ","","Mechanical","Process","No","Ujjawal","OK"
"May","06-05-2024 T06:00","Mounting","MA4","Reflow Oven","EETP-059","","BD with No Loss","10","Temp. controller trouble ","","","","","","Machine restart the ok","","Electrical","Design","No","Ujjawal","OK"
"May","06-05-2024 T06:40","Mounting","MA3","YS Loader","EETP-033","","BD with No Loss","5","Chuck error coming","","","","","","PCB Available on guide ,PCB Take out and check machine side found no any abnormality ,So start the production found ok","","Both","Process","No","Ujjawal","OK"
"May","06-05-2024 T06:30","Final Assy","FA-WP3","Air Leak","EEAT-160","","BD with No Loss","5","Daily check value NG coming","","","","","","Give offset after that ok",".","Both","Design","No","Neeraj","OK"
"May","06-05-2024 T11:05","Final Assy","Cell Sensor","Spray Sealer","EEAT-163","A","BD with No Loss","10","Sealer coming on prohibited area <  R1 side  of ISS BMU>","","","","","","Spray width Checked - 10.78.So Nozzle fully close then set in 315 degree after that auto spray on .Now width 10.0 after that ok.",".","Mechanical","Design","No","Ujjawal,Neeraj","OK"
"May","06-05-2024 T11:45","Final Assy","AB Sealer Block-02","Spray Sealer","EEAT-215","A","PED Support","15","","","","","","","Exhaust data checked as per PED request.","NA","","","No","Neeraj","OK"
"May","06-05-2024 T13:40","","","","","A","BD with No Loss","10","Photic level of paste check sensor has dropped","","","","","","Paste check sensor continues on due to paste come front of sensor,Squeegee side plate alignment done ","","Both","Process","No","Ujjawal","OK"
"May","06-05-2024 T11:00","Final Assy","","","","A","PED Support","120","CBMU ICC1 system check not OK","","","","","","Step 5000 its OK as per DNJP support.,Step no.160~164 not coming as per DNJP support.","","Both","Part-Failure","No","Ujjawal,Subhash Sheoran","NG"
"May","06-05-2024 T10:30","Final Assy","","","","A","Documentation","360","","","","","","","All Final Assy and CB - PM Point Category List Preparation","","","","No","Sreekanth Sasi",""
"May","06-05-2024 T15:00","Final Assy","FA-NWP3","Silicon All Round","EEAT-177","B","CM Entry","10","Robot fault coming ","","","","","","Pandate side no power come ,Robot controller restart after that ok ","","Electrical","Design","No","Gagandeep,Indrajit Behera","OK"
"May","06-05-2024 T17:00","Final Assy","FA-NWP3","Silicon All Round","EEAT-177","","CM Entry","180","Spare part inventory ","","","","","","Part list making ","","Both","Human","No","Gagandeep","OK"
"May","06-05-2024 T17:00","Final Assy","ENG Sealer Block-01","","","","CM Entry","180","ECU 4 N.G Coming","","","","","","Ecu 4 all pin cleaning done ,Hand over to prd  master check pending ","","Electrical","Part-Failure","No","Gagandeep","OK"
"May","06-05-2024 T17:00","Final Assy","FA-AB3","DNHA-AB3-RT-01","EEAT-192","B","CM Entry","10","","","","","","","Base jig side (Right side ) spring  broken,Finally broken spring change with new spare after that ok ","","Mechanical","Wear","No","Jatinder Singh,Indrajit Behera","OK"
"May","06-05-2024 T19:00","Meter Assy","","","","B","BD with No Loss","60","Meter-2-Dial Assy.-No pokayoke working","","","","","","Check all sensor working ok,Restart machine but not ok so finally check Jig side pin not properly Insert with base jig so again properly reconnect then ok","","Both","Process","Yes","Jatinder Singh,Sandeep Dhama","OK"
"May","06-05-2024 T19:00","Final Assy","","","","","PED Support","165","New Machine Product Setup-CBMU-ICC01","","","","","","For ICC-01 NG Steps first check continuity & all connection reconnect then NG Steps ok,ICC-01 Step No:-160 to 175 Step system check done after activity found result ok","","Both","","Yes","Jatinder Singh,Gagandeep,Sandeep Dhama","OK"
"May","06-05-2024 T17:00","","","","","B","Documentation","180","Tool room inventory","","","","","","tool room inventory ","","","","No","Gagandeep,Indrajit Behera",""
"May","06-05-2024 T05:01","","","","","B","Documentation","1012","","","","","","","","","","","Yes","Sandeep Dhama",""
"May","06-05-2024 T09:29","","","","","","Documentation","26","","","","","","","","","","","Yes","Sandeep Dhama",""
"May","06-05-2024 T19:00","","","","","","PED Support","180","Activity for new model setup","","","","","","Troubleshooting For system check n.g,System check done ok ","","Electrical","","No","Jatinder Singh,Gagandeep,Sandeep Dhama",""
"May","06-05-2024 T07:00","Final Assy","AB Sealer Block-01","Flash-05","EEAT-113","B","BD with No Loss","30","Probe holder ecu-4 NG. continue master fail","","","","","","ECU-4 NG coming.","","","","Yes","Sandeep Dhama",""
"May","06-05-2024 T18:10","Final Assy","Cell Sensor","Spray Sealer","EEAT-163","B","BD with No Loss","10","Sealer miss issue","","","","","","'Sealer miss issue at R2 side so pressure adjusted then ok","","Electrical","","No","Sandeep Dhama","OK"
"May","06-05-2024 T15:30","","","","","B","Documentation","30","","","","","","","","","","","No","Indrajit Behera",""
"May","06-05-2024 T07:00","","","","","B","Documentation","211","","","","","","","Final Assy line all PM points added on the category file. ","","","","Yes","Sandeep Dhama",""
"May","04-05-2024 T08:00","Final Assy","FA-NWP3","Spray Sealer M/C","EEAT-027","A","BD with No Loss","10","Sealer miss problem coming on DC1A R1","","","","","","Prog. modified, but not improve,Prog. modified, but not improve,Shot no-8, Y value  change from 486.1 to 485.1,Shot no -15, Length change 78 to 79 & Y Position change from 550.6 to 549.0","","Electrical","","No","Jaydev Mal","NG"
"May","04-05-2024 T13:40","Final Assy","FA-WP2","VCS-10","EEAT-057","A","BD with No Loss","10","App. Stop at executing process","","","","","","During running barcode read error coming.,Product take out And M/c restart, After that OK","","Electrical","Communication","No","Jaydev Mal,Mukesh","OK"
"May","07-05-2024 T10:40","Mounting","MA2","CM212-3","EETP-016","A","CM Entry","15","Z Height Pickup Error Coming ","","","","","","Found Tray no 6 was empty but every cycle machine use this tray,Check in quantity data side this tray was full show,So new tray install after that ok ","","","Human","No","Gagandeep","OK"
"May","07-05-2024 T10:15","Mounting","MA3","YS Loader","EETP-033","","CM Entry","15","Chuck error coming ","","","","","","Chuck error coming when chuck move halfway ,so Check and found diagonal sensor was disturb  ,Diagonal sensor adjust after that ok ","","Mechanical","Design","No","Gagandeep","OK"
"May","07-05-2024 T06:20","Mounting","MA4","NPM-02","EETP-104","","CM Entry","250","Machine hang ,Change over time YJCR1 TO YJCR2","","","","","","Machine restart after that ok ","","Electrical","","Yes","Gagandeep","OK"
"May","07-05-2024 T06:50","Mounting","MA5","NPM-4","EETP-102","","CM Entry","10","Machine hang ,change over BMUR2 TO HV5.0","","","","","","","","Electrical","","Yes","Gagandeep","OK"
"May","07-05-2024 T06:00","Mounting","MA5","NPM-4","EETP-102","","Documentation","120","","","","","","","Major breakdown report make ","","Electrical","","Yes","Gagandeep","OK"
"May","07-05-2024 T06:15","","","","","A","CM Entry","180","Shut down parts preparation of spot soldering","","","","","","Spot-1 & Spot-3 all parts list made which one required in Bath cleaning.,Confirm from tool room side in actual location.,N-Pot "Frame plate & Intermediate plate not available in tool-room.,Problem due to Its both parts quotation not coming from maker side.,Denso JAPAN have shutdown.,Today maker side call & confirm , may be today quotation prepared from DNJP.","","","","No","Subhash Sheoran",""
"May","07-05-2024 T08:00","Final Assy","Cell Sensor","Spray Sealer","EEAT-163","A","BD with No Loss","130","Sealer coming on prohibited area in ISS BMU R1 side.","","","","","","Offline program study & Modify .","","Mechanical","Design","No","Neeraj","OK"
"May","07-05-2024 T10:45","Final Assy","Cell Sensor","Spray Sealer","EEAT-163","","PED Support","45","","","","","","","Teaching Checked  of ISS BMU R2 side in modify pallet  as per PED request .","","Mechanical","","No","Neeraj","OK"
"May","07-05-2024 T13:00","Mounting","MA7","FLIPPER+CLEANER","EETP-139","A","CM Entry","105","PCB Transfer error coming ","","","","","","Belt was not move one side ,Belt move diagonal so electrical connection check ok ,Finally gear box plate adjust ","","Mechanical","Design","No","Gagandeep","OK"
"May","07-05-2024 T14:40","Mounting","MA4","NPM-04","EETP-056","B","BD with No Loss","5","Theta-1 axis overload error coming  ","","","","","","Finally, Theta-1 axis manually move and m/c origin after thta m/c run ok ","","Both","Process","Yes","Indrajit Behera","OK"
"May","07-05-2024 T16:00","Final Assy","ENG Sealer Block-03","Flash Writing","EEAT-211","","BD with No Loss","10","","","","","","","","","Electrical","Part-Failure","Yes","Indrajit Behera","OK"
"May","07-05-2024 T16:45","","","","","B","Documentation","120","","","","","","","FA line all pending request sheet corrected & approved and send to PRD. ,FA & MA pending B/D request send to MTD HOSS","","","","No","Sreekanth Sasi",""
"May","07-05-2024 T17:00","Final Assy","ENG Sealer Block-03","Spray Sealer","EEAT-226","B","BD with No Loss","5","Extra sealer coming on connector side,,Coat -2 width check found  -10.50mm","","","","","","Finally coat-2 width adjustment 10.50 To 9.50mm after that ok","","Mechanical","Process","No","Indrajit Behera","OK"
"May","07-05-2024 T16:00","Final Assy","ENG Sealer Block-01","","","B","Documentation","270","New daily check sheet cocreation. ","","","","","","Some line new daily check preparation ","","","","Yes","Dipshikha",""
"May","07-05-2024 T20:45","Final Assy","","","","B","Documentation","75","Misjudgment data ","","","","","","Midsegment data taken & fill-up in System  ","","","","Yes","Dipshikha",""
"May","07-05-2024 T21:40","Final Assy","AB Sealer Block-01","Flash-05","EEAT-113","B","BD with No Loss","10","Multiple step NG coming,ECU-2NG coming  (560B ,AC AUTO)","","","","","","ok master check found ok,After that m/c run ok',Suspected product side issue ","","Electrical","Part-Failure","No","Indrajit Behera","OK"
"May","04-05-2024 T09:50","Final Assy","ENG Sealer Block-03","MRC","EEAT-219","A","BD with No Loss","35","Inspection error.","","","","","","During inspection M/c stop & this error coming,Error reset & M/c homing , Part take out .,Again start but same error coming & M/c not run,PED check & found Main server was OFF. Due to breaker trip from Main panel,So ON it ,After that OK.","","Electrical","Communication","No","Jaydev Mal","OK"
"May","04-05-2024 T11:50","Final Assy","FA-AB2","FAL2-AB-RT1","EEAT-134","","CM Entry","90","771 Model harness Ground pin 1&2  receptical broken ","","","","","","Receptical change with spare, Then soldering done. Then OK.","","Mechanical","Human","No","Jaydev Mal,Mukesh","OK"
"May","04-05-2024 T13:00","Final Assy","FA-WP3","Air Leak","EEAT-160","","CM Entry","70","Activity Air leak M/c spare PC backup hdd preparation","","","","","","Backup Hdd make from CBMU line Air leak  PC.,Then check on  spare PC found ON OK.","","Electrical","Design","No","Anshul Gupta,Jaydev Mal","OK"
"May","07-05-2024 T00:15","Mounting","Laser Line-2","Laser Marking + Cleaner","EETP-099","","BD with No Loss","10","QR Reading Fault","","","","","","QR Scanner Tuning done.","","Electrical","Process","No","Anshul Gupta,Jaydev Mal,Dalip Khajuria,Mukesh","OK"
"May","06-05-2024 T22:45","Final Assy","FA-WP4","AIR LEACK CHECK","EEAT-209","C","BD with No Loss","5","Daily check Pressure B NG","","","","","","Offset given in Pressure B","","Electrical","Design","No","Jaydev Mal,Dalip Khajuria","OK"
"May","06-05-2024 T23:45","Final Assy","ENG Sealer Block-01","Flash-01","EEAT-021","","BD with No Loss","10","M.J. Coming on sequence No. 55 (YCA)","","","","","","Probe Holder Main Connector Reconnected (Writer)","","Electrical","Human","No","Jaydev Mal","OK"
"May","07-05-2024 T04:25","Final Assy","ENG Sealer Block-02","Flash writing","EEAT-148","","BD with No Loss","15","Ready signal not coming","","","","","","Cover close conformation not coming ,Sensor cable was pressed with cover, So cable dressing  properly, Then OK.","","Electrical","Communication","No","Anshul Gupta,Jaydev Mal,Dalip Khajuria","OK"
"May","08-05-2024 T02:30","Final Assy","FA-WP3","3W Gel-03","EEAT-152","A","PRD Support","40","","","","","","","Gel accumulated in Plunger pump, So clean it as per PRD request","Plunger pump seal will be change on sunday","Mechanical","Wear","Yes","Jaydev Mal,Dalip Khajuria,Mukesh","OK"
"May","08-05-2024 T04:30","Final Assy","FA-WP4","SILICON BELOW CONNECTOR","EEAT-202","","PRD Support","20","","","","","","","As per PRD request PAIL CAN-1, empty limit switch adjust ,5mm down. Toal 10 mm down","","Mechanical","Design","No","Jaydev Mal,Dalip Khajuria","OK"
"May","07-05-2024 T11:20","Final Assy","FA-WP3","Air Leak","EEAT-160","A","BD with No Loss","10","Machine hang issue.","","","","","","USB-2 re-connect after that ok.","","Electrical","Design","Yes","Neeraj","OK"
"May","07-05-2024 T12:00","Final Assy","","","","A","PED Support","120","System check step no.160 N.G coming","","","","","","PS596-A(1) & PS596-A(2) board power connection Reconnected after that its OK.","","Electrical","Communication","No","Subhash Sheoran,Sandeep Dhama","OK"
"May","08-05-2024 T09:00","Mounting","MA7","QR CONVEYOR","EETP-141","A","CM Entry","45","PCB TRANSFER ERROR COMING ","","","","","","PCB Transfer error coming ,Found Stoper Push the belt when belt joint come ,Now stoper some height adjust after that ok ","","Mechanical","Design","No","Subhash Sheoran,Sreekanth Sasi,Gagandeep","OK"
"May","08-05-2024 T12:10","Final Assy","FA-WP3","Air Leak","EEAT-160","A","BD with No Loss","8","Machine hang issue .","","","","","","USB-2 re-connect & Application restart after that ok.","","Electrical","Design","Yes","Neeraj","OK"
"May","08-05-2024 T12:40","Final Assy","FA-WP3","Silicon All-round","EEAT-156","","Documentation","40","","","","","","","Silicon Machine pail can unit part ordering ongoing.","","Electrical","","No","Neeraj","OK"
"May","08-05-2024 T08:10","Final Assy","FA-WP4","FILTER ASSY","EEAT-200","A","BD with No Loss","20","Mushroom head unit stuck problem was coming.","","","","","","Mushroom head unit cleaned after that ok.","","Mechanical","","No","Neeraj,Gagandeep","OK"
"May","08-05-2024 T11:47","Mounting","MA7","DUAL LANE QR CODE READING CONVEYOR","EETP-147","A","BD with No Loss","133","PCB stuck between reflow & Dual Lane conveyor .","","","","","","Showed the problem to DJK . Now activity ongoing by DJK.","","Mechanical","Design","No","Neeraj,Gagandeep","NG"
"May","08-05-2024 T09:30","","","","","A","Documentation","90","Shutdown plan making","","","","","","Cell block and FA machines shut down plan made.","","","","No","Sreekanth Sasi",""
"May","08-05-2024 T08:00","Final Assy","","","","A","PED Support","360","New line set-up for CBMU modal","","","","","","System check on going.,Step no.550 to 907 completed.,Today 14 page complet.","","Both","","No","Subhash Sheoran","OK"
"May","08-05-2024 T11:30","","","","","","Documentation","150","Cell block daily check sheet arrangement","","","","","","Daily check sheet arranged according to machine wise  of all Sealer block lines.,ENG Sealer block-1,2 & 3 and AB Sealer block-1 &2","","","","No","Sreekanth Sasi",""
"May","08-05-2024 T09:06","Mounting","","","","","CM Entry","20","PCB stucked","","","","","","OC-1 alignment done after that OK","","Mechanical","Design","No","Subhash Sheoran","OK"
"May","08-05-2024 T15:40","Mounting","MA4","NPM-04","EETP-056","B","BD with No Loss","5","Theta-1 axis over load error coming,","","","","","","Finally manually move and m/c origin after that m/c run ok  ","","Electrical","Process","Yes","Indrajit Behera","OK"
"May","08-05-2024 T16:00","Final Assy","FA-AB1","HT Chamber-01","EEAT-116","B","BD with No Loss","10","DOOR nO-2 LOCK BROKEN","","","","","","Finally lock change with new spare ,After that ok","","Mechanical","Wear","No","Indrajit Behera","OK"
"May","08-05-2024 T17:40","Mounting","MA7","SOLDER PASTE PRINTING","EETP-140","B","BD with No Loss","10","Temperature of m/c is out of range error coming ","","","","","","Finally squeegee head unit move in m/c front side  then  wait  temp. down ,Now m/c origin done ,After that m/c run ok ","Request to prd operator model change over time squeegee head move in m/c front side ,Due to air circulation properly,","Both","Process","No","Indrajit Behera","OK"
"May","08-05-2024 T20:30","Final Assy","FA-AB1","FAL-AB-LT","EEAT-115","B","BD with No Loss","30","Continue card failed at step No-30","","","","","","Finally harness change by PRD,Then ok master check found ok ,After that m/c run ok ,Off line NG harness open and all pin cleaning  done,After that harness install and ok master check found ok,After that product check found ok","","Electrical","Part-Failure","No","Indrajit Behera","OK"
"May","08-05-2024 T17:00","","","","","B","Documentation","180","Spare parts inventory  ","","","","","","Spare parts on going ","","","","Yes","Indrajit Behera,Dipshikha",""
"May","08-05-2024 T15:00","","","","","B","PED Support","240","New line machine setup","","","","","","System check activity CBMU RT-2 (50% completed)","","Electrical","","No","Ujjawal,Sandeep Dhama","OK"
"May","08-05-2024 T20:00","Mounting","MA2","","","C","Documentation","150","Daily Check sheet checking activity","","","","","","Daily Check sheet checking done","","","","No","Jatinder Singh","OK"
"May","08-05-2024 T20:00","","","","","","PED Support","150","PLC Tester system check NG Step check activity (PWC Line)","","","","","","System check NG Step check found some step OK coming.","","Electrical","","No","Ujjawal","OK"
"May","07-05-2024 T01:20","Mounting","MA4","NPM-02","EETP-104","C","CM Entry","10","","","","","","","During model change over this problem come, so machine power off/on , after that ok","","Electrical","Design","Yes","Mangal Ram Kanwar,Dalip Khajuria","OK"
"May","07-05-2024 T04:00","Final Assy","FA-WP4","PRE-PKG AUTO SCREW MACHINE","EEAT-204","C","CM Entry","5","minimum angle error coming","","","","","","1st screw tightening time this error come, so this product take out & another product run ok ","","Mechanical","Design","No","Mangal Ram Kanwar","OK"
"May","07-05-2024 T02:00","Final Assy","Spot Block-1","3D-04","EEAT-028","C","CM Entry","10","Live monitor image more britness problem","","","","","","During runing live image side more britness looking, so britness adjustment done","","Electrical","Process","No","Mangal Ram Kanwar","OK"
"May","08-05-2024 T00:30","Mounting","MA2","SPI","EETP-044","C","CM Entry","10","Pcb transfer error coming","","","","","","Spi inlet conveyer alignment disturb found, so alignment done,, after that ok","","Mechanical","Process","No","Mangal Ram Kanwar,Mukesh","OK"
"May","09-05-2024 T06:30","Mounting","MA4","SPG","EETP-053","A","CM Entry","25","Support Pin drop by mistake ","","","","","","Open front and rear cover and try to found support pin  but not found,Now machine run with another machine support pin use ","","Mechanical","Human","No","Gagandeep","OK"
"May","09-05-2024 T06:20","Mounting","MA7","UNLOADER","EETP-151","","CM Entry","10","Machine master not on ","","","","","","IAI Unit not initiali,One time machine restart after that ok ","","Electrical","Communication","No","Gagandeep","OK"
"May","09-05-2024 T09:00","Final Assy","","","","A","PED Support","240","New machine set-up for new products","","","","","","System check on going,Today page no.47 & page no.62~69 completed.,From Step no.1000 above steps not coming,Check SV32S ID=0 board not showing in,Check & found its USB cable not connected,Now connect the USB cable SV032S board after that OK.","","Electrical","","No","Subhash Sheoran,Sandeep Dhama","OK"
"May","09-05-2024 T06:30","Final Assy","","","","","CM Entry","120","Regulated power supply output was not ON","","","","","","Open power supply & circuit check on going","","Electrical","Part-Failure","Yes","Subhash Sheoran","OK"
"May","09-05-2024 T15:00","Final Assy","FA-WP2","HT Chamber-05","EEAT-022","B","BD with No Loss","20","Door No-2 not close,Door No-2 lock broken","","","","","","Finally broken lock change with new spare after that ok","","Mechanical","Wear","No","Indrajit Behera","OK"
"May","09-05-2024 T14:50","Mounting","AOI-5","3D-05","EETP-070","B","BD with No Loss","10","Inspection process not working","","","","","","Application close/open but same,,Finally one time m/c re-start after that m/c origin then m/c run ok ","","Both","Communication","Yes","Indrajit Behera","OK"
"May","09-05-2024 T18:25","Mounting","MA7"," TRAVERSER WITH PUSHER CONVEYOR","EETP-150","B","BD with No Loss","10","Pusher retract error coming","","","","","","PCB Insert into stocker and pusher move to back (Home position),Found QR With pusher conveyor M/C  have ILNB Error coming.,ILNB Error reset from ILNB Laptop and machine origin done then OK","","Both","Design","Yes","Ujjawal,Indrajit Behera","OK"
"May","09-05-2024 T15:45","Final Assy","FA-WP4","PRE-PKG AUTO SCREW MACHINE","EEAT-204","B","Documentation","15","Description of the current purchase order (PO).","","","","","","Purchase order part list and photo slide made.,After that mailed to maker .","","","","No","Sreekanth Sasi",""
"May","09-05-2024 T16:00","Final Assy","FA-WP4","PRE-PKG AUTO SCREW MACHINE","EEAT-204","","Documentation","150","New daily check sheet checking","","","","","","All Sealer block lines and Cell sensor lines daily check sheet check and corrected. ,After that signed the all sheets.,AB Sealer Block-1 & 2, ENG Sealer block-1 & 3 and Cell sensor line.","","","","No","Sreekanth Sasi",""
"May","09-05-2024 T15:25","Final Assy","ENG Sealer Block-03","Flash Writing","EEAT-211","","CM Entry","25","Cable sleeve installation activity","","","","","","Cable sleeve installed due to ribbon cable haven't ","","Electrical","Part-Failure","Yes","Ujjawal","OK"
"May","09-05-2024 T18:50","Final Assy","ENG Sealer Block-02","Flash writing","EEAT-148","B","CM Entry","20","Wire harness sleeve installation activity ","","","","","","","","Electrical","Design","No","Ujjawal","OK"
"May","09-05-2024 T19:25","Final Assy","FA-AB2","Roll Over Tester","EEAT-143","B","CM Entry","15","Cable sleeve installation activity ","","","","","","Cable sleeve installed For avoiding wire short with machine body.","","Electrical","Design","No","Ujjawal,Indrajit Behera","OK"
"May","09-05-2024 T16:00","","","","","B","Documentation","150","Daily check sheet check and confirm","","","","","","Cell Block line daily check sheet  check and confirm and signed the copy.,AB Sealer block-1 &2 , ENG Sealer 1 &3 daily check sheet check and confirm and signed the copy.,All daily check sheet kept on Sandeep Dhama 's  tray .","","","","Yes","Sreekanth Sasi,Dipshikha",""
"May","09-05-2024 T16:00","Mounting","MA7","LOADER","EETP-138","B","BD with No Loss","10","Chuck error coming,PCB chuck ok, But  chuck unit up time PCB touch  with jig  cushion ,ONE CARD dropped ","","","","","","Finally dropped pcb manually take out and m/c origin after that other  jig insttal  after that m/c run ok ","Request to PRD don't use this NG jig ","Both","Human","No","Indrajit Behera","OK"
"May","09-05-2024 T15:15","","","","","B","PED Support","30","New PCB Router (CBMU-EV)","","","","","","Machine power on,Machine origine done. ,Dummy program run with PED ","","","","No","Sreekanth Sasi",""
"May","09-05-2024 T16:20","Mounting","AOI-08","Multi-Magazine Loader","EETP-128","B","BD with No Loss","10","PCB stuck problem coming,,PCB stuck in between stocker & scan conveyor ","","","","","","PCB manually take out and check found stocker slot side issue ,Finally stocker take out other stocker load found m/c run ok ","Reust to PRD one time stocker slots check ","Both","Process","No","Indrajit Behera","OK"
"May","09-05-2024 T21:30","RTS Assy.","RTS-1","Resistance Check Machine","RTS-103","B","CM Entry","25","","","","","","","Connector change with spare then ok","","Electrical","Process","No","Ujjawal","OK"
"May","09-05-2024 T21:30","RTS Assy.","RTS-2","Resistance Check Machine","RTS-203","","CM Entry","30","","","","","","","","","Electrical","Process","No","Ujjawal","OK"
"May","09-05-2024 T20:00","Final Assy","","","","","PED Support","125","New machine set up activity ","","","","","","System check work done (today three pages completed)","","Electrical","","No","Ujjawal","OK"
"May","09-05-2024 T15:20","Final Assy","AB Sealer Block-01","Flash-05","EEAT-113","B","CM Entry","15","Wire harness check","","","","","","Harness check found OK","","Electrical","","No","Ujjawal","OK"
"May","09-05-2024 T15:35","Final Assy","AB Sealer Block-02","","","","CM Entry","20","Wire harness check","","","","","","Wire harness check found OK","","Electrical","","No","Ujjawal","OK"
"May","09-05-2024 T21:50","Mounting","AOI-7","Unloader","EETP-110","B","CM Entry","20","Card stuck issue coming,,AS per prd inform card stuck with stocker  side","","","","","","Finally prd stocker change after that check found ok,,observation and check no abnormality found  ,Suspected stocker side issue problem  ","","Both","Process","No","Sreekanth Sasi,Indrajit Behera","OK"
"May","09-05-2024 T00:45","Mounting","MA4","NPM-02","EETP-104","C","CM Entry","10","","","","","","","M/c restart, then OK.","","Electrical","Design","Yes","Mangal Ram Kanwar,Mukesh","OK"
"May","08-05-2024 T23:50","Mounting","MA5","NPM-1","EETP-111","","CM Entry","30","M/c hang issue during change over","","","","","","","","Electrical","Design","Yes","Jaydev Mal,Dalip Khajuria","OK"
"May","08-05-2024 T23:50","Final Assy","","","","","PED Support","30","","","","","","","All assoseries connection done","","Both","","No","Anshul Gupta,Mangal Ram Kanwar,Jaydev Mal,Dalip Khajuria,Mukesh","OK"
"May","09-05-2024 T05:30","Mounting","MA5","","","","CM Entry","20","Activity for flux drop problem coming","","","","","","Flux collector motor inverter frequency increase from 45 to 50 Hz","","Electrical","","No","Jaydev Mal,Dalip Khajuria","OK"
"May","09-05-2024 T10:00","Final Assy","FA-WP3","Air Leak","EEAT-160","A","BD with No Loss","60","Activity for Machine hang issue.","","","","",""," 1: PC changed with Latest version (DIO Unit) Hard disk after that Checked found ADI unit initialization error occur so revert back.","","Electrical","Part-Failure","Yes","Neeraj,Sandeep Dhama","OK"
"May","09-05-2024 T07:00","Final Assy","FA-WP3","Silicon Below connector","EEAT-153","A","Documentation","120","","","","","","","Silicon Machine pump pail can spare part ordered .","","","","No","Neeraj",""
"May","10-05-2024 T06:30","Final Assy","FA-AB1","Packaging jig-01","EEAT-114","A","BD with No Loss","15","Poka-yoke not working in NG master. ","","","","","","Check & found cylinder detection sensor continue On ,So adjust from its mounting after that ok.","","Electrical","","No","Neeraj,Subhash Sheoran","OK"
"May","10-05-2024 T06:35","Final Assy","FA-WP2","Air leak-01","EEAT-083","A","BD with No Loss","20","detect & vacuum pressure was low coming in daily Check time.","","","","","","Detect pressure = 2.61,vacuum pressure = -5.27,Checked vacuum pressure gauge found -17 ,It should be set in -20 ,So set in -20 & adjust from valve A after that ok.","","Pneumatic","","No","Neeraj,Subhash Sheoran","OK"
"May","10-05-2024 T10:10","Mounting","MA5","Multi-Magzine Unloader","EETP-086","A","CM Entry","10","After full stocker not come out","","","","","","Check and found stocker corner was broken","","Mechanical","Wear","No","Gagandeep","OK"
"May","10-05-2024 T09:30","Mounting","MA5","Traverser with QR Reader","EETP-079","","CM Entry","30","Card not send to NPM","","","","","","Found machine not send the card npm so all machine off before npm after that ok","","Electrical","Wear","No","Gagandeep","OK"
"May","10-05-2024 T09:00","Mounting","MA5","Traverser with QR Reader","EETP-079","","PRD Support","120","ESD 1door  was fall down","","","","","","Wad door was fall down so found plate was broken,Plate open and welding done ,Plate installation done door assay done now run ok ","","Mechanical","Wear","No","Gagandeep","OK"
"May","10-05-2024 T09:00","Final Assy","","","","A","PED Support","300","New product set-up on going for CBMU","","","","","","System check on going,Page no. 51~61 & 70~75 completed","","Electrical","","No","Subhash Sheoran","OK"
"May","10-05-2024 T07:00","Final Assy","","","","A","CM Entry","20","Abnormal sound coming in Flash probe holder in Sealer block -1","","","","","","Check its slide plate screw was missing , so new screw replaced & slide plate lubrication done.","","Mechanical","Human","No","Subhash Sheoran","OK"
"May","10-05-2024 T15:00","Final Assy","ENG Sealer Block-02","Spray Sealer","EEAT-194","B","CM Entry","10","Humseal temp. out off range error coming ,Humiseal  tamp. value coming 46","","","","","","Finally error reset and m/c origin after that wait then temp. coming 42 after that m/c run ok ,","","Electrical","Process","No","Indrajit Behera","OK"
"May","10-05-2024 T17:00","Mounting","MA7","","","","BD with No Loss","10","Temperature of m/c is out of range error coming,,M/C side temperature value higher side coming 36 ","","","","","","Finally squeegee head move in m/c front side, Then m/c origin after that m/c run ok,","","Both","Process","No","Indrajit Behera","OK"
"May","10-05-2024 T15:30","Final Assy","FA-WP4","SILICON BELOW CONNECTOR","EEAT-202","","CM Entry","10","Cycle time loss issue coming,,Dummy dispense every cycle ","","","","","","Setting check found nozzle harden timer-1 setting OFF found,,Finally setting change OFF To ON after that ok,","","Both","Process","No","Jatinder Singh,Indrajit Behera","OK"
"May","10-05-2024 T19:20","Mounting","MA4","Buffer Conveyor","EETP-055","B","BD with No Loss","20","PCB stuck issue coming,,Slot No-4 PCB transfer time problem coming,Fixed side conveyor slot No-4 belt damaged found","","","","","","Finally damage belt take out and new spare belt  install after that ok,","","Mechanical","Wear","No","Indrajit Behera","OK"
"May","10-05-2024 T14:30","","","","","B","Documentation","180","FA-3 NWP Sealer M/c Problem data Check  Activity ","","","","","","Problem Data Check in log Book ","","","","No","Jatinder Singh,Dipshikha","OK"
"May","10-05-2024 T20:00","","","","","","Documentation","90","Request sheet Fill Up Activity","","","","","","Request Sheet Fill Up","","","","No","Jatinder Singh","OK"
"May","10-05-2024 T19:00","Mounting","MA6","SPG 2","EETP-116","","BD with No Loss","10","Error code -C90 COMING ,C-90 error, chiller unit water tank full","","","","","","Finally water tank emptied by prd ,Then error reset and m/c run ok,","","Both","Process","No","Indrajit Behera","OK"
"May","10-05-2024 T18:30","Mounting","MA6","SPG 2","EETP-116","","BD with No Loss","10","Extra sealer coming on connector side, (YCA MODEL)","","","","","","Finally coat -2 width check found 10:50 coming ,Finally coat-2 width adjusts meant-10:50 To 9:50 after that ok","","Electrical","Process","No","Indrajit Behera","OK"
"May","10-05-2024 T20:30","Mounting","MA7"," TRAVERSER WITH PUSHER CONVEYOR","EETP-150","","BD with No Loss","20","Motorized pusher driver error coming,,Suspected stocker side issue  ","","","","","","Finally pcb manually push by hand  after that m/c origin after thta m/c run ok ,","","Electrical","Process","No","Indrajit Behera","OK"
"May","10-05-2024 T17:10","Final Assy","","","","B","Documentation","20","Feedback on Yokoten received from OGC .","","","","","","All tester ,Flash & VCS Wire harness cable conditon check data make and send to QAD (Feedback on Yokoten received from OGC .)","","","","No","Sreekanth Sasi",""
"May","10-05-2024 T17:30","","","","","B","Documentation","245","PM check sheet preparation","","","","","","FA-4 WP All M/C PM check sheet prepared on PM system,2 M/C Pending","","","","Yes","Dipshikha",""
"May","10-05-2024 T18:00","Final Assy","","","","","Documentation","90","","","","","","","MTD KPA preperation under going on (Final Assy line),All line graphs and details written on the sheet.","","","","No","Sreekanth Sasi",""
"May","10-05-2024 T15:00","Meter Assy","Meter 3","Calibration Machine","M3M-008","B","PRD Support","450","Calibration (DR-1) workbench swapped with Auto inspection (DR-4)","","","","","","Calibration (DR-1) workbench swapped with auto inspection (DR-4).,Both machine connection done ,Machine power ON and master check found OK","","Both","Human","No","Ujjawal","OK"
"May","10-05-2024 T00:00","Mounting","MA3","YS Loader","EETP-033","C","CM Entry","40","Chuck Error Coming","","","","","","Chuck Pad Changed with New,PCB Catcher Pressure revert back.","","Mechanical","Part-Failure","No","Jaydev Mal,Dalip Khajuria,Mukesh","OK"
"May","09-05-2024 T23:00","Final Assy","FA-AB1","HT Chamber-01","EEAT-116","","BD with No Loss","10","Door not locking (Door No. 2)","","","","","","Roller Side lubrication done.","","Mechanical","Wear","No","Dalip Khajuria","OK"
"May","10-05-2024 T11:00","Final Assy","FA-WP3","Silicon All-round","EEAT-156","C","BD with No Loss","20","Screw check Pokayoke not working (Pan jig No-4)","","","","","","During daily check, this problem coming,Problem coming on Pan jig no-4, So check on other all jig found ,working OK.,So jig no-4 hold and run with other jig. Request to PRD adjust jig by PMG","Request to PRD adjust jig ,by PMG.","Mechanical","Wear","Yes","Mangal Ram Kanwar,Jaydev Mal","OK"
"May","11-05-2024 T02:30","Mounting","MA5","NPM-6","EETP-080","","CM Entry","30","Activity for head-4 disable","","","","","","Check and found its nozzle centering was NG.,May be shaft bend","Shaft change on shutdown","Mechanical","Part-Failure","Yes","Dalip Khajuria","OK"
"May","13-05-2024 T10:51","Mounting","MA3","Reflow Oven","EETP-041","A","CM Entry","29","Zone-1 over heat alarm coming","","","","","","As per electrical  drawing CR-08 relay change with spare after that ok","","Electrical","Part-Failure","No","Ujjawal,Jatinder Singh","OK"
"May","13-05-2024 T06:51","Meter Assy","Meter 3","Inspection Machine","M3M-010","","CM Entry","19","Com port error coming ","","","","","","3 point PC application open and PSC PC restart then ok.","","Electrical","Wear","Yes","Ujjawal","OK"
"May","13-05-2024 T06:05","Final Assy","FA-WP4","LO-HI SCREENING MACHINE","EEAT-199","","CM Entry","10","Tester communication error ","","","","","","One time machine restart then ok","","Electrical","Wear","Yes","Ujjawal","OK"
"May","11-05-2024 T00:30","Final Assy","ENG Sealer Block-03","Spray Sealer","EEAT-226","C","BD with No Loss","10","Extra Sealer Coming on Prohibited Area (YCA)","","","","","","Humiseal Width Adjusted from 10.20mm to 9.50mm","","Pneumatic","Design","No","Mangal Ram Kanwar,Jaydev Mal,Dalip Khajuria","OK"
"May","13-05-2024 T11:40","Final Assy","Spot Block-1","Spot-01","EEAT-096","C","BD with No Loss","10","Nozzle Id was wrong showing in Changeover in GP2A.","","","","","","Sensor No 1602 was not on so its set value changed 350 to 450 after that ok.","","Electrical","Design","Yes","Neeraj,Mukesh","OK"
"May","13-05-2024 T23:10","Mounting","MA3","CM212-3","EETP-039","C","BD with No Loss","10","Power On impossible BST stage.","","","","","","Bypass mode activated of Tb-2 as per B-shift .","","Both","Part-Failure","Yes","Neeraj,Mukesh","OK"
"May","13-05-2024 T21:00","Final Assy","","","","C","PED Support","300","New line set-up(VCS) for new production","","","","","","System check on going.,Step no.002 is coming upper limit(Above 14.000V),Step no.003 is not coming due to (PS-36) power supply OVP value not change","","Electrical","","No","Neeraj,Subhash Sheoran,Sreekanth Sasi,Mukesh","NG"
"May","13-05-2024 T06:00","","","","","A","CM Entry","5","Breaker not ON","","","","","","Finally breaker manually ON after that ok","","Electrical","Process","No","Indrajit Behera","OK"
"May","13-05-2024 T06:00","","","","","","BD with No Loss","5","Application has stopped working problem coming ,Application not working","","","","","","Finally application close /open  but same,,Finally one time m/c re-start after  that m/c origin after that ok,","","Electrical","Communication","No","Indrajit Behera","OK"
"May","13-05-2024 T11:20","","","","","","BD with No Loss","10","Live image monitor screen not coming","","","","","","Finally one time m/c re-start after that m/c origin after that ok,","","Electrical","Communication","No","Indrajit Behera","OK"
"May","13-05-2024 T12:30","Final Assy","FA-NWP3","FAL2-ENG-RT","EEAT-127","","BD with No Loss","10","Continue card failed at step No-717","","","","","","Finally production box swap with HT-Tester after that ok ","Need to probe pin No-83,197 change ","Electrical","Part-Failure","No","Indrajit Behera","OK"
"May","13-05-2024 T11:00","Final Assy","FA-WP3","Air Leak","EEAT-160","A","CM Entry","10","Machine hang issue problem coming","","","","","","One time USB cable-2 reconnected but same,Finally one time m/c re-start after that  daily check ok,Then m/c run ok","","Electrical","Design","No","Indrajit Behera","OK"
"May","13-05-2024 T10:30","Final Assy","FA-AB1","LT Chamber-01","EEAT-129","A","CM Entry","60","Activity for controller card change with maker","","","","","","Controller card change with new but status NG,So revert back original controller ","","Electrical","Part-Failure","No","Indrajit Behera","NG"
"May","08-05-2024 T17:20","Mounting","MA7"," TRAVERSER WITH PUSHER CONVEYOR","EETP-150","B","BD with No Loss","10","Motorized pusher driver error coming,Pusher not push in PCB ","","","","","","Finally pcb manually push with stocker ,Then m/c origin after that m/c run ok,","","Electrical","Process","No","Indrajit Behera","OK"
"May","13-05-2024 T17:20","Mounting","Laser Line-2","Laser Marking + Cleaner","EETP-099","B","CM Entry","15","QR reading fault coming (HONDA A/B , YCA ) model","","","","","","During runing time QR reading fault coming,QR level value 60% coming, so re-try done, but ng, so finelly 1 pcb scrapped, ,So laser marking camera cleaning done & macine re-start done, after that ok","","Electrical","Process","Yes","Mangal Ram Kanwar","OK"
"May","13-05-2024 T17:45","Mounting","MA7","DUAL LANE QR CODE READING CONVEYOR","EETP-147","B","CM Entry","10","Conveyer inlet jam error coming (lane-1)","","","","","","Pcb stuck between the NPM-2 & Dual lane conveyer m/c,  so jam pcb manually take out ,machine origin time fuse abonarmality error coming ,So cicuite protector CB16 trip found , so CP normaly on, after that ok","","Mechanical","Process","No","Mangal Ram Kanwar","OK"
"May","13-05-2024 T20:00","Mounting","MA3","CM212-3","EETP-039","B","CM Entry","120","Activity for Power ON impossible Error","","","","","","TP axis driver change  with spare,Then all connection done.","","Electrical","Part-Failure","No","Anshul Gupta,Jaydev Mal,Dalip Khajuria","OK"
"May","14-05-2024 T04:25","Final Assy","FA-WP4","PRE-PKG AUTO SCREW MACHINE","EEAT-204","B","CM Entry","15","Suction error coming  (Gp2y)","","","","","","During runing screw pickup time this problem come,so break time suction unit assy take out,  suction unit dirty found, ,So cleaning & lubrication  done, after that ok","","Mechanical","Process","No","Mangal Ram Kanwar,Mukesh","OK"
"May","15-05-2024 T02:40","Mounting","MA5","","","C","CM Entry","30","MASTER not ON after power off or emergency switch pressed.","","","","","","Master switch found faulty.,Replaced with new one","","Electrical","Part-Failure","No","Neeraj,Subhash Sheoran,Sreekanth Sasi","OK"
"May","14-05-2024 T23:01","Final Assy","","","","C","PRD Support","209","","","","","","","CBMU line Sealer Machine - Thinner fill up done in thinner tank.,Spray width set in 10.00 after that dummy taken.,Teaching Checked -Found nozzle movement area  & hitting  area very less gape.               ,Also sealer apply in one product .","","","","No","Neeraj,Sreekanth Sasi","OK"
"May","14-05-2024 T02:10","","","","","C","BD with No Loss","15","Cartridge Change not compeleted.","","","","","","During Cartridge change time finished cartridge not scanned due to process not completed so Machine restart then again process follow after that ok.","","Mechanical","Human","No","Neeraj,Subhash Sheoran","OK"
"May","14-05-2024 T01:30","Final Assy","FA-WP4","3W GEL APPLICATION","EEAT-201","","PRD Support","8","Cartridge not switching","","","","","","Machine power OFF/ON after that OK","","Mechanical","Process","No","Neeraj","OK"
"May","14-05-2024 T23:00","Final Assy","FA-WP4","LO-HI SCREENING MACHINE","EEAT-199","C","PED Support","300","New LO/HI screening-2 machine installation","","","","","","All connectors unpacked.,Tester side all connection done.","","Electrical","","No","Subhash Sheoran","OK"
"May","15-05-2024 T05:00","Final Assy","FA-WP4","SILICON ALLAROUND","EEAT-205","C","Documentation","30","Pressure Regulator Cleaning report","","","","","","Pressure regulator B/D report made.,Pressure regulator cleaning method report made.,All report send to PED.","","","","No","Sreekanth Sasi",""
"May","15-05-2024 T03:00","","","","","C","Documentation","90","","","","","","","FA all line B/D graph check and commend added.","","","","No","Sreekanth Sasi",""
"May","14-05-2024 T11:05","Final Assy","FA-AB2","FAL2-AB-RT1","EEAT-134","C","BD with No Loss","7","Multiples step n.g coming in RT-1 (Y1K modal)","","","","","","Machine restart after that OK","","Electrical","Communication","No","Subhash Sheoran","OK"
"May","15-05-2024 T05:10","Mounting","Laser Line-2","Laser Marking + Cleaner","EETP-099","","BD with No Loss","10","QR matching low","","","","","","Tuning done in DC1A modal after that OK","","Electrical","Communication","No","Neeraj,Subhash Sheoran","OK"
"May","14-05-2024 T09:00","Final Assy","FA-WP2","Packaging Jig-04","EEAT-091","A","CM Entry","30","Power not coming on stage","","","","","","Extension board change with spare then ok","","Electrical","Part-Failure","No","Ujjawal,Indrajit Behera","OK"
"May","14-05-2024 T09:30","Final Assy","FA-AB2","FAL2-AB-LT","EEAT-128","","CM Entry","10","Ready signal is not coming","","","","","","Wire harness change with spare then ok","","Electrical","Part-Failure","No","Ujjawal","OK"
"May","14-05-2024 T12:00","Final Assy","FA-NWP3","FAL2-ENG-RT","EEAT-127","","CM Entry","10","Step no.717 NG Coming","","","","","","Temp. P. Box change with spare then ok","","Electrical","Communication","Yes","Ujjawal","OK"
"May","14-05-2024 T02:00","Final Assy","Spot Block-2","Spot-02","EEAT-074","","CM Entry","15","Wave height confirmation on electrode cylinder  error coming ","","","","","","Damage Pneumatic tube cut and insert then ok","","Electrical","Part-Failure","No","Ujjawal","OK"
"May","14-05-2024 T10:00","Final Assy","FA-WP4","SILICON ALLAROUND","EEAT-205","","PED Support","120","New product setup (CNG Model)","","","","","","Program modify as per Good product quality required with PED Judgment ","","Electrical","Process","No","Ujjawal,Jatinder Singh","OK"
"May","14-05-2024 T10:00","Final Assy","FA-WP4","LO-HI SCREENING MACHINE","EEAT-199","A","PED Support","60","CNG OK Master fail ","","","","","","CNG External load box connection connection check found ok,P. box Pin no.07,44,77 change with new ","","Electrical","Communication","No","Indrajit Behera","OK"
"May","14-05-2024 T06:30","Mounting","Laser Line-2","Laser Marking + Cleaner","EETP-099","","BD with No Loss","10","QR Matching level LOW","","","","","","Tuning done in other from BANK-2 to BANK-04 then ok","","Electrical","Communication","Yes","Ujjawal,Jatinder Singh","OK"
"May","15-05-2024 T10:30","Final Assy","FA-WP4","LO-HI SCREENING MACHINE","EEAT-199","A","PED Support","110","OK Master fail (CNG model)","","","","","","As per NG data Wire harness continuity  check found  BN15-16 wire broken from pin soldering point ,Wire soldering done and machine power ON.,GP2Y model master check found ok,CNG Model master check pending from PED Side ","","Electrical","Wear","No","Ujjawal,Jatinder Singh,Sandeep Dhama","OK"
"May","14-05-2024 T18:30","Final Assy","FA-WP4","SILICON ALLAROUND","EEAT-205","B","CM Entry","60","Activity for coating check fault (CNG)","","","","","","Coating check position P3401 value -3.38mm,Coating check position P3412 value -3.38mm coming,Coating check Spec:- -4.0 to 10.0mm,So Now coating check position teaching done,, after that application check ng coming, so need to robot programm modification with ped support","","Both","Process","No","Mangal Ram Kanwar,Jaydev Mal,Dalip Khajuria","OK"
"May","15-05-2024 T23:00","Final Assy","FA-WP4","LO-HI SCREENING MACHINE","EEAT-199","C","PED Support","360","New LO/HI screening-2 machine set-up on going","","","","","","Tester side CANFD1 & CANFD2 all connection done.,Front display Monitor, Printer, USB hub, & other parts assembling done. ","","Electrical","","No","Subhash Sheoran,Mukesh","OK"
"May","15-05-2024 T12:30","Final Assy","FA-NWP3","Air Leak Tester","EEAT-180","","BD with No Loss","10","Machine hang during running in GD1B modal","","","","","","Machine restart after that OK","","Electrical","Communication","No","Subhash Sheoran","OK"
"May","15-05-2024 T23:30","Final Assy","","","","C","PED Support","360","New Model (CBMU) setup Activity. ","","","","","","R2 Side program modify where was Chances of  nozzle hitting .In this area very less gape available  1mm or  0.5mm in Nozzle & Cover .So program modify Now is ok.,R1  side program modify for sealer missing on component body as component marked by PED ,Now is ok.,R2 side program modify for sealer missing on component body ,lead ,as component marked by PED ,","","","","No","Neeraj,Sreekanth Sasi","OK"
"May","16-05-2024 T02:00","Final Assy","AB Sealer Block-02","Spray Sealer","EEAT-215","","PED Support","50","CNG model pallet ID registration & Checking Activity.","","","","","","ID registration completed.,Checked pallet found two pallet running ok but 5 no of pallet not running.","","Both","","No","Neeraj","OK"
"May","15-05-2024 T06:30","Final Assy","FA-NWP3","FAL2-ENG-RT","EEAT-127","A","BD with No Loss","15","Continue card failed on ALL step ,(HV4.5),Part no not load ","","","","","","PRD one time  application close/open  but same,M/C restart after that part no not load,Finally Again complet m/c power OFF/ON after that part no load ok,after that m/c run ok,","","Electrical","Part-Failure","No","Indrajit Behera","OK"
"May","15-05-2024 T09:20","Mounting","Laser Line-2","Laser Marking + Cleaner","EETP-099","","BD with No Loss","10","QR  reading fault & QR level low  coming ,60%,  ","","","","","","Finally pcb take out and  laser unit clean but same ,Finally try to auto tuning in bank-7 after that ok","","Electrical","Communication","No","Indrajit Behera","OK"
"May","15-05-2024 T09:20","Mounting","MA7","NPM-2","EETP-146","","BD with No Loss","10","Emergency stop error coming ,TBL-2 ,Tray unit door not close ","","","","","","Finally door close and m/c origin after that m/c run ok,","","Both","Human","No","Indrajit Behera","OK"
"May","15-05-2024 T08:00","Final Assy","FA-NWP3","FAL2-ENG-RT","EEAT-127","A","CM Entry","120","Production box pm activity,( DC-1A model ) ","","","","","","Production box pm  done ,As per pm plan,OK & NG master confirmation done ","","Both","Process","No","Indrajit Behera",""
"May","15-05-2024 T07:00","Final Assy","FA-NWP3","FAL2-ENG-HT","EEAT-126","A","Documentation","20","Daily counter monitoring data  up date ,","","","","","","Counter data up  date done","","","","No","Indrajit Behera",""
"May","14-05-2024 T12:00","","","","","A","CM Entry","30","Harness wair broken ","","","","","","Finally harness connector repairing done","","Electrical","Wear","No","Indrajit Behera","OK"
"May","16-05-2024 T09:00","Final Assy","FA-NWP3","Spray Sealer M/C","EEAT-027","A","BD with No Loss","20","Sealer miss on R-1 side","","","","","","Dummy width adjust from 19.5mm to 21.00mm afte r that ok","","Mechanical","Process","No","Ujjawal,Sandeep Dhama","OK"
"May","16-05-2024 T11:50","Meter Assy","","","","A","CM Entry","35","Dial assemble NG (YL6) M-2 Line pointer press fit machine","","","","","","Check and found problem coming in all product.,Check other model Master (YL7, 630B mid) found  OK.","Need to teach by PED.","Both","Obsolete","No","Ujjawal","OK"
"May","16-05-2024 T12:30","Final Assy","FA-WP3","Air Leak","EEAT-160","","BD with No Loss","10","Machine hang during running ","","","","","","Application close and USB-2 reconnect then ok","","Electrical","Design","Yes","Ujjawal","OK"
"May","16-05-2024 T09:00","Final Assy","FA-NWP3","FAL2-ENG-LT","EEAT-125","A","CM Entry","120","Production box pm done, (GP2A ,MODEL)","","","","","","pm done as per pm plan,,OK & NG master check ok ,","","Both","Process","No","Indrajit Behera,Dipshikha","OK"
"May","16-05-2024 T10:20","Mounting","MA6","TRAVERSER WITH PUSHER CONVEYOR","EETP-126","","BD with No Loss","30","Transfer in time out error coming,,PCB stuck in between  QR conveyor & traverser with pusher conveyor","","","","","","PCB manually take out and belt  check found ok  ,Finally belt and conveyor rail clean after that  belt install after that ok","","Mechanical","Process","No","Indrajit Behera","OK"
"May","16-05-2024 T13:30","Mounting","MA7","FLIPPER+CLEANER","EETP-139","A","BD with No Loss","30","Card stuck in Flipper conveyor","","","","","","Belt re-installed then ok","This problem discuses with maker","Mechanical","Process","No","Ujjawal,Jatinder Singh","NG"
"May","16-05-2024 T13:35","Mounting","MA4","OC-2","EETP-058","A","BD with No Loss","10","Two PCB Coming in OC-2 ","","","","","","PCB Manually pushed in reflow machine.,OC-2 belt and sensor check found ok. So machine run ok.","","Both","Communication","No","Ujjawal,Jatinder Singh","OK"
"May","16-05-2024 T23:00","Final Assy","FA-WP4","LO-HI SCREENING MACHINE","EEAT-199","C","PED Support","50","Lo/Hi screening machine-2 system check program not loading","","","","","","Try to load the program IN HA & JP but con't","","Electrical","Communication","No","Subhash Sheoran,Mukesh","OK"
"May","17-05-2024 T02:30","Final Assy","","","","C","CM Entry","60","System check trolley 100V transformer same time missing.","","","","","","Transformer fixed in System check trolley.,Two L-shaped plate put between the transformer & system check trolley. & fixed with nut/bolt.","","Electrical","","No","Subhash Sheoran,Mukesh",""
"May","17-05-2024 T03:30","Final Assy","","","","","CM Entry","20","","","","","","","CBMU line VCS cover put back","","Mechanical","","No","Subhash Sheoran",""
"May","17-05-2024 T03:00","Final Assy","Cell Sensor","Spray Sealer","EEAT-163","C","PED Support","150","Activity for Modify pallet in ISS BMU.","","","","","","Trial ongoing in R2 side ,Now program original revert back.","","","","No","Neeraj","OK"
"May","16-05-2024 T23:15","Final Assy","","","","C","PED Support","90","New Model CBMU setup activity in sealer Machine.","","","","","","Sealer program fine tuning done in R2 side ,","","","","No","Neeraj","OK"
"May","16-05-2024 T23:45","Mounting","Laser Line-2","Laser Marking + Cleaner","EETP-099","C","CM Entry","15","QR Matching level low error coming ","","","","","","","","Electrical","Human","No","Gagandeep","OK"
"May","17-05-2024 T06:10","Final Assy","Cell Sensor","Spray Sealer","EEAT-163","A","BD with No Loss","10","Dummy not ok during daily check time,R-1 side width NG","","","","","","Finally check and found width 9.70mm ok ,,Check and found coat -1 side spray  extra coming .Due to sensor malfunction,Sensor cover dirty found,Finally sensor cover clean after that dummy check found ok ","","Pneumatic","Process","No","Indrajit Behera","OK"
"May","17-05-2024 T07:15","Final Assy","AB Sealer Block-01","Spray Sealer M/C","EEAT-078","","BD with No Loss","25","continue card failed ,(6451 AC -AUTO),Product side issue ,","","","","","","Finally NG 4 product hold by prd,Other all product check found ok","","Electrical","Part-Failure","No","Indrajit Behera","OK"
"May","17-05-2024 T12:30","Mounting","MA4","YS Loader ","EETP-051","A","BD with No Loss","10","CHUCK ERROR COMING, (882,YHB),PCB JIG NO-7 WIDTH NG","","","","","","Finally jig take out and again width set after that  m/c run ok ","","Mechanical","Human","No","Indrajit Behera","OK"
"May","17-05-2024 T13:50","Mounting","MA5","SPG","EETP-075","A","BD with No Loss","10","Communication error coming,","","","","","","Finally PCB menually take out and one time m/c re start after that m/c origin then m/c run ok ","","Electrical","Communication","No","Indrajit Behera","OK"
"May","16-05-2024 T22:30","Mounting","Laser Line-1","Laser Marking + Cleaner","EETP-046","B","BD with No Loss","10","Width not getting change","","","","","","M/c Power OFF & ON, After that OK.","","Both","Communication","No","Jaydev Mal,Dalip Khajuria","OK"
"May","17-05-2024 T03:30","Mounting","AOI-7","Unloader","EETP-110","C","Documentation","90","Major breakdown report making","","","","","","Major breakdown PPT slide made.,Major break down analysis report made and attached with breakdown request sheet. ","","","","No","Sreekanth Sasi",""
"May","17-05-2024 T23:00","Final Assy","","","","C","Documentation","60","Daily check sheet checking","","","","","","Last month daily check sheet checked and signed. (All FA lines)","","","","No","Sreekanth Sasi",""
"May","17-05-2024 T11:10","Final Assy","FA-WP4","FILTER ASSY","EEAT-200","C","CM Entry","15","Mashroom was not up","","","","","","Mashroom unit cleaning done ","","Mechanical","Design","No","Gagandeep","OK"
"May","17-05-2024 T23:30","Final Assy","FA-WP4","FILTER ASSY","EEAT-200","","CM Entry","60","CBMU TESTER COVER INSTALL ","","","","","","CBMU LINE ALL TESTER COVER INSTALL DONE ","","","","Yes","Gagandeep,Mukesh","OK"
"May","18-05-2024 T02:30","Mounting","AOI-7","Unloader","EETP-110","","CM Entry","30","Pusher grub screw mount ","","","","","","Pusher sproket grub screw mount and cover mount done ","","Mechanical","Design","No","Subhash Sheoran,Gagandeep,Mukesh","OK"
"May","17-05-2024 T23:15","Final Assy","Cell Sensor","Spray Sealer","EEAT-163","C","PED Support","195","Robot program modify for  ISSBMU model modify pallet  (Sealer splashing Issue)","","","","","","Sealer Shot sequence changed in R1 side after that Teaching Checked ok., 1: Sealer shot sequence changed ,Shot direction changed ,Some shot removed & added some shot. after that Teaching Checked ok.","","Electrical","Design","No","Neeraj","OK"
"May","18-05-2024 T02:30","Final Assy","Cell Sensor","Spray Sealer","EEAT-163","C","CM Entry","180","Activity for Nozzle -1 changed.","","","","","","Nozzle changed with spare old .,Strainer filter cleaned . ,Dummy checked found same as before condition .Little bit shifted so adjust from program .","","Mechanical","","No","Neeraj,Sreekanth Sasi","OK"
"May","17-05-2024 T23:00","Final Assy","FA-WP4","LO-HI SCREENING MACHINE","EEAT-199","C","PED Support","390","New LO/HI screening machine-2 system check","","","","","","Step no.170 to 350 completed.,Step no.200~201 value not coming","","Electrical","","No","Subhash Sheoran,Mukesh","OK"
"May","17-05-2024 T10:30","Final Assy","FA-WP4","SILICON ALLAROUND","EEAT-205","A","CM Entry","45","Nozzle centering check NG","","","","","","Nozzle height check jig take out and cleaning done.,Centering check jig spring change due to spring tension loose,P-Position teaching check found ok","","Mechanical","Part-Failure","No","Ujjawal,Jatinder Singh","OK"
"May","17-05-2024 T14:40","Final Assy","FA-WP4","LO-HI SCREENING MACHINE","EEAT-199","","PRD Support","190","New machine setup Accuracy check ","","","","","","MAchine system check on going (Today total 08 pages completed) ","","Electrical","Process","No","Ujjawal,Dalip Khajuria","OK"
"May","18-05-2024 T06:15","Mounting","MA7","UNLOADER","EETP-151","A","BD with No Loss","7","Card stuck issue coming ,(YNC MODEL)","","","","","","Finally other stocker loade found ok","","Mechanical","Wear","No","Indrajit Behera","OK"
"May","18-05-2024 T09:50","Mounting","MA2","Reflow Oven","EETP-025","A","BD with No Loss","10","Inlet conveyor PCB jamming error coming ,","","","","","","Finally inlet and outlet PCB confirm sensor cleaning done ,After that error reset after that ok,","","Electrical","Process","No","Indrajit Behera","OK"
"May","18-05-2024 T10:05","Mounting","MA7","SOLDER PASTE INSPECTION","EETP-142","A","BD with No Loss","5","File write error coming,,Communication error coming ,","","","","","","Check i-lnbi server side no error coming,,Finally  error reset and  m/c origin  & m/c running after that m/c run ok, ","","Electrical","Communication","No","Indrajit Behera","OK"
"May","18-05-2024 T08:30","","","","","A","Documentation","30","Daily counter monitoring data up date,","","","","","","Data up date done ,","","Mechanical","Process","No","Indrajit Behera","OK"
"May","17-05-2024 T15:50","Mounting","MA4","Reflow Oven","EETP-059","B","BD with No Loss","10","Tem. controller communication error coming","","","","","","During runing this problem come, ,So wait for all pcb empty from machine,after that machine power off/on, then ok","","Electrical","Design","Yes","Mangal Ram Kanwar","OK"
"May","16-05-2024 T14:50","Mounting","MA5","SPG","EETP-075","B","BD with No Loss","10","BCR communication error coming","","","","","","Board flipper to SPG M/c data not transfer ,So PCB take out from Board flipper & Next PCB run found OK.","","Electrical","Communication","No","Mangal Ram Kanwar","OK"
"May","16-05-2024 T15:30","Final Assy","FA-AB2","FAL2-AB-LT","EEAT-128","","BD with No Loss","10","NG data print not coming","","","","","","Printer setting was not OK,So setting done, After that OK.","","Electrical","Human","Yes","Mangal Ram Kanwar","OK"
"May","16-05-2024 T20:00","Final Assy","Cell Sensor","Spray Sealer","EEAT-163","","BD with No Loss","10","Extra Sealer coming on Prohibited area","","","","","","Point no- 06,11,22 extra sealer coming,Nozzle chip clean ,but same.,Coat-1, Spray width adjust from 10.21 to 9.82,Now under observation","","Mechanical","Process","Yes","Mangal Ram Kanwar","OK"
"May","16-05-2024 T19:15","Mounting","MA2","CM212-1","EETP-014","","BD with No Loss","10","PCB position error coming in (DC1A R2)","","","","","","PCB stuck between OC-1 & CM-1,PCB take out from CM-1, Then memory clear, After that OK.","","Mechanical","","Yes","Mangal Ram Kanwar","OK"
"May","16-05-2024 T20:00","Mounting","MA4","Board Flipper","EETP-052","","CM Entry","30","QR detection error coming (G2C R2)","","","","","","Check & found QR coming out of spec,Finally QR Scanner position coordinate  change by PRD, After that OK.,Already inform PRD discuss with PED","","Mechanical","Design","No","Anshul Gupta,Dalip Khajuria","OK"
"May","16-05-2024 T15:30","Final Assy","","","","B","CM Entry","240","(BMU - VCS) QR scanner not working ","","","","","","Scanner communication cable change , but same.,Scanner Power unit change, but same. So reward back.,Back up data upload , but same,Scanner change with spare & Data upload , After that OK.","","Electrical","Part-Failure","No","Jaydev Mal,Dalip Khajuria","OK"
"May","17-05-2024 T21:45","Final Assy","FA-AB2","Packaging Jig-02","EEAT-131","","CM Entry","45","Activity for Fault no-8 coming.,Jig connector connection error","","","","","","As per PRD information in between change over this error coming.,So jig connector take out & wire soldering check,one wire soldering come out. Wire length increase & Re soldering done , After that OK","","Electrical","Wear","No","Mangal Ram Kanwar,Jaydev Mal","OK"
"May","17-05-2024 T17:05","Final Assy","FA-WP4","PKG AUTO SCREW MACHINE","EEAT-206","B","BD with No Loss","10","Screw driver alarm coming (GP2Y)","","","","","","2nd screw tighting time this alarm coming (only 1 product),again this product re-try but same problem come,Next product run ok found, so ng product hold by prd","","Mechanical","Design","No","Mangal Ram Kanwar","OK"
"May","17-05-2024 T18:00","Final Assy","FA-WP3","HT Chamber","EEAT-053","B","CM Entry","10","Door handle no.-1 broken","","","","","","Door handle no.-1 broken, so change with spare, after that ok","","Mechanical","Design","No","Mangal Ram Kanwar","OK"
"May","17-05-2024 T16:00","Final Assy","FA-AB2","FAL2-AB-RT2","EEAT-144","B","CM Entry","60","Troubleshooting Activity for step no . 70 ng coming","","","","","","Troubleshooitng activity for step no. 70 (Honda 2TG),HA151100-4001, step no. 70, Can2#0-->mcan2 + RY0-C4 (ps485-F) RY-55, RY0-C6, RY1-36--> ps492, relay change on holyday","","Electrical","Part-Failure","No","Jaydev Mal,Sandeep Dhama","OK"
"May","17-05-2024 T20:00","Final Assy","FA-WP4","LO-HI SCREENING MACHINE","EEAT-199","B","CM Entry","120","System check activity","","","","","","System check activity on going-8R total 5 page done","","Electrical","Process","No","Jaydev Mal,Dalip Khajuria","OK"
"May","18-05-2024 T23:15","Final Assy","Cell Sensor","Spray Sealer","EEAT-163","C","PED Support","345","Program fine tuning Activity of ISS BMU .","","","","","","Program fine tuning done for according to modify pallet for prevent sealer splashing in connector .,R1 & R2 both side modified .Product picture attached.","","","","No","Neeraj","OK"
"May","19-05-2024 T02:15","Final Assy","FA-WP2","Silicon Below","EEAT-080","C","Documentation","45","Ball screw check for Quotation","","","","","","Ball screws (X,Y,Z) model number check with drawing,Actual and drawing number matching","","","","No","Sreekanth Sasi",""
"May","18-05-2024 T23:00","Final Assy","Spot Block-2","3D-03","EEAT-077","C","CM Entry","15","Machine not take card ","","","","","","MACHINE RESTART ,AOI AND 3D BOTH MACHINE RESTART AND LAN CBALE RECONNECT THAN OK ","","Electrical","Design","No","Gagandeep","OK"
"May","19-05-2024 T00:50","Final Assy","Spot Block-1","Screw driver-04","EEAT-034","","CM Entry","-1430","SCREW NOT COME ","","","","","","VIBRATION WAS NOT OK SO FOUND SOME SCREW WAS DROP DOWN SIDE OF VIBRATOR SO SCREW TAKE OUT AFTER THAT OK ","","Electrical","","No","Gagandeep,Mukesh","OK"
"May","19-05-2024 T01:00","Mounting","Laser Line-2","Laser Marking + Cleaner","EETP-099","","CM Entry","10","Card not pass from laser to cleaner ","","","","","","Card take out from laser side but same ","","Electrical","Design","No","Gagandeep","OK"
"May","19-05-2024 T02:00","Mounting","AOI-5","3D-05","EETP-070","","CM Entry","10","PCB INLINE ERROR COMING ","","","","","","Found fixed side belt come out from pully so belt install after that ok ","","Electrical","Design","No","Gagandeep","OK"
"May","19-05-2024 T02:00","Mounting","AOI-5","3D-05","EETP-070","","CM Entry","10","","","","","","","","","Electrical","","No","Gagandeep","OK"
"May","19-05-2024 T09:00","Final Assy","AB Sealer Block-01","Flash-05","EEAT-113","A","BD with No Loss","20","Multiple step NG coming,,OK master NG coming same step, (560,AC /AUTO)","","","","","","Finally probe holder side all pin change with new spare ,After that ok master check found ok ,,Product check found ok","","Electrical","Part-Failure","No","Indrajit Behera","OK"
"May","19-05-2024 T06:30","Final Assy","FA-AB1","FAL-AB-HT","EEAT-117","","CM Entry","30","OK master NG coming on step no-50,110,,G2C spare model ","","","","","","Finally m/c power ON and harness install in (G2C model ) after that ok master 10 time check found ok ,,PRD product check found ok ","","Electrical","Part-Failure","No","Indrajit Behera","OK"
"May","19-05-2024 T12:30","Mounting","MA5","Reflow Oven","EETP-083","","BD with No Loss","10","Emergency s/w active","","","","","","","","Electrical","Human","No","Indrajit Behera","OK"
"May","19-05-2024 T09:20","","","","","A","BD with No Loss","15","OK master failed at multiple step, (G2C model)","","","","","","Harness clean but same,,M/C restart but same ,Finally harness change with new spare after that ok","","Electrical","Part-Failure","No","Indrajit Behera","OK"
"May","19-05-2024 T09:00","Final Assy","FA-WP2","HT Chamber-05","EEAT-022","","CM Entry","360","All FA all  & A/B  all line all LT and HT-chamber calibration Activity  ","","","","","","All FA all & A/B all line all LT and HT-chamber calibration done, by maker ,PRD daily check confirmation done ","","Electrical","Process","No","Indrajit Behera","OK"
"May","18-05-2024 T19:00","Final Assy","Cell Sensor","IMV ICC ","EEAT-195","B","BD with No Loss","10","Machine Hang, during inspection","","","","","","Machine Restart","","Electrical","Design","No","Mangal Ram Kanwar,Dalip Khajuria","OK"
"May","18-05-2024 T14:35","Final Assy","Spot Block-2","Spot-02","EEAT-074","","BD with No Loss","25","Nozzle ID Wrong (660 A/B)","","","","","","Check Nozzle ID Sensor Found OK as per Model,Model change to YR-9 found OK,PED done activity. After that-OK","","Electrical","Human","No","Mangal Ram Kanwar","OK"
"May","18-05-2024 T16:30","Final Assy","Cell Sensor","Spray Sealer","EEAT-163","","BD with No Loss","15","Sealer coming on prohibited area","","","","","","Prog. modified but sealer coming on other prohibited area.,So prog. reward back,Now running OK.","","Mechanical","Design","No","Mangal Ram Kanwar,Jaydev Mal","OK"
"May","18-05-2024 T20:00","Final Assy","ENG Sealer Block-03","Spray Sealer","EEAT-226","B","PRD Support","50","OR monitor Counter addition","","","","","","Counter add & Connection done,Power connection not  connected , Due to 3 pin plug not available","","Electrical","Process","No","Mangal Ram Kanwar","OK"
"May","18-05-2024 T20:00","","","","","B","CM Entry","60","ESD Gate not working","","","","","","Check & found power not coming on Controlling card ,Controlling card Power connector Pin damage . ,So change it, Then OK.","","Electrical","Part-Failure","No","Jaydev Mal,Dalip Khajuria","OK"
"May","18-05-2024 T21:10","Final Assy","Cell Sensor","Spray Sealer","EEAT-163","B","CM Entry","70","Nozzle-1, Repairing activity","","","","","","Nozzle, Cleaning & All O Ring change  done","","Mechanical","Part-Failure","No","Jaydev Mal","OK"
"May","20-05-2024 T07:50","Final Assy","FA-WP4","FILTER ASSY","EEAT-200","A","CM Entry","20","mashroom not going up","","","","","","During runing mashroom not going to up,So mashroom unit assy take out,Cleaning , Lubrication done, after that ok","Request to prd Before  & after production mashroom unit area cleaning do ","Mechanical","Process","No","Mangal Ram Kanwar,Mukesh","OK"
"May","20-05-2024 T07:00","Meter Assy","Meter 3","","","A","CM Entry","20","Com-1 port open error coming ","","","","","","During daily checkCom-1 port open error coming,Laptop side usb serial converter error coming,So finally USB PSC-pc & 3-POINT pc laptop power off,, USB cble re-connect done, both PC normally on ok,, after that ok","","Electrical","Communication","No","Mangal Ram Kanwar","OK"
"May","20-05-2024 T06:17","Final Assy","ENG Sealer Block-01","Spray Sealer M/C","EEAT-069","A","CM Entry","8","machine not home position","","","","","","Daily check time machine not origin,Touch pannel side No any fault coming,So Robot controller power off/on, after that ok","","Both","Communication","No","Mangal Ram Kanwar","OK"
"May","20-05-2024 T12:20","Final Assy","ENG Sealer Block-01","Flash-01","EEAT-021","A","CM Entry","15","CPU-1 WRITER-1 , ECU-1 NG COMING (YCA)","","","","","","After pm activity by pmg , ok master check ng coming (YCA),Probe holder cable re-connect but ng,Writter side lan cable re-connect & HSM Adapter Cable re-connect &  m/c re-start after that ok","","Electrical","Communication","No","Mangal Ram Kanwar","OK"
"May","20-05-2024 T15:00","Final Assy","FA-WP4","LO-HI SCREENING MACHINE","EEAT-199","B","PED Support","420","NEW LO/HI SCREENING M/C SYSTEM CHECK ON GOING","","","","","","TOTAL 278 STEPS COMPLETED,STEP N0.1000~1034 N.G  COMING","","Electrical","","No","Subhash Sheoran,Gagandeep","OK"
"May","20-05-2024 T20:30","Mounting","MA3","CM212-3","EETP-039","B","CM Entry","10","Emboss not cut ","","","","","","Emboss not cut by cutter so both side limit switch adjust  ","","Mechanical","Wear","Yes","Gagandeep","OK"
"May","20-05-2024 T16:20","Final Assy","Spot Block-2","Screw driver-02","EEAT-032","","CM Entry","10","Screw driver side double sound come ","","","","","","","","","Wear","Yes","Gagandeep","OK"
"May","20-05-2024 T14:30","Final Assy","FA-AB2","FAL2-AB-RT1","EEAT-134","","CM Entry","25","Multiple steps N.G coming in HT/RT 035 harness","","","","","","Cleaned the harness & check all pins are OK","","Both","Communication","No","Subhash Sheoran","OK"
"May","20-05-2024 T20:00","Final Assy","Spot Block-2","Screw driver-02","EEAT-032","","CM Entry","120","Screw driver side double sound come ","","","","","","screw driver lubrication done after that ok ","","","Wear","Yes","Gagandeep","OK"
"May","20-05-2024 T15:30","Mounting","AOI-5","Multi Magazine Unloader","EETP-072","","BD with No Loss","10","PCB stuck problem coming after inverter","","","","","","One time auto width done after that ok,One time auto width done after that ok","","Mechanical","","No","Subhash Sheoran","OK"
"May","21-05-2024 T02:54","Final Assy","Spot Block-1","Spot-01","EEAT-096","C","BD with No Loss","10","Nozzle ID wrong (ISSBMU)","","","","","","Sensor cleaned but same,Nozzle ID Cleaning done but same,Conveyor width motor overload error coming.","","Electrical","Design","Yes","Ujjawal","OK"
"May","20-05-2024 T23:30","Final Assy","FA-WP4","LO-HI SCREENING MACHINE","EEAT-199","","PED Support","210","System check activity ","","","","","","System check work ongoing.,Today three pages completed ","","Electrical","Process","No","Ujjawal","OK"
"May","20-05-2024 T23:30","","","","","C","BD with No Loss","15","Limit switch not working ","","","","","","Finally limit  s/w change with new spare after that ok,","","Electrical","Wear","No","Indrajit Behera","OK"
"May","20-05-2024 T23:00","Final Assy","FA-AB1","FAL-AB-RT1","EEAT-118","","CM Entry","30","multiple step NG coming ,OK master & product failed,(G2C model) ","","","","","","Finally missing grounding pin install ","","Electrical","Part-Failure","No","Indrajit Behera","OK"
"May","20-05-2024 T23:00","Final Assy","FA-NWP3","FAL2-ENG-LT","EEAT-125","","BD with No Loss","30","Multiple step NG coming ,(HV4.5)","","","","","","Production box cleaning with Air but same,Finally one time m/c restart after that ok master check found ok,","","Electrical","Part-Failure","No","Indrajit Behera","OK"
"May","20-05-2024 T06:45","Final Assy","FA-AB2","HT Chamber-02","EEAT-052","A","BD with No Loss","10","Door No. 1 Not Locking","","","","","","Door Lock Changed with Spare (Repaired)","","Mechanical","Part-Failure","No","Jaydev Mal,Dalip Khajuria","OK"
"May","20-05-2024 T13:20","Mounting","AOI-08","3D-08","EETP-131","A","CM Entry","10","Cross mark Shift Problem coming In (YCA)","","","","","","Problem coming in Different location, cross mark shifting distance was same across all locations ,So offset given. After that-OK","if again this problem come we will Report this Issue to PED","Both","Design","No","Jaydev Mal,Dalip Khajuria","OK"
"May","19-05-2024 T17:00","Mounting","MA7","REFLOW OVEN","EETP-148","B","PED Support","60","CV Auto Width Adjust System Interlock-1","","","","","","Interlock By-Pass Connector Removed and  Revert Back to original Condition","","Electrical","Human","No","Dalip Khajuria","OK"
"May","19-05-2024 T20:00","Mounting","MA6","NPM-5","EETP-137","B","BD with No Loss","15","Over Current Anomaly θ-1 Axis   (Rear)","","","","","","During Machine Confirmation, after Nozzle Cleaning, this error coming,Machine Restart","","Electrical","Design","No","Dalip Khajuria","OK"
"May","19-05-2024 T20:15","Mounting","MA6","NPM-6","EETP-122","B","BD with No Loss","15","Over Current Anomaly θ-2 Axis (Rear)","","","","","","During Machine Confirmation, after Nozzle Cleaning, this error coming,Machine Restart","","Electrical","Design","No","Dalip Khajuria","OK"
"May","19-05-2024 T15:00","Mounting","MA2","Reflow Oven","EETP-025","B","PED Support","60","Activity For Chiller Unit, Exhaust Air","","","","","","Activity not Successful so Revert Back to original Condition","","","","No","Dalip Khajuria","OK"
"May","19-05-2024 T16:00","Mounting","MA7","REFLOW OVEN","EETP-148","B","PED Support","60","Activity For Chiller Unit, Exhaust Air","","","","","","Activity not Successful so Revert Back to original Condition","","","","No","Dalip Khajuria","OK"
"May","19-05-2024 T09:00","Final Assy","FA-WP3","Air Leak","EEAT-160","A","CM Entry","480","Activity For Machine Hang During inspection,Activity For Pressure value Showing - " NaN"","","","","","","PC Changed with Spare (3D m/c),HDD backup changed with PWC Air leak Machine,ADI-Unit changed from PWC Air leak Machine,PC setting done for DIO, Part Number Scanner, Printer,PED Register Part Number","","Electrical","Design","No","Jaydev Mal,Sandeep Dhama",""
"May","21-05-2024 T16:40","Final Assy","FA-AC1","AC Falcon","EEAT-119","B","BD with No Loss","20","Falcon-II machine hang at step no.310.","","","","","","Check master card its ok, machine side no issue.,Total 3 product check its same condition,All 3 product FLASH writing not done by PRD.","","Both","Human","No","Subhash Sheoran","OK"
"May","20-05-2024 T18:30","Final Assy","FA-WP4","PKG AUTO SCREW MACHINE","EEAT-206","B","PED Support","30","PED/ MMD support for making screw nozzle head","","","","","","Open the screw head unit and given to MMD,Whole unit cleaning done and assembled on the machine.,After that machine confirm with PRD.","","","","No","Sreekanth Sasi",""
"May","20-05-2024 T19:00","Final Assy","","","","B","Documentation","120","Lubrication check sheet Arranging","","","","","","Linewise arranging the lubrication check sheet","","","","No","Sreekanth Sasi",""
"May","21-05-2024 T14:30","Final Assy","FA-WP4","LO-HI SCREENING MACHINE","EEAT-199","B","PED Support","180","New LO/HI screening machine system check on going. ","","","","","","Total 25 steps completed","","Both","","No","Subhash Sheoran,Sandeep Dhama","OK"
"May","21-05-2024 T17:30","Final Assy","","","","B","PED Support","300","HA-PWC-PLC machine system check on going","","","","","","Total 8 page completed, & step no.410,411, 230~240 completed.,Step no.202,210,220,1410 not coming.,step no.500~531 not coming ok, error coming.","","Both","","No","Subhash Sheoran","OK"
"May","21-05-2024 T03:30","Final Assy","FA-WP2","","","B","PED Support","60","Setting changed activity as per CNG model in Hyundai filter assy","","","","","","PLC timer changed T18 10 to 100.,Press fitting Pressure gauge setting changed lower 0.070 Hi 0.080","","Electrical","","No","Neeraj","OK"
"May","21-05-2024 T15:20","Mounting","MA4","NPM-02","EETP-104","B","CM Entry","10","Fiducial error coming ","","","","","","PCB Orientation was wrong so pcb take out after that ok ","","Mechanical","Human","No","Gagandeep","OK"
"May","21-05-2024 T19:20","Final Assy","Spot Block-1","Spot-01","EEAT-096","","CM Entry","10","Nozzle id wrong error coming","","","","","","Sensor  no 1604 was not on so sensor set value change after that ok ","","Mechanical","Design","No","Gagandeep","OK"
"May","21-05-2024 T15:00","Final Assy","","","","B","Documentation","390","","","","","","","Daily check sheet scan & mail to PRD ,Last month Actual  daily check sheet arranged  to line wise & file up ,Last year system check file check & pending system check making to pc ","","","","No","Dipshikha",""
"May","21-05-2024 T16:20","Mounting","Laser Line-2","Laser Marking + Cleaner","EETP-099","","CM Entry","10","Card not pass from cleaner to unloader ","","","","","","PCB Take out after that ok ","","Mechanical","Design","No","Gagandeep","OK"
"May","21-05-2024 T21:00","Final Assy","FA-WP3","","","B","CM Entry","60","Touch panel changed activity in FA-3WP New gel Machine.","","","","","","Rear Touch panel changed with spare .Data transfer pending.","","Electrical","Part-Failure","No","Neeraj","NG"
"May","21-05-2024 T18:30","Final Assy","Cell Sensor","Spray Sealer","EEAT-163","B","Documentation","91","Machine  ID display Activity.","","","","","","Machine ID display in white sheet with help of laser .","","","","No","Neeraj","OK"
"May","22-05-2024 T03:00","Mounting","MA4","Reflow Oven","EETP-059","C","CM Entry","90","Activity For Hood Open Poke Yoke","","","","","","Modified The PLC Program For Hood Open Poke Yoke When Temperature  Down Then Hood Open (Bit W420.01)","N/A","Electrical","Process","No","Jatinder Singh","OK"
"May","22-05-2024 T01:00","Mounting","MA6","REFLOW OVEN","EETP-124","C","CM Entry","90","Activity For Hood Open Poke Yoke","","","","","","Modified The PLC Program For Hood Open Poke Yoke When Temperature Down Then Hood Open (Bit W420.01)","N/A","Electrical","Process","No","Jatinder Singh","OK"
"May","22-05-2024 T00:00","Final Assy","FA-WP2","Silicon Below","EEAT-080","C","CM Entry","60","Activity For Cut Mark Problem","","","","","","Silicon Manually Dispense From Accumulator  ,Machine Daily Check done By PRD found ok","","Mechanical","Process","No","Jatinder Singh,Indrajit Behera","OK"
"May","21-05-2024 T23:15","Final Assy","FA-WP4","LO-HI SCREENING MACHINE","EEAT-199","C","PED Support","375","New machine setup (System check activity) ","","","","","","System check ongoing (new machine setup )","","Electrical","Process","No","Ujjawal","OK"
"May","22-05-2024 T02:00","","","","","C","Documentation","180","BM,CM,PM, UP date data history  verify log book check","","","","","","BM,CM,PM, UP date data history verify check on going ","","","","No","Indrajit Behera","OK"
"May","21-05-2024 T06:55","Final Assy","Spot Block-1","Spot-01","EEAT-096","A","CM Entry","7","Solder bath-1, Nozzle id parity bit error (GP2Y)","","","","","","During runing time this problem come,During Soldring process sensor no. 1602 will be off, ,So sensor no. 1602 Set value changed from 1100 to 1300, after that ok","","Both","Process","No","Mangal Ram Kanwar,Mukesh","OK"
"May","21-05-2024 T10:30","Mounting","MA4","Board Flipper","EETP-052","A","CM Entry","40","Activity for PCB transfer jerky motion","","","","","","Check & found flipper unit chain tension was loose,So booth side (Movable & Fixed )Chain tension adjusted,After the PCB transfer motion check OK.","","Mechanical","Wear","No","Dalip Khajuria","OK"
"May","21-05-2024 T11:00","Final Assy","","","","A","PED Support","60","Machine shifting support activity in NEW CBMU LINE","","","","","","AS per Ped request NEW CBMU Line all machine shifting support done","","Both","Process","No","Mangal Ram Kanwar,Mukesh","OK"
"May","21-05-2024 T10:30","Final Assy","ENG Sealer Block-02","Spray Sealer","EEAT-194","","PED Support","150","Activity for CNG model , Sealer coating modified","","","","","","As per PED request R1 & R2 side , sealer coating prog. modified,After that product check Ok.","","Mechanical","Design","No","Jaydev Mal","OK"
"May","22-05-2024 T08:00","Final Assy","Spot Block-2","THD HONDA 2TG (2960)","EEAT-172","A","CM Entry","120","THD Condenser not working (Honda 2TG)","","","","","","THD Condenser unit drop from stage.,After that it not working,Check & found limit s/w broken (Down side of Motor)),Limit s/w change with spare & Adjustment done, After that OK.","","Both","Human","No","Mangal Ram Kanwar,Jaydev Mal,Dalip Khajuria,Mukesh","OK"
"May","20-05-2024 T14:30","Final Assy","FA-WP4","SILICON BELOW CONNECTOR","EEAT-202","B","BD with No Loss","10","Nozzle centering NG .","","","","","","Nozzle re-installed after that ok.","","Mechanical","","No","Neeraj","OK"
"May","20-05-2024 T14:45","Final Assy","FA-WP4","SILICON BELOW CONNECTOR","EEAT-202","","BD with No Loss","9","During amount Check QR-1  error coming.","","","","","","Scanner position correct after that ok.","","Electrical","","No","Neeraj","OK"
"May","20-05-2024 T16:25","Final Assy","FA-WP4","PRE-PKG AUTO SCREW MACHINE","EEAT-204","B","BD with No Loss","10","As per PRD During screw tightening time abnormal sound coming. ","","","","","","Screw driver bit clean.,Machine origine.,These sound coming while screw reverse rotate ,Problem showed to PED ,As per PED this is normal sound  ,","","Mechanical","","No","Neeraj","OK"
"May","20-05-2024 T20:30","Final Assy","FA-WP3","Filter Assembly ","EEAT-151","","BD with No Loss","10","Stick confirmation sensor loosed .","","","","","","Nut properly tight after that ok.","","Mechanical","","No","Neeraj","OK"
"May","22-05-2024 T15:05","Final Assy","ENG Sealer Block-02","Spray Sealer","EEAT-194","B","PED Support","30","Activity for CNG model components missing as per attached request sheet.","","","","","","Program modified as per attached request .Now status ok.","","","","No","Neeraj","OK"
"May","22-05-2024 T14:30","Final Assy","","","","B","PED Support","150","PWC-PLC machine system check completed","","","","","","Today all pending steps completed","","Both","","No","Subhash Sheoran","OK"
"May","21-05-2024 T15:00","Final Assy","","","","B","Documentation","270","Lubrication check sheet line wise arranging activity","","","","","","Lubrication check sheet line wise arranging activity on going.(6 lines completed )","","","","No","Sreekanth Sasi",""
"May","22-05-2024 T14:40","Final Assy","","","","","Documentation","290","","","","","","","All FA line lubrication check sheet completed. ,FA-4 WP line lubrication check sheet making on going (New Line)","","","","No","Sreekanth Sasi",""
"May","22-05-2024 T21:00","Final Assy","FA-WP3","","","B","CM Entry","61","Touch panel changed activity in New 3W gel machine.","","","","","","Data transferred to Touch panel found working ok.","","Electrical","Part-Failure","No","Neeraj","OK"
"May","22-05-2024 T17:01","Final Assy","Cell Sensor","Spray Sealer","EEAT-163","B","PED Support","119","Sealer program R1 & R2 modified for avoid nozzle hitting after cover addition in pallet.ISS BMU","","","","","","R1 & R2 side program uploaded .who was made for modified pallet.,Product Checked -R2 side -ok.,R1 side sealer missing ,So program modify after that ok.","","Both","Design","No","Neeraj","OK"
"May","22-05-2024 T17:00","Final Assy","FA-WP4","LO-HI SCREENING MACHINE","EEAT-199","B","PED Support","300","New LO/HI screening machine system check on going.","","","","","","Today 8 page completed ,Same steps  n.g coming before, so today again check & found same steps  OK, & same n.g coming.","","Both","","No","Subhash Sheoran,Gagandeep","OK"
"May","22-05-2024 T22:00","Final Assy","FA-AB2","FAL2-AB-RT2","EEAT-144","","BD with No Loss","20","Y1K RT2 harness one ground pin broken","","","","","","Recepaticle & pin replaced with new one.","","Mechanical","Human","No","Subhash Sheoran","OK"
"May","21-05-2024 T23:00","Mounting","AOI-7","Unloader","EETP-110","C","BD with No Loss","20","Card stuck problem coming ,Card stuck in between pusher con. To  stocker ","","","","","","Finally stocker take out and other stocker load and m/c run ok ","","Mechanical","Wear","No","Indrajit Behera","OK"
"May","22-05-2024 T03:20","Final Assy","FA-WP3","VCS","EEAT-159","C","BD with No Loss","20","Continue card failed ","","","","","","Finally check and found probe pin damage found ,Finally probe pin change with new spare after that ok ","","Electrical","Part-Failure","No","Indrajit Behera","OK"
"May","22-05-2024 T05:20","Mounting","MA6","BOARD FLIPPER + CLEANER","EETP-115","C","BD with No Loss","10","pcb transfering time out error coming,PCB not transfer ","","","","","","Finally pcb menually take out ,Check and found fixed side conveyor  belt come out ,Finally conveyor belt install and m/c origin then m/c run ok ","","Both","Process","No","Indrajit Behera","OK"
"May","22-05-2024 T05:40","Final Assy","Spot Block-1","3D-04","EEAT-028","","BD with No Loss","10","10key board not working ","","","","","","Finally 10key board change with old spare after that ok ","","Electrical","Wear","No","Indrajit Behera","OK"
"May","22-05-2024 T23:30","Final Assy","FA-WP4","LO-HI SCREENING MACHINE","EEAT-199","C","PED Support","270","System check activity for new m/c set up","","","","","","System check ongoing","","Electrical","Process","No","Ujjawal,Jatinder Singh","OK"
"May","22-05-2024 T23:10","Mounting","MA5","SPG","EETP-075","C","BD with No Loss","5","Communication error coming,","","","","","","Finally PCB take out and error reset and m/c origin after that m/c run ok","Need to Version upgrade","Electrical","Communication","No","Indrajit Behera","OK"
"May","23-05-2024 T05:20","Final Assy","FA-WP4","SILICON ALLAROUND","EEAT-205","","BD with No Loss","20","Master not ON,Back side safety door lock come out","","","","","","check found safety door lock mounting bolt missing,Finally door lock install and missing bolt mount done ,After that master ON ok","","Both","Wear","No","Indrajit Behera","NG"
"May","22-05-2024 T09:08","Mounting","MA7","NPM-2","EETP-146","A","CM Entry","10","Software task communication error ,YNC model (115600-3834)","","","","","","During this error coming (YNC Model),So again production run , after that ok","","Both","Design","No","Mangal Ram Kanwar,Mukesh","OK"
"May","22-05-2024 T06:20","Final Assy","FA-WP3","VCS","EEAT-159","A","CM Entry","10","Application not responding (YCA)","","","","","","Daily check time this problem come,,Finelly found mouse properly not working,So part no. loading using by key Board  after that ok","","Electrical","Process","No","Mangal Ram Kanwar","OK"
"May","22-05-2024 T06:20","Final Assy","FA-WP2","Air leak-02","EEAT-082","A","CM Entry","10","Detect Ng master data not match (YCA) ","","","","","","Daily check time ng master data not match problem coming,Balance / vaccum  pressure ng master data not match, ,vaccum pressure ok showing  in ng master data, its ng condition,So vaccum pressure adjustment done, -25  to -20 kpa, after that ok","","Mechanical","Process","No","Mangal Ram Kanwar,Jaydev Mal,Mukesh","OK"
"May","23-05-2024 T10:25","Mounting","AOI-08","3D-08","EETP-131","A","BD with No Loss","5","Cross mark Shift problem coming (YCA-R2,378)","","","","","","Offset given in IC-800,After that-OK","","","","No","Dalip Khajuria","OK"
"May","23-05-2024 T07:10","Mounting","MA3","CM212-3","EETP-039","A","BD with No Loss","15","Pick-up error coming while IC picking up  from tray ( Model-632A )","","","","","","Check Nozzle Found-OK,Check Vacuum Found-OK,Finally IC pick up position teach by PRD Team Leader.","","Electrical","Human","No","Dalip Khajuria","OK"
"May","23-05-2024 T12:25","Mounting","Laser Line-2","Laser Marking + Cleaner","EETP-099","A","BD with No Loss","10","Server communication error coming (YJB A/B)","","","","","","During runing this problme coming,Pcb come on X-Y Table & server communication error come,  ,So PCB manually take out by prd person  & try to machine origin but ng,So finally machine re-start done, after that ok","","Electrical","Design","No","Mangal Ram Kanwar,Mukesh","OK"
"May","22-05-2024 T10:00","Final Assy","ENG Sealer Block-02","Spray Sealer","EEAT-194","A","PED Support","30","Activity for sealer missing on CNG model (R1 & R2)","","","","","","As per PED request ,some area sealer missing.,So R1 & R2 side ,Sealer coating prog. modified,After that data not upload to M/c , Due to line not available.","","Mechanical","Design","No","Jaydev Mal","OK"
"May","23-05-2024 T12:00","Final Assy","AB Sealer Block-01","Spray Sealer M/C","EEAT-078","A","BD with No Loss","10","Apply station ID sensor fault coming (fault no. 62 )","","","","","","During runing this fault come,Check apply station side no pallet avoilable but mc error giving, ,Found sensor no. 310704 on condition  found, so sensor cleaning done, now ok","","Mechanical","Process","No","Jaydev Mal","OK"
"May","23-05-2024 T17:30","Final Assy","FA-AC1","AC Falcon","EEAT-119","B","BD with No Loss","20","Machine hang at step no.310.","","","","","","Check wire harness one wire was broken.,Wire soldering done after that OK","","Electrical","Part-Failure","No","Subhash Sheoran,Gagandeep","OK"
"May","23-05-2024 T16:10","Final Assy","FA-WP2","Falcon-II (DCIV) RT","EEAT-143A","B","CM Entry","-50","Machine hang during running ","","","","","","Machine restart after that ok ","","Electrical","Part-Failure","No","Gagandeep","OK"
"May","23-05-2024 T18:10","Final Assy","FA-NWP3","FAL2-ENG-RT","EEAT-127","","CM Entry","10","Machine hang ","","","","","","Application close open after that ok ","","Electrical","","No","Gagandeep","OK"
"May","23-05-2024 T16:40","Mounting","MA7","LOADER","EETP-138","","CM Entry","10","Stocker in button not off after stocker in ","","","","","","Stocker no 225 side issue only this stocker side issue come so stocker take out after that ok ","","Electrical","Part-Failure","No","Gagandeep","OK"
"May","23-05-2024 T18:50","Mounting","MA7","UNLOADER","EETP-151","","CM Entry","10","Stocker in time wrong orientation error coming ","","","","","","Stocker no 225 side issue so stocker take out after that ok ","","Electrical","","No","Gagandeep","OK"
"May","23-05-2024 T16:30","Mounting","MA7","UNLOADER","EETP-151","","CM Entry","10","Double sound come when screw tight  ","","","","","","Bit change but same ,Screw driver change with spot 1 after that ok ","","Electrical","","Yes","Gagandeep","OK"
"May","23-05-2024 T16:30","Final Assy","Spot Block-2","Screw driver-02","EEAT-032","","CM Entry","10","Double sound coming ","","","","","","Screw driver bit change ,Screw driver change with spot 1 screw driver ","","Electrical","","Yes","Gagandeep","OK"
"May","23-05-2024 T14:35","Final Assy","FA-WP4","LO-HI SCREENING MACHINE","EEAT-199","B","PED Support","355","New LO/HI screening machine-2 system check on going.","","","","","","Step no. 161,661,674,730~735,740~745 & 4000~4003 is NG coming,For step no.736,737,746,747 make a resistance 560K ohm.,Step no. 162,736,737,746,747  coming ok.","","Electrical","","No","Subhash Sheoran","OK"
"May","23-05-2024 T15:00","","","","","B","Documentation","120","LT & HT chamber calibration certificate ,MA & FA major breakdown ","","","","","","Calibration certificate Segregate Line wise & File up FY'23 & 24  ,Major Breakdown request sheet & analysis sheet File up for audit kept in Major Breakdown  Board. ","","","","Yes","Dipshikha",""
"May","23-05-2024 T23:10","Final Assy","AB Sealer Block-01","Flash-05","EEAT-113","C","BD with No Loss","10","misjudgments coming on step no-303,340,360,","","","","","","ok master & product both same tape NG coming ,(560B,AC AUTO),Finally probe holder side connector reconnected after that ok master check found ok ,","","Electrical","Part-Failure","No","Indrajit Behera","OK"
"May","24-05-2024 T12:10","Final Assy","FA-NWP3","FAL2-ENG-RT","EEAT-127","C","BD with No Loss","10","multiple step NG coming, (HV4.5)","","","","","","One time production box clean but same,Finally one time m/c power off/ON after that ok master check found ok,,After that product check found ok","","Electrical","Part-Failure","No","Indrajit Behera","OK"
"May","24-05-2024 T03:40","Final Assy","FA-AB3","DNHA-AB3-RT-01","EEAT-192","C","BD with No Loss","10","After product pass jig not come out,Base JIG not Movement","","","","","","Check found L-side spring damaged  found ,Finally damaged spring change with new spare after that ok, ","","Electrical","Wear","No","Indrajit Behera","OK"
"May","24-05-2024 T03:00","Final Assy","AB Sealer Block-02","Air Blow","EEAT-187","C","BD with No Loss","30","Door not close issue coming ,Door broken found,","","","","","","Check and found door broken,Now temporary door side PCB stripe install and  fevi kwik apply  after that ok","Need to door change ","Both","Wear","Yes","Indrajit Behera","OK"
"May","24-05-2024 T06:15","Final Assy","FA-WP2","VCS-07","EEAT-092","A","CM Entry","10","Cpu-1,  writter-1 ECU-1 NG coming (YCA model)","","","","","","Daily check time this problem coming,Harness re-connect but ng,So finally found writter side power cable Dis-connected","Please do not touch any wire of electronics equipments","Electrical","Human","No","Mangal Ram Kanwar","OK"
"May","24-05-2024 T15:00","Final Assy","ENG Sealer Block-03","MRC","EEAT-219","B","PED Support","180","Alignment Detection error","","","","","","X&Y axis alignment check with jig found OK.,Focus adjustment calibration done.,After that check Master found the same error . So, one product also checks but the same error coming.,Finally reference position of Front and Rear (after flip) side teaching done.  Then check Master and product found OK.","For countermeasure will be discussed with Maker & PED.","Electrical","","No","Subhash Sheoran,Sreekanth Sasi,Gagandeep,Sandeep Dhama","OK"
"May","24-05-2024 T17:00","Final Assy","AB Sealer Block-02","Air Blow","EEAT-187","B","BD with No Loss","30","Door broken","","","","","","Spare not available so, temporary acroleic plate past on door. ","","Mechanical","Part-Failure","Yes","Subhash Sheoran","OK"
"May","24-05-2024 T18:30","Final Assy","AB Sealer Block-02","Air Blow","EEAT-187","","CM Entry","90","Step no.70 misjudgment coming in HONDA 2TG ","","","","","","PS485-A board relay changed (RY0-C2, RY0-C4, RY0-C6),PS492-A board relay no. RY1-36 changed new one.,Master check with PRD (Mr. Saroj) & machine hand over to prd.,Now machine under observation for step 70. ","","Electrical","Part-Failure","No","Subhash Sheoran,Dipshikha","OK"
"May","24-05-2024 T19:00","Final Assy","AB Sealer Block-02","Air Blow","EEAT-187","B","CM Entry","180","Door was broken ","","","","","","","","Electrical","Design","No","Sreekanth Sasi,Gagandeep","OK"
"May","24-05-2024 T11:20","Mounting","MA4","NPM-01","EETP-093","C","BD with No Loss","10","PCB barcode recog. error coming ,PCB barcode not reed","","","","","","Finally pcb position confirm and re-recognize after that m/c run ok  ","Need to pcb fiducial  teaching by PED","Electrical","Communication","No","Indrajit Behera","OK"
"May","25-05-2024 T03:50","Mounting","AOI-08","3D-08","EETP-131","C","BD with No Loss","5","Cross mark shifting problem coming ,(YNC model)","","","","","","Finally tope camera side give in off set after that ok ","","Electrical","Process","No","Indrajit Behera","OK"
"May","25-05-2024 T01:45","Final Assy","FA-WP2","Silicon Below","EEAT-080","C","BD with No Loss","15","Cut marking coming  on  YCA model","","","","","","Finally nozzle clean but same,,Finally nozzle side manually silicon dispense  after that ok ","Need to silicon dispenser changed in Sunday ,D-26-05-24","Electrical","Process","No","Indrajit Behera","NG"
"May","25-05-2024 T12:30","Final Assy","AB Sealer Block-01","Flash-05","EEAT-113","C","BD with No Loss","15","Continue card failed  in(ECU-2), (560B AC AUTO)","","","","","","One time Application close /open  but same,Finally probe holder side all connector re-connected after that  ok master check found ok ,After that m/c run ok,","","Electrical","Part-Failure","No","Indrajit Behera","OK"
"May","25-05-2024 T01:20","Final Assy","ENG Sealer Block-03","Flash Writing","EEAT-211","C","BD with No Loss","10","Inspection process  time m/c hang,,M/C hang issue problem coming","","","","","","Finally one time m/c power /ON off after that m/c origin then m/c run ok ,","","Electrical","Communication","No","Indrajit Behera","OK"
"May","27-05-2024 T06:35","Final Assy","FA-WP4","LO-HI SCREENING MACHINE","EEAT-199","A","BD with No Loss","10","Machine auto running  condition not coming.","","","","","","Tester Application restart after that ok.","","Electrical","Communication","No","Neeraj","OK"
"May","27-05-2024 T07:20","Mounting","AOI-5","3D-05","EETP-070","","BD with No Loss","10","Zoom In/out switch not working.","","","","","","3D machine restart after that ok.","","Both","Communication","Yes","Neeraj","OK"
"May","27-05-2024 T07:40","Mounting","MA2","3D#1","EETP-030","","BD with No Loss","6","No signal coming in live image monitor.","","","","","","Camera controller off & on after 2mint after that ok.","","Electrical","Part-Failure","Yes","Neeraj","OK"
"May","27-05-2024 T06:10","Final Assy","FA-WP2","Air leak-01","EEAT-083","A","CM Entry","10","Detect pressure was n.g ","","","","","","Vaccuum pressure set -20 and detect adjust from needle valve b after that ok  ","","Mechanical","Design","No","Gagandeep","OK"
"May","27-05-2024 T06:10","Final Assy","FA-WP2","Air leak-01","EEAT-083","","CM Entry","10","","","","","","","","","","","No","Gagandeep","OK"
"May","27-05-2024 T06:10","Final Assy","FA-WP2","Air leak-01","EEAT-083","","CM Entry","10","","","","","","","","","","","No","Gagandeep","OK"
"May","27-05-2024 T06:20","Final Assy","AB Sealer Block-01","Flash-05","EEAT-113","","CM Entry","10","Part No not load ","","","","","","Writer  unit was not connected show ,Machine restart and Lan cable reconnect after that ok ","","Electrical","Design","No","Gagandeep","OK"
"May","27-05-2024 T10:10","Mounting","Laser Line-2","Laser Marking + Cleaner","EETP-099","","CM Entry","10","Card not pass cleaner to unloader ","","","","","","Card was stop in cleaner conveyor found stuck so card take out and machine run ok ","","Electrical","","No","Gagandeep","OK"
"May","27-05-2024 T10:20","Final Assy","FA-WP2","VCS-10","EEAT-057","A","BD with No Loss","12","Barcode reading error.","","","","","","Scanner cable re-connect & machine restart then ok.","","Electrical","Communication","No","Neeraj","OK"
"May","27-05-2024 T10:15","Final Assy","FA-WP3","Silicon Below connector","EEAT-153","","PED Support","90","New model PWC-ECU Program preparation activity in Silicon below & all around machine..","","","","","","Both Machine Robot backup taken.,Both machine product 0 coordinate  taken.","","Electrical","","No","Neeraj","OK"
"May","27-05-2024 T13:31","Final Assy","FA-WP3","Filter Assembly ","EEAT-151","A","BD with No Loss","10","Un-process fault was coming.","","","","","","Filter available on part confirmation sensor glass ,So removed it after that ok.","","Electrical","Human","No","Neeraj","OK"
"May","27-05-2024 T13:05","Mounting","Laser Line-1","Laser Marking + Cleaner","EETP-046","A","CM Entry","15","Machine not take changeover ","","","","","","Machine restart but same ,Scanner cable reconnect after that ok ","","Electrical","Design","No","Gagandeep","OK"
"May","27-05-2024 T14:20","Final Assy","FA-WP4","AIR LEACK CHECK","EEAT-209","B","BD with No Loss","5","Daily check NG coming ,,A &  B  pressure value higher  side coming ,","","","","","","Finally  A & B pressure value  give in off set value after that ok,After that that ok master check found ok,","","Electrical","Part-Failure","No","Indrajit Behera","OK"
"May","27-05-2024 T15:20","Final Assy","ENG Sealer Block-02","Air blow-03","EEAT-095","B","BD with No Loss","15","Fault no -145 ,Cycle time over error coming,,M/C not run in auto running ","","","","","","check and found nozzle not movement,Finally guide rail and roller cleaning done ,After that m/c run ok,","","Mechanical","Wear","No","Indrajit Behera","OK"
"May","27-05-2024 T15:00","Final Assy","ENG Sealer Block-02","Spray Sealer","EEAT-194","B","CM Entry","7","Humiseal  Temp. out off range error coming,","","","","","","Finally error reset and M/C origin done,,Then wait for Temp. coming done after that m/c run ok ,","","Electrical","Human","No","Indrajit Behera","OK"
"May","27-05-2024 T16:20","Final Assy","ENG Sealer Block-02","Spray Sealer","EEAT-194","B","CM","20","M.J data not coming","","","","","","Printer setting check with other printer found ok,,Check printer side paper roll wrong load  found,,Finally paper roll change after that print coming ok,","","Electrical","Human","No","Indrajit Behera","OK"
"May","27-05-2024 T16:30","Mounting","Laser Line-1","Laser Marking + Cleaner","EETP-046","","BD with No Loss","15","Fudicial mark read error coming ,","","","","","","PCB Orientention was wrong,Finally PCB manually take out and m/c origin after PCB orientention confirm  after that m/c run  ok,","","Electrical","Human","No","Indrajit Behera","OK"
"May","27-05-2024 T18:00","Mounting","AOI-08","3D-08","EETP-131","","BD with No Loss","5","Cross Mark (×) Shifting coming, (ISS-BMU)","","","","","","Finally give in off set after that m/c run ok","","Electrical","Process","No","Indrajit Behera","OK"
"May","26-05-2024 T15:00","Final Assy","FA-WP2","Silicon Below","EEAT-080","A","CM Entry","90","Activity for cut mark issue","","","","","","Robo dispenser motor change with spare robo dispenser,After that weight check by PED YCA & DCIU Model ok,YL7 Model RPM adjust 87 to 82 by PED,DC1V  Model RPM adjust 71 to 75 by PED,Daily check also check by PRD","N/A","Mechanical","Process","No","Sreekanth Sasi,Jatinder Singh","OK"
"May","26-05-2024 T09:00","Final Assy","FA-WP3","3W Gel-03","EEAT-152","A","PED Support","180","Activity for gel Reduction as per PED Request","","","","","","Modified the Robot Program for GD1B-R1 ,Weight decrease 20.22g to 17.46g","","Mechanical","Process","No","Jatinder Singh","OK"
"May","26-05-2024 T12:00","Final Assy","FA-WP3","3W Gel-04","EEAT-193","B","PED Support","180","Gel reduction Activity as per PED request","","","","","","GD1B-R2 Robot program modified ,Weight decrease 14.06g to 12.5g","","Mechanical","Process","No","Jatinder Singh","OK"
"May","27-05-2024 T15:00","Final Assy","Spot Block-2","Screw driver-02","EEAT-032","B","BD with No Loss","15","Screw not coming ,Screw  stuck in feedment unit ,","","","","","","Finally stuck screw take out and guide plate  adjust ment after that ok","","Both","Wear","No","Indrajit Behera","OK"
"May","27-05-2024 T16:00","Mounting","MA5","NPM-4","EETP-102","B","BD with No Loss","10","Filter full error coming (Rear) Head-11","","","","","","Check  vacuum NG coming,Holder swap NG,One time filter cleaning done help of option,Then Vacuum coming ok","Head maintenance in June shut down","Mechanical","Process","No","Jatinder Singh","OK"
"May","27-05-2024 T21:00","Final Assy","FA-AB1","","","B","PRD Support","20","Activity for label dispenser power s/w change,","","","","","","Finally   power s/w change with new spare ,After that ok ","","Electrical","Wear","No","Indrajit Behera","OK"
"May","27-05-2024 T15:00","Final Assy","FA-WP4","LO-HI SCREENING MACHINE","EEAT-199","B","CM Entry","240","LO-HI-2 tester system check activity","","","","","","99% system check done","","Electrical","Process","No","Jatinder Singh,Sandeep Dhama","OK"
"May","24-05-2024 T06:55","Mounting","MA4","NPM-03","EETP-101","A","BD with No Loss","15","PCB Carry In Error","","","","","","PCB Confirm and run m/c","","Mechanical","","No","Jaydev Mal,Dalip Khajuria","OK"
"May","24-05-2024 T10:30","Mounting","MA5","SPI","EETP-077","A","CM Entry","30","Touch Panel Monitor  Change Activity.","","","","","","Touch Panel Monitor Change with Spare,After that-OK","","Electrical","Part-Failure","No","Anshul Gupta,Dalip Khajuria,Mukesh","OK"
"May","24-05-2024 T11:00","Final Assy","Spot Block-2","AOI-03","EEAT-076","A","CM Entry","20","Monitor Display Not Coming","","","","","","Monitor change with Old Spare","","Electrical","Part-Failure","No","Dalip Khajuria","OK"
"May","24-05-2024 T10:15","Final Assy","FA-WP3","3W Gel-04","EEAT-193","A","PED Support","105","Activity for Gel Amount Reduction (GD1B-R2)","","","","","","As Per PED Request, Gel amount Reduction in point No. 1,2,3,4,8,,9,10,12 & 14,After that Gel weight and Dummy application check by PED,After All Activity Backup taken and Machine Condition Revert back to Original Condition","","Both","","No","Jaydev Mal","OK"
"May","24-05-2024 T06:35","Final Assy","ENG Sealer Block-02","Spray Sealer","EEAT-194","A","BD with No Loss","10","Poka-yoke not working (GP2Y),Machine Run with one Product available in pallet","","","","","","Pallet kept at Inlet  station-1  and check sensor Condition without  product, Sensor getting ON (PHS-504),Sensor Detecting pallet Cover ,(Part-1 NG and Part-2 Ok)","Need to adjust position of part Confirmation Sensor PHS-504 ","Electrical","Design","Yes","Mangal Ram Kanwar,Jaydev Mal,Dalip Khajuria","NG"
"May","24-05-2024 T13:20","Final Assy","AB Sealer Block-01","Spray Sealer M/C","EEAT-078","A","BD with No Loss","10","ID fault Coming (Fault No. 68)  (YHC)","","","","","","Problem Coming in Most Of Pallets,Pallet ID Matrix Sensor PHS-330704, Alignment done.,After that-OK","","Mechanical","","No","Jaydev Mal,Mukesh","OK"
"May","24-05-2024 T08:00","Final Assy","FA-WP4","PKG AUTO SCREW MACHINE","EEAT-206","A","BD with No Loss","10","Screw no.4 not getting tight Completely","","","","","","PRD inform that Screw No. 4 not getting tight completly and  No fault Coming","","Mechanical","","No","Mangal Ram Kanwar","OK"
"May","27-05-2024 T13:45","Final Assy","FA-AB2","","","C","CM Entry","10","During model change over output connector's pin bend problem come (YXA)","","","","","","During model change over output connector's pin bend problem come (YXA),So  machine power off & bend pin stright done, after that ok","request to prd during model change over time perperly change over rules follow","Both","Human","No","Mangal Ram Kanwar","OK"
"May","26-05-2024 T22:00","Mounting","MA5","Reflow Oven","EETP-083","C","BD with No Loss","480","O2 not coming,Lane-1 Conveyor Width Over Load Error Coming,Conveyor Rail Height Up Issue wrt upper and lower stream machines,Lane-1 outlet side conveyor width was tight","","","","","","Lane-1 moveable side Conveyor Bolt was loose and Hitting with base. ,So Bolt Properly tight. (for Overload Error),Damage Seal Portion change with New (Zone-6,7,8) (For O2 Error),Machine conveyor Rail Height adjust by adjusting machine foot (for Height Up  issue),Lane-1 outlet side conveyor width was tight,Lane-1 outlet side conveyor width Adjust by ball Screw position adjustment (For PCB stuck at outlet)","","Mechanical","Part-Failure","No","Ujjawal,Anshul Gupta,Dalip Khajuria,Ashish Gupta","OK"
"May","27-05-2024 T23:15","Final Assy","ENG Sealer Block-02","Spray Sealer","EEAT-194","C","BD with No Loss","10","Humiseal temp. out of range error coming (GP2Y)","","","","","","During runing this error coming,SV-45 & PV-51 Coming,Coat-01 & 02 manually spray done, Heater off, on, after that ok","So requested to prd please sealer filter & Line filter timley cleaning do","Both","Process","No","Mangal Ram Kanwar,Dalip Khajuria","OK"
"May","28-05-2024 T10:45","Final Assy","ENG Sealer Block-03","Air Blow-03","EEAT-225","A","PED Support","60","Air booster trial for FM removed from product.","","","","","","Booster installed in Bottom Air blow as per PED ,Trial not successfully so revert back . ","","Mechanical","","No","Neeraj,Sreekanth Sasi","OK"
"May","28-05-2024 T07:30","Final Assy","ENG Sealer Block-03","Air Blow-03","EEAT-225","","PED Support","150","New product PWC ECU setup activity.","","","","","","New product PWC ECU offline program making ongoing .","","","","No","Neeraj","OK"
"May","28-05-2024 T12:15","Final Assy","","","","A","CM Entry","30","CBMU Air blow stopper","","","","","","New stopper added for CBMU air blow machine.,Stopper bring from MMD <Spare>","We will standardize All new type air blow stopper. TD:- 08/06/2024","Mechanical","Design","No","Sreekanth Sasi","OK"
"May","28-05-2024 T10:10","Final Assy","Cell Sensor","IMV ICC ","EEAT-195","A","BD with No Loss","10","","","","","","","Machine restart after that ok.","","Electrical","","Yes","Neeraj","OK"
"May","28-05-2024 T11:20","Final Assy","ENG Sealer Block-03","Spray Sealer","EEAT-226","A","BD with No Loss","10","Without PCB machine was running.","","","","","","Checked condition one by one ,First put product in left then right but machine was running but error coming ok.,Need to PLC program modify,","","Electrical","Design","No","Neeraj","OK"
"May","28-05-2024 T12:50","Final Assy","FA-NWP3","3W Gel-02","EEAT-123","A","BD with No Loss","15","Less gel coming on the product","","","","","","Dummy shot done on 3 0r more times. ,Air rease done on the main pump unit.,After that checked the part found OK","Informed to PRD properly released the air from the cartridge while switching.","Mechanical","Human","No","Sreekanth Sasi","OK"
"May","27-05-2024 T18:00","Mounting","AOI-08","3D-08","EETP-131","B","BD with No Loss","10","Cross mark shifting issue coming ,(ISS-BMU)","","","","","","Finally give in off set in lead after that ok ","","Electrical","Process","No","Indrajit Behera","OK"
"May","27-05-2024 T20:00","Final Assy","Spot Block-1","","","","BD with No Loss","20","Air leakge probleam coming ,,Pneumatic  fitting damaged","","","","","","Finally damage Pneumatic fitting change with new spare after that ok ,","","Pneumatic","Wear","No","Indrajit Behera","OK"
"May","28-05-2024 T16:00","Final Assy","Spot Block-2","THD DC1V(4720)","EEAT-169","B","BD with No Loss","10","Condenser stuck problem coming,","","","","","","Check and found left side guide rail unite come out ,Finally left side guide rail unite assembly done  ,limit switch position adjustment after that ok, ","","Both","Wear","No","Indrajit Behera","OK"
"May","28-05-2024 T17:00","Mounting","MA2","3D#1","EETP-030","","BD with No Loss","10","Image not clear problem coming,","","","","","","Check and found halogen lamp burnout  ,Finally halogen lamp change with new spare after that ok,","","Electrical","Wear","No","Indrajit Behera","OK"
"May","28-05-2024 T19:15","Mounting","AOI-08","3D-08","EETP-131","B","BD with No Loss","40","Cross mark shifting problem in YNC-R2","","","","","","This problem coming in IC lead so given the offset after some time same problem coming,Finally do the 3D machine calibration","M/c calibration done","Mechanical","Process","No","Ujjawal,Jatinder Singh,Indrajit Behera","OK"
"May","28-05-2024 T15:10","Mounting","MA4","NPM-01","EETP-093","","BD with No Loss","20","PCB bar code recog. error coming Model-0090","","","","","","Re-recognize the QR,Finally QR position Teaching done","QR Position teaching done by PED","Mechanical","Process","No","Jatinder Singh","OK"
"May","28-05-2024 T17:20","Final Assy","","","","C","Documentation","298","System check file-up","","","","","","All Master system check file labeling done ","","Electrical","Process","No","Ujjawal","OK"
"May","27-05-2024 T23:00","Final Assy","FA-WP2","Silicon All-round","EEAT-081","C","BD with No Loss","10","Silicon Weight NG coming.  (DC1U)","","","","","","Nozzle clean & Dummy dispense,After that OK. (7.62 gm.)","","Mechanical","","No","Jaydev Mal","OK"
"May","28-05-2024 T02:30","Final Assy","ENG Sealer Block-02","Spray Sealer","EEAT-194","","CM Entry","90","Activity for Poka-yoke not working (There is No two PCB'S on the Pallet of the standby section, Warning not coming),This Problem coming in Pallet of GP2A","","","","","","Part -1 detection sensor (PHS 504) Getting ON ,without Part.,So sensor (PHS 504) position adjust. ,After that All Model Pallet Check found-OK.(YCA,CNG,GP2Y)","","Mechanical","Design","No","Jaydev Mal,Dalip Khajuria","OK"
"May","28-05-2024 T00:40","Mounting","MA4","NPM-06","EETP-057","","BD with No Loss","10","Self diagnosis error coming. (367 AC R2),Lack of necessary Nozzle are bad","","","","","","Nozzle check ,Found OK.,Front side Head -7 ,Enable, After that OK.","","Electrical","Process","No","Jaydev Mal","OK"
"May","29-05-2024 T15:10","Final Assy","Spot Block-2","3D-03","EEAT-077","B","BD with No Loss","20","M/C hang problem coming,,Communication error coming ,","","","","","","Application close/open but same,,M/C Re-start but same,,Lan cable reconnected and m/c re-start after that data not transfer  issuu coming,,Finally AOI & 3D both  machine restart after that m/c origin then m/c run ok ,","","Electrical","Communication","No","Indrajit Behera","OK"
"May","29-05-2024 T14:30","Final Assy","ENG Sealer Block-03","Spray Sealer","EEAT-226","B","BD with No Loss","10","M/C not auto start ,M/C not in origin","","","","","","Finally m/c origin after that m/c auto run ok,","","Electrical","Human","No","Indrajit Behera","OK"
"May","29-05-2024 T18:00","Final Assy","","","","B","Documentation","60","Daily counter monitoring data up date ","","","","","","Daily counter monitoring data up date on going","","","","No","Indrajit Behera",""
"May","29-05-2024 T02:30","Mounting","AOI-5","Multi Magazine Unloader","EETP-072","C","CM","40","Activity for stocker width confirm pakayoke","","","","","","PLC Programm modified for extra sensor & Transfer to machine,Bit no. 4.15 added to plc programm, after that check working","","Both","Design","No","Anshul Gupta,Jaydev Mal,Dalip Khajuria,Mukesh","OK"
"May","28-05-2024 T04:40","Mounting","AOI-7","3D-07","EETP-108","C","BD with No Loss","10","Card drop inside machine","","","","","","PRD member take out card for rewark (dust cleaning),During card palce on conveyer & pcb drop","Request to prd person card take out & place time re-confirmation by self","Mechanical","Human","No","Anshul Gupta,Jaydev Mal,Dalip Khajuria","OK"
"May","28-05-2024 T01:00","Final Assy","","","","C","CM Entry","20","Monitor Display not coming","","","","","","check monitor side power not on,Power check found ok, so monitor changed from IMT-RT TESTER, then ok","","Both","Design","No","Anshul Gupta,Jaydev Mal,Dalip Khajuria","OK"
"May","29-05-2024 T10:15","Final Assy","FA-WP2","","","A","BD with No Loss","15","Machine not at home position.","","","","","","3W Gel machine Robot homing done and taken out the product.After this machine hand over to PRD for daily check,Silicon below and All-around machine  robot homing done and hanover to PRD for daily check.","","Both","","No","Sreekanth Sasi","OK"
"May","29-05-2024 T08:40","Final Assy","","","","A","BD with No Loss","200","The power to the plant went off.","","","","","","After power on all final machine confirmed .,Spot Block -Spot machine -pallet chucked by robot so pallet takeout by manual operation.,FA-4 WP packaging & Pre packaging machine -Calibration error occurred so correct it after that ok.,All sealer block machine confirmed. ,FA-2WP ,FA-3WP ,FA-3NWP Machine confirmed ","","Electrical","","No","Neeraj,Sreekanth Sasi","OK"
"May","29-05-2024 T10:30","Final Assy","FA-WP3","","","","BD with No Loss","15","Machine not in home position","","","","","","Silicon Below & All-around Machine homing done.,After that product taken out from all-around  machine and  hand over to PRD for daily check","","Both","","No","Sreekanth Sasi","OK"
"May","29-05-2024 T10:15","Final Assy","FA-NWP3","Spray Sealer M/C","EEAT-027","","BD with No Loss","60","Exhaust sensor fault coming and machine stop in application condition.","","","","","","Alarm (AL02) coming on the exhaust sensor amplifier. ,Found exhaust value coming higher side (-335),Exhaust data checked with mano meter found it also in higher side (3.45 m/s),Exhaust duct adjusted by closing the port. After that alarm reset,Then machine master on and robot  homing done with teaching pendant.,Pallet taken out from the machine and hand over to PRD for daily check","","Both","","No","Sreekanth Sasi","OK"
"May","29-05-2024 T06:30","Final Assy","","","","A","CM Entry","60","OK AND N.G Master fail (FA-2 NWP)","","","","","","Machine restart ,Probe holder change ,Production box all pi change after that ok ","","Electrical","Wear","No","Gagandeep,Dipshikha","OK"
"May","29-05-2024 T07:40","Final Assy","","","","","CM Entry","15","Water level low error coming","","","","","","Flow check ok ,Chiller unit side flow n.g so flow increase after that ok ","","Electrical","Wear","No","Gagandeep","OK"
"May","29-05-2024 T08:10","Final Assy","","","","","CM Entry","10","aCtual image not come ","","","","","","Screen setting change after that ok ","","Electrical","Wear","No","Gagandeep","OK"
"May","29-05-2024 T11:00","Final Assy","","","","","CM Entry","15","Head Overload error coming head 5 ","","","","","","Head overload error coming ,PCB Found bend due to support pin nit proper set ,PCB Take out and nozzle check found 1 nozzle was broken so nozzle change after that ok ","","Electrical","Wear","No","Gagandeep","OK"
"May","29-05-2024 T12:00","Mounting","MA6","QR CONVEYOR","EETP-117","","CM Entry","30","Nutek all qr conveyor data reset ","","","","","","Card not pass another machine and ANd bottom scanner work ,PED Reset data After that ok ","","Electrical","Wear","No","Gagandeep","OK"
"May","29-05-2024 T13:20","Mounting","","","","","CM Entry","10","","","","","","","Given offset in X 2.5 TO 3.0 AND Y 7.5 TO 7.0 NOW OK ","","Electrical","Wear","Yes","Gagandeep","OK"
"May","24-04-2024 T15:00","Final Assy","","","","C","PED Support","32520","New model CBMU setup activity in sealer machine.","","","","","","Machine axis unlocking ,accessories installation completed on 24/04/2024.,Product Teaching start on 25/05/2024 but pendant does not works in this machine ,So as per maker suggestion Teaching started from Touch panel on 13/05/2024.,Teaching Checked & found chances of nozzle hitting in R2 side ,So program modified for avoid nozzle hitting .,R1 & R2 side fine tuning completed & product handover to PED on 17/05/2024 ","","","","No","Neeraj,Sreekanth Sasi","OK"
"May","30-05-2024 T09:30","Mounting","Laser Line-1","Laser Marking + Cleaner","EETP-046","A","CM Entry","10","Server communication error coming ","","","","","","Machine not take origin ,So machine restart after that ok ","","Electrical","Design","No","Gagandeep","OK"
"May","30-05-2024 T09:40","Mounting","Laser Line-1","Laser Marking + Cleaner","EETP-046","","CM Entry","15","Gripper sensor error coming ","","","","","","Gripper sensor error coming ,slit sensor  Rod come down slow ,So rod cleaning done after that ok ","","Mechanical","Design","No","Gagandeep","OK"
"May","30-05-2024 T11:45","Final Assy","FA-WP3","Silicon Below connector","EEAT-153","A","PED Support","105","New model PWC ECU program Activity.","","","","","","Sub 101 made & Transferred for PWC application.,P-position data transferred but checked found NG position ,wrong coordinate given in drawing. So correct it after that ok.","","","","No","Neeraj","OK"
"May","30-05-2024 T08:00","Final Assy","FA-WP4","LO-HI SCREENING MACHINE","EEAT-199","A","PED Support","180","LO/HI screening machine-2 system check on going","","","","","","Step n0.733,734,735 * 743,744,745 is not coming ok.","","Electrical","","No","Subhash Sheoran,Dipshikha","OK"
"May","30-05-2024 T11:00","Final Assy","","","","A","PED Support","130","CBMU-RT2 system check on going","","","","","","Page no.76 To 83 completed.","","Electrical","","No","Subhash Sheoran,Dipshikha","OK"
"May","30-05-2024 T11:00","Final Assy","FA-WP4","PKG AUTO SCREW MACHINE","EEAT-206","A","CM Entry","45","Minimum angle error coming ","","","","","","Torque monitoring display change than found minimum angle change error come ,Screw driver bit change taring given to prd person","","Mechanical","Part-Failure","No","Sreekanth Sasi,Gagandeep","OK"
"May","30-05-2024 T14:30","Meter Assy","","","","B","CM Entry","300","Auto step no.A35 &A36 NG","","","","","","Machine restart ,Jig pin cleaning done,All pin change with new ,P10 & P18 & P05  board change with spare,CN Alpha & CN Beta connector reconnect ,Jig swapped with DR-1,Finally One OK Product run found ok. So remaining Ng Product check in DR-1  and then next check in DR-2 found ok.","","Electrical","Process","No","Ujjawal,Jatinder Singh","OK"
"May","30-05-2024 T14:55","Mounting","AOI-6","3D-06","EETP-090","B","BD with No Loss","5","Inspection process hang problem coming,","","","","","","Finally Application close/open but same,,Finally m/c restart after that m/c origin then m/c run ok,","","Electrical","Communication","No","Indrajit Behera","OK"
"May","30-05-2024 T16:00","Final Assy","Spot Block-1","3D-04","EEAT-028","","BD with No Loss","10","Data not transfer issue coming,,","","","","","","Finally one time m/c restart after that m/c origin then m/c run ok, ","","Electrical","Communication","No","Indrajit Behera","OK"
"May","30-05-2024 T16:00","Final Assy","Spot Block-03","","","","PED Support","10","","","","","","","Lable printer rearing done, AS per PRD requst ","","Electrical","Wear","No","Indrajit Behera","OK"
"May","29-05-2024 T23:30","Final Assy","FA-AB1","LT Chamber-01","EEAT-129","C","CM Entry","10","Door not close problem coming (no.-2)","","","","","","Door not close due to breacket loose found, so breacket properly tight done, then ok","","Mechanical","Design","No","Mangal Ram Kanwar","OK"
"May","29-05-2024 T12:07","Mounting","MA7","FLIPPER+CLEANER","EETP-139","C","CM Entry","15","Ionizer air flow pressure low abnormality error coming (YNC)","","","","","","During runing time Ionizer flow value -49 coming,So Ionizer nozzle take out by prd & cleaning done, but same, ,So we have Ionizer lan cable & penumatic pipe re-connect done, after that -52 value coming ok","","Both","Process","No","Mangal Ram Kanwar,Mukesh","OK"
"May","29-05-2024 T02:00","Final Assy","FA-WP4","SILICON BELOW CONNECTOR","EEAT-202","C","CM Entry","10","Part flot error (GP2Y) coming","","","","","","As per prd information 2-case side this problem come ","","Mechanical","","No","Mangal Ram Kanwar,Jaydev Mal","OK"
"May","29-05-2024 T22:45","Final Assy","FA-WP3","Silicon All-round","EEAT-156","C","BD with No Loss","10","1 gram weight NG coming","","","","","","4-time Dummy shot taken.,Z-4 Axis Rod Side Dry Silicon Clean,After that-OK","","Mechanical","Wear","No","Jaydev Mal,Dalip Khajuria","OK"
"May","29-05-2024 T23:00","Mounting","MA5","Reflow Oven","EETP-083","C","BD with No Loss","40","Outlet jamming-2 Error","","","","","","Temporary Outlet jamming timer value increased from 30 to 40 seconds","In shutdown, we will do machine alignment during Overhauling.","Mechanical","Design","Yes","Anshul Gupta,Jaydev Mal,Dalip Khajuria","OK"
"May","30-05-2024 T02:30","Mounting","AOI-6","Multi Magazine Unloader","EETP-092","C","CM Entry","40","Activity for stocker width confirm poka-yoke sensor addition","","","","","","PLC Programm modified for extra (added) sensor & Transfer to machine,Bit no. 4.15 added to PLC program.,After that check working found-OK","","Electrical","Design","No","Anshul Gupta,Jaydev Mal,Dalip Khajuria","OK"
"May","31-05-2024 T06:30","Final Assy","","","","A","BD with No Loss","60","After product pass, OK buzzer confirmation not coming.","","","","","","Speaker replaced","","Electrical","Part-Failure","No","Subhash Sheoran","OK"
"May","31-05-2024 T09:15","Final Assy","Cell Sensor","Spray Sealer","EEAT-163","A","BD with No Loss","55","Sealer missing on Soldering lead in R1 side of ISS BMU.","","","","","","In this area sealer shot length increased & One shot speed decreased 300 to 200 after that ok.","","","Design","No","Neeraj","OK"
"May","31-05-2024 T08:35","Final Assy","","","","A","BD with No Loss","25","Failed to start VxWorks application HA-FAL-03.","","","","","","Machine restart but same result.,Finally one time machine shut down & again ON after that OK","","Electrical","Part-Failure","No","Subhash Sheoran","OK"
"May","31-05-2024 T09:00","Final Assy","","","","","PED Support","180","CBMU-RT2 system check on going.","","","","","","Total 12 pages (84 to 95) completed.","","Electrical","","No","Subhash Sheoran,Dipshikha","OK"
"May","31-05-2024 T12:00","Mounting","","","","","PED Support","60","MA-1 Reflow oven machine conveyor over load error was coming.","","","","","","Main conveyor check & found its dry,,Lubrication done main conveyor with PRD support, after that its running OK","","Mechanical","Part-Failure","No","Subhash Sheoran","OK"
"May","31-05-2024 T10:15","Final Assy","FA-WP3","Silicon Below connector","EEAT-153","A","PED Support","90","New model PWC ECU Silicon application program making activity.","","","","","","Teaching checked .,Part floating position Teaching done.,Double process position teaching done.,Part No resister completed.","","","","No","Neeraj","OK"
"May","31-05-2024 T16:20","Final Assy","FA-WP4","FILTER ASSY","EEAT-200","B","BD with No Loss","20","Mashroom not up after press fit","","","","","","Finally Mashroom unit take out and cleaning done then ok","","Both","Wear","No","Indrajit Behera","OK"
"May","31-05-2024 T16:00","Final Assy","Spot Block-2","","","","BD with No Loss","10","Power off in running conduction ","","","","","","Finally check and found by mistake power switch off by PRD  ,Finally power switch  ON after that ok,","","","Wear","No","Indrajit Behera","OK"
"May","31-05-2024 T20:30","Final Assy","FA-NWP3","","","","BD with No Loss","10","Poka-yoke not working,(Screw tight confirmation)","","","","","","Check and found control panel power plug come out ,,Finally power plug connected after that poka-yoke working ok, ","","Electrical","Wear","No","Indrajit Behera","OK"
"June","30-05-2024 T23:39","Mounting","AOI-9","MULTIPLE MAGAZINE UNLOADER","EETP-157","C","CM Entry","20","As Per PRD stocker width NG. (more Clearance available),Chances of PCB drop","","","","","","Finally Magazine width Offset change from 0.0 mm to +1.00 mm","","Mechanical","Design","No","Anshul Gupta,Jaydev Mal,Dalip Khajuria","OK"
"June","30-05-2024 T23:05","Final Assy","Spot Block-1","3D-04","EEAT-028","C","BD with No Loss","15","Live Image not coming in between","","","","","","Camera signal cable Reconnected from controller side.","","Electrical","Part-Failure","No","Dalip Khajuria","OK"
"June","30-05-2024 T22:40","Final Assy","FA-WP3","Silicon All-round","EEAT-156","C","BD with No Loss","30","During amount check , 1gm weight NG Coming (less)","","","","","","Dummy shot taken and Nozzle cleaning done. status-NG,Finally Robot Program Modified.,F22 Stroke change from -7.15 to -7.40,3 gm also coming lower side. So F26 stroke also changed from -7.00 to -7.20,After that-OK","Overhauling Activity Already planed in shut down.","Mechanical","Wear","Yes","Mangal Ram Kanwar,Jaydev Mal","OK"
"June","31-05-2024 T01:05","Final Assy","FA-AB1","FAL-AB-RT1","EEAT-118","C","BD with No Loss","10","After Product Pass, Ready signal Coming.","","","","","","Original Harness Revert Back. After that-OK.","","Mechanical","Human","No","Mangal Ram Kanwar,Mukesh","OK"
"June","31-05-2024 T03:40","Mounting","MA7","DUAL LANE QR CODE READING CONVEYOR","EETP-147","C","BD with No Loss","10","RE-SCAN Counter Error (Lane-1, YNC-R2)","","","","","","PCB manually, Push backward and Run machine. After that-OK","","Electrical","Communication","No","Mangal Ram Kanwar","OK"
"June","31-05-2024 T23:05","Final Assy","FA-WP3","Silicon All-round","EEAT-156","C","BD with No Loss","10","Weight check check ng coming (1 gram)","","","","","","Daily check time 1 gram weight check 0.91 gram ng coming,So programm modification done (F22 , -7.40 TO -7.55  Changed)","J4 axis main tank overhauling plan in shut down","Mechanical","Process","No","Mangal Ram Kanwar,Jaydev Mal","OK"
"June","31-05-2024 T01:00","Mounting","MA2","CM212-3","EETP-016","C","CM Entry","270","Activity for Z-2 Overload Error & Current Excess Error","","","","","","Head-2,  Z-axis motor change with spare. status-NG,During m/c origin, current excess error coming in θ-2 axis,Head Card Change with spare. Status-NG,So Head Card Revert Back and Head-2 Disable temporarily.,Z-1 & Z-3, Z-origin offset calibration done.","we will change θ-2 motor.","Electrical","Part-Failure","No","Anshul Gupta,Jaydev Mal,Dalip Khajuria,Mukesh","NG"
"June","31-05-2024 T12:00","Final Assy","","","","A","Documentation","45","Cell block all machine daily check sheet master copy","","","","","","Cell block all daily check sheet master copy given to PRD TL. (Ashish/Chanchal)","","","","No","Sreekanth Sasi",""
"June","01-06-2024 T09:01","Final Assy","FA-WP2","Silicon Below","EEAT-080","A","BD with No Loss","10","Cut mark coming on silicon application.","","","","","","Manually silicon dispense now under observation.","","Mechanical","Part-Failure","No","Neeraj","OK"
"June","01-06-2024 T08:40","Final Assy","FA-WP4","PKG AUTO SCREW MACHINE","EEAT-206","A","BD with No Loss","10","Min. Angle error was coming.","","","","","","Driver bit checked -ok.,Angle 356/1637 showed in display .PRD Inform to PED","","Mechanical","","No","Neeraj","OK"
"June","01-06-2024 T06:55","Final Assy","FA-NWP3","VCS","EEAT-179","A","BD with No Loss","11","Housing connector damaged from bent in GD1B model.","","","","","","LT/HT/RT housing checked found little bit  impression coming on connector but as per PRD LT/HT/RT connector -ok but VCS harness need to change. ,Now spare harness connected ,","","Mechanical","","No","Neeraj","OK"
"June","01-06-2024 T16:10","Final Assy","Spot Block-1","","","B","BD with No Loss","10","Fault No-6 coming, (Bus bar clinching m/c)","","","","","","Try to reset but not reset,,Check and found dip s/w setting wrong by PRD,Finally dip switch setting change 0 To 1 after that error reset after that ok,","","Electrical","Human","No","Indrajit Behera","OK"
"June","01-06-2024 T18:25","Mounting","MA6","BOARD FLIPPER + CLEANER","EETP-115","","BD with No Loss","10","PCB transferring timeout error coming, (YNC-R2)","","","","","","Check and found PCB stuck in between stocker & board flipper m/c,,Manually stocker takeout and check found stocker damaged,(Stocker No-71) ,Finally other stocker load then m/c run ok,","","Electrical","Wear","No","Indrajit Behera","OK"
"June","01-06-2024 T17:20","Final Assy","FA-NWP3","Spray Sealer M/C","EEAT-027","B","BD with No Loss","20","Sealer miss problem coming DC1A 0130 & 0140 R1","","","","","","0130 model SUB209 shot no-2 length increase -28 to -30, 1: 0140 model SUB210 shot no-2 length increase -26 to -29","Prog. modified ","Mechanical","Process","No","Ujjawal,Jatinder Singh,Indrajit Behera,Sandeep Dhama","OK"
"June","01-06-2024 T18:00","Mounting","AOI-9","AOI-09","EETP-154","","Documentation","180","AOI-9 Line manual arrange","","","","","","","","","","No","Jatinder Singh","OK"
"June","01-06-2024 T14:00","Final Assy","","","","B","Documentation","60","FA-ALL line master lubrication check sheet file up  ","","","","",""," 1: FA-ALL line master lubrication check sheet file up done","","","","No","Indrajit Behera",""
"June","01-06-2024 T02:00","Final Assy","Cell Sensor","Spray Sealer","EEAT-163","C","CM Entry","40","","","","","","","Cell sensor model all sealer programm not avoilable in NEW DELL  Laptop , SO DPIN to new dell laptop all cell sensor model AITEC Programm transfered done,","","","Process","No","Mangal Ram Kanwar","OK"
"June","31-05-2024 T23:30","Final Assy","Spot Block-2","Spot-02","EEAT-074","C","CM Entry","12","Solder liquied level low alarm coming (367AC) BATH-02","","","","","","Found Solder liquied level detect proximity sensor off (lower side),Solder level manually check 19.5mm ok,Solder level detect Dog (shaft) cleaning done, after that ok","Request to prd duirng nozzle cleaning time this sensor dip area also clean.","Both","Process","No","Mangal Ram Kanwar","OK"
"June","31-05-2024 T13:00","Final Assy","Cell Sensor","Spray Sealer","EEAT-163","C","CM Entry","30","sealer miss problem coming (cell sensor model) R2 ","","","","","","During runing this problem come,,Sealer viscocity check ok,  Coat-02 sealer width  changed  9.70 to 10.20mm done, now ok, under observation under observation","","Both","Process","No","Mangal Ram Kanwar,Jaydev Mal","OK"
"June","01-06-2024 T23:15","Final Assy","Spot Block-2","Spot-02","EEAT-074","C","CM Entry","15","Discharge conveyer lifter-1cylinder error coming (YCA)","","","","","","During runing time this problem come, ,So pallate take out from machine,,Lifter-1 position stopper cylinder , sensor & rail cleaning done,, afte that ok","","Both","Process","No","Mangal Ram Kanwar,Mukesh","OK"
"June","01-06-2024 T04:30","Final Assy","FA-AB2","FAL2-AB-LT","EEAT-128","C","CM Entry","10","Start limit switch not working","","","","","","So limit switch changed with spare new one, after that ok","","Both","Design","No","Mangal Ram Kanwar,Mukesh","OK"
"June","02-06-2024 T03:15","Final Assy","ENG Sealer Block-03","Flash Writing","EEAT-211","C","CM Entry","10","Un-handled error coming (YCA)","","","","","","As per prd information 1st time  communication error coming,so try to application close / open , then un-handled error coming,So machine re-start done, after that ok","","Electrical","Design","No","Mangal Ram Kanwar","OK"
"June","03-06-2024 T06:05","Final Assy","FA-WP4","AIR LEACK CHECK","EEAT-209","A","BD with No Loss","5","Monitor display not coming,","","","","","","Finally power cable reconnected after that ok","","Electrical","Process","No","Indrajit Behera","OK"
"June","03-06-2024 T06:20","Mounting","MA5","Reflow Oven","EETP-083","A","BD with No Loss","10","CV Width motor over load error coming,,Auto change over NG coming,","","","","","","Finally one time application close/open after that  model change over ok,","","Both","Process","No","Indrajit Behera","OK"
"June","03-06-2024 T09:00","Mounting","MA2","CM212-3","EETP-016","","BD with No Loss","25","Filter dirty error coming,(TBL-3,HEAD -2)","","","","","","Nozzle check found found ok,Head side mash filter take out and check found dirty,Finally mash filter change with new spare after that ok,","","Both","Wear","No","Indrajit Behera","OK"
"June","03-06-2024 T06:25","Mounting","MA5","NPM-5","EETP-103","A","BD with No Loss","10","Z1 Axis over load error coming","","","","","","During support pin nozzle pick up time this problem coming,Nozzle position not ok in changer,Correct the nozzle position ","","Mechanical","Human","No","Ujjawal,Jatinder Singh","OK"
"June","03-06-2024 T10:00","Final Assy","FA-WP4","LO-HI SCREENING MACHINE","EEAT-199","A","PED Support","240","Machine accuracy check ","","","","","","Machine system check done as per DNJP Reply .,Some step no. 733,735,743 & 745 is still NG Coming","","Electrical","Process","No","Ujjawal,Sandeep Dhama","OK"
"June","03-06-2024 T06:10","Final Assy","FA-WP4","LO-HI SCREENING MACHINE","EEAT-199","","BD with No Loss","10","Chamber operation is not ON","","","","","","Check its main power found OK Coming.,Weekly timer wire reconnect then ok","Weekly timer change in shutdown 12/06/2024","Electrical","","No","Ujjawal,Jatinder Singh,Sandeep Dhama","OK"
"June","01-06-2024 T22:45","Final Assy","FA-WP2","Falcon-II (DCIV) HT","EEAT-141","C","BD with No Loss","30","OK Master fail at Multiple steps (YCA)","","","","","","M/c Restart , Status NG.,Pin cleaning done, Status NG.,OK Master kept in HT Chamber for 30 Minute, Then check found OK.","","Electrical","Process","No","Jaydev Mal,Dalip Khajuria","OK"
"June","01-06-2024 T23:40","Mounting","MA5","NPM-5","EETP-103","C","BD with No Loss","10","Lack of necessary Nozzle error coming. (YY-8 A/B)","","","","","","During Self diagnosis time ,this error coming ,As per model ,M/c required All Head, should be enable, But Rear table  head -1 , was disable.,So Head-1 enable & Nozzle centering check ,Found OK.,Then start production -OK","","Electrical","Design","No","Jaydev Mal","OK"
"June","02-06-2024 T01:30","Mounting","MA7","NPM-1","EETP-145","C","CM Entry","10","Cart"s Calibration value exceeds the range","","","","","","Front side feeder cart take out & Reconnect ,After that OK.","","Mechanical","Human","No","Anshul Gupta,Dalip Khajuria","OK"
"June","02-06-2024 T02:30","Mounting","MA2","CM212-3","EETP-016","C","CM Entry","120","Activity for θ-2 current excess error.","","","","","","Try to θ-2 motor change, But one bolt not open ,Need to take out head unit from M/c, For this activity","Activity plan in shutdown","Electrical","Part-Failure","No","Anshul Gupta,Jaydev Mal,Dalip Khajuria","OK"
"June","02-06-2024 T11:00","Final Assy","Spot Block-2","Spot-02","EEAT-074","A","CM Entry","120","Discharge conveyor Lifter-1 cylinder error coming.","","","","","","Check & found cylinder was jerking.,Stopper-1 cylinder replaced with new one","Cylinder Replaced","Mechanical","Part-Failure","No","Neeraj,Subhash Sheoran","OK"
"June","03-06-2024 T23:10","Mounting","MA5","SPI","EETP-077","C","BD with No Loss","10","PCB Clamp error.","","","","","","Manually movement checked ok. ,Next card checked ok.","","Mechanical","","No","Neeraj","OK"
"June","03-06-2024 T23:35","Mounting","MA4","NPM-06","EETP-057","C","BD with No Loss","10","Nozzle come off error & Nozzle dropped.","","","","","","Nozzle searched & found the Nozzle inside of feeder gang .,Now head -5 disabled after that ok.","","Mechanical","","No","Neeraj,Subhash Sheoran,Sreekanth Sasi","OK"
"June","03-06-2024 T00:30","Final Assy","ENG Sealer Block-01","Spray Sealer M/C","EEAT-069","C","BD with No Loss","10","Alarm -93 loading station time out.","","","","","","Pallet stuck in apply station & shutter ,,Condition Checked found one sensor not on .Other pallet running ok.,NG pallet removed & request to PRD re-assemble attachment .","","Mechanical","Design","No","Neeraj","OK"
"June","03-06-2024 T11:35","Final Assy","ENG Sealer Block-03","Flash Writing","EEAT-211","C","BD with No Loss","13","Automatic operation not start","","","","","","Check its poka-yoke unit not working ,One time machine & its PLC unit restart, after that OK","","Electrical","Communication","No","Subhash Sheoran","OK"
"June","04-06-2024 T05:20","Mounting","MA7","UNLOADER","EETP-151","","CM Entry","10","Stocker lock not set by width changer unit","","","","","","Stocker take out & check other stocker its OK,Run the production, suspected cause stocker problem.","","Mechanical","Part-Failure","No","Subhash Sheoran,Sreekanth Sasi","OK"
"June","04-06-2024 T04:30","Mounting","MA6","LOADER","EETP-114","C","BD with No Loss","10","Stocker was stuck on stopper-2","","","","","","Stocker take out & machine origin done.,Run the same stocker again now running OK,Actual region not clear. ","","Both","Communication","No","Subhash Sheoran","OK"
"June","04-06-2024 T06:50","Final Assy","Spot Block-2","3D-03","EEAT-077","A","BD with No Loss","10"," Data not transfer issue coming,","","","","","","Application close /open but same,Finally one time m/c re-start after that m/c run ok","","Electrical","Communication","No","Indrajit Behera","OK"
"June","04-06-2024 T06:30","Mounting","AOI-08","3D-08","EETP-131","","BD with No Loss","10","M/C hang issue problem coming,","","","","","","PCB take out and Application close/open after that m/c run ok,","","Electrical","Communication","No","Indrajit Behera","OK"
"June","04-06-2024 T06:30","Final Assy","Spot Block-1","3D-04","EEAT-028","","BD with No Loss","10","Communication error coming ,,Conveyor motion fault coming,","","","","","","Application close/open but same,Finally m/c power off/ON after that m/c origin done,Then m/c run ok ","","Both","Communication","No","Indrajit Behera","OK"
"June","04-06-2024 T09:00","","","","","A","CM Entry","150","VCS-7 & 10 HARNESS PM ACTIVITY","","","","","","YCA, DC1V,DC1U,MODEL ALL HARNESS PIN CHANGE DONE,AS PER PM PLAN,,OK master check pending, Due to OK master not available,","","Electrical","Process","No","Indrajit Behera","OK"
"June","03-06-2024 T15:10","Mounting","MA5","NPM-3","EETP-113","B","BD with No Loss","10","Filter full error coming (Rear HD-2)","","","","","","Nozzle shaft cleaning done, Then OK.","","Mechanical","Process","No","Dalip Khajuria","OK"
"June","03-06-2024 T19:30","Mounting","MA4","NPM-03","EETP-101","B","CM Entry","30","Activity for Filter full Occurred Error (Rear, HD-13)","","","","",""," HD-13 (Rear side) , Nozzle Shaft cleaning done.,After that-OK.","","Pneumatic","Process","No","Jaydev Mal,Dalip Khajuria","OK"
"June","03-06-2024 T16:35","Final Assy","Cell Sensor","Spray Sealer","EEAT-163","B","BD with No Loss","15","Sealer miss coming on R-1 side.","","","","","","Nozzle-1 spray width adjust from 9.8mm to 10.4mm,After that No Sealer miss coming.","","Both","Design","No","Mangal Ram Kanwar,Jaydev Mal,Dalip Khajuria,Mukesh","OK"
"June","03-06-2024 T16:35","Mounting","MA4","YS Loader ","EETP-051","B","BD with No Loss","15","Lifter CV Function Error.","","","","","","Correct Model Changeover done. After  that-OK","","Electrical","Human","No","Mangal Ram Kanwar,Mukesh","OK"
"June","03-06-2024 T21:20","Final Assy","Cell Sensor","MRC-04","EEAT-029","B","BD with No Loss","10","Image not Clear coming.","","","","","","Camera signal Cable Reconnect and dressing done.,After that-OK.","","Electrical","Obsolete","No","Mangal Ram Kanwar,Mukesh","OK"
"June","03-06-2024 T18:00","Final Assy","FA-AB1","Packaging jig-01","EEAT-114","B","BD with No Loss","10","Fault No. 6, sensor Error (YTA)","","","","","","Check sensor found working OK,Found that Part side issue,Next part run found OK","","Electrical","","No","Mangal Ram Kanwar","OK"
"June","03-06-2024 T21:45","Final Assy","ENG Sealer Block-01","","","B","BD with No Loss","10","Air Blow station time over (Fault No. 145)","","","","","","Nozzle cylinder forward speed adjust. After that-OK.","","Both","Wear","No","Mangal Ram Kanwar,Jaydev Mal","OK"
"June","03-06-2024 T20:45","Mounting","AOI-5","3D-05","EETP-070","B","BD with No Loss","10","Crossmark shift problem coming. (YHB)","","","","","","Offset given. Now under observation.","","Electrical","Design","No","Mangal Ram Kanwar","OK"
"June","03-06-2024 T21:05","Final Assy","Spot Block-1","Spot-01","EEAT-096","B","BD with No Loss","10","Nozzle ID Wrong (GD1B)","","","","","","Sensor No. 1600 & 1601, Set value adjust.,After that-OK.","","Electrical","Design","No","Mangal Ram Kanwar","OK"
"June","03-06-2024 T20:30","Final Assy","Spot Block-2","Spot-02","EEAT-074","B","BD with No Loss","10","Discharge Conveyor Board Pallet not arrived error coming. (DC1A)","","","","","","Check and found pallet not completely come out.,workbench stopper was not working, due to flux. So Flux clean. Then-OK.","","Mechanical","","No","Jaydev Mal,Dalip Khajuria","OK"
"June","05-06-2024 T04:25","Final Assy","Cell Sensor","LT Tester","EEAT-165","C","CM Entry","30","During PM time machine power on but HDD not booting.","","","","","","HDD connector re-connect.,Machine restart .,Hard disk changed with spare after that ok.","","Electrical","Part-Failure","No","Neeraj","OK"
"June","05-06-2024 T03:10","Final Assy","FA-NWP3","FAL2-ENG-RT","EEAT-127","","BD with No Loss","10","Misjudgment coming at step No 512 ,712.","","","","","","Production Box swap with HT after that ok.","","Electrical","","No","Neeraj","OK"
"June","05-06-2024 T13:38","Final Assy","","","","A","BD with No Loss","1","","","","","","","","","Electrical","Process","No","Jatinder Singh",""
"June","04-06-2024 T18:10","Final Assy","Cell Sensor","IMV ICC ","EEAT-195","B","BD with No Loss","10","Machine stop in the Step no. 5 (ISS-BMU)","","","","","","During runing time this problem come,,So operation cancelled & pcb manully take out,machine re-start done, after that ok","","Both","Part-Failure","No","Mangal Ram Kanwar","OK"
"June","04-06-2024 T15:00","Mounting","MA3","3D-02","EETP-002","B","BD with No Loss","10","X-Y axis driver fault coming (YHB)","","","","","","During runing time this fault come,So X-Y axis ,manually move by hand,3D repaire station application close / open done, after that ok","","Both","Communication","No","Mangal Ram Kanwar","OK"
"June","04-06-2024 T15:10","Mounting","MA2","CM212-1","EETP-014","B","BD with No Loss","10","PCB position error coming (POWER WINDOW)","","","","","","During Component mounting process in the PCB that time m/c stop & error come,So try to error reset & m/c run but error coming (TBL-1, 2)","","Both","Design","No","Mangal Ram Kanwar","OK"
"June","04-06-2024 T15:28","Final Assy","Spot Block-03","SPOT M/C","EEAT-214","B","BD with No Loss","12","Discharge conveyer stopper-1 cylinder error(YCA)","","","","","","During runing pallet no. 6 stop in the stopper-1 position,So pallet manually take out , rail, sensor cleaning done,after that pallet no. 6 cleaing done & machine Run ok","","Mechanical","Wear","No","Mangal Ram Kanwar,Jaydev Mal,Dalip Khajuria","OK"
"June","04-06-2024 T23:00","Final Assy","","","","C","PED Support","390","RT2 CBMU tester system check ","","","","","","System check completed.","","Electrical","","No","Subhash Sheoran","OK"
"June","05-06-2024 T11:30","Final Assy","Cell Sensor","MRC-04","EEAT-029","C","CM Entry","45","Camera wire dressing","","","","","","High temperature sleeve input in camera cable","","Electrical","","No","Subhash Sheoran,Gagandeep","OK"
"June","06-06-2024 T02:00","Final Assy","FA-AC1","AC Falcon","EEAT-119","","CM Entry","120","Wire supported plate added in 8040 harness","","","","","","AC-2 RT falcon 8040 modal harness, wire supporting plate added for avoid wire broken","","Mechanical","","No","Subhash Sheoran","OK"
"June","06-06-2024 T06:15","Mounting","AOI-7","3D-07","EETP-108","A","BD with No Loss","10","Daily check time m/c hang problem coming,","","","","","","Finally one time Application close/open after that m/c origin ok,Then m/c run ok","","Electrical","Communication","No","Indrajit Behera","NG"
"June","06-06-2024 T06:40","","","","","A","CM","90","Production box pm activity,(HV4.5 model)","","","","","","PM done ,As per pm plan ,OK & NG both master check found ok,","","Electrical","Process","No","Indrajit Behera","NG"
"June","06-06-2024 T07:20","Final Assy","FA-WP2","Air leak-02","EEAT-082","A","BD with No Loss","10","Product failed on Balance pressure check","","","","","","Check upper jig air coupler and seal found ok,,Check lower jig connector seal found ok,,Check flow rate pressure vale NG coming ,Finally flow rate pressure value adjust ment after that ok","","Electrical","Part-Failure","Yes","Indrajit Behera",""
"June","06-06-2024 T06:40","Final Assy","FA-NWP3","FAL2-ENG-LT","EEAT-125","A","BD with No Loss","5","Misjudgement coming at step no-110,(HV4.5)","","","","","","Finally p,box change with HT-tester after that ok,OFF line NG production box  all pin clean done,Then prd break time original p.box revert back done, ,After that production run ok,","","Electrical","Part-Failure","No","Indrajit Behera","OK"
"June","06-06-2024 T10:00","Final Assy","","","","A","CM Entry","60","Activity for FA-2NWP spare line RT-Tester (EFC MODEL) ORGINAL PC install","","","","","","Original PC install in m/c then , Come port setting -3 selected , then ok master check found ok ","","Electrical","Process","No","Indrajit Behera","OK"
"June","04-06-2024 T15:30","Mounting","MA2","3D#1","EETP-030","B","BD with No Loss","10","PCB ID Data not transferred.","","","","","","AOI m/c side communication error Coming.,So Retry Communication. After that-OK.","","Electrical","Communication","No","Mangal Ram Kanwar","OK"
"June","04-06-2024 T17:35","Mounting","AOI-5","3D-05","EETP-070","B","BD with No Loss","20","Cross-mark Shift  problem coming (YHB-Model)","","","","","","Problem observed in this Particular model (YHB),So Offset given many times, still problem coming.,Now Request to PRD to run this particular model from another m/c.,PRD Run yhis Model from 3D-6 m/c Still same Problem observed.","PRD will Discuss this Problem with PED.","Electrical","","Yes","Anshul Gupta,Dalip Khajuria","NG"
"June","04-06-2024 T17:25","Mounting","MA6","LOADER","EETP-114","B","BD with No Loss","10","Magazine transferring time out error ( Zone-2 )","","","","","","Stocker was jam inside m/c Unloading conveyor side.,So Stocker takeout manually.,After that-OK.","","Mechanical","Wear","No","Dalip Khajuria","OK"
"June","04-06-2024 T21:50","Final Assy","FA-WP4","PKG AUTO SCREW MACHINE","EEAT-206","B","BD with No Loss","10","No Screw Feeding error Coming.","","","","","","Check and found screw stuck on Rail.,So Screw takeout and Run M/C.","","Mechanical","Design","No","Mangal Ram Kanwar,Dalip Khajuria","OK"
"June","04-06-2024 T20:30","Final Assy","FA-AC1","RT Tester","EEAT-181","B","PED Support","90","System check activity, after modification for YY8-AC","","","","","","System check value not coming,During Step start, Tester Root Error Coming.,So All settings Revert back from system check to production run and OK Master check found-OK","","Electrical","Communication","No","Jaydev Mal","NG"
"June","05-06-2024 T21:10","Mounting","MA2","3D#1","EETP-030","B","BD with No Loss","10","PCB ID data not transfer","","","","","","Application close & M/c restart, After that","","Electrical","Communication","No","Mangal Ram Kanwar,Jaydev Mal",""
"June","05-06-2024 T20:30","Final Assy","FA-NWP3","FAL2-ENG-HT","EEAT-126","B","CM Entry","60","During HV 4.5 Production Box PM time one receptacle goes down.","","","","","","Receptacle change with spare & Assembled ,done.  ","","Mechanical","Wear","No","Jaydev Mal,Dipshikha","OK"
"June","05-06-2024 T15:15","Final Assy","Spot Block-03","SPOT M/C","EEAT-214","B","BD with No Loss","10","Bath-1, Shutter not open","","","","","","Check & Found  Shutter door mounting bolt was loose, So tight it ,Then OK.","","Mechanical","Wear","No","Jaydev Mal","OK"
"June","05-06-2024 T16:45","Final Assy","AB Sealer Block-01","Spray Sealer M/C","EEAT-078","B","BD with No Loss","15","Sealer miss problem coming (Honda 2TG ,Top)","","","","","","Nozzle -2, Pressure adjust from 0.20 to 0.21 Mpa, After that OK.","","Mechanical","Process","No","Jaydev Mal,Dalip Khajuria","OK"
"June","05-06-2024 T18:30","Final Assy","Cell Sensor","Spray Sealer","EEAT-163","B","BD with No Loss","10","Sealer miss problem coming on R1 & R2","","","","","","R1 side point no-24 & R2 side Point no-29 sealer  miss coming,Spray width check found 9.8 &9.7 coming.,Auto width check 2/3 time then spray width coming 10.2 & 10.6, After that OK. ","","Mechanical","Process","No","Jaydev Mal","OK"
"June","05-06-2024 T19:20","Final Assy","FA-WP2","LT Chamber-02","EEAT-132","B","CM Entry","10","Door lock broken","","","","","","","","Mechanical","Part-Failure","No","Mukesh","OK"
"June","07-06-2024 T03:30","Final Assy","FA-WP2","VCS-10","EEAT-057","C","CM Entry","75","VCS-10 JIG WAS NOT MOVING FORWORD AFTER PRESS F1.","","","","","","Its CYLINDER was not working.,Check & found Air supply was not coming.,Its air supply operating valve was not working.,Solenoid valve replaced with new one after that OK.","","Pneumatic","Part-Failure","No","Neeraj,Subhash Sheoran,Sreekanth Sasi","OK"
"June","06-06-2024 T11:00","Final Assy","Cell Sensor","MRC-04","EEAT-029","C","CM Entry","120","Camera controller was not ON.","","","","","","Open & check its power supply its ok, output & input was ok.,Controlling card check but cause not clear.","","Electrical","Part-Failure","No","Neeraj,Subhash Sheoran","OK"
"June","07-06-2024 T06:00","Final Assy","Cell Sensor","Flash writing (C/S)","EEAT-161","A","BD with No Loss","10","Daily check time scanner and mouse & keyboard  not working,","","","","","","Scanner and mouse & keyboard cable re conected but same,Finally one time m/c power off/ON after that ok,","","Electrical","Communication","No","Indrajit Behera","OK"
"June","07-06-2024 T06:20","Mounting","MA2","3D#1","EETP-030","A","BD with No Loss","10","Data not transfer issue coming,","","","","","","Now one time application close/open but same,Finally one time m/c power OFF/ON then m/c origin done,After that m/c run ok,","","Electrical","Communication","No","Indrajit Behera","OK"
"June","07-06-2024 T06:20","Final Assy","FA-AC1","","","","BD with No Loss","10","Hand press fitting not working ","","","","","","Handel press fitting spring take out and check found damaged ,Finally Handel press fitting spring change with new spring ,After that that m/c run ok","","Electrical","Wear","No","Indrajit Behera","OK"
"June","06-06-2024 T14:30","Final Assy","FA-WP2","Air leak-02","EEAT-082","B","BD with No Loss","10","Pressure NG Master data not match","","","","","","Pressure NG. master pass on Vacuum,Vacuum pressure check found -25 Kpa, So set it on -20 Kpa, After that OK.","","Pneumatic","Process","No","Jaydev Mal,Dalip Khajuria","OK"
"June","06-06-2024 T14:45","Final Assy","FA-AB1","Packaging jig-01","EEAT-114","B","BD with No Loss","10","Fault No-5 coming (Torque - NG.)","","","","","","In between this problem coming.,Torque value coming below 123 (NG),Signal cable reconnect , Then OK.","","Electrical","Communication","No","Dalip Khajuria,Mukesh","OK"
"June","06-06-2024 T15:20","Final Assy","Spot Block-2","Spot-02","EEAT-074","B","CM Entry","50","Ice accumulated on Condenser fins","","","","","","Temporary Ice melt by hot air gun.,Fins also clean, Now running OK.","Chiller unit clean on shutdown","Both","Process","Yes","Jaydev Mal,Dalip Khajuria","OK"
"June","06-06-2024 T20:30","Final Assy","","","","B","CM Entry","30","(CBMU Air blow M/C),Fault no-6 coming (Suction Air valve error)","","","","","","Check & Found top side suction ON ,Then error coming,Suction pressure was not in spec, So set it then OK.,Pressure switch side set value was not OK, So set it asper spec.","","Pneumatic","Design","No","Jaydev Mal","OK"
"June","08-06-2024 T02:30","Final Assy","FA-WP3","3W Gel-03","EEAT-152","C","BD with No Loss","30","Gel leakage from main pump.","","","","","","Gel cleaned from pump side.","Pump overhauling will do in shutdown.","Mechanical","Part-Failure","Yes","Neeraj","OK"
"June","08-06-2024 T00:30","","","","","C","Documentation","270","ElFi Sealer Block-1 <CBMU> Daily check sheet","","","","","","All machine list added and machine no. given,Daily checksheet making asper PCS,Flash, Air blow, Sealer & PCB router daily check sheet completed.,ICC-1 &2 adjustment machine pending.","","","","No","Sreekanth Sasi",""
"June","07-06-2024 T11:15","Final Assy","FA-WP3","Silicon Below connector","EEAT-153","C","BD with No Loss","15","Nozzle height NG coming.","","","","","","Silicon accumulated on sensor glass so cleaned it after that ok.","","Electrical","","No","Neeraj,Subhash Sheoran","OK"
"June","08-06-2024 T02:20","Final Assy","Spot Block-2","3D-03","EEAT-077","C","BD with No Loss","10","Machine was hang","","","","","","Machine restart, after that OK","","Electrical","Communication","No","Subhash Sheoran","OK"
"June","08-06-2024 T02:30","Final Assy","Spot Block-2","Spot-02","EEAT-074","","BD with No Loss","30","Nozzle-1 N2 pipe broken","","","","","","Damaged portion cut & New ferule changed","","Mechanical","Part-Failure","No","Subhash Sheoran","OK"
"June","07-06-2024 T11:20","Mounting","MA6","BOARD FLIPPER + CLEANER","EETP-115","A","BD with No Loss","10","PCB Transfer error ","","","","","","Give offset in idler conv. from 0.00 to 1.00 then ok","","Mechanical","Process","No","Ujjawal,Jatinder Singh","OK"
"June","07-06-2024 T06:50","Mounting","MA5","Traverser with Pusher","EETP-085","","BD with No Loss","20","Conv. double feeding error coming","","","","","","PCB Confirmation sensor cleaning done then ok","","Both","Process","No","Ujjawal","OK"
"June","07-06-2024 T09:50","Final Assy","AB Sealer Block-01","PCB-Router-03","EEAT-012","","CM Entry","10","Bit come down","","","","","","Check machine found machine is on home position & On marking  ,Chuck collet also check found No loose,Finally bit change with new then ok","","Mechanical","Obsolete","No","Ujjawal","OK"
"June","08-06-2024 T06:30","Final Assy","Cell Sensor","Spray Sealer","EEAT-163","","BD with No Loss","7","Sealer miss on product  ISSBMU -R1","","","","","","Coat-1 width adjust from 9.20 to 10.10 then ok","","Both","Design","No","Ujjawal","OK"
"June","08-06-2024 T10:20","Final Assy","FA-WP2","Silicon All-round","EEAT-081","","BD with No Loss","10","Fault no.82 coming ","","","","","","Screw height check Ng Coming so found some PAN Jig was wear out ,So Now machine run in same condition (Error Reset)","","Mechanical","Wear","Yes","Ujjawal","OK"
"June","08-06-2024 T12:40","","","","","A","BD with No Loss","20","PCB in out push buttons not working,","","","","","","Check and found push button  side one wire broken,,Now m/c power off and broken wire soldering done after that m/c power on after that m/c origin then ok","","Electrical","Wear","No","Indrajit Behera","OK"
"June","08-06-2024 T10:30","Final Assy","FA-AB3","HT Chamber","EEAT-190","","BD with No Loss","10","Door not open problem coming,","","","","","","Check and found lock broken,,Finally door lock change with old spare after that ok","","Electrical","Wear","No","Indrajit Behera","OK"
"June","08-06-2024 T08:00","Final Assy","FA-AB1","FAL-AB-LT","EEAT-115","","BD with No Loss","10","Misjudgement  coming at step no-30","","","","","","Finally harness change with spare after that ok,OFF line harness all pin clean then ok master check found ,","","Electrical","Part-Failure","No","Indrajit Behera","OK"
"June","07-06-2024 T16:30","Final Assy","FA-WP4","FILTER ASSY","EEAT-200","B","CM Entry","15","Mashroom not up problem","","","","","","As per prd information Some times mashroom unit not up,So tea break time mashroom unit clean with WD-40, after that ok","","Both","Process","No","Mangal Ram Kanwar,Jaydev Mal,Mukesh","OK"
"June","07-06-2024 T14:53","Final Assy","Spot Block-2","Spot-02","EEAT-074","B","CM Entry","7","Nozzle id wrong error coming (DC1A)","","","","","","Star-tup time this problem coming,Found sensor no. 1600 extra on, so sensor clean, after that ok","","Both","Process","No","Mangal Ram Kanwar,Mukesh","OK"
"June","07-06-2024 T20:30","Final Assy","FA-NWP3","FAL2-ENG-RT","EEAT-127","B","BD with No Loss","10","Misjudgment coming in step no. 512, 712 (GD1B)","","","","","","During runing 4 times m.j. come,production box clean with Air by prd but same,So production box change with HT Tester, after that HT & RT Tester side ok master check ok found,,Now product run ok, ng product re-try also ok found","","Both","Part-Failure","No","Mangal Ram Kanwar","OK"
"June","07-06-2024 T16:40","Mounting","MA6","NPM-6","EETP-122","B","CM Entry","10","pickup section pallet number setting error coming","","","","","","Prd member take out pallet from supply position before supply ready lamp Glow,So after tray loading this error coming,,tary no. 16 plcaed manully at pickup,position, after that ok","","Mechanical","Human","No","Dalip Khajuria","OK"
"June","09-06-2024 T01:32","Final Assy","AB Sealer Block-02","","","C","BD with No Loss","10","machine not origin perform & bit broken error.","","","","","","Bit checked found ok.,Its bit detection sensor checked found off so cleaned  it after that ok.","","Electrical","","No","Neeraj","OK"
"June","09-06-2024 T02:35","Final Assy","FA-AB1","FAL-AB-LT","EEAT-115","C","BD with No Loss","-3","Miss-judgement coming in multiple step at YY8 model.","","","","","","Harness cleaned & its pin up coming so all pin level ]after that ok. ","","Electrical","Part-Failure","No","Neeraj","OK"
"June","09-06-2024 T06:00","Final Assy","FA-WP2","Silicon All-round","EEAT-081","A","CM Entry","480","Shutdown job plan activity ","","","","","","Area Sensor change with new,Area sensor mounting and alignment done,Area sensor wiring done ,Machine homing done ","","Electrical","Obsolete","No","Ujjawal,Jatinder Singh,Sandeep Dhama","OK"
"June","09-06-2024 T10:31","Mounting","AOI-9","AOI-09","EETP-154","G","TPM","89","","","","","","","MAchine Backup taken and BackUp SSD installed on the machine","","Electrical","","No","Anshul Gupta","OK"
"June","09-06-2024 T14:30","Final Assy","FA-WP2","Silicon All-round","EEAT-081","","CM Entry","150","Shutdown job plan activity  (X & Y Axis timing belt change)","","","","","","X & Y Axis  timing belt change with new ,Timing belt tension adjustment done,X & Y Both axis CALSET Done ,Calset execute done ,Machine homing done and Nozzle centering & Height also check found ok","","Electrical","Wear","No","Ujjawal","OK"
"June","09-06-2024 T09:00","Final Assy","FA-WP2","3W Gel-01","EEAT-111","G","CM Entry","450","Gel M/c Over hauling activity","","","","","","Spool change over valve change with spare, ,Dispenser unit Seal change done,Then assemble on M/c,  Then nozzle height adjust done.,Air releasing done, Then part check (YCA) found OK.","","Mechanical","Wear","No","Jaydev Mal","OK"
"June","09-06-2024 T00:12","","","","","C","CM Entry","1008","","","","","","","FA-03, WP, HT TESTER, VCS, AIR LEAK MC HDD BACKUP TAKEN,AFTER BACKUP ACTIVITY MASTER CHECK OK","","Both","Process","No","Mangal Ram Kanwar","OK"
"June","09-06-2024 T06:00","Final Assy","FA-AB2","","","A","CM Entry","360","Activity for H.D.D disk backup","","","","","","A/B -line all tester backup taken done, ,Before and After  ok master check   found OK,","","Electrical","Process","No","Indrajit Behera","OK"
"June","09-06-2024 T13:00","Final Assy","FA-AB3","","","","CM Entry","240","Activity for H.D.D disk backup","","","","","","A/B-3 line all tester H.D.D disk back up taken done ,","","Electrical","Process","No","Indrajit Behera","OK"
"June","10-06-2024 T08:30","Final Assy","Cell Sensor","","","","CM Entry","210","Activity for H.D.D disk backup ","","","","","","Cell sensor all tester backup taken done , , 1: Before and after ok master check found ok","","Electrical","Process","No","Indrajit Behera","OK"
"June","10-06-2024 T12:00","Final Assy","FA-AB1","","","","CM Entry","120","Activity for all tester & packaging jig H.D.D disk backup","","","","","","All tester & packaging jig H.D.D disk backup taken done,","","Electrical","","No","Indrajit Behera","OK"
"June","10-06-2024 T08:30","Final Assy","FA-WP2","3W Gel-01","EEAT-111","G","CM Entry","330","Shutdown Overhauling Activity ","","","","","","1.3W GEL Spool changeover valve overhauling done  for both valve,Wear out seal changed with new one","","Both","","No","Ujjawal,Jaydev Mal,Sandeep Dhama",""
"June","10-06-2024 T14:00","Final Assy","FA-WP2","Silicon Below","EEAT-080","","CM Entry","180","Activity for Cut mark issue-Silicon below","","","","","","Main dispenser stator unit changed with repaired dispenser,Nozzle centering & Nozzle height check after activity","","Both","","No","Jaydev Mal","OK"
"June","10-06-2024 T14:00","Final Assy","FA-WP2","Silicon Below","EEAT-080","","CM Entry","180","X-Y Axis timing belt changed","","","","","","X-Y Axis timing belt changed with new","","","","No","Ujjawal,Sandeep Dhama","OK"
"June","10-06-2024 T14:30","Final Assy","FA-WP3","3W Gel-03","EEAT-152","B","CM Entry","300","Gel main pump overhauling activity.","","","","","","its plunger rod wear out due to gel leakages .,Plunger rod & all seal changed with spare after that ok.","","Mechanical","","No","Neeraj,Sreekanth Sasi","OK"
"June","10-06-2024 T23:00","Final Assy","ENG Sealer Block-03","Spray Sealer","EEAT-226","C","CM Entry","240","machine backup activity as per shut down plan","","","","","","main TP backup taken, Ethernet unit backup taken, Driver-01, 02, 03, 04, 05, 06, 07, 08, 09, 11,12 backup taken, ,Handy TP backup not coming due to security screen coming, so try to manully enter password but not connected","","Electrical","Process","No","Mangal Ram Kanwar,Mukesh","OK"
"June","09-06-2024 T22:45","Final Assy","Spot Block-03","SPOT M/C","EEAT-214","C","CM Entry","930","Spot-3 Bath-1 overhauling on going","","","","","","Pump take out & all solder take out from bath-1,Pump bearing changed both one.","","Both","","No","Subhash Sheoran,Omvir","OK"
"June","11-06-2024 T06:00","Final Assy","FA-AB1","Packaging jig-01","EEAT-114","A","CM Entry","120","Activity For H.D.D disk backup taken","","","","","","Backup H.D.D disk taken done ,AS per plan,Before and after ok master check found ok,","","Electrical","Process","No","Indrajit Behera","OK"
"June","11-06-2024 T06:00","Final Assy","Spot Block-03","SPOT M/C","EEAT-214","A","CM Entry","480","Spot-3 Bath-1 overhauling done","","","","","","Machine power ON today 4:00 am by C-shift member.,Wave pump base plate assabbled.,All solder baar fill in the tank.,After temperature reach wave pump installed in bath.,Wave motor assembled with pump.,Other all accessories installed .,PRD installed the Nozzel & N2 cover.,Solder level done 13mm by prd & nozzle gape check its OK (116 & 119),Now machine under PED","","Both","","No","Subhash Sheoran,Omvir","OK"
"June","11-06-2024 T09:00","Final Assy","FA-WP2","","","A","CM Entry","90","Activity for H.D.D disk backup taken,","","","","","","LT-Tester, HT-Tester, RT-Tester  (DC1-V) Backup taken done , ,Before and after ok master check found ok,","","Electrical","Process","No","Indrajit Behera","OK"
"June","11-06-2024 T15:30","Final Assy","FA-WP2","Silicon Below","EEAT-080","G","CM Entry","60","","","","","","","After suction value change, Then this problem coming,Daily check prog. Sub-198 start point delay time increase from  540 to 600,YCA SUB no-121 ,Delay time change from 150 to 400","","Mechanical","Process","No","Jaydev Mal","OK"
"June","11-06-2024 T09:30","Final Assy","FA-NWP3","3W Gel-02","EEAT-123","G","CM Entry","240","Overhauling activity","","","","","","Dispenser unit all seal change done,Supply change valve change with repairied ,After that Air releasing done , Then DC1A & GP2A model check , found OK","","Mechanical","Process","No","Jaydev Mal,Indrajit Behera","OK"
"June","11-06-2024 T14:30","Final Assy","FA-WP3","Silicon All-round","EEAT-156","B","CM","390","Plunger pump overhauling activity .,Silicon leakages from plunger .","","","","","","Packing holder ,Packing ,O -ring ,Seal holder ,Veri seal ,Plunger Changed with spare new with one new set .,After overhauling checked Amount check weight found higher side was coming.,All parameter revert back who was changed on runing condition while pump leakaged .,Gain 1.30 to 1.18,1g stock F22 > -7.74 to -6.84,3g stock F26 >-6.85 to -6.84,After that 1g weight 1.00g & 3g weight 3.00g came (Picture attached ).","","Mechanical","Part-Failure","No","Neeraj,Sreekanth Sasi","NG"
"June","09-06-2024 T22:45","Final Assy","Spot Block-03","SPOT M/C","EEAT-214","C","TPM","435","Spot-3 machine Overhauling activity","","","","","","All cover take out from wave pump.,Mesh cover & center plate take out .,Wave pump servo motor disconnected from pump unit.,Wave servo motor fan disconnected.,Pump disassembled from bath side. ,Safety heater dip in solder & keep its safe position. ,Solder take out from bath.","","Both","","No","Subhash Sheoran,Mukesh","OK"
"June","10-06-2024 T06:15","Final Assy","Spot Block-03","SPOT M/C","EEAT-214","A","TPM","465","Machine overhauling activity(shutdown activity)","","","","","","Wave Pump bearing changed both one.,All solder take out from bath & cleaning done.,Wave pump all parts cleaning done.,Wave pump base plate cleaning done.","","Mechanical","","No","Subhash Sheoran,Omvir","OK"
"June","12-06-2024 T06:00","Mounting","MA6","REFLOW OVEN","EETP-124","A","TPM","660","Reflow overhauling activity","","","","","","Reflow overhauling activity continue,One upper blower take out and cleaning done,,M/C back side  flux collector 1 to 3 blower clean done and  re-install done,","","Both","","No","Indrajit Behera,Omvir","OK"
"June","12-06-2024 T09:00","Final Assy","FA-WP2","Silicon Below","EEAT-080","G","CM Entry","240","Silicon application prog. modify activity","","","","","","DC1U model , SUB-122, delay time change,Line no 11, Delay-> 200 to 360. Line no-50,  Delay-> 200 to 360,DC1V model , SUB-117, delay time change,Line no 11, Delay-> 100 to 330. Line no-43, Delay-> 100 to 330. After that weight coming 7.46 gm.,YL7 model , SUB-118, delay time change, Line no-13-> 400 to 520 After that weight coming 1.10 gm","","Mechanical","Process","No","Jaydev Mal","OK"
"June","12-06-2024 T14:00","Final Assy","FA-WP2","3W Gel-01","EEAT-111","G","PRD Support","30","PAN Jig check ing activity (Model - YCA)","","","","","","All PAN jig block change by PMG. Then part float ing check in M/c , Found OK. Spec Part 1-> 1000 & Part 2->1500,All PAN Jig check found OK.","","Mechanical","Process","No","Jaydev Mal","OK"
"June","12-06-2024 T14:30","Final Assy","FA-WP2","Silicon Below","EEAT-080","G","CM Entry","50","PAN Jig height checking activity (Model- YCA)","","","","","","All Jig check found OK. Data also attach ,Spec 1 to 5","","Mechanical","Process","No","Jaydev Mal","OK"
"June","12-06-2024 T15:30","Final Assy","FA-WP2","Silicon All-round","EEAT-081","G","CM Entry","60","PAN Jig check activity . (YCA)","","","","","","","","Mechanical","Process","No","Jaydev Mal","OK"
"June","12-06-2024 T07:00","Final Assy","FA-WP2","Falcon-II (DCIV) RT","EEAT-143A","G","TPM","630","Shutdown System check Activity","","","","","","FA-2 W.P-RT &HT-01 System check completed","","Electrical","","No","Ujjawal,Sandeep Dhama","OK"
"June","11-06-2024 T08:30","Final Assy","FA-WP2","Falcon-II (DCIV) RT","EEAT-143A","","TPM","660","Shutdown-System check activity","","","","","","FA-WP-2-LT, HT- Machine System check completed","","Electrical","","No","Sandeep Dhama","OK"
"June","12-06-2024 T15:15","Final Assy","FA-WP3","Silicon Below connector","EEAT-153","B","CM Entry","315","Supply valve and Main plunger pump overhauling activity .","","","","","","Supply valve changed with spare .,Plunger pump overhauling done .,After activity air released ,,Daily checked 1g weight = 1.01,3g weight =3.03","Every 6 month need to overhauling.","Mechanical","Part-Failure","No","Neeraj,Sreekanth Sasi","OK"
"June","12-06-2024 T06:00","Final Assy","Cell Sensor","Spray Sealer","EEAT-163","A","CM Entry","660","Sealer supply tube changed","","","","","","Nozzle-1 & Nozzle-2 sealer supply tube changed","","Mechanical","","No","Subhash Sheoran","OK"
"June","11-06-2024 T09:00","Final Assy","FA-WP2","Falcon-II (DCIV) LT","EEAT-142","A","CM Entry","300","Plan activity ","","","","","","","","Electrical","Process","No","Ujjawal,Sandeep Dhama","OK"
"June","11-06-2024 T09:00","Final Assy","FA-WP2","Falcon-II (DCIV) LT","EEAT-142","","CM Entry","300","","","","","","","","","Electrical","Process","No","Ujjawal","OK"
"June","11-06-2024 T14:30","Final Assy","FA-WP2","Falcon-II (DCIV) HT","EEAT-141","","CM Entry","260","","","","","","","","","Electrical","Process","No","Ujjawal","OK"
"June","12-06-2024 T06:15","Final Assy","FA-WP2","Falcon-II (DCIV) RT","EEAT-143A","","CM Entry","275","","","","","","","","","Electrical","Process","No","Ujjawal,Subhash Sheoran","OK"
"June","12-06-2024 T11:00","Final Assy","FA-WP2","Falcon-04","EEAT-050","","CM Entry","360","","","","","","","","","Electrical","Process","No","Ujjawal,Sandeep Dhama","OK"
"June","12-06-2024 T10:30","Final Assy","","","","G","Documentation","330","Final ASSy Calibration on going.","","","","","","ALL AB Lines (FA1,2,&3) & FA1 AC line Main Pressure gauge Calibration Done.,FA2 WP,FA3 WP & Cell Sensor Calibration Done.","","","","No","Dipshikha",""
"June","13-06-2024 T09:30","Final Assy","Cell Sensor","Spray Sealer","EEAT-163","G","CM Entry","210","Coat-2 sealer pipe dressing and both coat1 &2 solenoid valve replacing'","","","","","","Sealer pipe dressing properly done. After that nozzle rotate and checked. Found OK.,Coat -1 & 2 solenoid valve changed with new one.,Checking pending. Will be check on 16/06/2024.","","Mechanical","Wear","No","Neeraj,Sreekanth Sasi,Jaydev Mal","OK"
"June","13-06-2024 T06:00","Mounting","MA6","REFLOW OVEN","EETP-124","","TPM","660","Reflow machine overhauling activity,","","","","","","Reflow machine overhauling activity on going,","","Both","Wear","No","Indrajit Behera,Omvir","OK"
"June","13-06-2024 T10:30","Final Assy","","","","G","Documentation","390","Final Assy line calibration on going.","","","","","","Line-Spot Block 1,2 & 3 pressure gauge calibration done,Line-Sealer Block 1&2 pressure gauge calibration done,Line-ENG Sealer 1,2&3 pressure gauge calibration done,FA4 WP- pressure gauge calibration done","","","","No","Dipshikha","OK"
"June","13-06-2024 T06:10","Final Assy","FA-WP2","Falcon-02","EEAT-088","A","CM Entry","230","Plan activity ","","","","","","System check done ","","Electrical","Process","No","Ujjawal","OK"
"June","13-06-2024 T14:10","Final Assy","FA-WP3","HT Tester","EEAT-158","","CM Entry","170","System check activity ","","","","","","System check activity ongoing ","","Electrical","Process","No","Ujjawal,Sandeep Dhama","OK"
"June","14-06-2024 T09:30","Final Assy","FA-NWP3","3W Gel-02","EEAT-123","G","CM Entry","195","Inselector valve overhauling","","","","","","Both inselector valve cleaning done.,Vari-seal changed with new.","","","","No","Sreekanth Sasi,Jaydev Mal,Dipshikha","OK"
"June","13-06-2024 T06:00","Final Assy","Spot Block-2","Spot-02","EEAT-074","A","CM Entry","480","Spot-2 shutdown job activity","","","","","","Fluxer-1 & Fluxer-2 solenoid valve change on going.,Machine lay out changed with PED :- PCB Router, Air blowing, Screw driver .","","Pneumatic","","No","Subhash Sheoran","OK"
"June","14-06-2024 T06:00","Final Assy","Spot Block-2","Spot-02","EEAT-074","","CM Entry","240","Spot-2 shutdown activity","","","","","","Fluxer-1 & Fluxer-2 Solenoid valve changed","","Pneumatic","","No","Ujjawal,Subhash Sheoran","OK"
"June","14-06-2024 T10:30","Final Assy","Spot Block-2","Spot-02","EEAT-074","","CM Entry","210","Shutdown job activity","","","","","","Fluxer -1 Flux supply, Atomization pipe, Air supply tube cleaned . ,All pipe dressing done.","","Pneumatic","","No","Subhash Sheoran","OK"
"June","14-06-2024 T08:32","Final Assy","FA-WP2","Silicon All-round","EEAT-081","G","CM Entry","208","All safety signal controlled from New controller activity.","","","","","","Safety signal all connection connect in new area sensor controller .,After completed wiring checked working -ok.,Old safety relay (SRB-C.48e-24v) removed from machine.,After compete checking dressing done of All wiring with new controller.","Area sensor & controller type changed.","Electrical","Obsolete","No","Neeraj","OK"
"June","14-06-2024 T12:00","Final Assy","FA-WP2","Silicon Below","EEAT-080","G","CM Entry","60","Safety relay changed activity.","","","","","","Safety relay changed with silicon All safety relay.,Its wiring done according to drawing.,Checked working -ok.","Now changed with silicon all safety relay ,Further Its type will changed.","Electrical","Part-Failure","No","Neeraj","OK"
"June","14-06-2024 T06:00","Mounting","MA6","REFLOW OVEN","EETP-124","A","TPM","660","Reflow oven overhauling activity","","","","","","Reflow overhauling activity done,M/C power ON ok,O2  green light coming done,PRD profile check found ok, both side lane-1 & 2,PRD daily check found ok","","Both","Wear","No","Indrajit Behera,Omvir","OK"
"June","16-06-2024 T06:00","Final Assy","FA-AB1","FAL-AB-RT1","EEAT-118","A","CM Entry","30","Application not open.","","","","","","HDD take out & re insert again after that OK","","Electrical","","No","Subhash Sheoran,Mangal Ram Kanwar","OK"
"June","16-06-2024 T06:35","Final Assy","FA-WP4","SILICON BELOW CONNECTOR","EEAT-202","","CM Entry","10","Nozzle centering N.G","","","","","","Nozzle cleaned after that OK","","Mechanical","","No","Subhash Sheoran","OK"
"June","16-06-2024 T06:45","Final Assy","FA-WP4","ROOM TEMPERATURE TESTER","EEAT-207","","CM Entry","15","One extra step N.G coming in N.G Master","","","","","","Cleaned the production box after that OK","","Electrical","Communication","No","Subhash Sheoran","OK"
"June","16-06-2024 T07:00","Final Assy","FA-WP4","AIR LEACK CHECK","EEAT-209","","CM Entry","10","Daily check NG coming.","","","","","","Offset adjusted A or B pressure after that OK","","Pneumatic","","No","Subhash Sheoran","OK"
"June","16-06-2024 T07:20","Final Assy","FA-NWP3","Spray Sealer M/C","EEAT-027","","CM Entry","80","Exhaust sensor fault coming","","","","","","Check the exhaust flow found NG(-240), its spec. blow 50. ,Exhaust duct check its chocked so cleaned but result is same.,Exhaust sensor cleaned but its same.,Finally circuit check & found its CR7 was faulty.,(MY4N-D2  24VDC) Relay changed with new one, after that ok.","","Electrical","Part-Failure","No","Subhash Sheoran,Mangal Ram Kanwar","OK"
"June","13-06-2024 T06:10","Final Assy","FA-WP2","Falcon-04","EEAT-050","A","CM Entry","290","System check activity ","","","","","","System check done as per plan","","Electrical","Process","No","Ujjawal","OK"
"June","13-06-2024 T11:30","Final Assy","FA-WP3","HT Tester","EEAT-158","","CM Entry","330","System check activity ","","","","","","System check ongoing as per plan","","Electrical","Process","No","Ujjawal,Sandeep Dhama","OK"
"June","14-06-2024 T06:10","Final Assy","FA-WP3","HT Tester","EEAT-158","","CM Entry","290","System check activity ","","","","","","System check done  as per plan ","","Electrical","Process","No","Ujjawal","OK"
"June","14-06-2024 T11:20","Final Assy","FA-WP3","VCS","EEAT-159","","CM Entry","60","System check activity","","","","","","System check done as per plan ","","Electrical","Process","No","Ujjawal","OK"
"June","16-06-2024 T08:50","Final Assy","ENG Sealer Block-03","Spray Sealer","EEAT-226","","CM Entry","10","Master not ON ","","","","","","Check & found door switch not on,Adjust the nozzle-2 door switch after that OK","","Both","Communication","No","Subhash Sheoran","OK"
"June","16-06-2024 T09:30","Final Assy","ENG Sealer Block-03","Spray Sealer","EEAT-226","","CM Entry","30","Sealer solution not coming after thinner to sealer rotation by prd.","","","","","","Nozzle-1 & Nozzle-2 chip was chocked.,Both chip open & cleaned after that OK","","Mechanical","","No","Subhash Sheoran,Mangal Ram Kanwar","OK"
"June","16-06-2024 T10:00","Final Assy","ENG Sealer Block-03","Spray Sealer","EEAT-226","A","CM Entry","60","Nozzle-1 & Nozzle-2 chip was chocked","","","","","","Both chip take out & cleaned 3 time after that OK.,Problem coming after thinner to sealer rotation by prd.","","Mechanical","","No","Subhash Sheoran,Mangal Ram Kanwar","OK"
"June","16-06-2024 T20:00","Final Assy","FA-WP3","3W Gel-03","EEAT-152","B","CM Entry","45","Door shock absorber not working ,","","","","","","Total 3 ,shock absorber changed with spare after that ok.","","Mechanical","Part-Failure","No","Neeraj,Sreekanth Sasi","OK"
"June","16-06-2024 T20:46","Final Assy","FA-WP3","Silicon Below connector","EEAT-153","","CM Entry","44","Shock absober not working.","","","","","","Total 4, Shock absorber changed with spare after that ok.","","Mechanical","Part-Failure","No","Neeraj","OK"
"June","16-06-2024 T21:30","Final Assy","FA-WP3","Silicon All-round","EEAT-156","","CM Entry","45","Door shock absorber not working.","","","","","","","","Mechanical","Part-Failure","No","Neeraj","OK"
"June","11-06-2024 T23:00","Final Assy","","","","C","CM Entry","300","HDD backup activity as per plan","","","","","","HDD backup taken:---1. FA-03, NWP, FAL-LT TESTER EEAT-125, HT TESTER, EEAT-126, RT TESTER EEAT-127, AIR LEAK EEAT-180, FLASH WRITTING EEAT-174,  VCS EEAT-179,  After backup activity ok , ng master check ok found","","Both","Process","No","Mangal Ram Kanwar,Mukesh","OK"
"June","13-06-2024 T15:00","Final Assy","","","","B","CM Entry","360","HDD backup activity as per plan","","","","","","HDD BACKUP TAKEN, A/B SEALER BLOCK-01, FLASH WRITTING-EEAT-113, PCB ROUTER EEAT-012, ,A/B SELAER BLOCK-02, FLASH WRITTING EEAT-183, PCB ROUTER EEAT-182,ENG SELAER BLOCK-02, FLASH WRITTING EEAT-211, AFTER BACKUP ACTIVITY OK, NG MASTER CHECK FOUND OK","","Both","Process","No","Mangal Ram Kanwar","OK"
"June","17-06-2024 T06:15","Final Assy","AB Sealer Block-01","","","A","CM Entry","15","Daily check Nozzle pressure NG","","","","","","Check & found its chemical exchange valve was open. ,Close the valve & spray adjust with nozzle after that OK","","Pneumatic","Human","No","Subhash Sheoran,Dalip Khajuria","OK"
"June","17-06-2024 T07:50","Final Assy","ENG Sealer Block-01","Spray Sealer M/C","EEAT-069","A","CM Entry","10","Daily check NG","","","","","","Check & found its sealer exchange valve was open,Valve close & spray adjust from nozzle after that OK","","Pneumatic","Human","No","Subhash Sheoran,Dalip Khajuria","OK"
"June","17-06-2024 T08:50","Final Assy","Cell Sensor","MRC-04","EEAT-029","A","CM Entry","15","XY-table Joystick not working ","","","","","","Check & found joystick two wire broken.,Wire crimping & connected its properly, after that OK","","Electrical","Part-Failure","No","Subhash Sheoran,Dalip Khajuria","OK"
"June","14-06-2024 T16:00","Final Assy","Spot Block-2","Spot-02","EEAT-074","B","CM Entry","25","Fire extinguisher alarm coming","","","","","","Daily check time Fire extinguisher alarm coming,found fire extinguisher main breaker off condition,So main breaker manually on done, after that this fault reset,but machine not origin,Found  Loading conveyer side sensor no. 809 output on without pallet ,So this sensor 809 cleaning done & Robot varifation done, after that ok","","Both","Process","No","Mangal Ram Kanwar","OK"
"June","17-06-2024 T11:00","Mounting","AOI-5","3D-05","EETP-070","A","CM Entry","10","Machine hang","","","","","","Machine restart, after that OK","","Electrical","Communication","No","Subhash Sheoran,Dalip Khajuria","OK"
"June","17-06-2024 T13:20","Mounting","MA7","DUAL LANE QR CODE READING CONVEYOR","EETP-147","A","CM Entry","10","Scan error coming in LANE-1","","","","","","Check & found bottom scanner mounting loose so tightened.","","Mechanical","Communication","No","Subhash Sheoran","OK"
"June","17-06-2024 T12:00","Final Assy","FA-AB3","Packaging Jig-03","EEAT-188","","CM Entry","10","Connector check cylinder forward speed is high","","","","","","Cylinder forward speed adjusted.","","Pneumatic","Part-Failure","No","Subhash Sheoran","OK"
"June","17-06-2024 T12:20","Final Assy","FA-AB3","HT Chamber","EEAT-190","A","CM Entry","10","Upper door lock was not working properly.","","","","","","Door lock replaced with bottom row, after that OK","","Mechanical","Part-Failure","No","Subhash Sheoran","OK"
"June","17-06-2024 T10:30","Final Assy","Spot Block-2","Spot-02","EEAT-074","A","CM Entry","10","Discharge pallet board not arrived.","","","","","","Sensor no.1200 cleaned after that ok","","Electrical","Part-Failure","No","Subhash Sheoran,Jaydev Mal,Dalip Khajuria","OK"
"June","17-06-2024 T11:40","Mounting","MA5","SPI","EETP-077","","CM Entry","10","PCB transfer error coming.","","","","","","PCB take out & check its belt condition is ok, run the production.","","Mechanical","Communication","No","Subhash Sheoran,Anshul Gupta","OK"
"June","17-06-2024 T14:30","","","","","B","CM Entry","70","PCB Recog error coming ","","","","","","PCB Manual pass in another machine ,Place one pcb on location after that machine run ok ","","Mechanical","Human","No","Gagandeep","OK"
"June","17-06-2024 T15:30","Mounting","AOI-5","3D-05","EETP-070","","CM Entry","10","PCB Line in error coming ","","","","","","Aoi card was come out from belt so card take out after that machine run ok ","","Mechanical","Design","No","Gagandeep","OK"
"June","17-06-2024 T15:50","Final Assy","Spot Block-2","Screw driver-02","EEAT-032","","CM Entry","10","OK Buzzer not come ","","","","","","Wong screw driver connection ,So connection done after that machine run ok ","","Mechanical","Design","No","Gagandeep","OK"
"June","17-06-2024 T16:20","Mounting","MA4","YS Loader ","EETP-051","","CM Entry","10","Pusher function error coming ","","","","","","PHS202 Was dirty so sensor clean after that ok ","","","","No","Gagandeep","OK"
"June","17-06-2024 T14:45","Final Assy","","","","B","PED Support","120","Abnormal spray coming on coat-2 < CBMU Sealer>","","","","","","Repaired nozzle changed and check. Found  spray was ok in dummy. ,So one product make and check but splashes coming on the product. ,So original nozzle cleaning done and again assembled. Then checked the dummy found ok. ,So product making by PRD found some area less sealer coming. So modified by the program. After that OK. ","","Mechanical","","No","Neeraj,Sreekanth Sasi,Jaydev Mal","OK"
"June","18-06-2024 T04:00","Mounting","MA4","OC-1","EETP-054","C","BD with No Loss","10","Card stuck problem coming,","","","","","","Card manually take out and  conveyor belt check found movable side belt damaged,,Finally movable side conveyor belt change with new spare after that ok,","","Mechanical","Wear","No","Indrajit Behera","OK"
"June","18-06-2024 T04:00","Final Assy","Spot Block-2","3D-03","EEAT-077","","BD with No Loss","10","M/C not run in auto start ,Communication error coming,","","","","","","Application close/open but same ,Finally power OFF/ON after that m/c origin then m/c run ok,","","Electrical","Communication","No","Indrajit Behera","OK"
"June","13-06-2024 T08:30","Mounting","MA3","CM212-1","EETP-037","G","CM Entry","240","Head maintenance activity","","","","","","Head maintenance done","","Both","Process","No","Jatinder Singh,Dalip Khajuria","OK"
"June","13-06-2024 T12:30","Mounting","MA3","CM212-2","EETP-038","","CM Entry","240","Head maintenance activity","","","","","","Head maintenance done","","Both","Process","No","Jatinder Singh","OK"
"June","13-06-2024 T13:30","Mounting","MA3","CM212-3","EETP-039","","CM Entry","240","Head maintenance activity","","","","","","Head maintenance done","","Both","Process","No","Jatinder Singh","OK"
"June","14-06-2024 T13:30","Mounting","MA2","CM212-1","EETP-014","","CM Entry","240","Head maintenance activity","","","","","","Head maintenance done","","","Process","No","Jatinder Singh","OK"
"June","14-06-2024 T08:30","Mounting","MA2","CM212-2","EETP-015","","CM Entry","240","","","","","","","Head maintenance done","","Both","Process","No","Jatinder Singh","OK"
"June","14-06-2024 T12:30","Mounting","MA2","CM212-3","EETP-016","","CM Entry","240","Head maintenance activity","","","","","","Head maintenance done","","Both","Process","No","Jatinder Singh","OK"
"June","14-06-2024 T13:30","Mounting","MA2","CM212-2","EETP-015","","CM Entry","240","Head maintenance activity","","","","","","Head maintenance done","","Both","Process","No","Jatinder Singh","OK"
"June","17-06-2024 T10:00","Final Assy","FA-AC1","","","A","CM Entry","15","Quality confirm fault (fault no. 122) coming","","","","","","Quality confirm fault (fault no. 122) coming,So try to fault reset by prd but ng,Counter value reset but ng,Finally found Quality confirm SV-0 found , so set value 999 enter , after that ok","","Electrical","Human","No","Mangal Ram Kanwar","OK"
"June","17-06-2024 T11:00","Mounting","AOI-6","PCB Scanner","EETP-088","A","BD with No Loss","10","Scanning error coming  (bottom side) iss bmu  model","","","","","","model change over Scanning error coming (bottom side) iss bmu model,Scanner position shift found  (x axis), so machine homing & auto run start but ng,So finally scanner position manually move in X-axis, after that ok","","Both","Process","No","Mangal Ram Kanwar","OK"
"June","17-08-2024 T06:35","Final Assy","Cell Sensor","Flash writing (C/S)","EEAT-161","A","CM Entry","10","10 key Board not working","","","","","","During runing 10 key Board not working,Application close/open , 10  key Board re-connect but ng,So finally key Board changed with spare , after that ok","","Both","Process","No","Mangal Ram Kanwar","OK"
"June","17-06-2024 T15:15","Final Assy","","","","B","BD with No Loss","300","Dummy NG coming in CBMU sealer ,Sealer missing issue was coming.","","","","","","Nozzle changed with spare repair but dummy NG coming ,,Its original Nozzle checked found dry sealer available so nozzle cleaned &lubrication done after that checked found dummy ok.,R2 side program modify for sealer missing issue as per PED .,Product checked ok.","","Mechanical","Part-Failure","No","Neeraj,Sreekanth Sasi","OK"
"June","17-06-2024 T21:00","Final Assy","","","","B","PED Support","60","Vacuum NG coming in CBMU packaging.","","","","","","Screw pick position teaching done ,Value available in attachment picture.,Also vacuum solenoid valve P2 set value changed .-0.83 to -0.94 after that ok.","","Mechanical","Design","No","Neeraj,Sreekanth Sasi,Gagandeep","OK"
"June","18-06-2024 T17:10","Final Assy","FA-AB2","Packaging Jig-02","EEAT-131","B","BD with No Loss","10","Fault no 4 coming ","","","","","","Cylinder rod was disturb so orientation change after that ok","","Mechanical","Design","No","Gagandeep",""
"June","18-06-2024 T20:10","Final Assy","Spot Block-2","3D-03","EEAT-077","","BD with No Loss","15","Data not transfer ","","","","","","Machine restart and lan cable reconnect ","","Electrical","Communication","No","Neeraj,Gagandeep",""
"June","18-06-2024 T18:15","Final Assy","Spot Block-2","3D-03","EEAT-077","","BD with No Loss","15","Step no  792 n.g coming ","","","","","","Production box clean after that ok ","","Electrical","","No","Gagandeep",""
"June","18-06-2024 T16:15","Final Assy","FA-WP2","Filter Assembly (YCA)","EEAT-138","","BD with No Loss","15","Load value n.g coming ","","","","","","Ball screw mounting bolt was loose so tight after that ok ","","Electrical","","No","Gagandeep",""
"June","18-06-2024 T20:15","Final Assy","Cell Sensor","Spray Sealer","EEAT-163","B","CM Entry","45","Coat-2 nozzle excess sealer coming","","","","","","Nozzle open and cleaning with thinner,After that lubrication done and assembled.","Nozzle cleaning frequency will be 1/3 M and will be added on the PM check sheet.  ","Mechanical","Process","No","Neeraj,Sreekanth Sasi,Gagandeep",""
"June","18-06-2024 T16:15","Mounting","Laser Line-2","Laser Marking + Cleaner","EETP-099","","BD with No Loss","15","QR Reading fault coming ","","","","","","Camera clean but same,Machin restart after that ok ","","Electrical","","No","Gagandeep",""
"June","18-06-2024 T18:10","Mounting","MA2","CM212-3","EETP-016","","BD with No Loss","10","Theta 2 encoder disconnection error coming ","","","","","","Machine restart after that machine run ok","","Electrical","","No","Gagandeep",""
"June","19-06-2024 T05:20","Mounting","MA5","SPI","EETP-077","C","BD with No Loss","20","PCB Clamp error coming in ISS-BMU Model","","","","","","Clamp unit cleaning done then ok","","Mechanical","Process","No","Jatinder Singh,Sandeep Dhama,Omvir","OK"
"June","19-06-2024 T03:30","Final Assy","Spot Block-2","AOI-03","EEAT-076","C","BD with No Loss","20","M/C not run in Auto start,,Application hang issue problem coming,","","","","","","Finally m/c power OFF/ON after that m/c origin then m/c run ok,","","Electrical","Communication","No","Indrajit Behera","OK"
"June","19-06-2024 T12:00","Final Assy","Spot Block-2","Screw driver-02","EEAT-032","","BD with No Loss","20","Screw not coming,","","","","","","Finally stuck screw take out and damage tube cutting after that screw coming ok,","","Electrical","Wear","No","Indrajit Behera","OK"
"June","17-06-2024 T10:00","Meter Assy","","","","A","CM Entry","20","M-2 LINE, LCD ASSY (YL7 HI) , Daily check time Pokayoke not working","","","","","","Daily check time Pokayoke not working,As per prd information assy window & dail window side scanning data showing  & its ng condition,,Master & product check same issue coming & counter data also mismatch,Sensor & counter side wiring check ok found,Finally found main jig side wrong connector used, so correct connector used , after that ok","","Both","Human","No","Mangal Ram Kanwar","OK"
"June","18-06-2024 T06:15","Final Assy","FA-WP2","Air leak-01","EEAT-083","A","CM Entry","10","Flow rate ng coming (YCA)","","","","","","Daily check time Flow rate ng coming (YCA),Flow rate value out of range 3.29 l/m coming, (limit 2.75 to 3.29) so adjustment from speed controller, speed controller lock nut peroperly tight done, now ok,Jig matching error also coming, so part no. laoding done, after that ok","","Both","Process","No","Mangal Ram Kanwar","OK"
"June","17-06-2024 T12:35","Mounting","AOI-08","PCB SCANNER","EETP-129","A","CM Entry","30","Scan Error Coming (ISS-BMU-R2) (Recipe No. 368)","","","","","","PED change scanner coordinate of X-axis from 128 to 153.,After that-OK.","","Both","Human","No","Anshul Gupta,Dalip Khajuria","OK"
"June","18-06-2024 T06:25","Final Assy","FA-WP2","Air leak-02","EEAT-082","A","CM Entry","10","Master not set in the jig (YCA)","","","","","","During daily check time Master not set in the jig (YCA),Found lower jig side guide pin Alignment Disturb, so alignment done, after that master check ok","request to prd During model change over time properly jig change","Mechanical","Process","No","Mangal Ram Kanwar","OK"
"June","18-06-2024 T13:10","Final Assy","FA-WP3","VCS","EEAT-159","A","CM Entry","15","Step no. 14 , 17 misjudgment coming (YCA)","","","","","","During runing Step no. 14 , 17 misjudgment coming (YCA),Prd tea break time harness take out from line,Check all pin dirty, so all pin change with spare new (QTY-05), After that ok master & product run okj","","Both","Part-Failure","No","Mangal Ram Kanwar","OK"
"June","18-06-2024 T06:30","Mounting","MA7","FLIPPER+CLEANER","EETP-139","A","CM Entry","30","Dust collector pressure value ng showing","","","","","","Prd report that dust collector pressure value ng showing in pressure gauge (HHH),Finally vaccum flow adjust from speed controller, after that ok","","Pneumatic","","No","Dalip Khajuria,Dipshikha","OK"
"June","18-06-2024 T13:00","Final Assy","FA-1 CBMU","Automatic Screw Tightening machine","EEAT-236","A","CM Entry","10","Screw not coming to pick-up position (CBMU)","","","","","","During runing time screw not coming to  pickup position,,Rail guide plate height adjustment done, then ok","","Mechanical","Design","No","Jaydev Mal",""
"June","19-06-2024 T06:20","Final Assy","FA-WP4","LO-HI SCREENING MACHINE","EEAT-199","A","CM Entry","10","Fitting no. of check over fault coming (fault code-259)","","","","","","During daily check time Fitting no. of check over fault coming (fault code-259),so this counter reset done, (SV-5000), Now ok","","Electrical","Design","No","Mangal Ram Kanwar","OK"
"June","19-06-2024 T17:30","Final Assy","","","","B","Documentation","120","PM job load activity","","","","","","PM job load activity completed in all cell block line machines. 				","","","","No","Sreekanth Sasi",""
"June","12-06-2024 T08:30","Mounting","MA4","NPM-04","EETP-056","G","CM Entry","510","Theta belt change activity","","","","","","Front (8 Head) & Rear (12 Head) Theta belt Changed with maker","Theta belt changed","Mechanical","Wear","No","Jatinder Singh,Dalip Khajuria","OK"
"June","13-06-2024 T08:30","Mounting","MA4","NPM-06","EETP-057","","CM Entry","270","Theta Belt change activity","","","","","","Front (8 Head) theta belt changed","Theta belt changed","Mechanical","Wear","No","Jatinder Singh","OK"
"June","20-06-2024 T00:00","Final Assy","FA-NWP3","FAL2-ENG-RT","EEAT-127","","CM Entry","120","ACTIVITY FOR P.BOX PM","","","","","","Production box pm done, As per pm plan,Ok master check found ok,","","Electrical","Wear","No","Indrajit Behera,Mukesh","OK"
"June","20-06-2024 T03:00","Final Assy","FA-NWP3","FAL2-ENG-HT","EEAT-126","C","CM Entry","120","Production box pm activity","","","","","","Production pm done, As per pm plan,OK master check found ok,","","Electrical","Wear","No","Indrajit Behera","OK"
"June","20-06-2024 T04:00","Final Assy","FA-NWP3","VCS","EEAT-179","C","CM Entry","30","Activity for harness pm","","","","","","Harness pm done ,As per pm plan,OK master check found ok ,","","Electrical","Wear","No","Indrajit Behera","OK"
"June","19-06-2024 T06:30","Final Assy","Spot Block-1","3D-04","EEAT-028","A","CM Entry","10","IC Lead point Image not clear","","","","","","As per prd information IC Lead properly not visible,  & other component clear visible , so camera Glass cleaning done, after that ok","","Mechanical","Process","No","Mangal Ram Kanwar","OK"
"June","18-06-2024 T10:30","Mounting","AOI-5","3D-05","EETP-070","A","CM Entry","30","Camera not switch problem","","","","","","Camera USB-HUB Changed with New.,After that-OK.","","Electrical","Part-Failure","No","Anshul Gupta,Dalip Khajuria","OK"
"June","19-06-2024 T09:20","Final Assy","FA-AB3","DNHA-AB3-RT-01","EEAT-192","A","CM Entry","10","Scanner not working (YTA) problem","","","","","","During runing Scanner not working (YTA) problem,Try to application close / open but ng, ,Finally machine re-start done, after that ok","","Electrical","Communication","No","Mangal Ram Kanwar","OK"
"June","19-06-2024 T11:54","Mounting","MA2","3D#1","EETP-030","A","CM Entry","10","Pcb id data not transfer ","","","","","","During runing pcb id data not transfer,Machine re-start done, after that ok","","Electrical","Communication","No","Mangal Ram Kanwar","OK"
"June","19-06-2024 T10:20","Mounting","AOI-6","PCB Scanner","EETP-088","A","CM Entry","40","Stopper cylinder change activity for pcb  scanning problem","","","","","","Stopper cylinder change with spare new one, after that working ok","","Mechanical","Process","No","Jaydev Mal,Dalip Khajuria","OK"
"June","19-06-2024 T06:15","Final Assy","FA-WP3","Silicon Below connector","EEAT-153","A","CM Entry","10","Nozzle centring ng problem come","","","","","","Nozzle centring ng problem come,So nozzle take out , cleaning & re-installed done, after that ok","","Mechanical","Process","No","Dalip Khajuria","OK"
"June","20-06-2024 T23:00","Mounting","MA3","Reflow Oven","EETP-041","C","CM Entry","20","Zone-6 lower temperature Trouble coming  ,Zone -6 lower blower temperature higher side coming, ","","","","","","Finally (CR-13) Relay of zone -5 lower change with new after tht ok ","","Electrical","Communication","No","Indrajit Behera,Mukesh","OK"
"June","20-06-2024 T23:00","Mounting","MA5","SPG","EETP-075","","BD with No Loss","20","Communication error coming after PRD break ,","","","","","","Error reset and board flipper conveyor side pcb take out and try to m/c run ,But m/c not running,Finally one time m/c restart after that m/c run ok,","","Electrical","Communication","No","Indrajit Behera","OK"
"June","21-06-2024 T02:30","Mounting","MA2","","","","BD with No Loss","60","Colling water trouble error coming,","","","","","","Chiller unit side water level signal sensor clean. Then error Reset. After that-NG.,Water flow value lower side coming, So adjust from valve after that ok ","","Electrical","Wear","No","Indrajit Behera","OK"
"June","21-06-2024 T01:00","RTS Assy.","RTS-1","Resistance Check Machine","RTS-103","C","CM","15","Connector change activity ","","","","","","Connector change done ,As plan,OK & NG master check found ok,","","Electrical","Wear","No","Indrajit Behera,Mukesh","OK"
"June","21-06-2024 T01:15","RTS Assy.","RTS-2","","","C","CM","15","Connector change activity ","","","","","","Connector change done, As per plan,OK & NG master check found ok,","","Electrical","Wear","No","Indrajit Behera","OK"
"June","21-06-2024 T01:30","RTS Assy.","RTS-1","Resistance Check Machine","RTS-103","C","CM Entry","30","","","","","","","Master box wire connection check found ok, No any abnormal found,,OK & NG master check found ok,","","Electrical","Part-Failure","No","Indrajit Behera","OK"
"June","21-06-2024 T00:00","Mounting","MA2","CM212-2","EETP-015","","CM Entry","60","Activity for Emboss cutting not working ,","","","","","","Feeder gang take out and left side limit switch postion found ok,,Cutter unit take out and check found component stuck in cutter movement area,Finally cutter unit cleaning done ,After that feeder unit install done,Then manually feeder unit install confirn  check found ok ,Now under observation ,","","Both","Wear","No","Indrajit Behera","OK"
"June","21-06-2024 T04:10","Mounting","MA5","Dual Lane Conveyor with Cooling Fan and QR","EETP-084","C","BD with No Loss","10","Card stuck problem coming,(ISS-BMU)","","","","","","Check and found card stuck in inlet conveyor side,Manually pcb take out belt take out and clean then install after that m/c origin after that m/c run ok ","","Electrical","Process","No","Indrajit Behera","OK"
"June","20-06-2024 T23:00","Final Assy","","","","C","CM Entry","390","Shot End point NG coming (Dummy also NG Coming End point)","","","","","","Both sealer line filter clean ,Coat-1 original nozzle clean & installed,Nozzle Pressure Also adjust in spec.,Finally Coat-1 nozzle side speed controller add in air circuit after that ok","","Mechanical","Process","No","Jatinder Singh,Sandeep Dhama,Omvir","OK"
"June","20-06-2024 T07:10","Mounting","MA3","Reflow Oven","EETP-041","A","BD with No Loss","10","Zone-6 Lower temperature exceed out of Range error","","","","","","Error Reset and Run machine.","","Electrical","","No","Anshul Gupta,Jaydev Mal,Dalip Khajuria","OK"
"June","20-06-2024 T12:00","Final Assy","AB Sealer Block-02","","","A","BD with No Loss","60","OK master fail at step No. 15 (All ECU-YTA)","","","","","","Machine Restart-NG,Probe Holder Reconnected-NG,All Probe pins changed with New-OK","","Electrical","Part-Failure","No","Dalip Khajuria","OK"
"June","20-06-2024 T12:45","Mounting","MA5","Reflow Oven","EETP-083","A","BD with No Loss","15","Electric Sparking in UPS, RS-232 Cable side.","","","","","","RS-232 cable Connector Side, Insulation tape paste on ground  wire","","Electrical","Wear","No","Anshul Gupta,Mangal Ram Kanwar","OK"
"June","08-06-2024 T15:00","Final Assy","ENG Sealer Block-03","MRC","EEAT-219","B","BD with No Loss","15","Touch panel Mounting Bolt Come out.","","","","","","Cover open and Bolt tight properly.","","Mechanical","Wear","No","Dalip Khajuria","OK"
"June","20-06-2024 T16:00","Final Assy","Cell Sensor","Spray Sealer","EEAT-163","B","BD with No Loss","180","Sealer coming on prohibited area in R1 Side (As per drawing A & B area) R1 side ISS BMU.,Also sealer missing on some component.,Sealer splashing coming on Coating -1 dummy .","","","","","","Nozzle & Chip  changed with spare new after that dummy checked ok.,Product Checked sealer splashing issue resolved but sealer coming on prohibited area & sealer missing was coming.,R1 side program modified after that one hour running ok but again problem coming.,Program modified .,Dummy checked -NG.,Solenoid changed with CBMU R2 side Nozzle after that checked  dummy -NG.,Its original nozzle repaired & Installed .,Speed controller added in R1 side air tube after that dummy ok.","","Both","Design","No","Neeraj",""
"June","21-06-2024 T15:00","Final Assy","Cell Sensor","Spray Sealer","EEAT-163","B","CM Entry","230","Offline program modified for Pallet modify <R1 ISS BMU>.","","","","","","Three trial program made ,Checked pending ,Line availability in C-shift.","","Electrical","","No","Neeraj,Ashish Gupta",""
"June","21-06-2024 T16:10","Final Assy","Cell Sensor","Spray Sealer","EEAT-163","B","BD with No Loss","10","Sealer was coming in prohibited area R1 side of ISS BMU.","","","","","","1mm short shift in Right side after that ok.","","Electrical","","No","Neeraj","OK"
"June","22-06-2024 T01:00","Final Assy","Cell Sensor","Spray Sealer","EEAT-163","C","CM Entry","300","Sealer program modification for sealer miss and extra ","","","","","","Trial T-1 program found almost OK,T-1 could  Run with after little bit fine tuning.  ,Trial T-2 Program found Sealer missing.,T-2 program 4 to 5 time trying to teaching but sealer still missing.,T-2 program can not run due to horizontal short and cutting pallet between gap is  not  sufficient. ,Finally Original program revert back done and one pallet run found ok.","","Both","Design","No","Ujjawal,Sandeep Dhama","OK"
"June","21-06-2024 T07:40","Mounting","Laser Line-1","Laser Marking + Cleaner","EETP-046","A","BD with No Loss","10","QR-mark shifting problem coming.","","","","","","XY table belt clean-NG,XY table Alignment setting OFF. After that-OK.","","Electrical","","No","Anshul Gupta,Dalip Khajuria","OK"
"June","21-06-2024 T09:00","Mounting","MA6","NPM-5","EETP-137","A","BD with No Loss","5","PCB positioning error coming.","","","","","","PCB confirm and Run machine found-OK.","","Electrical","Communication","No","Dalip Khajuria","OK"
"June","21-06-2024 T08:50","Mounting","AOI-9","MULTIPLE MAGAZINE UNLOADER","EETP-157","A","BD with No Loss","10","Lifter waiting for magazine showing.","","","","","","Stocker was present on lifter, still this message coming,Machine stop and then run in auto mode.","","Electrical","Design","No","Dalip Khajuria","OK"
"June","21-06-2024 T08:00","Mounting","AOI-9","MULTIPLE MAGAZINE UNLOADER","EETP-157","A","BD with No Loss","10","Board jam at conveyor","","","","","","Stocker take out and run next stocker found-OK.","","Electrical","Design","No","Dalip Khajuria","OK"
"June","21-06-2024 T08:00","Mounting","AOI-08","3D-08","EETP-131","A","BD with No Loss","10","Cross mark shift  problem coming in 379-YNC-R1 model.","","","","","","Finally offset given in IC lead at lifted electrode defect. After that-OK","","Mechanical","","No","Dalip Khajuria","OK"
"June","21-06-2024 T13:10","Mounting","AOI-7","3D-07","EETP-108","A","BD with No Loss","10","Application not Respond","","","","","","Application close/open-NG,Finally machine power OFF/ON. After that-OK.","","Electrical","Communication","No","Dalip Khajuria","OK"
"June","21-06-2024 T14:10","Final Assy","FA-WP4","PKG AUTO SCREW MACHINE","EEAT-206","A","BD with No Loss","10","Screw not feeding","","","","","","Screw guide plate adjust. After that-OK.","","Mechanical","Design","No","Jaydev Mal","OK"
"June","08-06-2024 T14:35","Final Assy","FA-AB1","Packaging jig-01","EEAT-114","B","BD with No Loss","10","Poka Yoke not working","","","","","","Poka Yoke  cylinder Rod alignment done.","","Mechanical","Human","No","Mangal Ram Kanwar,Mukesh","OK"
"June","08-06-2024 T09:20","Final Assy","FA-AB3","Packaging Jig-03","EEAT-188","B","BD with No Loss","5","Fault No. 5 (Torque NG Coming)","","","","","","Screw Driver side Signal Cable Reconnected. Controller Power OFF/ON. After that-OK.","","Electrical","Communication","No","Mangal Ram Kanwar","OK"
"June","08-06-2024 T09:20","Final Assy","FA-NWP3","FAL2-ENG-RT","EEAT-127","B","BD with No Loss","5","M.J. coming on Step No. 512, 712 (GD1B)","","","","","","Machine Power OFF/ON. After that-OK.","","Electrical","Communication","No","Mangal Ram Kanwar","OK"
"June","08-06-2024 T22:00","Final Assy","Spot Block-2","Spot-02","EEAT-074","B","BD with No Loss","10","Solder liquid level low Error Coming. (Bath-2)","","","","","","Solder liquid Sensor Cleaning done. After that-OK.","","Electrical","Human","No","Mangal Ram Kanwar","OK"
"June","14-06-2024 T14:00","Mounting","MA2","CM212-1","EETP-014","G","CM Entry","120","X-Axis Servo Process error (TBL-4)","","","","","","X-Axis Servo Driver Change with New (TBL-4)","","Electrical","Part-Failure","No","Jatinder Singh,Dalip Khajuria","OK"
"June","12-06-2024 T12:00","Mounting","MA5","NPM-6","EETP-080","G","CM Entry","240","Nozzle Centering NG (HD-4, Rear)","","","","","","HD-4 Rear, Ball Spline changed with new.","","Mechanical","Part-Failure","No","Dalip Khajuria","OK"
"June","13-06-2024 T09:00","Mounting","MA4","NPM-04","EETP-056","G","CM Entry","300","Activity for Theta Over load Error","","","","","","Front and Rear head unit, theta Belt Changed with new.","","Mechanical","Wear","No","Jatinder Singh,Dalip Khajuria","OK"
"June","12-06-2024 T09:00","Mounting","MA4","NPM-06","EETP-057","G","CM Entry","300","Activity for Theta Over load Error","","","","","","Front Head unit, Theta belt changed with new.","","Mechanical","Wear","No","Dalip Khajuria","OK"
"June","20-06-2024 T15:00","Final Assy","ENG Sealer Block-02","Spray Sealer","EEAT-194","B","PED Support","80","Sealer coming on prohibited area in R2 side of CNG model.,Also sealer missing on capacitor soldering area.","","","","","","Program fine tuning done of R2 side after that PED PRD QAD Checked product found ok.,After QAD PED ok judgement product picture & Attached","","","","No","Neeraj,Sreekanth Sasi,Ashish Gupta","OK"
"June","22-06-2024 T17:00","Final Assy","FA-NWP3","Screw driver-632A","EEAT-124","B","CM Entry","120","Double sound come","","","","","","Screw driver lubrication done and cam change ","","Mechanical","Part-Failure","No","Gagandeep","OK"
"June","22-06-2024 T23:30","Final Assy","AB Sealer Block-01","PCB-Router-03","EEAT-012","C","BD with No Loss","10","Bit height NG coming ,","","","","","","Check and found spindle motor unit not origin  properly,Finally spindle motor unit manually up and origin after that height check ok  ,After that m/c run ok,","","Electrical","M/c Communication ","No","Indrajit Behera,Omvir","OK"
"June","23-06-2024 T02:50","Final Assy","Spot Block-1","Spot-01","EEAT-096","","BD with No Loss","10","Nozzle ID wrong problem coming,(GP2-A)","","","","","","Check and found one extra sensor No-1601  ON,Nozzle id and sensor clean but same,Finally sensor No-1601 set value adjustment after that m/c run ok,","","Electrical","Wear","No","Indrajit Behera","OK"
"June","23-06-2024 T02:30","Final Assy","FA-NWP3","Spray Sealer M/C","EEAT-027","","BD with No Loss","10"," Fault NO-145,146,14,182 coming ","","","","","","Check and found fault auto reset then m/c run ok ,","","Electrical","Wear","No","Indrajit Behera","OK"
"June","22-06-2024 T16:00","Final Assy","Cell Sensor","Spray Sealer","EEAT-163","B","BD with No Loss","180","Sealer missing on component body in R1 side (ISS BMU)","","","","","","Sealer spray width checked ok,Speed slow from program in this area ,Short added 0 & 90 degree .,Three point shot added after that ok.","","Mechanical","Design","No","Neeraj,Sreekanth Sasi","OK"
"June","24-06-2024 T06:50","Final Assy","AB Sealer Block-01","Spray Sealer M/C","EEAT-078","A","CM Entry","15","Dummy not ok","","","","","","Check & found nozzle pressure was low.,Nozzle pressure adjust after that OK.","","Mechanical","Process","No","Subhash Sheoran","OK"
"June","24-06-2024 T06:05","Final Assy","FA-WP3","Silicon All-round","EEAT-156","","CM Entry","15","Machine home position not coming.","","","","","","Silicon pressure found low,Pressure adjust after that ok,Machine home position done.","","Pneumatic","","No","Subhash Sheoran,Gagandeep","OK"
"June","24-06-2024 T07:15","Final Assy","Cell Sensor","MRC-04","EEAT-029","","CM Entry","10","Lazer not ON","","","","","","Check its power was not coming due to power connector disconnected.,Power connect properly after that ok","","Electrical","M/c Communication ","No","Subhash Sheoran","OK"
"June","24-06-2024 T06:20","Final Assy","FA-WP2","","","","CM Entry","10","Vxworks coming continue","","","","","","Machine restart & LAN cable reconnected after that ok.","","Electrical","M/c Communication ","No","Subhash Sheoran","OK"
"June","24-06-2024 T07:00","Final Assy","ENG Sealer Block-01","Spray Sealer M/C","EEAT-069","A","CM Entry","10","Nozzle pressure is low.","","","","","","Nozzle pressure adjust with pressure gauge after that ok.","","Mechanical","Process","No","Subhash Sheoran","OK"
"June","24-06-2024 T09:00","Final Assy","ENG Sealer Block-03","Spray Sealer","EEAT-226","A","CM Entry","20","Extra sealer coming on bottom side","","","","","","Nozzle pressure adjustment done after that OK","","Mechanical","Design","No","Neeraj,Subhash Sheoran","OK"
"June","24-06-2024 T08:45","Final Assy","AB Sealer Block-02","Spray Sealer","EEAT-215","","CM Entry","15","Extra sealer coming","","","","","","Nozzle-1 & 2  pressure adjusted after that ok","","Mechanical","Design","No","Subhash Sheoran,Anshul Gupta","OK"
"June","24-06-2024 T09:46","Mounting","AOI-7","PCB Inverter","EETP-109","A","BD with No Loss","14","Board jam at inlet conveyor error was coming","","","","","","Machine origin done & run the product but same error was coming after one product run.,Suspected cause may be stocker issue(ISS-BMU).,Modal changed by PRD BMU to A/BAG after that ok.","","Both","M/c Communication ","No","Subhash Sheoran,Gagandeep","OK"
"June","24-06-2024 T14:20","Final Assy","FA-WP2","Air leak-01","EEAT-083","B","BD with No Loss","10","NG master data not match,,Flow rate value NG coming,","","","","","","Finally flow rate value adjustment after that ok,OK & NG master check found ok ,After that m/c run ok,","","Electrical","Part-Failure","No","Indrajit Behera","OK"
"June","24-06-2024 T03:30","Final Assy","FA-AB3","DNHA-AB3-RT-01","EEAT-192","","CM Entry","20","Misjudgement coming continue, (YTA.676)","","","","","","Harness take out and check found dust coming in probe pin ,Finally all probe pin cleaning done ,After that ok,","","Electrical","Part-Failure","No","Indrajit Behera,Omvir","OK"
"June","24-06-2024 T16:40","Final Assy","ElFi-Sealer Block-01 ","SPRAY SEALER","EEAT-232","B","BD with No Loss","40","CBMU Sealer miss on R1 ","","","","","","As per PED Request sealer coating program modified ","","Electrical","Process","No","Ujjawal,Jatinder Singh,Sandeep Dhama","OK"
"June","24-06-2024 T18:20","Final Assy","ElFi-Sealer Block-01 ","SPRAY SEALER","EEAT-232","B","BD with No Loss","30","CBMU R2 Sealer missing on product ","","","","","","Nozzle spray width check found ok 10.20mm,Viscosity check found NG So correct it then viscosity OK 13.00 sec. ,Finally as per PED Request robot program modified ,Single short waiting time increased from 2 to 4 ms","","Both","Process","No","Ujjawal,Sandeep Dhama","OK"
"June","24-06-2024 T19:00","Mounting","MA4","YS Loader ","EETP-051","B","BD with No Loss","10","Chuck error coming'","","","","","","Check and found pcb jig width NG,Finally pcb jig take out and width set after that jig load then   m/c run ok,","","Both","Human","No","Indrajit Behera","OK"
"June","24-06-2024 T16:00","Final Assy","AB Sealer Block-01","Spray Sealer M/C","EEAT-078","B","BD with No Loss","15","Prohibited area side sealer coming ,","","","","","","Check dummy found NG,Finally nozzle chip clean then dummy check  found ok,After that product check found ok,","","Both","Process","No","Indrajit Behera","OK"
"June","24-06-2024 T20:00","Final Assy","AB Sealer Block-01","Flash-05","EEAT-113","","BD with No Loss","10","Power connector not connected ,Power connector pin & guide plate bend ","","","","","","Finally probe holder change with spare after that ok","","Both","Wear","No","Indrajit Behera","OK"
"June","24-06-2024 T15:00","Mounting","MA7"," TRAVERSER WITH PUSHER CONVEYOR","EETP-150","B","BD with No Loss","10","Motorized pusher driver error coming,Suspected stocker side issue","","","","","","Finally pcb manually push by hand after that m/c origin after that m/c run ok,","","Electrical","Process","No","Indrajit Behera","OK"
"June","24-06-2024 T17:00","Final Assy","FA-NWP3","VCS","EEAT-179","B","CM Entry","30","Harness pm activity","","","","","","Harness pm done ,As per pm plan,OK master check found ok,","","Both","Part-Failure","No","Indrajit Behera,Dipshikha","OK"
"June","24-06-2024 T17:00","Final Assy","FA-NWP3","FAL2-ENG-RT","EEAT-127","","CM Entry","30","P.BOX PM ACTIVITY","","","","","","P.box pm done ,As per pm plan,OK & NG master check found ok ","","Electrical","Part-Failure","No","Indrajit Behera","OK"
"June","22-06-2024 T06:30","Final Assy","AB Sealer Block-02","","","A","BD with No Loss","20","Abnormal sound coming while Door closing","","","","","","Door close rail clean and lubrication done.","","Mechanical","Wear","No","Dalip Khajuria","OK"
"June","22-06-2024 T06:15","Final Assy","FA-WP3","Filter Assembly ","EEAT-151","A","BD with No Loss","10","Machine not running","","","","","","So Machine origin done. After that-OK.","","Electrical","Human","No","Dalip Khajuria","OK"
"June","22-06-2024 T06:15","Final Assy","FA-WP3","Silicon All-round","EEAT-156","A","BD with No Loss","20","Screw check poke-yoke NG coming","","","","","","Check and found this issue coming in only one pan jig (No.-3),Remaining all Pan jig check found-OK.","","Mechanical","Wear","No","Dalip Khajuria","OK"
"June","22-06-2024 T08:40","Mounting","MA5","NPM-9","EETP-081","A","BD with No Loss","10","Card not transfer","","","","","","Manually PCB place at mount position.,But m/c not mount that PCB,Run Next PCB found -OK.","","Electrical","M/c Communication ","No","Dalip Khajuria","OK"
"June","22-06-2024 T10:30","Mounting","Laser Line-1","Laser Marking + Cleaner","EETP-046","A","BD with No Loss","10","Server communication error","","","","","","Operator mode change from online to offline and revert back to online. After that-OK.","","Electrical","M/c Communication ","No","Dalip Khajuria","OK"
"June","22-06-2024 T10:40","Mounting","Laser Line-2","Laser Marking + Cleaner","EETP-099","A","BD with No Loss","10","Server communication error","","","","","","Operator mode change from online to offline and revert back to online. After that-OK.","","Pneumatic","M/c Communication ","No","Dalip Khajuria","OK"
"June","22-06-2024 T06:20","Mounting","MA5","SPG","EETP-075","A","BD with No Loss","20","Lane-1 communication error occurred in PCB barcode convert request.","","","","","","PCB takeout from SPG and Board flipper machine and try to run.,Both machine restart. After that-OK.","","Electrical","M/c Communication ","No","Jaydev Mal","OK"
"June","22-06-2024 T09:30","Mounting","MA2","Reflow Oven","EETP-025","A","BD with No Loss","10","Chiller water trouble","","","","","","Error reset and run machine","","Electrical","Design","No","Dalip Khajuria","OK"
"June","22-06-2024 T10:00","Final Assy","Cell Sensor","Spray Sealer","EEAT-163","A","CM Entry","120","Activity on modified pallet (ISS-BMU)","","","","","","As per modified pallet new sealer coating program (R1) made and transfer to machine with new model setup.,E2-memory position E2 3260~ E2 3280","","Both","Design","No","Jaydev Mal,Ashish Gupta","OK"
"June","22-06-2024 T07:10","Final Assy","Spot Block-03","SPOT M/C","EEAT-214","A","BD with No Loss","20","Dip tester value NG coming (Below lower limit)","","","","","","Finally dip tester pallet input at 160-degree Celsius,Then Dip tester value coming-OK","","Electrical","Human","No","Jaydev Mal,Dalip Khajuria","OK"
"June","24-06-2024 T07:45","Final Assy","Cell Sensor","Spray Sealer","EEAT-163","A","BD with No Loss","169","Sealer missing coming on component body.,Sealer coming on prohibited area.","","","","","","white plate installed in all pallet for prevent sealer splashing.,R1 Side horizontal shot added in prohibited area .,After that checked found component body missing but  improved in prohibited area.","","Mechanical","Design","No","Neeraj,Ashish Gupta","OK"
"June","25-06-2024 T06:40","Final Assy","FA-WP3","Silicon Below connector","EEAT-153","A","BD with No Loss","10","During homing time silicon dropped.","","","","","","Silicon pressure checked found higher so set in spec. after that ok. ","","Mechanical","","No","Neeraj","OK"
"June","24-06-2024 T11:50","Mounting","MA5","Board Flipper and Cleaner","EETP-074","A","PED Support","90","Barcode communication error coming ","","","","","","Machine restart but machine take change over ,Ped do changeover by Manual ","","Electrical","M/c Communication ","Yes","Anshul Gupta,Gagandeep","OK"
"June","24-06-2024 T13:15","Final Assy","","","","","CM Entry","30","PWC Sealer leakage ","","","","","","Sealer leak from joint so joint take out Teflon tape paste after that ok ","","Mechanical","Wear","No","Neeraj,Gagandeep","OK"
"June","24-06-2024 T23:40","Mounting","MA5","SPG","EETP-075","C","BD with No Loss","10","BCR Communication error","","","","","","Machine Restart. After that-OK.","","Electrical","M/c Communication ","Yes","Dalip Khajuria","OK"
"June","25-06-2024 T05:00","Final Assy","FA-AB1","Packaging jig-01","EEAT-114","C","BD with No Loss","20","Screw Counter unit power not coming","","","","","","Check and found extension socket was NG","","Electrical","Part-Failure","No","Dalip Khajuria","OK"
"June","25-06-2024 T05:10","Final Assy","FA-WP3","Silicon Below connector","EEAT-153","C","BD with No Loss","15","Machine Homing not happening.","","","","","","Machine Power OFF/ON. After that-OK.","","Electrical","M/c Communication ","No","Dalip Khajuria","OK"
"June","25-06-2024 T01:00","Final Assy","Spot Block-2","Air Blowing M/C06","EEAT-047","C","CM Entry","30","Width set Lock NG","","","","","","Width Set Lock changed with New. After that-OK.","","Mechanical","Part-Failure","No","Dalip Khajuria","OK"
"June","25-06-2024 T02:10","Final Assy","FA-AB1","FAL-AB-RT1","EEAT-118","C","BD with No Loss","10","Misjudgments coming on multiple steps.","","","","","","Harness Clean-NG,Machine power OFF/ON. After that-OK.","","Electrical","M/c Communication ","No","Dalip Khajuria","OK"
"June","25-06-2024 T05:00","Final Assy","FA-WP4","","","C","BD with No Loss","15","LT/HT m/c -02, Fault No. 16 coming.","","","","","","Leak water detection error coming, During startup.,water level check found-OK,Machine Power OFF/ON. - NG,PLC bit no. 0.09 forcibly OFF. After that-OK","","Electrical","","Yes","Jaydev Mal,Mukesh","OK"
"June","23-06-2024 T06:30","Final Assy","Cell Sensor","Spray Sealer","EEAT-163","A","BD with No Loss","30","sealer splashes coming in screw area","","","","","","Three single shots deleted, and one new length shot added in screw area.","","Both","Design","No","Sreekanth Sasi,Jaydev Mal","OK"
"June","26-06-2024 T07:15","Final Assy","FA-AB3","HT Chamber","EEAT-190","A","CM Entry","20","Upper door lock not working","","","","","","Check & found door lock spring broken.,Spare not available,Spring replaced with new one","","Mechanical","Part-Failure","No","Subhash Sheoran,Gagandeep","OK"
"June","26-06-2024 T06:20","Final Assy","ENG Sealer Block-01","Flash-01","EEAT-021","","CM Entry","30","Guide pin spring broken","","","","","","Guide pin replaced with spare ","","Mechanical","Part-Failure","No","Subhash Sheoran","OK"
"June","25-06-2024 T11:00","Final Assy","FA-WP2","Falcon-II (DCIV) HT","EEAT-141","","CM Entry","10","Multiple steps NG coming in Master during daily check","","","","","","Check its power supply OUTPUT was OFF. ,Power supply output ON after that OK","","Electrical","Part-Failure","No","Subhash Sheoran","OK"
"June","25-06-2024 T11:00","Final Assy","Cell Sensor","Spray Sealer","EEAT-163","A","CM Entry","180","Splash come ","","","","","","Product cleaning and washer add in pallet guide ","","Mechanical","","No","Gagandeep","OK"
"June","25-06-2024 T09:00","Final Assy","Cell Sensor","Spray Sealer","EEAT-163","","CM Entry","120","Splash come ","","","","","","UV Lamp install and camera install ","","","","No","Gagandeep","OK"
"June","25-06-2024 T09:30","Final Assy","Cell Sensor","Spray Sealer","EEAT-163","","CM Entry","90","Sealer coming on prohibited area in ISS-BMU modal","","","","","","Camera add for catching the sealer doted on the product.","","Both","Process","No","Subhash Sheoran,Gagandeep","OK"
"June","26-06-2024 T08:30","Final Assy","FA-AB3","LT Chamber","EEAT-189","","CM Entry","10","Machine power not ON after emergency pressed.","","","","","","Check its breaker was trip, so Breaker ON after that OK","","Electrical","Human","No","Subhash Sheoran","OK"
"June","26-06-2024 T10:00","Final Assy","FA-AB3","DNHA-AB3-RT-01","EEAT-192","A","CM Entry","30","Print not coming, due to printer driver not working","","","","","","Try to installation of new driver but we have WIN7 driver so can't .,Requirement WIN10 driver.","","Electrical","M/c Communication ","Yes","Subhash Sheoran,Gagandeep,Sandeep Dhama","OK"
"June","26-06-2024 T13:20","Final Assy","AB Sealer Block-01","Spray Sealer M/C","EEAT-078","","CM Entry","10","Fault no.68 ID fault coming after change over.","","","","","","Loading conveyor side all pallet take out & reset the alarm after that ok.","","Both","M/c Communication ","No","Subhash Sheoran","OK"
"June","26-06-2024 T18:00","Final Assy","FA-AC1","AC Falcon","EEAT-119","B","CM Entry","180","System check activity after modification ","","","","","","System check try to do but only two step coming Ok ,All Other step coming NG ,Check before modification  steps found coming OK","","Electrical","Process","No","Ujjawal","OK"
"June","26-06-2024 T14:30","Final Assy","FA-AB2","Packaging Jig-02","EEAT-131","B","BD with No Loss","10","Fault Number-8, Jig connector connection error coming,","","","","","","Check and found jig side connector come out ,Finally connector properly connected after that m/c run ok ","","Electrical","M/c Communication ","No","Indrajit Behera","OK"
"June","26-06-2024 T14:40","Final Assy","AB Sealer Block-01","Flash-05","EEAT-113","","BD with No Loss","10","Probe id error coming,","","","","","","Probe id side power connector properly not connected,Finally probe holder side power connector properly connected after that ok,","","Electrical","M/c Communication ","No","Indrajit Behera","OK"
"June","26-06-2024 T14:40","Final Assy","AB Sealer Block-01","PCB-Router-03","EEAT-012","","BD with No Loss","10","Running time bit come out ","","","","","","Finally collet change with spare after that ok","","Both","Wear","No","Indrajit Behera","OK"
"June","26-06-2024 T16:30","Final Assy","FA-AB1","FAL-AB-LT","EEAT-115","","BD with No Loss","20","Jig insert error coming ,Abnormal error coming ","","","","","","harness & base jig change  with HT - tester but same,M/C power OFF/ON but same,,Check base jig side not movement ,Due to lm bolt stuck in m/c base jig side,,Finally base jig side stuck bolt take out and original harness connected after that m/c run ok,","","Both","Wear","No","Indrajit Behera","OK"
"June","26-06-2024 T16:45","Final Assy","AB Sealer Block-01","Flash-05","EEAT-113","","BD with No Loss","10","Misjudgment coming on step no-110,,ALL ecu NG coming,","","","","","","Check and found all writer  not connected showing ,Finally m/c re-start & change over hub side lan cable re-connected after that m/c run ok,","","Electrical","Part-Failure","No","Indrajit Behera","OK"
"June","26-06-2024 T20:40","Final Assy","ENG Sealer Block-03","Spray Sealer","EEAT-226","","BD with No Loss","10","Sealer coming on connector side, ","","","","","","Check and found coat-2 width  higher side coming,,Finally coat -2 width adjust ment after that ok, (10:25 To 9:40mm )","","Electrical","Process","No","Indrajit Behera","OK"
"June","26-06-2024 T19:00","Mounting","MA5","SPI","EETP-077","","BD with No Loss","10","PCB unloading failure error coming, ","","","","","","Check and found outlet conveyor side pcb confirmation sensor maulfunction,Finally sensor & reflector clean after that m/c run ok,","","Electrical","Process","No","Indrajit Behera","OK"
"June","26-06-2024 T15:00","Final Assy","AB Sealer Block-01","Spray Sealer M/C","EEAT-078","B","PED Support","300","YY8 TM sealer program drawing making","","","","","","YY8 TM sealer drawing making on going","","Both","Process","No","Jatinder Singh,Omvir","OK"
"June","26-06-2024 T01:30","Mounting","AOI-7","3D-07","EETP-108","C","BD with No Loss","10","Japanese error ( A displayed window cannot be made modal)","","","","","","Error Reset and try to run m/c-NG,Application close/open-NG,Machine power OFF/ON-OK","","Electrical","Design","No","Dalip Khajuria","OK"
"June","26-06-2024 T04:10","Mounting","AOI-08","PCB SCANNER","EETP-129","C","BD with No Loss","10","PCB transport fault (CBMU)","","","","","","Check and found conveyor width was tight.,Conveyor width origin done, then run m/c found-OK.","","Both","Design","No","Jaydev Mal,Mukesh","OK"
"June","26-06-2024 T00:20","Final Assy","AB Sealer Block-01","Flash-05","EEAT-113","C","BD with No Loss","20","ECU-1 NG Coming (Part No. 023)","","","","","","ECU-1 all pin changed with New. After that-OK.","","Electrical","Part-Failure","No","Jaydev Mal,Dalip Khajuria,Mukesh","OK"
"June","26-06-2024 T01:00","Final Assy","ENG Sealer Block-03","Flash Writing","EEAT-211","C","BD with No Loss","10","Scanner communication error","","","","","","Scanner power not coming.,Machine power OFF/ON. After that-OK.","","Electrical","M/c Communication ","No","Jaydev Mal,Dalip Khajuria","OK"
"June","27-06-2024 T07:30","Final Assy","FA-WP4","3W GEL APPLICATION","EEAT-201","A","CM Entry","10","Alarm 92 coming","","","","","","All cartridge exchange error was coming,Cartridge-1 & 2 one by one again exchange as per procedure after that OK","","Both","Process","No","Subhash Sheoran","OK"
"June","26-06-2024 T09:40","Final Assy","Cell Sensor","Spray Sealer","EEAT-163","A","CM Entry","200","Excess sealer coming on R1 side  (ISS BMU).","","","","","","In this area -5 shot available so one removed in program side.,Also 2 mid shot height changed 10 mm to 16 mm.,Also shot arrange according to product found ok.","","Mechanical","Design","Yes","Neeraj,Ashish Gupta","OK"
"June","27-06-2024 T10:00","Final Assy","FA-AC1","AC Falcon","EEAT-119","A","PED Support","45","AC Falcon-II system check on going after modification","","","","","","Step no.1800 & 1801 is OK,Step no.1851 coming NG","","Electrical","","No","Subhash Sheoran,Sandeep Dhama","OK"
"June","27-06-2024 T09:30","Final Assy","FA-1 CBMU"," RT Tester-01","EEAT-237","","CM Entry","15","Cancel switch not working","","","","","","10 key board was not working,Replaced with VCS machine after that both are working","","Electrical","M/c Communication ","No","Subhash Sheoran","OK"
"June","27-06-2024 T18:00","","","","","A","CM Entry","45","Temp exceed error coming","","","","","","Hood open and thermocouple check,Thermocouple tip clean with emery paper","","Electrical","Allignment","No","Gagandeep","OK"
"June","27-06-2024 T11:00","Final Assy","FA-AC1","AC Falcon","EEAT-119","A","CM Entry","10","Machine hang at step no.310","","","","","","Problem coming during reworked card checking,Remove the card & run the next product its ok","","Electrical","M/c Communication ","No","Subhash Sheoran,Gagandeep","OK"
"June","27-06-2024 T22:30","","","","","","CM Entry","15","Door lock handle was broken ","","","","","","Door lock open and change part old broken spare parts ","","Mechanical","Part-Failure","No","Gagandeep","OK"
"June","27-06-2024 T12:00","Mounting","MA5","Buffer Conveyor","EETP-078","","CM Entry","15","Lane 1 barcode communication error coming","","","","","","Spg and board flipper machine restart and lan cable reconnect after that ok  ","","Electrical","M/c Communication ","No","Gagandeep","OK"
"June","27-06-2024 T12:00","Final Assy","Cell Sensor","Spray Sealer","EEAT-163","","CM Entry","120","Splash coming ","","","","","","Pallet number 5 guide side   Washer add now ok ","","Mechanical","Process","No","Subhash Sheoran,Gagandeep","OK"
"June","27-06-2024 T09:05","Final Assy","Cell Sensor","Spray Sealer","EEAT-163","A","BD with No Loss","30","Sealer missing on component body -R2 Side in ISS BMU.,Sealer missing on soldering pad  -R1 side.","","","","","","R2 side program modify after that ok.,R1 Side - Two single shot added -ok.","","Electrical","Design","No","Neeraj,Sandeep Dhama","OK"
"June","27-06-2024 T10:15","Final Assy","FA-WP3","Silicon Below connector","EEAT-153","A","PED Support","105","New program making activity (PWC ECU).","","","","","","Sub 101 made & Transferred in Machine.,Teaching checked .,Silicon application done now need to fine tuning.","","","","No","Neeraj","OK"
"June","27-06-2024 T16:00","Mounting","MA4","NPM-02","EETP-104","B","CM Entry","150","Feeder gang cable not working (N610119365AD)","","","","","","Feeder gang cable change with spare new one after that ok","","Electrical","Part-Failure","No","Jatinder Singh","OK"
"June","27-06-2024 T14:30","Final Assy","FA-AC1","RT Tester","EEAT-181","B","PRD Support","390","After modification system check activity ","","","","","","System check done as per PED Request ,Only one step NG Coming 1803-3 ","","Electrical","Process","No","Ujjawal","OK"
"June","27-06-2024 T21:00","Final Assy","Cell Sensor","Spray Sealer","EEAT-163","","CM Entry","30","Machine cycle time note down ","","","","","","Machine cycle time note down as per Ashish Gupta","","Both","Human","No","Ujjawal","OK"
"June","27-06-2024 T01:47","Mounting","AOI-6","AOI-06","EETP-089","C","BD with No Loss","10","Slow inspection process (DC1A)","","","","","","machine Power OFF/ON. After that-OK.","","Electrical","Design","No","Dalip Khajuria","OK"
"June","26-06-2024 T23:30","Final Assy","ENG Sealer Block-03","Flash Writing","EEAT-211","C","CM Entry","30","Misjudgment coming in step no. 100 (YCA)","","","","","","Probe pin cleaning done.,All probe pin changed with new. After that-OK.","","Both","Part-Failure","No","Jaydev Mal,Dalip Khajuria,Mukesh","OK"
"June","26-06-2024 T23:00","Meter Assy","Meter 3","Calibration Machine","M3M-008","C","CM Entry","60","Part No. not loading.","","","","","","Machine restart-NG,Scanner cable Reconnected from PC side-NG,Point PC side PC drive Communication IP address input. (192.168.3.1)","","Electrical","Human","No","Jaydev Mal,Dalip Khajuria,Mukesh","OK"
"June","27-06-2024 T00:30","Final Assy","ElFi-Sealer Block-01 ","SPRAY SEALER","EEAT-232","C","PED Support","240","New Model Sealer Coating Program making activity.","","","","","","PWC model sealer coating program made and one product made.","","","","No","Jaydev Mal,Dalip Khajuria","OK"
"June","25-06-2024 T09:00","Final Assy","Cell Sensor","Spray Sealer","EEAT-163","A","CM Entry","465","Program modify for sealer splashing issue (R1 & R2) ISS BMU.","","","","","","Shot direction changed vertical to horizontal  in R1 & R2 .","","Mechanical","Design","No","Neeraj,Ashish Gupta","OK"
"June","27-06-2024 T23:00","Mounting","AOI-5","3D-05","EETP-070","C","BD with No Loss","20","Cross mark shifting problem coming (YHB)","","","","","","Off set  given on shifting location,Now under observation","","Mechanical","Design","No","Dalip Khajuria,Mukesh","OK"
"June","28-06-2024 T04:00","Mounting","MA5","NPM-9","EETP-081","C","BD with No Loss","10","θ1 over current abnormal error coming","","","","","","M/c power Restart, After that OK.","","Mechanical","Human","No","Dalip Khajuria,Mukesh","OK"
"June","28-06-2024 T14:50","Final Assy","FA-AC1","AC Falcon","EEAT-119","B","PED Support","430","AC Falcon-II system check step no.1803_3 was NG coming in YY8 modal","","","","","","Main harness Connector continuity check CN109 to CN1(Load box) its OK,Main harness Connector continuity check CN109 to CN1(ADPS001  cnc) its OK, 2: Main harness Connector continuity check CN109 to CN3(Load box) its OK,Load box CN3 to Ry97 & Ry41 continuity check its OK,Continuity check between Ry97 & Ry41 its OK","","Both","Design","No","Ujjawal,Subhash Sheoran","OK"
"June","28-06-2024 T06:50","Final Assy","AB Sealer Block-01","Spray Sealer M/C","EEAT-078","A","CM Entry","10","ID Fault coming ","","","","","","Pallet take out after that ok due to id sensor was not on ","","Mechanical","Human","No","Gagandeep,Indrajit Behera","OK"
"June","28-06-2024 T09:50","Mounting","MA3","CM212-2","EETP-038","","CM Entry","60","Tape feeder sensor error coming ","","","","","","Machine restart ,Cover re install but same ,Sensor cleaning done ,One sensor side power not come so sensor change ","","","","No","Gagandeep","OK"
"June","28-06-2024 T11:00","Final Assy","ENG Sealer Block-02","Air blow-03","EEAT-095","","CM Entry","25","Door cylinder mounting bolt was missing ","","","","","","Door and cylinder all mounting bolt install after that ok ","","","","No","Gagandeep","OK"
"June","28-06-2024 T08:45","Final Assy","Cell Sensor","Spray Sealer","EEAT-163","A","BD with No Loss","15","Sealer out flow in R1 side (ISS BMU)","","","","","","There are 2 single and 1 line shot available in program.,Right side single shot time changed 0.5 to 0.3 second.,1mm line shot shift from end point .,1.5 mm second Single shot shifted to left side . ,In A shift observed no out flow after activity.","","","Design","No","Neeraj,Sandeep Dhama","OK"
"June","28-06-2024 T12:00","Final Assy","Cell Sensor","Spray Sealer","EEAT-163","","CM Entry","120","Extra sealer coming ","","","","","","Guide adjust and washer add ","","","","No","Gagandeep","OK"
"June","29-06-2024 T09:00","Mounting","MA4","Board Flipper","EETP-052","A","CM Entry","45","QR Code N.G Detection Error Coming ","","","","","","Wrong QR Coordination found as per model ,Set coordination by prd after that ok ","","Electrical","Design","No","Subhash Sheoran,Gagandeep","OK"
"June","29-06-2024 T10:30","Mounting","MA5","NPM-5","EETP-103","","CM Entry","30","Head Disable BY Prd For High Pickup Error ","","","","","","Vacuum Check Ok  ,Head CLEANING DONE ,Nozzle Also Change done Now Enable under observation ","","Mechanical","Human","No","Gagandeep","OK"
"June","29-06-2024 T11:00","Mounting","MA6","NPM-1","EETP-121","","CM Entry","15","Head Over Load Error Coming ","","","","","","When Support pin nozzle pick by head when this error come ,Nozzle take out and clean and reinstall in changer after that ok ","","","","No","Gagandeep","OK"
"June","29-06-2024 T07:00","Mounting","MA6","NPM-1","EETP-121","","CM Entry","60","Extra sealer come ","","","","","","Pallet guide gap measure as per ritu san all pallet  ","","Mechanical","Design","Yes","Neeraj,Subhash Sheoran,Gagandeep","OK"
"June","29-06-2024 T12:40","Mounting","MA3","OC-1","EETP-036","","CM Entry","10","Door Hinge Screw Was Missing ","","","","","","New Screw Tight Done Now ok ","","Mechanical","Allignment","Yes","Gagandeep","OK"
"June","29-06-2024 T11:00","Final Assy","Cell Sensor","Spray Sealer","EEAT-163","A","CM Entry","60","Product guide replaced","","","","","","Pallet no.1~5 modified guide changed","","Mechanical","Design","No","Subhash Sheoran,Gagandeep","OK"
"June","28-06-2024 T16:40","Final Assy","Spot Block-1","3D-04","EEAT-028","B","BD with No Loss","10","Conv. unit motion fault ","","","","","","Conv. unit up / down speed increased ","","Both","Allignment","No","Ujjawal,Subhash Sheoran","OK"
"June","28-06-2024 T18:30","Final Assy","FA-WP4","AIR LEACK CHECK","EEAT-209","","BD with No Loss","10","Auto door not open","","","","","","Door unlocking plate mounting properly done ","","Both","Allignment","No","Ujjawal","OK"
"June","28-06-2024 T17:30","Mounting","MA3","CM212-3","EETP-039","","BD with No Loss","10","Nozzle changer open error ","","","","","","Nozzle changer manually moved found ok so machine run in auto ","","Mechanical","Process","No","Ujjawal","OK"
"June","28-06-2024 T15:00","Final Assy","Cell Sensor","Spray Sealer","EEAT-163","","BD with No Loss","180","Sealer miss and prohibited area","","","","","","All pallet gap check and adjustment done ,Pallet no.08 nylon strip tightened with Loctite for proper locking  ","","Mechanical","Allignment","No","Ujjawal,Subhash Sheoran,Sreekanth Sasi","OK"
"July","28-06-2024 T02:00","Final Assy","FA-AB2","FAL2-AB-LT","EEAT-128","C","CM Entry","60","Door lock thread repaired activity","","","","","","Door No-3, Lock thread was free,So Rethread & Recoiling done","","Mechanical","Wear","No","Jaydev Mal,Dalip Khajuria,Mukesh","OK"
"July","28-06-2024 T23:30","Final Assy","","","","C","CM Entry","300","Machine master not on (Spare line-Spray fluxer m/c)","","","","","","This problem continue from B shift,When master on switch not hold,Switch replaced new one after that its ok","","Both","Process","No","Jaydev Mal,Dalip Khajuria,Mukesh","OK"
"July","01-07-2024 T07:40","Final Assy","Spot Block-2","Spot-02","EEAT-074","A","BD with No Loss","30","Heater no.13 take out for spot-1 ","","","","","","Heater no.13 take out and machine handover to prd ,After heater received from tool room spare new heater no.13 change with new and machine check ok","","Electrical","Part-Failure","Yes","Ujjawal,Jatinder Singh","OK"
"July","01-07-2024 T10:00","Final Assy","AB Sealer Block-02","Spray Sealer","EEAT-215","","CM Entry","130","Sealer miss on Y1k Product R-2 ","","","","","","Check nozzle width found ok. (10.22mm),Check viscosity found ok 13.05sec,finally robot coating program modify then ok","","Electrical","Allignment","Yes","Ujjawal","OK"
"July","01-07-2024 T11:00","Final Assy","Cell Sensor","Spray Sealer","EEAT-163","","BD with No Loss","60","Sealer miss R-1  &  R-2 ","","","","","","At 11.00am new Program installed with new coating sequence ,Sealer miss test point R-1 0.5mmStart increased ,R-1 second test point overlapping increased 1.00mm,R-2 resistor 101 edge miss so length increased 1.00mm then ok","","Electrical","Process","Yes","Ujjawal,Ashish Gupta","OK"
"July","01-07-2024 T17:00","Final Assy","FA-AB3","Packaging Jig-03","EEAT-188","B","CM Entry","10","Fault no. 5 (torque ng coming) YTA","","","","","","During runing time Torque value ng coming (1.26NM),So controller power off / on &  screw driver singal cable re-connect done, after that ok (Range 1.50 to 1.96nm)","","Both","M/c Communication ","No","Mangal Ram Kanwar","OK"
"July","28-06-2024 T04:00","Final Assy","FA-WP2","Silicon All-round","EEAT-081","C","CM Entry","40","Silicon dispense at home position","","","","","","Silico release from Accumulator side ,After that OK.","","Mechanical","Wear","No","Jaydev Mal,Dalip Khajuria,Mukesh","OK"
"July","29-06-2024 T05:00","Mounting","AOI-5","AOI-05","EETP-069","C","BD with No Loss","20","Sequence processing error","","","","","","Application close/open ,but UPS connection error coming.,Finally M/c power OFF & ON, Then OK.","","Electrical","Design","No","Jaydev Mal,Dalip Khajuria","OK"
"July","29-06-2024 T23:00","Mounting","MA2","3D#1","EETP-030","C","BD with No Loss","10","Cross mark shifting problem coming (YHB R2)","","","","","","Offset given on X-Y axis, Then OK.,Offset value change from X = 3.0 to 2.2,  Y = 7.0 to 6.2","","Mechanical","Wear","No","Dalip Khajuria","OK"
"July","29-06-2024 T23:45","Mounting","MA2","3D#1","EETP-030","C","BD with No Loss","10","QR Data not transfer to PC","","","","","","M/c power OFF & ON, Then OK.","","Electrical","M/c Communication ","No","Dalip Khajuria","OK"
"July","30-06-2024 T01:30","Final Assy","AB Sealer Block-02","Spray Sealer","EEAT-215","C","CM Entry","90","Sealer miss coming on R2 side (Y1K)","","","","","","Coat-2 spray width adjust, Then Y1K is OK,After model change over problem coming on YTA R2,Nozzle chip alignment done,Nozzle centering done, Now under observation","","Mechanical","Process","No","Dalip Khajuria","OK"
"July","30-06-2024 T04:00","Final Assy","ENG Sealer Block-02","Spray Sealer","EEAT-194","C","BD with No Loss","10","Transferring finger -2,Cycle time over error coming ","","","","","","Pallet take out & Rail clean. After that pallet memory clear & M/c run OK.","","Mechanical","Process","No","Dalip Khajuria","OK"
"July","30-06-2024 T00:00","Final Assy","Cell Sensor","Spray Sealer","EEAT-163","C","CM Entry","375","Activity for Sealer prog. modify in ISS-BMU","","","","","","Prepared new prog. as per Ashish San instruction ,Then transfer to M/c. Both R1 & R2 side teach check done, found OK.","","Electrical","Design","No","Jaydev Mal,Dalip Khajuria","OK"
"July","01-07-2024 T19:10","Final Assy","Spot Block-2","3D-03","EEAT-077","B","BD with No Loss","10","QR data not teransfer","","","","","","M/c restart ,Then OK.","","Electrical","M/c Communication ","No","Dalip Khajuria","OK"
"July","01-07-2024 T17:40","Mounting","Laser Line-2","Laser Marking + Cleaner","EETP-099","B","BD with No Loss","10","Fiducial mark reading error","","","","","","PCB take out  & Auto width done , Then run OK.","","Both","M/c Communication ","No","Dalip Khajuria","OK"
"July","01-07-2024 T14:45","Final Assy","AB Sealer Block-02","Spray Sealer","EEAT-215","B","CM Entry","30","Sealer miss coming on on one component (YTA-R2)","","","","","","R2 side sealer coating program modify, then OK. ","","Mechanical","Process","No","Mangal Ram Kanwar,Jaydev Mal,Dalip Khajuria","OK"
"July","01-07-2024 T15:45","Final Assy","AB Sealer Block-02","Spray Sealer","EEAT-215","B","BD with No Loss","15","Coat-1 liquid width sensor error coming","","","","","","Before spray width check , Sealer drop coming on nozzle chip.,So sensor side value coming, with out spray,Nozzle chip & Width check sensor clean, Then OK.","","Mechanical","Process","No","Mangal Ram Kanwar,Jaydev Mal,Dalip Khajuria","OK"
"July","01-07-2024 T17:20","Mounting","AOI-6","3D-06","EETP-090","B","BD with No Loss","10","Machine Hang","","","","","","Machine Power OFF/ON. After that-OK","","Electrical","Design","No","Dalip Khajuria","OK"
"July","02-07-2024 T23:15","Final Assy","Spot Block-1","Spot-01","EEAT-096","C","CM Entry","15","N2 Coupler dip in bath ","","","","","","Coupler change with new one","","Mechanical","Human","No","Gagandeep","OK"
"July","02-07-2024 T23:00","Final Assy","Spot Block-1","Spot-01","EEAT-096","","Documentation","90","Breakdown request sheet fill up done ","","","","","","Breakdown request sheet fill up done ","","","","No","Gagandeep","OK"
"July","03-07-2024 T01:00","Mounting","MA3","CM212-3","EETP-039","","CM Entry","120","Nozzle changer close error coming ","","","","","","Nozzle changer cylinder change ","","Mechanical","Part-Failure","No","Gagandeep","OK"
"July","03-07-2024 T00:50","Final Assy","FA-WP2","Filter Assembly (YCA)","EEAT-138","","CM Entry","10","Load value n.g coming ","","","","","","Stroke value change 52 to 50 ","","Mechanical","Allignment","No","Gagandeep","OK"
"July","03-07-2024 T01:50","Final Assy","FA-WP2","Filter Assembly (YCA)","EEAT-138","","CM Entry","10","PCB Carry in error coming ","","","","","","Manual width open npm machine ","","Mechanical","Allignment","Yes","Gagandeep","OK"
"July","03-07-2024 T01:30","Final Assy","FA-WP3","Silicon All-round","EEAT-156","C","PED Support","90","New model setup activity (PWC ECU).","","","","","","Sub 101 make & upload to machine.,F- value upload.,P-position checked .","","","","No","Neeraj","OK"
"July","02-07-2024 T23:29","Final Assy","FA-WP2","Silicon Below","EEAT-080","","BD with No Loss","16","Less silicon coming in start point (DC1V).","","","","","","Delay time increased from program after that ok.,SUB 117- Delay time of left & right side 320 to 400.,SUB 117A- Delay time of left & right side 450 to 500","Router unit will replace of dispenser pump ,Now order ongoing .","Mechanical","Part-Failure","No","Neeraj","OK"
"July","03-07-2024 T14:14","Final Assy","Cell Sensor","Spray Sealer","EEAT-163","","BD with No Loss","16","Sealer miss coming in Cell Sensor .","","","","","","Temporary width increased 10 to 10.5 after that ok.","","Mechanical","","No","Neeraj","OK"
"July","02-07-2024 T06:30","Final Assy","Spot Block-1","3D-04","EEAT-028","A","BD with No Loss","30","Image Visibility not clear","","","","","","While doing Camera lens clean then conv. motion fault coming  done ,Machine restart then  live image monitor display not coming,VGA Cable reconnect but same ,Monitor change with spare but same,After some time live image display comes automatically ,After that ok","","Electrical","Obsolete","No","Ujjawal,Jatinder Singh","OK"
"July","02-07-2024 T07:10","Mounting","MA4","YS Loader ","EETP-051","","BD with No Loss","5","Jig IN request not coming","","","","","","Found its area sensor continues ON,Area sensor cleaning done then ok","","Electrical","M/c Communication ","No","Ujjawal","OK"
"July","02-07-2024 T10:30","Final Assy","FA-AC1","RT Tester","EEAT-181","","PED Support","90","New model set up YY8 AC ","","","","","","System check step no.1803-03 NG Coming,So as per drawing electric connection wire continuity check with PED Found ok","","Electrical","Part-Failure","No","Ujjawal","OK"
"July","02-07-2024 T07:40","Final Assy","FA-AB1","FAL-AB-LT","EEAT-115","","BD with No Loss","10","Out put connector Pin bent ","","","","","","Connector pin make straight then ok","","Electrical","Human","No","Ujjawal,Jatinder Singh","OK"
"July","02-07-2024 T14:15","Mounting","MA6","NPM-1","EETP-121","","BD with No Loss","10","H-1 Over load error coming ","","","","","","Support pin nozzle angle incorrect ,So correct the nozzle then ok","","Electrical","Process","No","Ujjawal","OK"
"July","03-07-2024 T23:30","Final Assy","FA-WP3","Silicon All-round","EEAT-156","C","PED Support","210","New model setup activity <PWC ECU>.","","","","","","Teaching checked ok. ,Now program making on going .","","","","No","Neeraj","OK"
"July","04-07-2024 T01:30","Final Assy","FA-WP2","","","","BD with No Loss","12","Cut mark coming on silicon application <YCA>","","","","","","Silicon dispense in setup mode after that ok.","","Mechanical","","No","Neeraj,Subhash Sheoran","OK"
"July","03-07-2024 T23:32","Final Assy","FA-WP4","SILICON ALLAROUND","EEAT-205","C","BD with No Loss","10","Nozzle centering NG coming.","","","","","","Nozzle re-installed .","","Electrical","","No","Neeraj","OK"
"July","03-07-2024 T11:00","Final Assy","","","","C","BD with No Loss","60","ICC N-Corolla 369 modal master not pass","","","","","","Its troubleshooting on going,All A3 drawing check but its probeholder drawing not found ,Soft file also check but we not found,Spare probeholder search but not found","","Electrical","Part-Failure","No","Subhash Sheoran,Gagandeep","OK"
"July","04-07-2024 T14:59","Final Assy","ENG Sealer Block-03","Spray Sealer","EEAT-226","C","BD with No Loss","11","Sealer flow on connector pin side <YCA>.","","","","","","Sealer spray width checked.,More flux available on connector side due to sealer flow, After some time automatically ok.","","Mechanical","Design","No","Neeraj","OK"
"July","03-07-2024 T14:00","Final Assy","ENG Sealer Block-01","Spray Sealer M/C","EEAT-069","A","PED Support","180","YY8 TM New program making activity","","","","","","YY8 TM new program making on going","","Mechanical","Process","No","Ujjawal,Jatinder Singh","OK"
"July","03-07-2024 T11:00","Final Assy","ENG Sealer Block-01","Spray Sealer M/C","EEAT-069","","PED Support","120","YY8 TM Program making activity","","","","","","","","Mechanical","Process","Yes","Jatinder Singh,Dipshikha","OK"
"July","04-07-2024 T11:00","Final Assy","","","","C","CM Entry","60","Operation not start in 369 modal in ICC Corolla","","","","","","Check all JU board ID its ok,All JU board re-insert its result same.","","Electrical","Part-Failure","No","Subhash Sheoran,Gagandeep","OK"
"July","05-07-2024 T12:00","Final Assy","FA-1 CBMU"," VCS Programmer","EEAT-239","","CM Entry","15","CBMU line VCS connection check","","","","","","All connection check VCS its ok.","","Electrical","","No","Subhash Sheoran","OK"
"July","05-07-2024 T12:15","Final Assy","FA-AB1","FAL-AB-HT","EEAT-117","","CM Entry","15","Y1K harness switch wire was broken","","","","","","Soldering done ","","Electrical","Human","No","Subhash Sheoran","OK"
"July","05-07-2024 T00:30","Final Assy","FA-WP4","PKG AUTO SCREW MACHINE","EEAT-206","","CM Entry","30","Jig  one pneumatic tube come out.","","","","","","Jig take out from machine & open its connector.,Pneumatic pipe insert & assembled its back on line.","","Pneumatic","Design","No","Neeraj,Subhash Sheoran,Gagandeep","OK"
"July","04-07-2024 T23:00","Final Assy","Cell Sensor","Spray Sealer","EEAT-163","C","CM Entry","241","Sealer application shot sequence changed for cycle time reduction (ISS BMU)","","","","","","Before coating time note down of both  coat station .,Two pallet time R1 - 38.27 38.15S ,R2 -37.32 ,36.76S-Running program.,After sequence changed  R1- 35.45 ,38.38 , R2-33.07 ,33.18S,After activity ,Running program revert.","","Both","","No","Neeraj","OK"
"July","05-07-2024 T01:30","Final Assy","FA-WP3","Silicon All-round","EEAT-156","","PED Support","92","New model setup activity (PWC ECU).","","","","","","Today silicon applied on product ,need to fine tuning.","","","","No","Neeraj","OK"
"July","03-07-2024 T07:20","Final Assy","FA-AB1","Packaging jig-01","EEAT-114","A","BD with No Loss","10","Excel sheet not responding ","","","","","","Machine restart then ok","","Electrical","M/c Communication ","No","Ujjawal,Jatinder Singh","OK"
"July","03-07-2024 T10:20","Mounting","MA6","LOADER","EETP-114","","BD with No Loss","10","Magazine not taken by machine ","","","","","","Check its all sensor found all OK, So reproduction start then ok","","Electrical","M/c Communication ","No","Ujjawal","OK"
"July","03-07-2024 T11:40","Final Assy","Spot Block-1","3D-04","EEAT-028","","CM Entry","30","Conveyor unit motion fault and image blur","","","","","","Conv. unit manually move and machine restart then ok,Camera zoom adjust from camera then ok","","Electrical","Obsolete","No","Ujjawal,Sreekanth Sasi","OK"
"July","03-07-2024 T11:20","Final Assy","AB Sealer Block-01","Spray Sealer M/C","EEAT-078","","BD with No Loss","10","Alarm no.93 coming ","","","","","","Pallet position-1 cylinder backward speed controller lock nut was loose so make it tight then ok.","","Electrical","Allignment","No","Ujjawal,Jatinder Singh","OK"
"July","04-07-2024 T07:20","Final Assy","FA-AB3","Packaging Jig-03","EEAT-188","","BD with No Loss","10","Fault no.05 (Torque NG coming )","","","","","","Screw driver signal cable reconnect then ok","","Electrical","Process","No","Ujjawal","OK"
"July","04-07-2024 T09:30","Mounting","AOI-7","Unloader","EETP-110","","CM Entry","10","Stocker not come out","","","","","","Machine power OFF/ON then ok","","Electrical","M/c Communication ","No","Ujjawal","OK"
"July","04-07-2024 T11:00","Mounting","MA4","Reflow Oven","EETP-059","","BD with No Loss","15","temp. controller trouble error coming ","","","","","","Machine power OFF/ON and wait for temp. then ok ","","Electrical","Design","No","Ujjawal","OK"
"July","04-07-2024 T11:40","Final Assy","FA-WP3","HT Chamber","EEAT-053","","BD with No Loss","10","Door lock-1 not closed ","","","","","","Door lock change with spare then ok","","Electrical","Part-Failure","No","Ujjawal,Indrajit Behera","OK"
"July","01-07-2024 T08:40","Mounting","MA7","TRAVERSER WITH QR READER","EETP-144","A","BD with No Loss","40","Y-axis position time out error coming","","","","","","M/c running time vibration coming because Traverser leg connected with NPM-1 foot lock ,Remove the lock from NPM-1 m/c then ok","","Mechanical","Allignment","Yes","Jatinder Singh,Ashish Gupta","OK"
"July","01-07-2024 T17:55","Final Assy","Spot Block-1","Spot-01","EEAT-096","B","BD with No Loss","15","Connector Burn Problem coming (GP2Y)","","","","","","As per PED instruction, Board No. 10 Pre-Heater output value Reduced from 65% to 62% , and Pre-Heater time increased from 24 sec. to 24.5 sec.,After that-OK.","","Electrical","Human","No","Mangal Ram Kanwar,Jaydev Mal","OK"
"July","01-07-2024 T19:10","Final Assy","Cell Sensor","Spray Sealer","EEAT-163","B","BD with No Loss","25","Sealer miss coming on R1 side (ISS-BMU)","","","","","","Sealer miss coming on test point.,So Sealer coating program modify.","","Mechanical","Design","No","Jaydev Mal","OK"
"July","01-07-2024 T15:40","Final Assy","Cell Sensor","MRC-04","EEAT-029","B","BD with No Loss","10","Nagara Switch not working.","","","","","","So Nagara switch changed with new. After that-OK.","","Electrical","Part-Failure","No","Mangal Ram Kanwar","OK"
"July","02-07-2024 T14:20","Final Assy","FA-NWP3","Air Leak Tester","EEAT-180","B","BD with No Loss","10","Daily Check Value NG coming","","","","","","So Offset given in Pressure A and B. After that-OK.","","Electrical","Design","No","Dalip Khajuria","OK"
"July","02-07-2024 T14:50","Final Assy","FA-AB3","Packaging Jig-03","EEAT-188","B","BD with No Loss","10","Fault No. 5 coming.","","","","","","Signal Cable reconnected. After that-OK.","","Electrical","M/c Communication ","No","Jaydev Mal,Dalip Khajuria","OK"
"July","02-07-2024 T15:10","Final Assy","FA-WP4","LO-HI SCREENING MACHINE","EEAT-199","B","BD with No Loss","10","Serial code read error coming","","","","","","So Application close/open. After that-OK.","","Electrical","M/c Communication ","No","Dalip Khajuria","OK"
"July","02-07-2024 T17:20","Mounting","AOI-08","AOI-08","EETP-130","B","BD with No Loss","13","The unlock sensor at the PCB Reference side at the PCB lock Section does not turn ON.","","","","","","PCB take out and Clamp reed switch condition check found-OK.,Machine Power OFF/ON. After that-OK.","","Electrical","","No","Jaydev Mal,Dalip Khajuria","OK"
"July","02-07-2024 T21:10","Final Assy","FA-WP2","Falcon-II (DCIV) RT","EEAT-143A","B","BD with No Loss","10","M.J. Coming on step no. 870","","","","","","P.Box pin cleaning done. After that-OK.","","Electrical","Wear","No","Mangal Ram Kanwar,Jaydev Mal","OK"
"July","02-07-2024 T22:00","Final Assy","Cell Sensor","Spray Sealer","EEAT-163","B","BD with No Loss","10","Sealer miss coming on two points in R1 side.","","","","","","So Sealer coating program modify.","","Mechanical","Design","No","Mangal Ram Kanwar,Jaydev Mal","OK"
"July","02-07-2024 T21:00","Final Assy","FA-WP3","Air blow-05","EEAT-073","B","BD with No Loss","10","Cycle time over error coming","","","","","","Nozzle movement Roller cleaning done.,Nozzle movement cylinder speed adjusted. After that-OK.","","Mechanical","Wear","No","Mangal Ram Kanwar,Jaydev Mal","OK"
"July","03-07-2024 T17:50","Mounting","Laser Line-1","Laser Marking + Cleaner","EETP-046","B","BD with No Loss","10","QR reading matching level low fault.","","","","","","QR matching level 77% coming. still error coming.,Finally Machine Power OFF/ON. After that-OK.","","Electrical","M/c Communication ","No","Dalip Khajuria","OK"
"July","03-07-2024 T17:30","Final Assy","FA-WP4","PRE-PKG AUTO SCREW MACHINE","EEAT-204","B","BD with No Loss","10","vacuum error coming.","","","","","","Screw position was disturbed. ,So Screw take out and Screw feed unit manual movement done.","","Mechanical","Design","No","Dalip Khajuria","OK"
"July","05-07-2024 T13:00","Final Assy","AB Sealer Block-01","Spray Sealer M/C","EEAT-078","A","PED Support","240","New model YY8 TM robot  Programming activity","","","","","","Before Robot & PLC Back up taken,Robot program made,PLC program modified for this model,Product made ,Fine tuning ongoing","","Mechanical","Process","No","Ujjawal,Jatinder Singh","OK"
"July","05-07-2024 T12:00","Mounting","MA5","Reflow Oven","EETP-083","","BD with No Loss","30","Out let jamming error coming Lane-1","","","","","","Lane-1 out let side movable conveyor guide adjusted then ok","Conveyor guide adjust it","Mechanical","Allignment","No","Jatinder Singh","OK"
"July","03-07-2024 T14:50","Final Assy","FA-AB2","FAL2-AB-HT","EEAT-133","B","BD with No Loss","10","Buzzer Sound not coming","","","","","","Speaker Main Power button ON. After that-OK.","","Electrical","Human","No","Mangal Ram Kanwar","OK"
"July","03-07-2024 T17:20","Final Assy","AB Sealer Block-01","Spray Sealer M/C","EEAT-078","B","BD with No Loss","15","Positioning pin-2 cylinder error coming","","","","","","Pallet Cleaning and lubrication done.,Positioning pin cylinder check found OK.,Turn Loader side cleaning done. Now Under observation","","Mechanical","Wear","No","Mangal Ram Kanwar,Jaydev Mal","OK"
"July","03-07-2024 T16:00","Mounting","AOI-7","3D-07","EETP-108","B","BD with No Loss","10","Ten Keypad not working.","","","","","","Ten keypad change with spare. After that-OK.","","Electrical","Part-Failure","No","Mangal Ram Kanwar","OK"
"July","03-07-2024 T20:55","Final Assy","AB Sealer Block-01","MRC-01","EEAT-005","B","BD with No Loss","10","XY- Axis Joystick not working","","","","","","XY-Axis joystick mount properly. After that-OK.","","Mechanical","Wear","No","Mangal Ram Kanwar","OK"
"July","03-07-2024 T20:20","Final Assy","FA-WP4","SILICON ALLAROUND","EEAT-205","B","BD with No Loss","20","Silicon coating Application shifting coming on product. ","","","","","","So Nozzle change with spare.,Nozzle centering check sensor set value change to correct value as per standard.","","Both","Human","No","Jaydev Mal,Dalip Khajuria","OK"
"July","04-07-2024 T15:15","Final Assy","FA-WP3","HT Tester","EEAT-158","B","CM Entry","105","P. Box Pin No. 102 broken inside receptacle during PM (YCA)","","","","","","","","Mechanical","Part-Failure","No","Jaydev Mal,Dalip Khajuria","OK"
"July","04-07-2024 T17:40","Mounting","MA5","SPG","EETP-075","B","BD with No Loss","10","U-axis interlock error coming","","","","","","So U-axis interlock plate free from belt","","Mechanical","Human","No","Dalip Khajuria","OK"
"July","04-07-2024 T17:50","Mounting","MA4","OC-2","EETP-058","B","BD with No Loss","10","PCB transport fault.","","","","","","Check and found Fixed side Conveyor Belt not rotating. Drop component stuck in roller,So Component takeout and Run m/c. After that-OK.","","Mechanical","Human","No","Dalip Khajuria","OK"
"July","04-07-2024 T18:30","Final Assy","Spot Block-2","THD G2C (4280)","EEAT-137","B","CM Entry","60","Condenser not feeding","","","","","","THD cutter m/c change with spare and Run production,Original THD cutter m/c cleaning, lubrication and mechanical adjustment done. After that-OK.","","Mechanical","Allignment","No","Dalip Khajuria","OK"
"July","04-07-2024 T20:15","Final Assy","Spot Block-1","Spot-01","EEAT-096","B","BD with No Loss","10","Nozzle ID wrong (GD1B)","","","","","","Sensor No. 1600 cleaning done. After that-OK.","","Electrical","Wear","No","Dalip Khajuria","OK"
"July","04-07-2024 T20:30","Mounting","MA5","Dual Lane Conveyor with Cooling Fan and QR","EETP-084","B","CM Entry","30","Lane-1 outlet jamming error coming. (HV4.5) in reflow ","","","","","","So Cooling conveyor Lane-1 Inlet sensor Position adjustment done.,Now under obsevation","","Mechanical","Design","No","Dalip Khajuria","OK"
"July","04-07-2024 T20:38","Final Assy","AB Sealer Block-01","Spray Sealer M/C","EEAT-078","B","BD with No Loss","1","Positioning-1 cylinder error","","","","","","Pallet No.2 Manually takeout, Cleaning and Lubrication done.,Now Under observation","","Mechanical","Wear","No","Mangal Ram Kanwar,Mukesh","OK"
"July","04-07-2024 T21:20","Final Assy","Spot Block-2","Spot-02","EEAT-074","B","BD with No Loss","10","Discharge Board/Pallet not arrived error coming.","","","","","","So Workbench side Pallet detect sensor cleaning done. After that-OK","","Electrical","Human","No","Jatinder Singh",""
"July","04-07-2024 T14:00","Final Assy","Cell Sensor","Spray Sealer","EEAT-163","B","CM Entry","240","Activity for cycle time reduction for ISS-BMU model","","","","","","PLC program modify, Bit no. 320.15 NC contact added parallel to NO contact of same Bit.,This NC contact added in two rung. Width check cycle start and Coat-1 Cycle start.","","Electrical","","No","Jaydev Mal,Sandeep Dhama,Ashish Gupta","OK"
"July","06-07-2024 T04:15","Mounting","MA2","CM212-3","EETP-016","C","BD with No Loss","20","Servo Process error coming ","","","","","","Machine restart many time continue different error Come so machine restart ","","Electrical","Part-Failure","Yes","Gagandeep","OK"
"July","06-07-2024 T02:10","Final Assy","Spot Block-1","Spot-01","EEAT-096","","BD with No Loss","10","Nozzle id wrong error coming ","","","","","","Sensor was dirty so clean ","","Electrical","Part-Failure","Yes","Gagandeep","OK"
"July","06-07-2024 T02:30","Final Assy","Spot Block-1","Spot-01","EEAT-096","","BD with No Loss","10","Pallet not arrived proper ","","","","","","Guide adjust after that ok ","","Mechanical","Design","Yes","Neeraj,Subhash Sheoran,Gagandeep","OK"
"July","04-07-2024 T16:00","Final Assy","","","","B","CM Entry","360","Abnormal screen & probe ID releted issue coming (3691) model (ICC-N-COROLLA TESTER EEAT-039)","","","","","","Start-up time this problem coming,This problem coming only 177700-3691 model & other model ok master found ok ,Probe holder side sensor-1 & 2 all wire check ok working, PROBE ID releted all wire connectivity check ok, ,INPUT -1 Connector all pins  (pin no. 1 to 60) connectivity check found ok,,All ju board side visually connection check found ok, ,Troubleshooting ongoing","","Both","M/c Communication ","No","Mangal Ram Kanwar,Mukesh","NG"
"July","04-07-2024 T21:20","Final Assy","Spot Block-2","Spot-02","EEAT-074","B","CM Entry","10","Discharge board /pallet not arrived error coming","","","","","","During runing time this problem coming,,So work bench side pallet detect sensor cleaning done, after that ok","","Both","Wear","No","Mangal Ram Kanwar","OK"
"July","06-07-2024 T00:00","Mounting","MA3","CM212-3","EETP-039","C","CM Entry","120","Multiple error was coming","","","","","","Communication cable changed in TBL-1.,After that OK","","Electrical","M/c Communication ","No","Subhash Sheoran,Gagandeep","OK"
"July","08-07-2024 T15:00","Final Assy","FA-WP4","LO-HI SCREENING MACHINE","EEAT-199","B","PED Support","330","LO/HI inspection machine production box modification","","","","","","For design change in CNG controller modification required in LO/HI inspection jig.","","Electrical","","No","Subhash Sheoran","OK"
"July","08-07-2024 T15:30","Mounting","MA3","YS Unloader","EETP-043","","CM Entry","10","Hook function error coming","","","","","","Stocker no.167 was NG, so take out the stocker after that ok","","Mechanical","Part-Failure","No","Neeraj,Subhash Sheoran","OK"
"July","08-07-2024 T18:00","Final Assy","FA-NWP3","Spray Sealer M/C","EEAT-027","","CM Entry","30","Sealer drop on  product  IC only nozzle-2 side","","","","","","Check Nozzle-2 sealer supply pipe its OK found , no leakage found.,Check nozzle side also leakage not found.","","Mechanical","","No","Subhash Sheoran","OK"
"July","08-07-2024 T15:00","Final Assy","FA-1 CBMU","","","","CM Entry","15","CBMU ICC2 jig not set error was coming","","","","","","Check & found its main Air supply was disconnected by PED,Air supply pipe connected after that OK","","Pneumatic","Human","No","Subhash Sheoran","OK"
"July","08-07-2024 T20:08","Final Assy","Cell Sensor","Spray Sealer","EEAT-163","B","CM Entry","113","Dummy NG -R2 Side.","","","","","","Nozzle side speed controller changed in place of one touch joint .,After that dummy ok.","","Mechanical","","No","Neeraj","OK"
"July","08-07-2024 T17:00","Final Assy","ElFi-Sealer Block-01 ","SPRAY SEALER","EEAT-232","B","PED Support","60","Sealer missing issue in R1 side.","","","","","","Program modified after that ok,","","Electrical","","No","Neeraj","OK"
"July","09-07-2024 T01:00","Final Assy","ENG Sealer Block-02","Spray Sealer","EEAT-194","C","CM Entry","150","Drying chamber exit pass check sensor (1114) change activity","","","","","","Drying chamber exit pass check sensor (1114) change with spare,M/c confirm by PRD running ok","Sensor change with spare","Electrical","Wear","No","Jatinder Singh,Indrajit Behera,Omvir","OK"
"July","09-07-2024 T03:00","Final Assy","AB Sealer Block-01","Spray Sealer M/C","EEAT-078","","PED Support","120","YY8 TM sealer program fine tuning activity","","","","","","YY8 TM sealer program fine tuning activity ongoing","","Mechanical","Process","No","Jatinder Singh","OK"
"July","05-07-2024 T15:25","Mounting","AOI-6","AOI-06","EETP-089","B","BD with No Loss","10","Slow inspection process (DC1V)","","","","","","Application close/open. After that-OK.","","Electrical","Design","No","Dalip Khajuria","OK"
"July","05-07-2024 T17:10","Final Assy","ENG Sealer Block-03","Flash Writing","EEAT-211","B","BD with No Loss","10","Communication error with product ID scanner","","","","","","PC restart. After that-OK.","","Electrical","Design","No","Dalip Khajuria","OK"
"July","09-07-2024 T15:00","","","","","B","PED Support","300","New Falcon assemble for CNG in QA room","","","","","","All parts unpacked,Parts installation on going","","Both","","No","Subhash Sheoran","OK"
"July","09-07-2024 T14:30","Final Assy","Cell Sensor","Spray Sealer","EEAT-163","B","Documentation","460","ISS BMU R1 new program made.","","","","","","New program made as per customer new drawing.,Teaching checked ok.,Fine tuning done.,Product made -ok.","","","","No","Neeraj","OK"
"July","10-07-2024 T02:00","Final Assy","FA-WP4","3W GEL APPLICATION","EEAT-201","G","PED Support","40","CNG Model new pan jig check activity","","","","","","CNG Model new pan jig teaching check ok,Silicon below m/c also check ok","","Mechanical","Design","No","Jatinder Singh","OK"
"July","10-07-2024 T03:30","Final Assy","AB Sealer Block-01","Spray Sealer M/C","EEAT-078","C","PED Support","120","YY8 TM Model fine tuning activity","","","","","","Final product made PED Confirmation pending","","Mechanical","Process","Yes","Jatinder Singh","OK"
"July","10-07-2024 T03:30","Mounting","AOI-08","3D-08","EETP-131","","BD with No Loss","10","Machine hang during running condition (YNC)","","","","","","Machine power off/on then ok","","Electrical","Process","Yes","Jatinder Singh","OK"
"July","10-07-2024 T00:00","Final Assy","Spot Block-2","3D-03","EEAT-077","C","BD with No Loss","10","Data not transfer problem coming,","","","","","","","","Electrical","M/c Communication ","No","Indrajit Behera,Omvir","OK"
"July","10-07-2024 T00:20","Final Assy","FA-AB3","FAL-AB-LT","EEAT-146","","BD with No Loss","10","","","","","","","","","Electrical","Allignment","No","Indrajit Behera","OK"
"July","09-07-2024 T06:30","Final Assy","ENG Sealer Block-02","Spray Sealer","EEAT-194","A","BD with No Loss","85","Shift conveyor Cylinder error coming.","","","","","","Shift conv. cylinder Forward confirmation slit sensor is not ON ,Drying oven outlet PH-1113 sensor mode found change  (L-ON),Machine need (D-ON mode) so D-ON mode select then  ok.","","Electrical","Human","No","Ujjawal,Mukesh","OK"
"July","09-07-2024 T07:55","Final Assy","ENG Sealer Block-02","Spray Sealer","EEAT-194","","BD with No Loss","15","drying oven outlet motor speed was slow ","","","","","","Speed adjust after that ok.","","Electrical","Process","No","Ujjawal","OK"
"July","09-07-2024 T08:20","Final Assy","ENG Sealer Block-02","Metal Rubbish Check","EEAT-150","","BD with No Loss","10","Nwin has stopped working ","","","","","","Application close open and machine homing done then ok","","Electrical","M/c Communication ","No","Ujjawal","OK"
"July","09-07-2024 T10:00","Final Assy","FA-WP4","ROOM TEMPERATURE TESTER","EEAT-207","","PED Support","240","New Model (CNG) Modification activity ","","","","","","As per drawing modification done.,Re-verified the wiring as per drawing and continuity also check found ok. ","","Electrical","Design","No","Ujjawal","OK"
"July","08-07-2024 T10:30","Final Assy","FA-WP4","SILICON ALLAROUND","EEAT-205","A","BD with No Loss","30","Start point extra silicon coming ","","","","","","Main pump rod cleaning done,First point F 1201 SP Value decreased from 24 to 22 ","","Mechanical","Process","No","Ujjawal,Sandeep Dhama","OK"
"July","05-07-2024 T22:00","Final Assy","FA-WP3","Air Leak","EEAT-160","B","BD with No Loss","10","Nagara switch not working.","","","","","","Nagara switch handle tighten. After that-OK.","","Mechanical","Wear","No","Mangal Ram Kanwar","OK"
"July","05-07-2024 T14:30","Final Assy","FA-NWP3","FAL2-ENG-LT","EEAT-125","B","CM Entry","30","","","","","","","All pin fixed and 2 pins changed with new. Production box handover to PRD","","","","No","Mangal Ram Kanwar","OK"
"July","06-07-2024 T15:00","Final Assy","Cell Sensor","Spray Sealer","EEAT-163","B","CM Entry","300","Activity for splashes issue in ISS-BMU-R2 side","","","","","","As per PED Request all Pallet  Bottom side washer added to guide blocks to maintain Gap.","","Mechanical","","No","Mangal Ram Kanwar,Dalip Khajuria,Sandeep Dhama","OK"
"July","06-07-2024 T15:00","Mounting","MA4","NPM-06","EETP-057","B","BD with No Loss","10","Pallet over run error","","","","","","Scattered component take out and run m/c.","","Both","Human","No","Mangal Ram Kanwar,Mukesh","OK"
"July","08-07-2024 T06:10","Final Assy","FA-WP3","Air Leak","EEAT-160","A","BD with No Loss","5","Daily check pressure value NG coming","","","","","","Offset given in pressure A & B. After that-OK.","","Electrical","Design","No","Mangal Ram Kanwar","OK"
"July","08-07-2024 T06:16","Final Assy","FA-NWP3","Air Leak Tester","EEAT-180","A","BD with No Loss","5","Daily check Pressure Value NG coming.","","","","","","Offset given in pressure A & B. After that-OK.","","Electrical","Design","No","Mangal Ram Kanwar","OK"
"July","08-07-2024 T06:25","Final Assy","FA-WP2","VCS-10","EEAT-057","A","BD with No Loss","10","NG data Print not coming.","","","","","","Test print taken and NG Master check. Now print  coming OK.","","Electrical","M/c Communication ","No","Ujjawal,Mangal Ram Kanwar","OK"
"July","08-07-2024 T06:45","Final Assy","FA-WP4","FILTER ASSY","EEAT-200","A","BD with No Loss","10","Actuator not Up","","","","","","Go to Individual - model change press. After that actuator up ok.,OK & NG master check found-OK.","","Electrical","Human","No","Mangal Ram Kanwar","OK"
"July","08-07-2024 T06:35","Final Assy","Cell Sensor","Air blowing M/C","EEAT-162","A","BD with No Loss","10","81- cycle stop error. Re-entering not delay error come","","","","","","Check sensor condition found OK.,Machine restart- NG,Finally found that operator hand motion was NG","","Electrical","Human","No","Ujjawal,Mangal Ram Kanwar","OK"
"July","08-07-2024 T07:13","Final Assy","FA-AB2","HT Chamber-02","EEAT-052","A","BD with No Loss","7","Door  no. 3 Handle broken","","","","","","Door Handle change with spare","","Mechanical","Part-Failure","No","Mangal Ram Kanwar,Mukesh","OK"
"July","08-07-2024 T11:00","Mounting","Laser Line-2","Laser Unloader","EETP-100","A","BD with No Loss","10","Chuck open/ close action error","","","","","","PCB set jig stopper alignment and tightening done. After that-OK.","","Mechanical","Wear","No","Dalip Khajuria","OK"
"July","08-07-2024 T07:00","Mounting","MA7","LOADER","EETP-138","A","BD with No Loss","10","Gripper board drop error","","","","","","Check sensor condition found OK,So Run m/c and observe but error not come again","","","","No","Dalip Khajuria","OK"
"July","08-07-2024 T12:40","Mounting","MA6","LOADER","EETP-114","A","BD with No Loss","10","Gripper Board drop error","","","","","","Check Sensor Condition found OK.,Error Reset and  run machine, Error not come again","","","","No","Dalip Khajuria","OK"
"July","08-07-2024 T13:00","Final Assy","FA-NWP3","Spray Sealer M/C","EEAT-027","A","BD with No Loss","30","Sealer drop coming on IC (DC1A)","","","","","","Nozzle Chip cleaning done.,Viscosity check-OK,Pump sound check -OK","","","","No","Mangal Ram Kanwar,Mukesh","OK"
"July","10-07-2024 T14:30","Final Assy","Cell Sensor","Spray Sealer","EEAT-163","B","CM Entry","151","Problem reported by PRD sealer splashing in connector & Sealer missing .","","","","","","R2 side dummy correct on 8/07/24 after that cell sensor model did not run ,So today one product run found no splashing  . ,Sealer missing - Program modify for missing issue found ok.","","","","No","Neeraj","OK"
"July","10-07-2024 T17:30","Final Assy","Cell Sensor","Spray Sealer","EEAT-163","","PED Support","91","ISS BMU R1 program fine tuning activity in new program as per customer drawing.","","","","","","Fine tuning done ,Product keep for PED judgement .","","","","Yes","Neeraj","OK"
"July","10-07-2024 T14:30","","","","","B","CM Entry","300","New machine installation in QA room, CNC Falcon","","","","","","All instruments installation completed,All wiring connection done.","","Both","","No","Subhash Sheoran","OK"
"July","10-07-2024 T20:00","","","","","","CM Entry","120","Tester bench was not working in QA room.","","","","","","All connection check its ok,All power supply check one by one its output coming ok,Suspected its power supply may be faulty","","Electrical","Part-Failure","No","Subhash Sheoran,Gagandeep","OK"
"July","10-07-2024 T23:00","Mounting","MA2","CM212-3","EETP-016","C","CM Entry","360","TBL-1 & 3 head communication cable change activity","","","","","","TBL-1 & 3 head communication cable change with spare new on ,M/c homing ok,check in semi mode ok","","Electrical","M/c Communication ","Yes","Jatinder Singh,Indrajit Behera,Omvir","OK"
"July","09-07-2024 T06:10","Final Assy","Spot Block-1","Spot-01","EEAT-096","A","CM Entry","10","Nozzle id wrong problem coming (GD1B)","","","","","","Machine star-tup time this problem coming,Nozzle id detect sensor condition check & found,Sensor no. 1601 SV-3000 to 3500 done, & Sensor no. 1600 SV -400 to 600 done, after that ok","","Both","Allignment","No","Mangal Ram Kanwar,Mukesh","OK"
"July","09-07-2024 T07:18","Final Assy","FA-NWP3","Spray Sealer M/C","EEAT-027","A","CM Entry","0","Activity for sealer splace (drop) problem ","","","","","","as per prd information some product have sealer drop problem coming (DC1A) TOP SIDE,So break time turn Loader side all penumatic joint , pipe leakage check but no any abnormalit found,Now runing ok","","Pneumatic","Process","No","Mangal Ram Kanwar,Mukesh","OK"
"July","09-07-2024 T13:45","Final Assy","Spot Block-2","3D-03","EEAT-077","A","CM Entry","15","Camera continue rotate problem coming (GD1B)","","","","","","During runing time this problem coming,So Camera jog switch properly tight done & application close / open but ng, machine re-start  after that PCB ID data not transfer issue come,So lan cable re-connect & application close/open , after that ok","","Mechanical","Human","No","Mangal Ram Kanwar,Mukesh","OK"
"July","09-07-2024 T06:15","Mounting","MA6","NPM-2","EETP-134","A","CM Entry","10","Pcb remove option coming (Prd information)","","","","","","During star-tup time this problem come,Pcb was present in bewteen NPM-2 & 3 ,So NPM-3 side pcb confirm & transfer to  mount posiition, after that ok ","","Both","M/c Communication ","No","Dalip Khajuria","OK"
"July","09-07-2024 T11:50","Mounting","MA6","LOADER","EETP-114","A","CM Entry","10","Magzine transfereing time over (zone-2) lifter error coming (stocuker no. 197)","","","","","","During runing time this problem come,check & found stukcer was damaged from bottom corner & stuck wire guide plate ,so stucker manually place to lifter & run  m/c,Request to prd to do not use damaged stucker","","Mechanical","Wear","No","Mangal Ram Kanwar","OK"
"July","10-07-2024 T08:15","Final Assy","ENG Sealer Block-03","Spray Sealer","EEAT-226","A","BD with No Loss","10","Pallet not coming out","","","","","","PHS-1115 Sensor lens come out. So lens installed. After that-OK.","","Both","Human","No","Ujjawal,Dalip Khajuria,Mukesh","OK"
"July","10-07-2024 T13:40","Final Assy","FA-1 CBMU","Automatic Screw Tightening machine","EEAT-236","A","BD with No Loss","10","Waiting for vacuum error coming","","","","","","Screw Hopper was empty. So screw filled  in Hooper. After that-OK.","","Mechanical","Human","No","Ujjawal","OK"
"July","10-07-2024 T09:10","Final Assy","FA-1 CBMU"," RT Tester-02","EEAT-238","A","BD with No Loss","10","Fixture up error coming.","","","","","","Product assy side issue. So Run next product found-OK.","","Mechanical","Part-Failure","No","Ujjawal,Dalip Khajuria","OK"
"July","10-07-2024 T10:00","Mounting","MA4","NPM-03","EETP-101","A","BD with No Loss","60","PCB recognition error coming (YTA-R2)","","","","","","Fiducial teach by PED.,Conveyor speed change from High to Low.,But still problem coming.","Under discussion with Maker.","Both","Design","No","Dalip Khajuria","NG"
"July","10-07-2024 T13:30","Mounting","MA5","QR Conveyor-1","EETP-076","A","BD with No Loss","20","Door stuck problem","","","","","","Check and found Right side Door slider side issue,Door Slider take out for repairing.","we will repair door slider.","Mechanical","Part-Failure","No","Dalip Khajuria","NG"
"July","10-07-2024 T06:20","Mounting","MA3","Reflow Oven","EETP-041","A","BD with No Loss","10","Temperature drop but error not coming. (ZONE-6 Upper)","","","","","","Model changeover to another model and revert back to running model. After that-OK.","","Electrical","","No","Dalip Khajuria","OK"
"July","10-07-2024 T10:00","Final Assy","FA-AB2","FAL2-AB-RT1","EEAT-134","A","CM Entry","60","772 model harness, Ground pin broken inside receptacle ","","","","","","So receptacle change with new. After that-OK.","","Mechanical","Part-Failure","No","Mangal Ram Kanwar","OK"
"July","11-07-2024 T07:00","Mounting","MA5","Board Flipper and Cleaner","EETP-074","A","BD with No Loss","20","Daily check Flow rate value NG Coming.","","","","","","Dust collection and Ionizer Blow Flow rate value adjust as per daily check sheet values.","","Pneumatic","Human","No","Dalip Khajuria","OK"
"July","11-07-2024 T06:20","Mounting","MA6","REFLOW OVEN","EETP-124","A","BD with No Loss","20","Daily check Chiller unit temperature NG.","","","","","","Temperature set value changed as per daily check sheet values. After that-OK.","","Electrical","Human","No","Dalip Khajuria","OK"
"July","11-07-2024 T08:40","Mounting","MA4","NPM-03","EETP-101","A","CM Entry","60","PCB Recognition error (YTA-R2, HA151655-0080))","","","","","","PCB origin offset changed from 254.20 to 255.20,Conveyor width change from 154 to 153.9,These setting is model specific; it impacts only in this model and in all NPM machines.,This activity done by maker.","","Electrical","Human","No","Dalip Khajuria","OK"
"July","13-07-2024 T02:30","Final Assy","AB Sealer Block-01","Spray Sealer M/C","EEAT-078","C","PED Support","150","YY8 TM Sealer program modified as per PED Request","","","","","","Sealer program modified and product made","","Mechanical","Process","No","Jatinder Singh","OK"
"July","14-07-2024 T06:00","Final Assy","Spot Block-1","Spot-01","EEAT-096","A","CM Entry","480","Halogen heater Current measurement","","","","","","Heater no.4,7,11,12 wire was damaged so, insert  hi temperature sleeve,Heater no.1 to 13 all current measurement done as per pre-heat output value set 50% to 88%.","","Electrical","","No","Subhash Sheoran","OK"
"July","15-07-2024 T12:00","Final Assy","FA-AB3","LT Chamber","EEAT-189","A","CM Entry","15","Lower door lock broken","","","","","","Door lock replaced with new one.","","Mechanical","Part-Failure","No","Subhash Sheoran,Dipshikha","OK"
"July","15-07-2024 T09:00","Final Assy","Cell Sensor","MRC-04","EEAT-029","","CM Entry","10","Display was tilt.","","","","","","Camera hit with other cable so, little bit shifted,Camera adjust & cable dressing done","","Both","M/c Communication ","No","Subhash Sheoran","OK"
"July","15-07-2024 T09:40","Mounting","AOI-6","PCB Inverter","EETP-091","","CM Entry","30","Product transfer in error","","","","","","Check inverter alignment was disturb.,Inverter Alignment done after that ok.","","Mechanical","Allignment","No","Subhash Sheoran,Jatinder Singh","OK"
"July","15-07-2024 T10:30","Final Assy","FA-WP2","","","","CM Entry","20","Pin was bend in YCA modal.","","","","","","Production box check & found pin mark coming.,Connector raplced with new one","","Mechanical","","No","Subhash Sheoran,Dipshikha","OK"
"July","15-07-2024 T16:00","Final Assy","Spot Block-2","Spot-02","EEAT-074","B","CM Entry","30","Water drop from  chiller unit side,","","","","","","Check and found chiller unit side ice coming ,,Finally chiller unit cleaning done after that ok,","","Electrical","Process","No","Indrajit Behera,Omvir","OK"
"July","15-07-2024 T15:50","Final Assy","Spot Block-1","PCB Router-5","TEST-01","","BD with No Loss","10","Dust vacuum low error coming,","","","","","","Finally jig take out and dust vacuum open /close gate side dust cleaning done after that ok,","","Pneumatic","","No","Indrajit Behera","OK"
"July","15-07-2024 T18:20","Final Assy","FA-AC1","RT Tester","EEAT-181","","BD with No Loss","20","Continue card failed on multiple step,(YFG AC ,8211)","","","","","","Harness take out and check found one wire broken ,,Finally broken wire soldering done ,After that ok master check found ok,,After that m/c run ok,","","Electrical","Part-Failure","No","Indrajit Behera","OK"
"July","15-07-2024 T18:20","Final Assy","FA-AC1","RT Tester","EEAT-181","","BD with No Loss","20","Extra sealer coming on product,(GP2Y)","","","","","","Check coat -2 width 10.10mm coming,,Finally coat -2 width adjustment 10.10 To 9.40mm after that ok,","","Electrical","Part-Failure","No","Indrajit Behera","OK"
"July","15-07-2024 T18:30","Final Assy","ENG Sealer Block-03","Spray Sealer","EEAT-226","","BD with No Loss","10","Air abnormal error coming,","","","","","","Check main air filter dirty found,Finally main air filter change with new Saper filter after that ok, ","","Pneumatic","Process","No","Indrajit Behera,Omvir","OK"
"July","11-07-2024 T09:05","Final Assy","FA-WP4","PRE-PKG AUTO SCREW MACHINE","EEAT-204","A","BD with No Loss","30","Vacuum error coming.","","","","","","Nozzle head unit takeout, then cleaning and lubrication done. After that-OK.","","Mechanical","Wear","No","Mangal Ram Kanwar,Mukesh","OK"
"July","11-07-2024 T13:00","Mounting","MA5","Traverser with QR Reader-2","EETP-082","A","BD with No Loss","10","Rear Door stuck problem.","","","","","","Door Right side slider takeout. Now door closing OK.","","Mechanical","Part-Failure","Yes","Mangal Ram Kanwar,Dalip Khajuria","OK"
"July","12-07-2024 T06:15","Final Assy","FA-WP4","AIR LEACK CHECK","EEAT-209","A","BD with No Loss","10","Daily check vacuum pressure value NG.","","","","","","So Vacuum pressure value adjusted as per daily check sheet value.,OK master check found-OK.","","Pneumatic","Human","No","Dalip Khajuria","OK"
"July","12-07-2024 T06:25","Mounting","MA5","SPG","EETP-075","A","BD with No Loss","10","under support axis interlock error","","","","","","Fixed side Under support plate was Bend. So make it straight. After that-OK.","","Both","Human","No","Dalip Khajuria","OK"
"July","15-07-2024 T10:05","Mounting","MA5","SPG","EETP-075","A","BD with No Loss","15","","","","","","","Fixed side conveyor plate alignment done then ok","","Mechanical","Process","No","Subhash Sheoran,Jatinder Singh","OK"
"July","15-07-2024 T06:15","Mounting","MA5","NPM-1","EETP-111","","BD with No Loss","15","Card stuck between NPM-1 & NPM-2","","","","","","M/c conveyor width origin done then ok","","Mechanical","Process","No","Jatinder Singh","OK"
"July","15-07-2024 T09:30","Mounting","MA5","NPM-9","EETP-081","","BD with No Loss","15","PCB Recognition error 7100-R1","","","","","","PCB move on position then ok","","Mechanical","Process","No","Jatinder Singh","OK"
"July","15-07-2024 T09:10","Mounting","MA5","SPG","EETP-075","","BD with No Loss","15","Sensor or solder leak prevention block is dirty","","","","","","Clean the solder detection sensor and adjust the block then ok","","Mechanical","Process","No","Jatinder Singh","OK"
"July","15-07-2024 T09:15","Final Assy","FA-AB3","FAL-AB-LT","EEAT-146","A","BD with No Loss","10","Continue card getting fail at multiple steps(20,40,50)","","","","","","Harness cleaning done after that OK","","Electrical","M/c Communication ","No","Subhash Sheoran,Dipshikha","OK"
"July","15-07-2024 T06:00","Final Assy","FA-WP3","Air Leak","EEAT-160","","CM Entry","10","Daily check N.G coming","","","","","","Pressure 1 & 2 pressure adjust after that ok","","Both","Part-Failure","No","Subhash Sheoran,Jatinder Singh","OK"
"July","16-07-2024 T07:00","Final Assy","Spot Block-03","SPOT M/C","EEAT-214","A","CM Entry","20","Fluxer 2 flux leaking error coming","","","","","","Check the flux supply pipe its ok,Check Nozzle & Atomization pressure its ok.,Nozzle pipe check its ok,Continue flux apply on plates after that OK","","Both","Part-Failure","No","Subhash Sheoran,Jatinder Singh,Mukesh","OK"
"July","15-07-2024 T10:30","Final Assy","FA-WP3","","","A","PED Support","60","PWC model check on the line","","","","","","PWC screw driver torque set on 1.70N ,Silicon below and all-around machine product make different  gain value  foe QA checking.,Both machine gain value revert back after activity","","","","No","Sreekanth Sasi","OK"
"July","15-07-2024 T09:30","Final Assy","Cell Sensor","Spray Sealer","EEAT-163","","CM Entry","180","Excess sealer and sealer miss <ISS-BMU>,Pallet supporting plate adjustment","","","","","","For excess sealer and sealer miss program  modified. After that OK.,All pallet guide block adjustment done and new bolt installed < long length>","Activity on going","Mechanical","","No","Sreekanth Sasi,Jatinder Singh,Ashish Gupta","OK"
"July","16-07-2024 T10:40","Final Assy","AB Sealer Block-02","","","A","PED Support","120","CH1~CH5 writer harness modification","","","","","","Wire addition done in the probe holder to machine writer. CH1~CH5.,Modification for Honda Air Bag set up in SB02.,Master check done after & before modification.","","Electrical","","No","Subhash Sheoran","OK"
"July","16-07-2024 T13:20","Mounting","MA7","SOLDER PASTE PRINTING","EETP-140","A","CM Entry","10","Air conditioner is not running","","","","","","Check its Air conditioner side E09 error was coming,Error reset & machine running OK.","","Electrical","M/c Communication ","No","Subhash Sheoran,Mukesh","OK"
"July","12-07-2024 T06:20","Final Assy","FA-AB2","Roll Over Tester","EEAT-143","A","BD with No Loss","20","Jig harness wire stuck  in product","","","","","","Jig wiring cable dressing done then ok","","Mechanical","Design","No","Ujjawal,Sandeep Dhama","OK"
"July","12-07-2024 T06:40","Final Assy","Cell Sensor","Spray Sealer","EEAT-163","A","BD with No Loss","40","R1 & R2  dummy NG ","","","","","","Both nozzle spray width adjust then ok","","Both","Allignment","No","Ujjawal","OK"
"July","15-07-2024 T15:00","Final Assy","FA-WP4","LO-HI SCREENING MACHINE","EEAT-199","","PED Support","420","New model set up activity (P. Box CNG  modification)","","","","","","As per NG Steps data wiring check and activity done ,Some steps Ok but two steps still NG coming ","","Electrical","Design","No","Ujjawal","OK"
"July","16-07-2024 T15:00","Final Assy","FA-WP4","LO-HI SCREENING MACHINE","EEAT-199","","PED Support","300","Step no.171 and 257 NG coming in CNG new model ","","","","","","As per NG data troubleshooting activity done then check master found ok.","","Electrical","Design","No","Ujjawal,Sandeep Dhama","OK"
"July","16-07-2024 T19:00","Final Assy","Cell Sensor","Spray Sealer","EEAT-163","B","BD with No Loss","50","Sealer miss on R2 ISSBMU","","","","","","Sealer coating program modify then ok","","Both","Design","No","Ujjawal,Sandeep Dhama",""
"July","12-07-2024 T06:35","Mounting","MA5","NPM-1","EETP-111","A","BD with No Loss","10","Support pin exchange error coming. (Lane-2)","","","","","","Support pin Nozzle changer pull upwards. After that-OK.","","Mechanical","Human","No","Dalip Khajuria","OK"
"July","12-07-2024 T09:30","Mounting","MA3","CM212-2","EETP-038","A","BD with No Loss","15","Feeder gang base down signal not coming. (TBL-2)","","","","","","Left side stopper block alignment done. After that-OK.","","Mechanical","Wear","No","Anshul Gupta,Dalip Khajuria","OK"
"July","12-07-2024 T09:10","Mounting","MA5","Reflow Oven","EETP-083","A","BD with No Loss","20","O2 density error coming","","","","","","Zone-8 N2 flow increased. After that-OK.","","Pneumatic","Design","No","Anshul Gupta,Dalip Khajuria","OK"
"July","12-07-2024 T08:10","Mounting","MA2","Reflow Oven","EETP-025","A","BD with No Loss","20","O2 density value coming (60ppm)","","","","","","O2 density as per spec was OK.,Still Sampling port check for any blockage found-OK.","","Pneumatic","Human","No","Dalip Khajuria","OK"
"July","12-07-2024 T10:00","Final Assy","FA-NWP3","Flash-04","EEAT-097","A","BD with No Loss","60","Misjudgment coming on step no. 130 (DC1A)","","","","","","So PCB Support pin height adjust as per Drawing (16.5mm),OK master check found-OK.","","Mechanical","Human","No","Ujjawal","OK"
"July","15-07-2024 T22:25","Mounting","MA4","NPM-04","EETP-056","C","CM Entry","20","Pcb drop inside m/c (pcb carry in error) 8040-R1","","","","","","After model change over this problem come,  so check width was ng, so finally found that support pin drop &  stuck in the way of width movment area,so support pin take out , width origin done, after that ok","","Both","Process","No","Dalip Khajuria","OK"
"July","15-07-2024 T23:00","Mounting","AOI-7","PCB Loader","EETP-105","C","CM Entry","10","Pcb jam at inlet conveyer","","","","","","During runing this problem come, ,check all sensor condition found ok, ,No pcb & stucker avoilable at lifter still this error coming,so machine power off/on after that ok","","","Design","No","Anshul Gupta,Dalip Khajuria","OK"
"July","16-07-2024 T00:00","Final Assy","Spot Block-2","THD G2C (4280)","EEAT-137","C","CM Entry","120","Condenser not feeding.","","","","","","Cleaning and Lubrication done.,Mechanical adjustments done. After that-OK.","","Mechanical","Wear","No","Dalip Khajuria","OK"
"July","16-07-2024 T05:50","Mounting","MA6","NPM-6","EETP-122","C","BD with No Loss","10","Encoder Communication abnormality protection error (Rear Side)","","","","","","Machine power OFF/ON. After that-OK.","","Electrical","M/c Communication ","No","Mangal Ram Kanwar","OK"
"July","16-07-2024 T05:10","Mounting","AOI-6","3D-06","EETP-090","C","BD with No Loss","10","Application does not respond. (M/C Hang)","","","","","","So, PC Restart. After that-OK.","","Electrical","Design","No","Dalip Khajuria","OK"
"July","16-07-2024 T00:40","Final Assy","AB Sealer Block-01","Spray Sealer M/C","EEAT-078","C","BD with No Loss","10","Fault no. 146. Loading CV. exit pusher down error","","","","","","Pusher manually move upwards.,Machine origin done. After that-OK.","","Mechanical","Wear","No","Mangal Ram Kanwar","OK"
"July","15-07-2024 T22:40","Final Assy","FA-AB3","Packaging Jig-03","EEAT-188","C","CM Entry","10","Ok  lamp not glowing ","","","","","","Daily check time this problem come,Controller side all connection check ok,again part check ok runing","","Both","Process","No","Mangal Ram Kanwar","OK"
"July","15-07-2024 T23:15","Final Assy","FA-AB2","HT Chamber-02","EEAT-052","C","CM Entry","10","Door handle no. 2 come out","","","","","","Found 1 allen bolt come out, so properly tight done, then ok","","Mechanical","Design","No","Mangal Ram Kanwar","OK"
"July","16-07-2024 T03:30","Final Assy","Spot Block-2","Screw driver-02","EEAT-032","C","CM Entry","10","Bit touch with L shape board","","","","","","Found L-shape board aligment disturb, so alignment done, after that ok","","Mechanical","Allignment","No","Mangal Ram Kanwar","OK"
"July","16-07-2024 T23:00","Final Assy","FA-WP2","Silicon Below","EEAT-080","C","BD with No Loss","20","Fault no. 82, Screw check NG coming.","","","","","","Screw Re-tighten. After that-OK.","","Mechanical","Human","No","Dalip Khajuria","OK"
"July","16-07-2024 T23:05","Final Assy","Spot Block-2","THD HONDA 2TG (2960)","EEAT-172","C","BD with No Loss","10","Condenser not stop after cutting.","","","","","","Limit switch position adjustment done. After that-OK.","","Mechanical","Human","No","Mangal Ram Kanwar","OK"
"July","17-07-2024 T03:00","Final Assy","ENG Sealer Block-01","Spray Sealer M/C","EEAT-069","C","BD with No Loss","10","Dummy pallet stuck in apply Station","","","","","","Dummy pallet takeout manually by operating solenoid valve.","","Electrical","Human","No","Mangal Ram Kanwar","OK"
"July","17-07-2024 T03:10","Mounting","MA4","YS Loader ","EETP-051","C","BD with No Loss","10","Chuck error coming (Alpha)","","","","","","PCB set jig width set correctly. After that-OK.","","Mechanical","Human","No","Mangal Ram Kanwar","OK"
"July","16-07-2024 T23:44","Final Assy","FA-WP3","3W Gel-04","EEAT-193","C","BD with No Loss","15","Fault no. 33, Robot fault coming.","","","","","","Machine Power OFF/ON. After that-OK.","","Electrical","M/c Communication ","No","Mangal Ram Kanwar,Dalip Khajuria","OK"
"July","15-07-2024 T23:00","Final Assy","Cell Sensor","Spray Sealer","EEAT-163","C","BD with No Loss","40","Sealer miss problem coming (Cell sensor Model)","","","","","","Target width change from 10.00 to 10.20,Sealer coating program modified and transfer to m/c.,Then Extra sealer problem coming. So All condition revert back to original","","","","Yes","Anshul Gupta,Mangal Ram Kanwar","OK"
"July","17-07-2024 T09:30","Final Assy","Cell Sensor","Spray Sealer","EEAT-163","A","BD with No Loss","75","Sealer coming prohibited area in R1 side,Sealer miss coming R2 side","","","","","","Problem :-1  Check dummy in R1 found start point splash coming.,Nozzle speed controller adjusted but no impact.,Nozzle chip change with new . After check same.,Finally programe side orientation change.After that Ok.  (Prg Name: ISS BMU R1 17072024),Problem:-2  Program modify R2- Line Shot Start Increase 1mm,R2- Line Shot Down 1mm  (Prg Name: ISS BMU R2 17072024)","","Mechanical","Process","No","Sreekanth Sasi,Ashish Gupta","OK"
"July","17-07-2024 T14:30","Meter Assy","Meter 3","Calibration Machine","M3M-008","B","BD with No Loss","210","Auto step A17 & A18 NG Coming ","","","","","","Machine restart but same,Machine side CN Alpha & CN Beta connector reconnect ,Master Check found OK, A17 & A18 steps also check in Master ,Jig side CRA 7 CRB Relay change but same,Machine side CN alpha  connector Pin No.50 & 54 used for these steps. check its continuity found ok,Finally machine handover to PED For checking program side issue.","","Electrical","Design","No","Ujjawal,Dipshikha","OK"
"July","17-07-2024 T16:40","Final Assy","FA-WP2","Silicon Below","EEAT-080","","BD with No Loss","10","Abnormal silicon coming on product (YCA)","","","","","","In running condition  silicon less coming on product ,Suction and return speed revert back done (Suction from 0.45 to 0.40 and return from 0.16 to 0.15) then ok  ","","Electrical","Part-Failure","No","Ujjawal,Sandeep Dhama","OK"
"July","17-07-2024 T16:50","Final Assy","FA-WP4","ROOM TEMPERATURE TESTER","EEAT-207","","BD with No Loss","10","MJ. coming on step no. 110  ","","","","","","P. Box pin cleaning done then ok","","Electrical","","No","Ujjawal,Gagandeep","OK"
"July","17-07-2024 T15:40","Mounting","MA6","UNLOADER","EETP-127","B","CM Entry","15","Motorized pusher driver error coming ","","","","","","Stuck card take out and stocker take out after that ok stocker side issue ","","Mechanical","Wear","No","Gagandeep","OK"
"July","17-07-2024 T18:50","Mounting","MA4","NPM-06","EETP-057","","CM Entry","10","Cuison end error coming ","","","","","","Eject component tray was full so clean tray after that ok ","","Mechanical","Wear","No","Gagandeep","OK"
"July","17-07-2024 T18:10","Mounting","MA7","NPM-2","EETP-146","","CM Entry","20","1001 Nozzle broken during running","","","","","","Head no 2 centering check Motion check after that ok ","","Mechanical","Wear","Yes","Gagandeep","OK"
"July","17-07-2024 T15:30","Mounting","MA4","NPM-06","EETP-057","","CM Entry","30","Connector shift place issue ","","","","","","Head centering check ok head motion check ok ,PED Given offset in x-y after that ok ","","Electrical","Wear","Yes","Gagandeep","OK"
"July","17-07-2024 T14:40","Final Assy","FA-WP2","Air leak-01","EEAT-083","","CM Entry","10","Vaccum master data not match ","","","","","","Negtive pressure was high so pressure dicrese after that ok ","","Pneumatic","Design","Yes","Gagandeep","OK"
"July","17-07-2024 T22:45","Final Assy","ENG Sealer Block-03","Flash Writing","EEAT-211","C","CM Entry","10","Ten key pad not working","","","","","","During part no. change ten keypad not working & application hang,So  check & found ten key pad mode button stucked, so mode button release & m/c re-start  , after that ok","","Both","Process","No","Dalip Khajuria","OK"
"July","17-07-2024 T23:00","Final Assy","Spot Block-2","Spot-02","EEAT-074","C","CM Entry","15","Solder bath-2 shutter door stuck problem come","","","","","","Check & found shutter door mounting bolt was loose,So mounting bolt tight done, after that ok","","Mechanical","Allignment","No","Dalip Khajuria","OK"
"July","18-07-2024 T01:00","Mounting","AOI-9","3D-09","EETP-155","C","BD with No Loss","10","Application not responding (ISS-BMU)","","","","","","Pc re-start done, after that ok","","Electrical","Design","No","Dalip Khajuria","OK"
"July","18-07-2024 T00:30","Final Assy","FA-AB3","Packaging Jig-03","EEAT-188","C","CM Entry","10","Measurement time ng coming (423 ms) YTA A/B","","","","","","During runing time Measurement time ng coming,So tea breake time screw driver side signal cable re-connect done, after that ok","","Both","M/c Communication ","No","Mangal Ram Kanwar","OK"
"July","19-07-2024 T10:40","","","","","","PED Support","120","Wire addition in the machine probe holder writer.","","","","","","This modification is completed for HONDA Air Bag model set up in SB02.","","Electrical","Design","No","Subhash Sheoran,Mukesh","OK"
"July","19-07-2024 T06:30","Final Assy","","","","A","PED Support","180","System check on going new FALCON tester in QAD department.","","","","","","Page no.5 To page no.10 completed","","Electrical","","No","Subhash Sheoran","OK"
"July","19-07-2024 T10:30","Final Assy","Cell Sensor","Spray Sealer","EEAT-163","A","BD with No Loss","75","Splashes coming on the product","","","","","","Coat-1 nozzle opened and cleaning done. ,But nozzle spray not coming properly.,So new nozzle assembled on the machine.,After that nozzle chip alignment done and spray width adjusted. ,Then dummy check found small splashes coming. So make part and continu run the machine.","","Mechanical","Part-Failure","No","Sreekanth Sasi,Gagandeep",""
"July","18-07-2024 T14:20","Final Assy","ENG Sealer Block-02","Spray Sealer","EEAT-194","B","BD with No Loss","15","Coat-2 section cycle error 99 coming ","","","","","","Check and found coat-2 width check sensor dirty and without object 0.6mm value showing,So clean the sensor then ok","","Electrical","Wear","No","Ujjawal,Sreekanth Sasi","OK"
"July","18-07-2024 T15:00","Final Assy","Spot Block-2","Screw driver-02","EEAT-032","","BD with No Loss","15","Screw not come","","","","","","Screw stuck in escapement unit  so cleaning done and alignment done then ok","","Electrical","Allignment","No","Gagandeep","OK"
"July","18-07-2024 T16:50","Final Assy","Spot Block-2","THD DC1V(4720)","EEAT-169","","BD with No Loss","20","Candesure dispenser leg not cut properly ","","","","","","Cutter height adjust and its limit switch also adjust then ok","","Electrical","Allignment","No","Ujjawal","OK"
"July","18-07-2024 T15:10","Mounting","MA7","UNLOADER","EETP-151","","BD with No Loss","10","Motorized pusher driver error (Stocker no. 197)","","","","","","When last card insert in stocker then problem coming ,Card tight in stocker so manually push then card in stocker then ok","","Electrical","M/c Communication ","No","Gagandeep","OK"
"July","18-07-2024 T18:00","Final Assy","","","","","CM Entry","240","QAD Falcon tester system check activity ","","","","","","System check activity on going,Today 4 pages completed ","","Electrical","Process","No","Ujjawal","OK"
"July","18-07-2024 T18:15","Mounting","AOI-6","AOI-06","EETP-089","","BD with No Loss","15","Sequence process NG ","","","","","","Machine restart then ok","","Electrical","M/c Communication ","No","Gagandeep","OK"
"July","18-07-2024 T21:30","Final Assy","Spot Block-2","3D-03","EEAT-077","","BD with No Loss","30","Cross mark shift and camera continues rotate ","","","","","","Give offset for shifting and machine restart for camera rotation ","","Both","Obsolete","No","Ujjawal,Omvir","OK"
"July","18-07-2024 T16:40","Final Assy","FA-WP4","ROOM TEMPERATURE TESTER","EEAT-207","","BD with No Loss","10","M.J. Coming on step no.232 (Time measurement) NG ","","","","","","As per drawing Production box pin no.41 change with New then ok","","Electrical","Part-Failure","No","Ujjawal","OK"
"July","16-07-2024 T10:00","Mounting","MA4","NPM-02","EETP-104","A","BD with No Loss","60","PCB Recognition error coming (0080 R2 model)","","","","","","Mark position teach by PED,Finally given the PCB offset 254.20 to 256.6 by PED Then ok","","Mechanical","Process","No","Jatinder Singh,Ashish Gupta","OK"
"July","16-07-2024 T09:30","Mounting","MA4","YS Loader ","EETP-051","A","BD with No Loss","15","Chuck error coming","","","","","","PCB Jig width adjust with master plate then ok","","Mechanical","Process","No","Jatinder Singh,Dipshikha","OK"
"July","16-07-2024 T10:30","Final Assy","FA-WP3","Silicon All-round","EEAT-156","","PED Support","60","PWC Model program modified as per PED","","","","","","PWC program modified for extra silicon coming","","Mechanical","Process","No","Sreekanth Sasi,Jatinder Singh","OK"
"July","16-07-2024 T13:40","Mounting","AOI-6","PCB Inverter","EETP-091","","BD with No Loss","20","Card stuck inlet side (DC1V)","","","","","","M/c alignment done then ok","","Mechanical","Allignment","No","Jatinder Singh","OK"
"July","16-07-2024 T11:00","Final Assy","FA-WP3","Air Leak","EEAT-160","","BD with No Loss","15","Door not open","","","","","","Clean the jig & lubrication done then ok","","Mechanical","Process","No","Jatinder Singh","OK"
"July","19-07-2024 T03:30","Final Assy","AB Sealer Block-01","Spray Sealer M/C","EEAT-078","B","PED Support","60","YY8 TM Sealer product made Activity","","","","","","YY8 TM Sealer product made with PED & program modified as per PED on missing area","","Mechanical","Process","No","Jatinder Singh","OK"
"July","19-07-2024 T04:00","Mounting","MA5","Multi-Magzine Unloader","EETP-086","B","BD with No Loss","15","Magazine width clamp closing time out error in ISS-BMU","","","","","","During running time stocker width making time this problem coming,Check stocker No.-203 was NG condition Because stocker one lock was open,Stocker change with spare then ok","","Mechanical","Process","No","Jatinder Singh","OK"
"July","19-07-2024 T07:00","Final Assy","FA-WP3","Silicon All-round","EEAT-156","","PED Support","60","PWC program modified activity","","","","","","PWC program modified and product made","","Mechanical","Process","No","Jatinder Singh","OK"
"July","18-07-2024 T00:30","Final Assy","FA-AB3","Packaging Jig-03","EEAT-188","C","BD with No Loss","10","Fault No. 5, Measurement time NG Coming","","","","","","Signal cable reconnected. After that-OK.","","Electrical","M/c Communication ","No","Mangal Ram Kanwar","OK"
"July","18-07-2024 T05:30","Final Assy","FA-AB3","HT Chamber","EEAT-190","C","BD with No Loss","30","Door not locking.","","","","","","Door Lock complete set change with New. After that-OK.","","Mechanical","Part-Failure","No","Dalip Khajuria","OK"
"July","17-07-2024 T23:15","Final Assy","Cell Sensor","Spray Sealer","EEAT-163","C","BD with No Loss","10","Input pallet set condition error coming","","","","","","Error not getting reset.,Pallet lock check and load pallet, then error reset OK.,After that-OK.","","Mechanical","Human","No","Mangal Ram Kanwar","OK"
"July","18-07-2024 T03:40","Final Assy","FA-AB2","FAL2-AB-RT2","EEAT-144","C","BD with No Loss","60","Product pin bend issue (Honda 2TG)","","","","","","Check all machine connector for impression. Found impression on small connector of HT, Roll over and RT-2.,So Small Connector change with new. After that-OK.","","Mechanical","Human","No","Mangal Ram Kanwar","OK"
"July","18-07-2024 T23:00","Mounting","AOI-6","AOI-06","EETP-089","C","BD with No Loss","10","Slow inspection process (DC1V)","","","","","","Application Close/Open. After that-OK.","","Electrical","Design","No","Anshul Gupta,Dalip Khajuria","OK"
"July","18-07-2024 T01:50","Final Assy","Cell Sensor","Spray Sealer","EEAT-163","C","CM Entry","20","Sealer miss problem (ISS-BMU) R-1 BOTTOM SIDE","","","","","","During runing Sealer miss problem coming ,Viscocity check ok found,Coat-1 width adjustment done (9.40 to 10.mm) now underobservation","","Mechanical","Process","No","Mangal Ram Kanwar","OK"
"July","19-07-2024 T03:30","Final Assy","FA-AB3","FAL-AB-LT","EEAT-146","C","CM Entry","15","Step no. 20, 40, 50 continues ng comjng (YTA)","","","","","","Model change over time this problem come, ,so harness change with HT Tester by PRD,, then ok,Ng harness side all pins & connector cleaning done, now ok","","Both","Part-Failure","No","Mangal Ram Kanwar","OK"
"July","19-07-2024 T05:25","Final Assy","FA-WP2","Air leak-01","EEAT-083","C","CM Entry","10","Vaccum ng master data not match (YCA)","","","","","","Daily check time this problem come, , vaccum ng master check thst timr vsccum pressure value ok coming,so vaccum pressure adjustment done, then ok","","Pneumatic","Process","No","Mangal Ram Kanwar","OK"
"July","19-07-2024 T04:50","Final Assy","FA-WP4","SILICON BELOW CONNECTOR","EEAT-202","C","PRD Support","40","PAIL CAN 1 & 2 Limit Switch adjustment (PRD Request)","","","","","","PAIL CAN 1 & 2 Silicon Material low warning and Empty Limit Switch Shift downwards 5mm as per PRD Request.","","Mechanical","Human","No","Dalip Khajuria","OK"
"July","17-07-2024 T07:30","Final Assy","Cell Sensor","LT Chamber","EEAT-164","A","BD with No Loss","15","It is replacement time of the element for the QSQ","","","","","","Check filter condition ok then reset the warning then ok","","Electrical","Process","No","Jatinder Singh","OK"
"July","17-07-2024 T11:15","Mounting","MA4","NPM-04","EETP-056","","BD with No Loss","10","Recognition error coming in AC Mode","","","","","","Re-Recognition option press then ok same problem coming in NPM-6 same PCB so again Re-Recognition option press then ok","","Electrical","Process","No","Jatinder Singh","OK"
"July","17-07-2024 T09:00","Final Assy","Cell Sensor","Spray Sealer","EEAT-163","","BD with No Loss","90","1.Sealer coming on prohibited area-R1,Sealer miss R2 Side","","","","","","1.Check dummy R1 start point splice observed,Nozzle-1 side speed controller speed adjust ,Nozzle -1 chip change,Program side orientation change,2. R2 Side program modified for sealer miss problem (1mm start point shift),R1 - ISSBMU R1 17072024,R2 - ISSBMU R2 17072024","","Electrical","Process","No","Sreekanth Sasi,Jatinder Singh,Ashish Gupta","OK"
"July","20-07-2024 T14:40","Mounting","MA7","TRAVERSER WITH QR READER","EETP-144","B","BD with No Loss","20","Card stuck between traverser & NPM-1  (LANE-2)","","","","","","Change the fix to fix distance 686.00 686.30 after that ok","","Electrical","Allignment","No","Jatinder Singh,Dipshikha","OK"
"July","20-07-2024 T14:00","Final Assy","Spot Block-1","3D-04","EEAT-028","","BD with No Loss","10","M/c application hang","","","","","","Machine power off/on then ok","","Electrical","Process","No","Jatinder Singh","OK"
"July","19-07-2024 T23:05","Final Assy","FA-WP3","Silicon Below connector","EEAT-153","C","CM Entry","25","Wrikle problem coming in the right side )connector area (GD1B)","","","","","","During runing time wrinkle problem coming,Nozzle centring & hight check ok,Only pan jig no 4, 5 runing time wrinkle problem observe,base  jig side dual pin position disturb found, so dual pin correct alignment done,pan jig no. 5 adjustment done, after that ok","Request to PMG please once time ball plunger condition check & change as per your plan","Mechanical","Allignment","No","Mangal Ram Kanwar","OK"
"July","19-07-2024 T23:20","Mounting","MA4","Reflow Oven","EETP-059","C","CM Entry","10","Conveyer overload error coming ","","","","","","During model change over time this problem coming ,So error reset done & m/c auto run ok","","Both","Process","No","Dalip Khajuria","OK"
"July","19-07-2024 T23:30","Final Assy","FA-WP2","Silicon Below","EEAT-080","C","BD with No Loss","10","Nozzle hitting with case (DC1U)","","","","","","During runing thread cut point nozzle hit with case ,,So base jig again set , then run ok, under observation","","Mechanical","Process","No","Mangal Ram Kanwar,Dalip Khajuria","OK"
"July","20-07-2024 T03:10","Mounting","","","","","CM Entry","10","Cross mark shifting problem coming (804-R1)","","","","","","During runing time this problm coming,so offset given in lifted electrod defect, after that ok","","Mechanical","Design","No","Dalip Khajuria","OK"
"July","20-07-2024 T03:20","Mounting","AOI-6","3D-06","EETP-090","C","CM Entry","10","Application not responding (DC1V)","","","","","","During runing time this error come,sp pc re-start done","","Electrical","M/c Communication ","No","Dalip Khajuria","OK"
"July","20-07-2024 T04:10","Mounting","AOI-9","MULTIPLE MAGAZINE UNLOADER","EETP-157","C","CM Entry","10","Two pcb feed in first slot (ISS-BMU)","","","","","","During runing this problem come,,Stocker inside 4pcb  present,then again pcb feeding stot , start from 1st slot,memory reset automatic so stocker take out & run next stocker found ok","","Both","Design","No","Dalip Khajuria","OK"
"July","21-07-2024 T10:15","Final Assy","Cell Sensor","Spray Sealer","EEAT-163","A","CM","45","Sealer `Overflow coming at R2 prohibited area.","","","","","","Coat-2 spray width checked. Fpound OK.,Sealer viscosity increased to 13.2 from 12.6 . after check found NG,Finally R2 side pattern -1 program modified.  5 shot end point reduced aprox.1.5mm.  After that OK.","","","Process","No","Sreekanth Sasi,Jatinder Singh,Omvir","OK"
"July","22-07-2024 T07:00","Mounting","MA4","Reflow Oven","EETP-059","A","BD with No Loss","10","Card stuck inlet conveyor side","","","","","","Check OC-2 Fixed side belt was not rotate so clean the belt and re-installed proper location then ok","","Mechanical","Process","No","Jatinder Singh,Omvir","OK"
"July","19-07-2024 T16:40","Final Assy","FA-AB2","Packaging Jig-02","EEAT-131","B","BD with No Loss","10","Camera trigger not start ","","","","","","Camera gets in tuning mode. So correct it mode in Run mode then ok","","Electrical","M/c Communication ","No","Ujjawal","OK"
"July","19-07-2024 T19:50","Final Assy","FA-WP2","VCS-07","EEAT-092","","BD with No Loss","60","Window corrupted ","","","","","","During change over time machine power OFF by prd and  window corrupted  ,So machine spare HDD backup installed into the machine then ok","","Electrical","Human","No","Ujjawal,Jatinder Singh","OK"
"July","19-07-2024 T15:20","Final Assy","Cell Sensor","Spray Sealer","EEAT-163","","BD with No Loss","10","Coat-1 spray width abnormal ","","","","","","Running condition coat-1 width found 10.80 to 10.60 coming ,So spray width adjust 10.20 to 10.30 then ok","","Electrical","Process","No","Ujjawal","OK"
"July","21-07-2024 T14:00","Mounting","MA4","Reflow Oven","EETP-059","","CM Entry","30","Conveyor over load error","","","","","","during change over this problem coming,Change the conveyor rotation confirmation slit sensor change with spare now U/O ","","Mechanical","M/c Communication ","No","Jatinder Singh","OK"
"July","19-07-2024 T16:00","Mounting","MA5","Multi-Magzine Unloader","EETP-086","","BD with No Loss","15","Magazine width close clamp time out error coming ","","","","","","Found stocker one lock was already opened ,Stocker take out and  run another stocker then ok","","Electrical","Allignment","No","Ujjawal,Jatinder Singh","OK"
"July","19-07-2024 T14:40","Final Assy","FA-AC1","RT Tester","EEAT-181","","PED Support","90","New model setup activity ","","","","","","As per PED step no.1226 to 1231 system check done and found NG coming ,NG Data share with PED ","","Electrical","M/c Communication ","No","Ujjawal","OK"
"July","21-07-2024 T14:30","Mounting","MA4","Reflow Oven","EETP-059","","CM","210","PCB drop in conveyor","","","","","","After PRD Cleaning this problem coming,Try to conveyor width adjustment block,Finally conveyor width was narrow from ball screw  center & outlet side,PCB confirm manually & Auto condition","","Mechanical","Allignment","No","Sreekanth Sasi,Jatinder Singh","OK"
"July","21-07-2024 T09:00","Final Assy","Cell Sensor","Spray Sealer","EEAT-163","A","BD with No Loss","60","","","","","","","Dummy check ok,Sealer viscosity adjust 11.6 to 13.2,Finally modified the sealer program then ok,ISSBMU-R2-21072024","","Mechanical","Process","No","Ujjawal,Jatinder Singh","OK"
"July","20-07-2024 T16:00","Final Assy","Spot Block-1","3D-04","EEAT-028","B","BD with No Loss","10","Machine hang","","","","","","Machine power off/on then ok","","Electrical","Process","No","Jatinder Singh","OK"
"July","19-07-2024 T17:30","Final Assy","Cell Sensor","Spray Sealer","EEAT-163","","CM Entry","60","Sealer coming on connector LEG ","","","","","","New connector plate making done by PED ,New plate installed and found plate length was high ,Pallet not lock after plate addition (Pallet no.04)","","Electrical","Design","Yes","Ujjawal,Sandeep Dhama","OK"
"July","18-07-2024 T10:00","Final Assy","FA-WP3","Silicon All-round","EEAT-156","A","PED Support","90","PWC silicon program modified activity","","","","","","Silicon program modified for extra silicon coming","","Mechanical","Process","No","Sreekanth Sasi,Jatinder Singh","OK"
"July","20-07-2024 T16:30","Final Assy","FA-WP3","Silicon Below connector","EEAT-153","B","BD with No Loss","20","","","","","","","Found nozzle was bent so nozzle change with spare then ok","","Mechanical","Wear","No","Ujjawal,Sandeep Dhama","OK"
"July","20-07-2024 T19:10","Final Assy","ENG Sealer Block-02","Spray Sealer","EEAT-194","B","BD with No Loss","20","Sealer miss on R-1 side (GP2Y)","","","","","","Sealer coating program modified ,GP2Y R1 20-07-2024","","Both","Process","No","Ujjawal,Sandeep Dhama","OK"
"July","22-07-2024 T06:25","Mounting","MA4","NPM-02","EETP-104","A","BD with No Loss","5","HD-1 over load error coming ","","","","","","During support pin nozzle pickup time ,Support pin nozzle cleaning done then ok","","Electrical","Process","No","Ujjawal","OK"
"July","19-07-2024 T23:30","Final Assy","Cell Sensor","Spray Sealer","EEAT-163","C","CM Entry","120","Sealer flow on prohibited area (ISS-BMU R-2 TOP)","","","","","","Sealer flow on prohibited area ( Relay point),Coat-2 width check found ok,Found sealer coming from via hole of R-1 side,Spot-1 m/c side dummy flux width  check ok found by prd, now under observation","","Mechanical","Process","No","Anshul Gupta,Mangal Ram Kanwar,Dalip Khajuria","OK"
"July","20-07-2024 T03:35","Final Assy","FA-AB3","LT Chamber","EEAT-189","C","BD with No Loss","10","Door Not locking (Door No. 3)","","","","","","Door Lock changed with Repaired spare. ,After that-OK.","","Mechanical","Part-Failure","No","Dalip Khajuria","OK"
"July","21-07-2024 T01:50","Mounting","AOI-9","MULTIPLE MAGAZINE UNLOADER","EETP-157","C","BD with No Loss","10","Magazine orientation wrong error","","","","","","Check sensor condition found-OK.,Machine Restart-NG,Magazine take out from width adjustment  position.,After that-OK.","","Electrical","Design","No","Dalip Khajuria","OK"
"July","22-07-2024 T08:20","Final Assy","FA-WP4","SILICON ALLAROUND","EEAT-205","A","BD with No Loss","10","Fault no.91 coming (Suction pressure LOW)","","","","","","Silicon feeding pressure adjust within spec then ok","","Both","Allignment","No","Ujjawal","OK"
"July","22-07-2024 T07:30","Final Assy","ENG Sealer Block-02","Spray Sealer","EEAT-194","","BD with No Loss","10","Sealer coming on prohibited area","","","","","","Coat-2 pressure adjust but same.,Finally sealer coating program modified then ok,X +1.5mm shift to right side (Shot no.1,2 &3,4)","","Both","M/c Communication ","No","Ujjawal","OK"
"July","22-07-2024 T09:10","Final Assy","FA-WP2","HT Chamber-05","EEAT-022","","BD with No Loss","10","Middle door lock broken ","","","","","","Door lock change with spare then ok","","Mechanical","Wear","No","Ujjawal","OK"
"July","22-07-2024 T13:05","Mounting","AOI-9","3D-09","EETP-155","A","BD with No Loss","5","PCB Return position error ","","","","","","MAchine restart then ok","","Electrical","Design","No","Ujjawal,Jatinder Singh","OK"
"July","22-07-2024 T11:45","Mounting","MA4","Reflow Oven","EETP-059","","BD with No Loss","10","Data change trouble error coming ","","","","","","PRD Do the changeover with QR Sheet but as per  process PRD Temp. Do the change over on this model manually ,So do the hange over manauly then ok","","Electrical","M/c Communication ","No","Ujjawal","OK"
"July","22-07-2024 T13:00","Final Assy","FA-AC1","RT Tester","EEAT-181","","PED Support","210","New model setup (YY8 TM)","","","","","","As per PED YY8 TM Master Coming NG ,So Base board ADC Unit calibration done By MTD ,Calibration coming OK,Check product found ok (YY8 TM)","","Electrical","Design","No","Ujjawal","OK"
"July","12-07-2024 T23:30","Final Assy","Cell Sensor","RT Tester","EEAT-168","C","BD with No Loss","10","Machine door was not open after process complete","","","","","","Door open/close robo cylinder power connection re-connected then ok","Power connection connector hold with cable tie","Electrical","Process","No","Jatinder Singh,Indrajit Behera","OK"
"July","13-07-2024 T02:30","Final Assy","AB Sealer Block-01","Spray Sealer M/C","EEAT-078","","PED Support","150","YY8-TM sealer program modified activity","","","","","","YY8 TM sealer robot program modified As per PED ","","Mechanical","Process","No","Jatinder Singh","OK"
"July","23-07-2024 T09:50","Mounting","AOI-5","PCB Inverter","EETP-071","A","BD with No Loss","15","YNC-R2 Card stuck between 3D & Inverter","","","","","","After model change over this problem coming,Inverter machine change over mode change T to B then ok","","Mechanical","Allignment","No","Jatinder Singh,Omvir","OK"
"July","23-07-2024 T06:35","Mounting","MA5","SPG","EETP-075","","BD with No Loss","15","U-Axis jamming error coming","","","","","","Check and found HV 4.5 Support block tag sticker  come out detect by sensor,Remove the sticker the ok","","Mechanical","Process","No","Jatinder Singh","OK"
"July","23-07-2024 T07:10","Mounting","MA7","TRAVERSER WITH QR READER","EETP-144","","BD with No Loss","15","Fuse abnormal condition coming","","","","","","We found CB-16 MCB was trip so ON it then ok","this problem share with Maker","Electrical","Process","No","Jatinder Singh","OK"
"July","23-07-2024 T06:40","Mounting","MA3","CM212-2","EETP-038","","BD with No Loss","20","TBL-2 Feeder gang set condition not coming","","","","","","Adjust the left side limit switch block then ok","","Mechanical","Allignment","No","Ujjawal,Jatinder Singh,Omvir","OK"
"July","23-07-2024 T11:55","Final Assy","Spot Block-2","THD DC1A/632A(4480)","EEAT-135","","BD with No Loss","20","Capacitor continue feed","","","","","","Adjust the capacitor stop limit switch then ok","","Mechanical","Allignment","No","Jatinder Singh,Omvir","OK"
"July","23-07-2024 T10:30","Final Assy","FA-WP2","Silicon All-round","EEAT-081","A","BD with No Loss","30","Screw height NG coming in YCA model","","","","","","P440 Y axis screw position teaching done 261.2290  To  258.2906,Now U/O","","Mechanical","Process","No","Ujjawal,Jatinder Singh","OK"
"July","21-07-2024 T00:30","Final Assy","FA-AB3","FAL-AB-LT","EEAT-146","C","BD with No Loss","60","Misjudgment coming in step No. 20,40,50 (882-Harness)","","","","","","Harness pin cleaning and 5 pins changed with New. After that-OK.","","Electrical","Part-Failure","No","Mangal Ram Kanwar,Dalip Khajuria","OK"
"July","22-07-2024 T15:00","Final Assy","Cell Sensor","Spray Sealer","EEAT-163","B","CM Entry","60","Sealer miss problem coming (ISS BMU-R1)","","","","","","So Sealer Program modify. After that-OK.","","Electrical","Design","No","Anshul Gupta,Dalip Khajuria,Ashish Gupta","OK"
"July","22-07-2024 T18:00","Final Assy","FA-AB2","FAL2-AB-LT","EEAT-128","B","BD with No Loss","10","Ready Signal not coming","","","","","","Sensor Harness Changed with spare. After that-OK.","","Electrical","Part-Failure","No","Dalip Khajuria,Dipshikha","OK"
"July","22-07-2024 T19:00","Final Assy","FA-WP3","Air Leak","EEAT-160","B","BD with No Loss","30","Keyence QR scanner drop. (Bottom)","","","","","","QR scanner mount at its position.,Glass also fixed with tape . After that-OK.","","Mechanical","Human","No","Mangal Ram Kanwar,Mukesh","OK"
"July","22-07-2024 T16:00","Final Assy","FA-WP2","Silicon All-round","EEAT-081","B","BD with No Loss","40","Fault no. 82 coming, Application check NG (YCA)","","","","","","PAN jig 4 & 6 block alignment done.,P440  value changed from 79.517 to 80.783","","Both","Wear","No","Mangal Ram Kanwar,Mukesh","OK"
"July","22-07-2024 T19:00","Mounting","MA2","Reflow Oven","EETP-025","B","BD with No Loss","20","Zone-7 lower over heat error","","","","","","In between this error coming.,Relay CR-14 reconnected. After that-Ok.","","Electrical","Part-Failure","No","Dalip Khajuria","OK"
"July","22-07-2024 T14:45","Final Assy","FA-WP2","Silicon Below","EEAT-080","B","BD with No Loss","10","Fault no. 110, Seal fluid hardening error coming.","","","","","","Part confirmation sensor Alignment done. After that-OK.","","Both","Human","No","Mangal Ram Kanwar,Mukesh","OK"
"July","22-07-2024 T21:00","Final Assy","FA-AB2","LT Chamber-03","EEAT-147","B","BD with No Loss","15","Heating failure.","","","","","","During Defrost process this error coming.,Machine Power OFF/ON. After that-OK.","","Electrical","Design","No","Mangal Ram Kanwar,Mukesh","OK"
"July","22-07-2024 T21:00","Final Assy","FA-AB1","FAL-AB-HT","EEAT-117","B","BD with No Loss","15","Door not locking. (Door No.2)","","","","","","Door No. 2 lock changed with New. After that-OK.","","Mechanical","Part-Failure","No","Mukesh","OK"
"July","22-07-2024 T18:00","Final Assy","FA-WP4","SILICON BELOW CONNECTOR","EEAT-202","B","PRD Support","30","PAIL CAN  Limit switch adjustment. (As per PRD Request)","","","","","","PAIL CAN 1 & 2  LImit switch shift downwards about 5mm. (As per PRD Request)","","Mechanical","","No","Mangal Ram Kanwar,Mukesh","OK"
"July","24-07-2024 T01:01","Final Assy","FA-WP3","Silicon All-round","EEAT-156","C","PED Support","149","Fine tuning activity (PWC ECU).","","","","","","Fine tuning done as per PED in silicon below & All Around Machine.","","","","No","Neeraj,Sreekanth Sasi","OK"
"July","24-07-2024 T02:30","Final Assy","FA-WP4","ROOM TEMPERATURE TESTER","EEAT-207","A","CM Entry","30","Misjudgments coming in GP2Y modal","","","","","","Production box cleaning done ","","Mechanical","Part-Failure","No","Subhash Sheoran","OK"
"July","24-07-2024 T04:00","Final Assy","","","","C","PED Support","75","QAD FALCON TESTER Accuracy check","","","","","","Machine shift QA to Electronics department.,After machine shifting Accuracy check started.,Page no.11 & 12 completed","","Both","","No","Subhash Sheoran,Sreekanth Sasi","OK"
"July","23-07-2024 T12:30","Final Assy","FA-WP4","LO-HI SCREENING MACHINE","EEAT-199","C","CM Entry","10","F01 & F02 alarm coming","","","","","","Dryer filter chock alarm coming. ,F01 & F02 filter check its OK, so run the machine .,Problem not repeated","","Pneumatic","Part-Failure","No","Subhash Sheoran,Sreekanth Sasi","OK"
"July","23-07-2024 T13:00","","","","","A","BD with No Loss","70","Power supply Nos-02 Take out from machine (QAD)","","","","","","Power supply take out from machine as per Sarla ","","Electrical","Part-Failure","Yes","Ujjawal,Omvir","NG"
"July","23-07-2024 T11:00","Final Assy","FA-AC1","RT Tester","EEAT-181","","PED Support","90","System check activity (From step no.1226 to 1255)","","","","","","System check done as per PED request ,System check all steps data coming OK,Data share with PED ","","Electrical","Part-Failure","Yes","Ujjawal,Sandeep Dhama","OK"
"July","23-07-2024 T14:30","Final Assy","FA-WP3","VCS","EEAT-159","B","BD with No Loss","10","Machine Hang","","","","","","Machine Power OFF/ON.,Part No. load by keyboard.","","Electrical","Part-Failure","No","Mangal Ram Kanwar,Mukesh","OK"
"July","23-07-2024 T14:50","Final Assy","FA-NWP3","FAL2-ENG-HT","EEAT-126","B","BD with No Loss","10","M.J. coming on multiple steps. (DC1A)","","","","","","Machine Power OFF/ON,P. Box Cleaning done. After that-OK.","","Electrical","Wear","No","Mangal Ram Kanwar,Mukesh","OK"
"July","23-07-2024 T17:30","Mounting","AOI-5","3D-05","EETP-070","B","BD with No Loss","10","Application not responding.","","","","","","So PC Restart. After that-OK.","","Electrical","Design","No","Dalip Khajuria","OK"
"July","23-07-2024 T20:30","Final Assy","Cell Sensor","Spray Sealer","EEAT-163","B","BD with No Loss","30","Sealer miss coming (ISS BMU-R1)","","","","","","So Nozzle-1 Chip cleaning done. After that-OK.","","Pneumatic","Process","No","Mangal Ram Kanwar,Dalip Khajuria","OK"
"July","23-07-2024 T16:15","Final Assy","ENG Sealer Block-03","Spray Sealer","EEAT-226","B","BD with No Loss","15","Sealer coming on prohibited area (YCA R1 & R2)","","","","","","So Nozzle-1 & 2 Chip Cleaning done. ,Humiseal width adjust. After that-OK.","","Mechanical","Process","No","Mangal Ram Kanwar,Mukesh","OK"
"July","23-07-2024 T20:00","Final Assy","FA-NWP3","FAL2-ENG-LT","EEAT-125","B","CM Entry","40","M.J. Coming on step No. 717","","","","","","P.Box  pin no. 81, 83, 197 change with New.,And all pin cleaning done. After that-OK.","","Electrical","Part-Failure","No","Mangal Ram Kanwar,Mukesh","OK"
"July","24-07-2024 T23:00","Final Assy","FA-WP3","Silicon Below connector","EEAT-153","C","PED Support","270","","","","","","","Fine tuning done in overlapping area.","","","","No","Neeraj,Sreekanth Sasi","OK"
"July","24-07-2024 T10:00","","","","","A","CM Entry","390","QAD Tester system check activity ","","","","","","System check activity on going ,Today total 18 pages completed ","","Electrical","Design","No","Ujjawal","OK"
"July","24-07-2024 T23:00","Final Assy","","","","C","CM Entry","240","QAD New falcon system check","","","","","","System check on going,Page no.32 to 45 completed","","Electrical","","No","Subhash Sheoran","OK"
"July","25-07-2024 T03:00","Final Assy","Spot Block-2","THD HONDA 2TG (2960)","EEAT-172","","CM Entry","60","Condenser continue fiding","","","","","","Clean & its alignment done","","Mechanical","Allignment","No","Subhash Sheoran","OK"
"July","24-07-2024 T18:05","Mounting","AOI-5","3D-05","EETP-070","B","BD with No Loss","10","Camera not switching  (Top to side)","","","","","","Camera USB cable reconnected from HUB side and PC Restart. After that-OK.","","Electrical","M/c Communication ","No","Dalip Khajuria","OK"
"July","24-07-2024 T19:00","Final Assy","FA-WP3","Air Leak","EEAT-160","B","BD with No Loss","30","Nagara switch not working.","","","","","","Nagara switch changed with spare from other m/c. After that-OK.","","Electrical","Part-Failure","No","Mangal Ram Kanwar,Mukesh","OK"
"July","24-07-2024 T15:30","Final Assy","FA-WP4","PKG AUTO SCREW MACHINE","EEAT-206","B","BD with No Loss","10","Screw not Feeding","","","","","","So Screw guide rail cleaning done. After that-OK.","","Mechanical","Human","No","Mangal Ram Kanwar","OK"
"July","24-07-2024 T20:20","Final Assy","Spot Block-2","THD LEAD CLINCHING","EEAT-173","B","BD with No Loss","10","020 Processing stop error coming","","","","","","Product takeout and Jig cleaning done. After that-OK.","","Electrical","","No","Mangal Ram Kanwar,Mukesh","OK"
"July","24-07-2024 T20:10","Mounting","AOI-6","3D-06","EETP-090","B","BD with No Loss","10","Application not responding","","","","","","So PC Restart. After that-OK.","","Electrical","Design","No","Dalip Khajuria","OK"
"July","24-07-2024 T20:20","Mounting","MA7","UNLOADER","EETP-151","B","BD with No Loss","40","Stocker width adjustment not happen","","","","","","Check and Found this problem coming only in Stocker no. 35 ,So Stocker takeout and run next stocker ","","Both","Wear","No","Anshul Gupta,Dalip Khajuria","OK"
"July","24-07-2024 T16:50","Final Assy","Cell Sensor","Spray Sealer","EEAT-163","B","BD with No Loss","10","Sealer miss problem coming in ISS-BMU R2 (IC Body)","","","","","","So Sealer Program modified. After that-OK.","","Both","Design","No","Anshul Gupta,Jaydev Mal","OK"
"July","25-07-2024 T14:10","Mounting","MA3","CM212-2","EETP-038","B","BD with No Loss","20","Nozzle change error (TBL-2 HD-3)","","","","","","Check vacuum found-OK.,Check nozzle pickup also found -OK,So Run m/c in production mode. ","","Mechanical","","No","Dalip Khajuria","OK"
"July","25-07-2024 T14:55","Mounting","AOI-5","3D-05","EETP-070","B","BD with No Loss","10","PCB in line timeout error","","","","","","PCB stop between 3D m/c and AOI m/c,Check PCB motion found OK,So PCB takeout and Run Next PCB found-OK.","","Electrical","M/c Communication ","No","Dalip Khajuria","OK"
"July","25-07-2024 T18:10","Final Assy","AB Sealer Block-02","Air Blow","EEAT-187","B","CM Entry","30","Door not open problem coming.","","","","","","Cylinder pneumatic joint changed with new.,Door Hinge repair. After that-OK.","","Mechanical","Part-Failure","No","Dalip Khajuria,Dipshikha","OK"
"July","25-07-2024 T15:00","Final Assy","AB Sealer Block-01","Spray Sealer M/C","EEAT-078","B","BD with No Loss","10","Fault No. 68, ID Mismatch Fault (YJC)","","","","","","Problem coming in pallet no. 3,So Pallet attachment re-assemble. After that-OK.","","Mechanical","Design","No","Mangal Ram Kanwar,Mukesh","OK"
"July","25-07-2024 T19:30","Final Assy","Cell Sensor","Spray Sealer","EEAT-163","B","BD with No Loss","10","Sealer miss problem coming (ISS BMU R1 & R2)","","","","","","Sealer Program modified. After that-OK.","","Both","Design","No","Mangal Ram Kanwar,Jaydev Mal","OK"
"July","25-07-2024 T20:30","Final Assy","Cell Sensor","Spray Sealer","EEAT-163","B","BD with No Loss","30","Sealer miss problem coming (Cell Sensor)","","","","","","So Sealer Program modified. After that-OK.","","Both","Design","No","Mangal Ram Kanwar,Jaydev Mal","OK"
"July","25-07-2024 T17:30","Final Assy","FA-WP4","SILICON BELOW CONNECTOR","EEAT-202","B","CM Entry","65","Silicon Application Program Modification activity.","","","","","","As Per PED request Silicon Application Program modification Done. ","","Mechanical","Design","No","Mangal Ram Kanwar,Jaydev Mal,Mukesh","OK"
"July","25-07-2024 T15:30","Final Assy","ElFi-Sealer Block-01 ","SPRAY SEALER","EEAT-232","B","CM Entry","30","Sealer Program modification activity ( PWC R1 &R2 )","","","","","","As per PED Request Sealer Program modification done.","","Both","Design","No","Jaydev Mal","OK"
"July","26-07-2024 T17:10","Final Assy","FA-AB2","Packaging Jig-02","EEAT-131","B","BD with No Loss","15","Fault No. 8 Coming. (Jig Connector connection error)","","","","","","Jig ID connector wiring condition check found-OK.,So Jig ID connector cleaning done. After that-OK.","","Electrical","Wear","No","Dalip Khajuria","OK"
"July","26-07-2024 T17:30","Final Assy","FA-NWP3","FAL2-ENG-HT","EEAT-126","B","BD with No Loss","10","Misjudgment coming on multiple Steps (Error)","","","","","","So Machine Power OFF/ON. After that-OK.","","Electrical","M/c Communication ","No","Dalip Khajuria","OK"
"July","26-07-2024 T18:10","Final Assy","Cell Sensor","Spray Sealer","EEAT-163","B","BD with No Loss","10","Coat-1 cycle T.O. Abnormal error coming","","","","","","Coat-1 Humiseal width check sensor cleaning done. After that-OK.","","Electrical","Human","No","Jaydev Mal,Dalip Khajuria","OK"
"July","26-07-2024 T23:00","Mounting","","","","C","CM Entry","300","QAD Falcon tester system check on going","","","","","","Page no.55 to 70 (Electronic load, Voltage & Resistence steps completed)","","Electrical","","No","Subhash Sheoran","OK"
"July","26-07-2024 T10:45","Final Assy","FA-AB3","Packaging Jig-03","EEAT-188","A","BD with No Loss","30","Screw driver continues rotate  ","","","","","","Check and found its screw driver start switch leaver was stocked  ,Screw driver leaver adjustment done then ok","","Electrical","Allignment","No","Ujjawal,Jatinder Singh","OK"
"July","26-07-2024 T08:55","Mounting","MA3","CM212-1","EETP-037","","BD with No Loss","15","HD-06 over load error coming ","","","","","","HD-06 stop while component pickup ,Manually Head moved up and check manually motion found NG ,Temp. head-06 disabled then machine run ok","We will change the Head motor in C shift ","Both","Part-Failure","No","Ujjawal","OK"
"July","26-07-2024 T11:30","Final Assy","AB Sealer Block-01","PCB-Router-03","EEAT-012","A","BD with No Loss","30","Bit come down during running ","","","","","","Spindle motor take out and chuck collet and motor cleaning done and lubrication also done ,Installed into the machine then ok","","Mechanical","Allignment","No","Ujjawal,Omvir","OK"
"July","26-07-2024 T14:40","","","","","A","CM Entry","130","QAD Tester system check activity ","","","","","","System check activity ongoing ,Today start from 50 to 54 pages","","Electrical","Process","No","Ujjawal","OK"
"July","26-07-2024 T11:00","Final Assy","FA-AB2","FAL2-AB-HT","EEAT-133","","PRD Support","210","771 LT and HT Harness two ground pin broken during PM By PMG ","","","","","","Preciptical take out and new installed then ok","","Electrical","","No","Ujjawal,Jatinder Singh","OK"
"July","27-07-2024 T06:25","Final Assy","FA-AB1","FAL-AB-LT","EEAT-115","A","BD with No Loss","5","jig not auto unclamp during cycle","","","","","","Unclamp cylinder plate was bend. So remove bend, then ok.","","Mechanical","Allignment","No","Ujjawal,Omvir","OK"
"July","27-07-2024 T07:05","Final Assy","ENG Sealer Block-02","Spray Sealer","EEAT-194","","BD with No Loss","10","821.12 Reversal 1 exit and pallet presence error coming","","","","","","Flip 1 pallet exist sensor continuous ON,Grease come on sensor face, as weekly cleaning done by prd in c shift.,Clean the grease, After that sensor status was OK.","","Electrical","Human","No","Omvir","OK"
"July","27-07-2024 T12:00","Final Assy","","","","A","CM Entry","20","PWC Air leak machine QR Scanner disabled ","","","","","","QR Scanner setting change from PC Side ,QR Mode change from " Use after Turning on one hand motive switch" to  Not Use ,Activity done as per PED Request (Aman San)","","Electrical","Human","Yes","Ujjawal","OK"
"July","26-07-2024 T19:20","Final Assy","FA-WP4","PRE-PKG AUTO SCREW MACHINE","EEAT-204","B","CM Entry","10","Cover not open fully","","","","","","Guide roller unit cleaning & Lubrication done ,Then OK.","","Mechanical","Wear","No","Mangal Ram Kanwar","OK"
"July","26-07-2024 T19:40","Final Assy","Spot Block-1","3D-04","EEAT-028","B","BD with No Loss","10","M/c hang","","","","","","During running ,this problem coming,M/c power OFF & ON, then OK.","","Electrical","M/c Communication ","No","Dalip Khajuria","OK"
"July","26-07-2024 T15:00","Final Assy","Cell Sensor","Spray Sealer","EEAT-163","B","CM Entry","20","Sealer miss coming both R1 & R2 side (ISS-BMU)","","","","","","Both side (R1 & R2) Sealer coating prog. modify , After that OK.","","Both","Design","No","Jaydev Mal,Sandeep Dhama","OK"
"July","26-07-2024 T21:00","Final Assy","Cell Sensor","Spray Sealer","EEAT-163","B","CM Entry","10","Sealer flow coming on prohibited area , R1 side (ISS-BMU)","","","","","","Sealer coating prog. modify, then OK.,Shot start point value decrease  (0.8 mm)","","Both","Design","No","Jaydev Mal","OK"
"July","26-07-2024 T16:15","Final Assy","AB Sealer Block-01","Spray Sealer M/C","EEAT-078","B","BD with No Loss","45","Fault no-68 coming, (ID fault coming)","","","","","","Apply station all sensor check ,found working OK.,ID tag detection sensor (Phs 335907) was on with out ID. So sensor clean,then OK. Set value also change from 80 to 50. ","","Electrical","Process","No","Mangal Ram Kanwar,Jaydev Mal","OK"
"July","27-07-2024 T23:00","Final Assy","","","","C","CM Entry","420","QAD Falcon tester system check on going","","","","","","Today page no.71 to 90 completed,Only step no.5161 current value NG coming","","Electrical","","No","Subhash Sheoran","OK"
"July","29-07-2024 T16:15","Final Assy","Cell Sensor","Spray Sealer","EEAT-163","B","BD with No Loss","70","Sealer Missing issue in ISS BMU R1 Side .","","","","","","Yesterday modified program was running .In this program short direction has changed horizontal to vertical.,Sealer miss issue observed so program modified after that ok.","","","Design","No","Neeraj,Sandeep Dhama","OK"
"July","28-07-2024 T14:15","Final Assy","Cell Sensor","Spray Sealer","EEAT-163","G","CM Entry","495","Activity for sealer splashing issue in ISS BMU Model R1 side.","","","","","","Before horizontal short in this area now shot direction changed to vertical.,Trial successfully completed ,36 product run by PRD ,Now revert back original ,Tomorrow will run this program .","","","Design","No","Neeraj,Sandeep Dhama","OK"
"July","29-07-2024 T18:00","Final Assy","","","","B","CM Entry","90","EV2 RT tester Electric panel shifting required for gap reduce between RT & VCS machine.","","","","","","Electric panel shift as per requirement","","Both","Design","No","Subhash Sheoran,Gagandeep","OK"
"July","29-07-2024 T14:30","Final Assy","","","","","CM Entry","210","QAD Falcon accuracy checking on going","","","","","","System check on going","","Electrical","","No","Subhash Sheoran","OK"
"July","29-07-2024 T20:00","Final Assy","","","","","CM Entry","120","QAD Falcon accuracy checking on going","","","","","","System check finished almost, Only 10steps pending.,Step no.5161 & 2940 was LO value coming.,Step no.2874 to 2881 Time measurement not coming.","","Electrical","","No","Subhash Sheoran","OK"
"July","26-07-2024 T13:30","Final Assy","Spot Block-1","3D-04","EEAT-028","A","BD with No Loss","10","Machine hang in between running cycle ","","","","","","Machine restart after that ok","","Electrical","Obsolete","No","Ujjawal,Omvir","OK"
"July","26-07-2024 T13:15","Final Assy","FA-WP3","HT Tester","EEAT-158","","BD with No Loss","25","M.J. coming on step no.712 (DC1A)","","","","","","P. Box pin no. 49,50,84,93,102 change with new then ok","","Electrical","M/c Communication ","No","Ujjawal","OK"
"July","28-07-2024 T10:30","Final Assy","FA-WP3","3W Gel-03","EEAT-152","A","PRD Support","90","YCA PAN Jig base plate and guide block change activity ","","","","","","","","Mechanical","Allignment","No","Ujjawal","OK"
"July","28-07-2024 T12:30","Final Assy","FA-WP3","Silicon Below connector","EEAT-153","","PRD Support","90","","","","","","","","","Mechanical","Allignment","No","Ujjawal","OK"
"July","28-07-2024 T14:00","Final Assy","FA-WP3","Silicon All-round","EEAT-156","","PRD Support","120","","","","","","","","","Mechanical","Allignment","No","Ujjawal","OK"
"July","27-07-2024 T21:00","Final Assy","FA-AB2","LT Chamber-03","EEAT-147","B","BD with No Loss","15","Door lock stuck.","","","","","","Door lock change with new. After that-OK.","","Mechanical","Part-Failure","No","Mangal Ram Kanwar","OK"
"July","27-07-2024 T18:30","Final Assy","ENG Sealer Block-03","Flash Writing","EEAT-211","B","BD with No Loss","10","Communication ID Abnormal error","","","","","","Machine Power OFF/ON. After that-OK.","","Electrical","M/c Communication ","No","Mangal Ram Kanwar","OK"
"July","27-07-2024 T18:40","Final Assy","FA-AB2","FAL2-AB-HT","EEAT-133","B","BD with No Loss","10","Ready signal not coming.","","","","","","Part confirmation Sensor harness change with new. After that-OK.","","Electrical","Part-Failure","No","Mangal Ram Kanwar","OK"
"July","27-07-2024 T21:20","Final Assy","Cell Sensor","Spray Sealer","EEAT-163","B","BD with No Loss","10","Auto Run Not Start.","","","","","","Machine Power OFF/ON. After that-OK.","","Electrical","Design","No","Mangal Ram Kanwar","OK"
"July","27-07-2024 T21:30","Final Assy","FA-NWP3","Spray Sealer M/C","EEAT-027","B","CM Entry","15","Safety Door  open error coming.","","","","","","Back Side Safety Door's Safety switch Key alignment done and tight properly","","Mechanical","Part-Failure","No","Mangal Ram Kanwar","OK"
"July","27-07-2024 T22:10","Mounting","AOI-7","Unloader","EETP-110","B","BD with No Loss","20","PCB drop inside stocker.","","","","","","Stocker takeout and Run Next stocker found OK.","Poka-yoke sensor already added, Need to modify PLC program.","Electrical","Design","No","Anshul Gupta,Dalip Khajuria","OK"
"July","27-07-2024 T17:30","Final Assy","Cell Sensor","Spray Sealer","EEAT-163","B","BD with No Loss","10","Sealer miss problem coming In Cell Sensor Model","","","","","","So Sealer Program modified. After that-OK.","","Electrical","Design","No","Jaydev Mal","OK"
"July","28-07-2024 T06:30","Mounting","MA7","REFLOW OVEN","EETP-148","A","BD with No Loss","150","Hood motor overload error coming","","","","","","Finally MS-1 Over current relay Reset and CR-4 A & B relay  swap, then Error reset OK.,Hood open Ball Screw cleaning and lubrication done. After that-OK.","","Both","Human","No","Ujjawal,Dalip Khajuria","OK"
"July","28-07-2024 T11:00","Mounting","MA4","Reflow Oven","EETP-059","A","CM Entry","180","Activity for O2 density error.","","","","","","Damaged portion  of seal  changed with new. After that-OK.","","Mechanical","Part-Failure","No","Dalip Khajuria","OK"
"July","29-07-2024 T06:10","Final Assy","FA-WP3","Air Leak","EEAT-160","A","BD with No Loss","10","Daily Check NG Coming","","","","","","So Offset given in Pressure A, B and flow rate. After that-oK.","","Electrical","Design","No","Dalip Khajuria","OK"
"July","29-07-2024 T06:20","Final Assy","FA-WP3","Silicon Below connector","EEAT-153","A","BD with No Loss","15","Robot not Homing.","","","","","","So Machine Power OFF/ ON. After that-OK.","","Electrical","M/c Communication ","No","Dalip Khajuria","OK"
"July","29-07-2024 T06:35","Mounting","AOI-5","3D-05","EETP-070","A","BD with No Loss","15","camera not switching problem coming.","","","","","","Machine Restart and Camera USB cable reconnected. After that-OK.","","Electrical","M/c Communication ","No","Dalip Khajuria,Dipshikha","OK"
"July","29-07-2024 T11:50","Final Assy","Spot Block-2","Screw driver-02","EEAT-032","A","BD with No Loss","15","Screw bit stuck","","","","","","So L-Plate  open and remove jammed screw and L-plate Fixed.,After that-OK.","","Mechanical","Human","No","Dalip Khajuria","OK"
"July","29-07-2024 T07:00","Final Assy","FA-NWP3","FAL2-ENG-RT","EEAT-127","A","BD with No Loss","10","Machine Hang.","","","","","","So Machine restart. After that-OK.","","Electrical","M/c Communication ","No","Dipshikha","OK"
"July","29-07-2024 T06:15","Final Assy","FA-WP2","Falcon-02","EEAT-088","A","BD with No Loss","10","Driver initialization error","","","","","","So machine restart. After that-OK.","","Electrical","M/c Communication ","No","Anshul Gupta,Jaydev Mal","OK"
"July","29-07-2024 T07:20","Final Assy","FA-WP2","Silicon All-round","EEAT-081","A","BD with No Loss","10","Fault No. 82 coming (Screw check NG Coming)","","","","","","Temporary Work height judgment range value increased from 2.00 to 3.00.","","Electrical","Design","Yes","Mangal Ram Kanwar","OK"
"July","29-07-2024 T13:40","Mounting","AOI-6","3D-06","EETP-090","A","BD with No Loss","10","Application not responding","","","","","","So PC Restart. After that-OK.","","Electrical","M/c Communication ","No","Dalip Khajuria","OK"
"July","30-07-2024 T07:15","Mounting","AOI-5","3D-05","EETP-070","A","BD with No Loss","10","Machine Hang.","","","","","","So Machine restart. After that-OK.","","Electrical","Design","No","Dipshikha","OK"
"July","29-07-2024 T14:30","Final Assy","FA-WP3","Air Leak","EEAT-160","B","CM Entry","10","Daily Check n.g coming ","","","","","","Given offset in pressure A-B And flow side after that ok  ","","Mechanical","Human","Yes","Gagandeep","OK"
"July","29-07-2024 T16:10","Final Assy","FA-AB2","FAL2-AB-LT","EEAT-128","","CM Entry","10","Nagara switch was not working ","","","","","","Nagara switch change with old spare one ","","Electrical","Part-Failure","Yes","Gagandeep","OK"
"July","29-07-2024 T14:40","Mounting","MA6","SPG 2","EETP-116","B","CM Entry","10","Fiducial Mark recoq error coming ","","","","","","PCB Take out and again run ","","Mechanical","","Yes","Gagandeep","OK"
"July","29-07-2024 T18:10","Mounting","MA5","","","","CM Entry","10","Changeover Trouble Error coming ","","","","","","One time change over end and again chnageover command send after that ok","","Electrical","M/c Communication ","Yes","Gagandeep","OK"
"July","29-07-2024 T19:50","Mounting","MA4","","","","CM Entry","10","Machine not auto start ","","","","","","Machine not take chnageover ,One time manual recipe select after that ok ","","Electrical","M/c Communication ","Yes","Gagandeep","OK"
"July","29-07-2024 T21:50","Final Assy","Spot Block-2","Spot-02","EEAT-074","","CM Entry","15","Transfer Finger Servo Over Load Error coming ","","","","","","Transfer finger manual move and chuck open close after that robot data verfiy done after that ok ","","Electrical","Human","Yes","Gagandeep","OK"
"July","29-07-2024 T21:50","Final Assy","Spot Block-2","Spot-02","EEAT-074","","CM Entry","15","Transfer Finger Servo Over Load Error coming ","","","","","","Transfer finger manual move and chuck open close after that robot data verfiy done after that ok ","","Electrical","Human","Yes","Gagandeep","OK"
"July","30-07-2024 T14:30","Final Assy","","","","B","CM Entry","150","QAD new Falcon accuracy checking on going","","","","","","Today pending system check steps completed.,Only 5161 step was NG coming, now all detail share to Miss Moumita  ,Now Falcon shifted in QAD room.","","Electrical","","No","Subhash Sheoran","OK"
"July","30-07-2024 T17:00","Final Assy","","","","","PED Support","40","Machine shifting in FA CBMU line.","","","","","","EV2 RT tester electric box 50mm move back side.,VCS shifting done","","Both","","No","Subhash Sheoran","OK"
"July","29-07-2024 T22:40","","","","","","BD with No Loss","5","Silicon app. check pokayoke not working. ","","","","","","Application check NG ,Laser sensor cleaning done then work OK.","","Both","","No","Jatinder Singh","OK"
"July","29-07-2024 T23:10","Mounting","AOI-7","AOI-07","EETP-107","C","BD with No Loss","10","PCB Showing in XY Table ","","","","","","AOI outlet sensor was dirty so clean it after that ok","","Electrical","M/c Communication ","No","Ujjawal,Jatinder Singh","OK"
"July","29-07-2024 T00:40","Final Assy","AB Sealer Block-01","Flash-05","EEAT-113","","BD with No Loss","10","CPU-1 Writer-2 NG Coming (Alpha-3)","","","","","","Original probe holder all pin change with new ","","Electrical","Part-Failure","No","Ujjawal,Jatinder Singh,Omvir","OK"
"July","29-07-2024 T23:00","Final Assy","Cell Sensor","Spray Sealer","EEAT-163","","BD with No Loss","10","Extra sealer coming on R-1 Side ","","","","","","As per drawing coating program modify ","","Both","Design","No","Ujjawal,Omvir","OK"
"July","29-07-2024 T04:15","Mounting","AOI-9","3D-09","EETP-155","","BD with No Loss","7","Serial number is not read ","","","","","","PCB Take out and application  close/Open then ok","","Electrical","Design","No","Ujjawal,Jatinder Singh","OK"
"July","29-07-2024 T23:00","","","","","C","CM Entry","90","Falcon tester System check activity ","","","","","","System check NG Steps Try to check but same ","","Electrical","Process","No","Ujjawal,Jatinder Singh,Omvir","NG"
"July","31-07-2024 T02:30","Final Assy","Spot Block-2","Spot-02","EEAT-074","C","CM Entry","20","lifter cylinder 1 solenoid valve malfunction as per b shift information","","","","","","Change the solenoid valve with new one. After that OK","","Pneumatic","Part-Failure","No","Ujjawal,Omvir","OK"
"July","31-07-2024 T02:30","Final Assy","Cell Sensor","Spray Sealer","EEAT-163","","PED Support","30","Need to Teach check  in new pallet of iss bmu model both R1 & R2 side","","","","","","Teach check done both R 1 & R2 side. found NG.","","Mechanical","Process","No","Ujjawal,Jatinder Singh,Omvir","OK"
"July","30-07-2024 T12:00","Final Assy","FA-WP3","Silicon Below connector","EEAT-153","A","CM Entry","10","Abnormal silicon application coming. (Nozzle Impression coming in YCA model))","","","","","","Robot program modification done.,Z- axis Height decreased 1mm.","","Both","Wear","No","Jaydev Mal","OK"
"July","30-07-2024 T20:00","Meter Assy","","","","B","CM Entry","150","FLASH writing NG coming "Time out" error","","","","","","Check its communication cable 2 wire broken,Wire Soldering done after that ok","One new cable made for spare","Electrical","Part-Failure","No","Neeraj,Subhash Sheoran","OK"
"July","31-07-2024 T16:30","Final Assy","","","","B","PED Support","240","CBMU line VCS electric panel position not ok","","","","","","Electric panel shifted backwards the machine.,All connection done & Master check its OK","","Both","Allignment","No","Subhash Sheoran,Gagandeep","OK"
"July","31-07-2024 T15:29","","","","","B","CM Entry","91","Extension change activity  in Dream factory area","","","","","","Extension change as per senior and taping done  ","","Electrical","Design","No","Sreekanth Sasi,Gagandeep","OK"
"July","31-07-2024 T18:02","Final Assy","Cell Sensor","Spray Sealer","EEAT-163","B","BD with No Loss","28","Sealer flow coming in R1 side (ISS BMU).","","","","","","Check & found sealer flow coming on shot end point.,So nozzle speed controller speed adjusted before 7 turn after 5 turn after that ok.","","Mechanical","Design","No","Neeraj,Sreekanth Sasi","OK"
"July","30-07-2024 T23:30","Final Assy","FA-WP2","Filter Assembly (YL7)","EEAT-121","C","BD with No Loss","29","green light not glowing ","","","","","","Wiring check found OK ,Found thimble side dust available so clean it then ok","","Both","Obsolete","No","Ujjawal,Omvir","OK"
"July","30-07-2024 T01:00","Mounting","AOI-5","3D-05","EETP-070","","BD with No Loss","10","10 key board not working ","","","","","","Machine restart then ok","","Electrical","M/c Communication ","No","Ujjawal","OK"
"July","30-07-2024 T01:00","Mounting","MA7","LOADER","EETP-138","","BD with No Loss","10","Stocker not taken by machine ","","","","","","Check sensor condition found ok,So stocker move to position-2 Run found ok,Other stocker run found ok","","Electrical","","No","Ujjawal,Jatinder Singh,Omvir","OK"
"July","30-07-2024 T22:45","Final Assy","FA-NWP3","Air Leak Tester","EEAT-180","","BD with No Loss","15","Daily check value NG coming ","","","","","","Manually adjust pressure  A,B & air flow ,After that GP2A all master check found OK","","Electrical","Design","No","Ujjawal","OK"
"Aug","01-08-2024 T16:00","Final Assy","Spot Block-2","3D-03","EEAT-077","B","BD with No Loss","20","Machine hang two times","","","","","","Communication break with AOI,Both time machine restart, after that OK","","Electrical","M/c Communication ","No","Subhash Sheoran","OK"
"Aug","31-07-2024 T23:30","Final Assy","Cell Sensor","Spray Sealer","EEAT-163","C","BD with No Loss","10","Sealer miss on R-1 side (ISSBMU)","","","","","","Sealer coating program modify (0.5mm) Shift to miss area,After that ok","","Electrical","Process","No","Ujjawal,Omvir","OK"
"Aug","01-08-2024 T05:00","Mounting","AOI-08","3D-08","EETP-131","C","BD with No Loss","10","10 Key board not working ","","","","","","10 Key Board change with new then ok","","Electrical","","No","Ujjawal,Jatinder Singh","OK"
"Aug","01-08-2024 T01:20","Final Assy","FA-WP2","3W Gel-01","EEAT-111","C","BD with No Loss","10","Fault no. 88 coming (Part float NG)","","","","","","DC1V Have this problem coming ,Part jig block adjust due to allen bolt loose,Part float teaching done, Before Z=-96.32, After Z=-96.40n","","Electrical","Process","No","Ujjawal","OK"
"Aug","31-07-2024 T23:30","Mounting","MA6","NPM-5","EETP-137","","BD with No Loss","10","Rear (HD-02) Nozzle Broken ","","","","","","Broken Nozzle no,1001 Take out from head ,Manually motion check found OK ,Nozzle change with new then machine run in Auto found ok","","Mechanical","Allignment","No","Ujjawal,Omvir","OK"
"Aug","01-08-2024 T00:00","Final Assy","Spot Block-2","Spot-02","EEAT-074","C","BD with No Loss","60","Bath-2 Shutter repaired activity ","","","","",""," Shutter drilling done and installed into the machine ,Check it motion found ok","","Mechanical","Allignment","No","Ujjawal","OK"
"Aug","01-08-2024 T02:30","Final Assy","AB Sealer Block-02","","","A","CM Entry","25","Activity for new model ","","","","","","Writer to Probe holder one wire continuity check found ok (CH-06 pin no.20 to CN-01  pin no. 09 found ok","","Electrical","Process","No","Ujjawal","OK"
"Aug","01-08-2024 T02:30","Mounting","MA4","Reflow Oven","EETP-059","C","CM Entry","60","Activity for conveyor overload error ","","","","","","Connect PLC and found conveyor motor not rotate ,IV32 Run signal not coming ,Next activity done by tomorrow ","","Electrical","M/c Communication ","No","Ujjawal,Ashish Gupta,Omvir","OK"
"Aug","29-07-2024 T10:30","Final Assy","Cell Sensor","Spray Sealer","EEAT-163","A","CM Entry","40","Activity for ne trail programm (ISS-BMU)","","","","","","New trail programm  transfer to machine & sealer coating done found ok,Now runing on machine ok,,Flow coming on R-1 side pallate no. -1 & 7,So bottom side guide block adjustment done, now ok","","Mechanical","Process","No","Jaydev Mal","OK"
"Aug","29-07-2024 T13:20","Final Assy","FA-WP4","SILICON BELOW CONNECTOR","EEAT-202","A","CM Entry","30","Pail Can-2, Silicon amount detection limit switch ,L-shape block bend problem","","","","","","L-shape block take out  & Straight it,After that assy. on M/c & Alignment done, Then OK.","","Mechanical","Allignment","No","Mangal Ram Kanwar,Dalip Khajuria","OK"
"Aug","02-08-2024 T02:30","Mounting","AOI-5","3D-05","EETP-070","C","BD with No Loss","30","Camera switching problem ","","","","","","One time machine restart then ok,In Break time (USB HUB) For camera switching change with new then ok ","","Electrical","Part-Failure","No","Ujjawal,Jatinder Singh","OK"
"Aug","01-08-2024 T23:00","Final Assy","FA-NWP3","Air Leak Tester","EEAT-180","C","BD with No Loss","15","daily check NG ","","","","","","Flow rate adjust from Valve and give offset then OK,Check GP2Y Masters found OK ","","Pneumatic","Allignment","No","Ujjawal,Omvir","OK"
"Aug","01-08-2024 T23:50","Final Assy","Spot Block-1","3D-04","EEAT-028","C","BD with No Loss","9","DATA Not transfer ","","","","","","Machine restart then ok","","Electrical","Obsolete","No","Ujjawal","OK"
"Aug","02-08-2024 T02:00","Mounting","AOI-08","Multi-Magazine Loader","EETP-128","C","CM Entry","90","Change over Scanner Installation Activity ","","","","","","Scanner installed from AOI#10 (New Line),Model change over done found ok","Scanner is on Ordering, ","Electrical","Part-Failure","Yes","Ujjawal,Jatinder Singh,Ashish Gupta,Omvir","OK"
"Aug","02-08-2024 T02:00","Mounting","AOI-9","MULTIPLE  MAGAZINE LINELOADER","EETP-152","","CM Entry","90","Model change over scanner installation activity ","","","","","","One scanner found in Oil storage area so we try to installed in machine then found barcode invalid error coming.,Try to do  scanner setting as per manual  but still NG coming ,One more another scanner try to installed but same problem coming.,Finally Original scanner installed on machine ","Scanner is on Ordering, ","Electrical","Part-Failure","Yes","Ujjawal","OK"
"Aug","03-08-2024 T05:25","Mounting","AOI-7","Unloader","EETP-110","","BD with No Loss","15","PCB stuck at stocker entrance","","","","","","found, pcb and stocker width mismatch,unloader mc power off/on done,again stocker width adjustment done.,After that Ok","","Both","M/c Communication ","No","Jatinder Singh,Omvir","OK"
"Aug","03-08-2024 T03:20","Final Assy","FA-WP3","HT Tester","EEAT-158","","BD with No Loss","30","misjudgement coming on step 202","","","","","","Master check (7105) - Found Ok,Product check(7250 & 3814) - found NG,Production box pin cleaning done,Machine base board all card take out & again reconnect","","Electrical","M/c Communication ","No","Ujjawal,Jatinder Singh,Omvir","OK"
"Aug","30-07-2024 T10:30","Mounting","AOI-9","PCB SCANNER","EETP-153","A","BD with No Loss","10","Stopper come on PCB","","","","","","PCB take out and Run Next PCB found-OK.","","Electrical","Human","No","Dalip Khajuria","OK"
"Aug","30-07-2024 T11:10","Mounting","AOI-5","AOI-05","EETP-069","A","BD with No Loss","10","PCB failed to unload.","","","","","","","","Mechanical","Design","No","Dalip Khajuria","OK"
"Aug","30-07-2024 T06:50","Mounting","AOI-6","3D-06","EETP-090","A","BD with No Loss","10","A reception timeout has occurred in the communication with external device.","","","","","","AOI m/c Application close/open,3D m/c restart. After that-OK.","","Electrical","M/c Communication ","No","Mangal Ram Kanwar","OK"
"Aug","31-07-2024 T06:15","Mounting","AOI-9","MULTIPLE  MAGAZINE LINELOADER","EETP-152","A","BD with No Loss","20","M/C auto running not starting.","","","","","","Product name Re-enter in create recipe setting and press search. After that-OK. ","","Electrical","Design","No","Dalip Khajuria","OK"
"Aug","31-07-2024 T06:20","Final Assy","FA-WP3","Silicon Below connector","EEAT-153","A","BD with No Loss","15","Wrinkle coming in silicon application.","","","","","","PAN jig no.7 Alignment done. After that-OK.","","Mechanical","Human","No","Mangal Ram Kanwar","OK"
"Aug","31-07-2024 T06:45","Final Assy","FA-AB2","FAL2-AB-LT","EEAT-128","A","BD with No Loss","10","Misjudgment coming on step no. 20,40,50","","","","","","Harness pin cleaning done and M/C restart. After that-OK.","","Electrical","Design","No","Mangal Ram Kanwar","OK"
"Aug","31-07-2024 T07:00","Final Assy","Spot Block-2","3D-03","EEAT-077","A","BD with No Loss","10","QR data not transferred to PC.","","","","","","So Machine Restart. After that-OK.","","Electrical","M/c Communication ","No","Mangal Ram Kanwar","OK"
"Aug","31-07-2024 T12:30","Mounting","AOI-7","Unloader","EETP-110","A","CM Entry","30","Activity for stocker clamp Reed s/w failure.","","","","","","Reed s/w already changed on Sunday working.,PLC Program  revert back to original condition.","","Electrical","Part-Failure","No","Dalip Khajuria","OK"
"Aug","31-07-2024 T10:30","Mounting","AOI-7","Unloader","EETP-110","A","CM Entry","120","Activity for PCB drop inside stocker","","","","","","PLC program modification done. (Lifter limit s/w & width confirmation sensor included in  Logic)","","Electrical","Design","No","Dalip Khajuria","OK"
"Aug","31-07-2024 T11:00","Final Assy","Cell Sensor","Spray Sealer","EEAT-163","A","CM Entry","150","Activity for sealer coating program (R-2) modification.","","","","","","Program transferred to m/c and check sealer coating and again some modification done.","","Both","Design","No","Jaydev Mal,Sandeep Dhama","OK"
"Aug","05-08-2024 T06:01","Final Assy","FA-NWP3","Spray Sealer M/C","EEAT-027","A","BD with No Loss","10","Exhaust error was coming.","","","","","","Checked its controller found AL002 ,so Power off/On after that ok.","","Electrical","M/c Communication ","No","Neeraj,Mukesh","OK"
"Aug","05-08-2024 T07:05","Final Assy","FA-NWP3","Spray Sealer M/C","EEAT-027","","BD with No Loss","15","Sealer miss coming on HV4.5.","","","","","","Checked dummy found 16mm -NG.,Dummy correct by pressure set on range after that ok.","","Electrical","Human","No","Neeraj,Gagandeep","OK"
"Aug","05-08-2024 T07:20","Mounting","MA4","Reflow Oven","EETP-059","A","BD with No Loss","10","Outlet conv. jam error.","","","","","","Input sensor cleaned after that ok.","","Electrical","Process","No","Neeraj,Mukesh","OK"
"Aug","05-08-2024 T11:30","Final Assy","Cell Sensor","Spray Sealer","EEAT-163","B","BD with No Loss","15","Abnormal sealer coming on R1 side at ISS BMU.","","","","","","Problem coming after break time ,So both chip cleaned after that ok.,Request to PRD for Thinner change .","","Mechanical","","No","Neeraj","OK"
"Aug","03-08-2024 T02:00","Mounting","MA2","Reflow Oven","EETP-025","C","CM Entry","60","Activity For Zone-7 lower over heat alarm ","","","","","","CR-14 Relay change with spare new one after that ok","","Electrical","Process","No","Jatinder Singh,Omvir","OK"
"Aug","02-08-2024 T04:00","Final Assy","Spot Block-2","Air Blowing M/C06","EEAT-047","C","BD with No Loss","60","","","","","","","Lock change with spare after that ok","","Mechanical","Wear","No","Ujjawal,Jatinder Singh,Omvir","OK"
"Aug","02-08-2024 T01:10","Final Assy","FA-WP3","HT Tester","EEAT-158","","BD with No Loss","30","Misjudgment coming on Step No.-512,712 (YCA) HT-01 old tester ","","","","","","Pin No-93 change with spare And others pins also cleaning done","","Electrical","Process","No","Jatinder Singh","OK"
"Aug","01-08-2024 T05:00","Mounting","AOI-9","PCB SCANNER","EETP-153","C","BD with No Loss","30","Abnormal sound coming during conveyor width change","","","","","","Lubrication done on ball screw then ok","","Mechanical","Process","No","Jatinder Singh,Omvir","OK"
"Aug","01-08-2024 T07:00","Final Assy","FA-NWP3","Air Leak Tester","EEAT-180","A","CM Entry","11","Daily check ng coming","","","","","","So found air flow offset PV -95, SO AIR FLOW ADJUST FLOW SPEED CONTROLLER NOW OFFSET PV -10 & AIR FLOW ACTUAL VALUE 500 COMING, NOW M/C IS OK,AFTER THAT OK MASTER IS OK","","Both","Design","No","Mangal Ram Kanwar,Mukesh","OK"
"Aug","01-08-2024 T10:30","Final Assy","Spot Block-2","Spot-02","EEAT-074","A","CM Entry","60","Robot hit with shutter (solder bath-02)","","","","","","During Soldring process runing that  time  Robot hit with shutter (soldring process in Bath-01),So shutter take out from solder  bath-02 , & shutter alignment done,After that installed in machine, after that ok","","Mechanical","Allignment","No","Mangal Ram Kanwar,Mukesh","OK"
"Aug","01-08-2024 T11:55","Final Assy","ENG Sealer Block-03","Spray Sealer","EEAT-226","A","CM Entry","10","Cylinder flip / flipper error coming (YCA)","","","","","","During runing Cylinder flip / flipper error coming (YCA),So machine origin done, after that ok","","Both","Process","No","Sandeep Dhama,Dipshikha","OK"
"Aug","01-08-2024 T08:20","Final Assy","ENG Sealer Block-01","","","A","CM Entry","10","Step no. 55, AZ291 error coming (YCA)","","","","","","During runing  AZ291, CPU-1, WRITTER-1  error coming (YCA),So machine re-start by prd but ng,So probe holder side writter connector re-connect done, after that ok","","Both","M/c Communication ","No","Jaydev Mal",""
"Aug","01-08-2024 T08:00","Final Assy","Cell Sensor","Spray Sealer","EEAT-163","A","CM Entry","15","Sealer miss coming on R-2 side (ISS-BMU)","","","","","","Sealer miss coming on R-2 side (ISS-BMU),So programm modification done, after that ok","","Mechanical","Process","No","Jaydev Mal","OK"
"Aug","01-08-2024 T06:30","Final Assy","FA-WP3","Silicon Below connector","EEAT-153","A","CM Entry","15","Abnormal sillicon application coming (YCA)","","","","","","During runing time Abnormal sillicon application problem coming (YCA),Nozzle centring check found ng,So nozzle change with spare then centring check ok","","Mechanical","Process","No","Jaydev Mal,Dalip Khajuria","OK"
"Aug","02-08-2024 T06:23","Mounting","MA3","Reflow Oven","EETP-041","A","CM Entry","15","Zone-6 lower temp. out of range problem coming (GD1B)","","","","","","During runing time Zone-6 lower temp. out of range problem coming,So operation off/on, but same,So lower blower no. 6 manually on for few minute, after that temp. arrived ok","","Both","M/c Communication ","No","Mangal Ram Kanwar","OK"
"Aug","02-08-2024 T08:00","Final Assy","Cell Sensor","Spray Sealer","EEAT-163","A","CM Entry","10","Sealer missing coming (ISS-BMU R-1)","","","","","","Sealer programm modify  done, starting point change -1.00mm, after that ok (ISS-BMU-R1-02-08-2024-A),Again programm modified then ok, Y -axis  change from  start 7150 to 7180 end, now ok","","Mechanical","Process","Yes","Jaydev Mal","OK"
"Aug","03-08-2024 T07:10","Final Assy","ENG Sealer Block-03","Spray Sealer","EEAT-226","A","CM Entry","50","Sealer miss on R-2 (Top) 662 model YCA","","","","","","Sealer miss problem coming on R-1 side,Only operator side 1 product have miss problem observe,so coating-2 chip take out & cleaning done, viscocity check ok found,target value changed 9.80 TO 10.00, Now runing ok","","Mechanical","Process","No","Mangal Ram Kanwar,Jaydev Mal,Mukesh","OK"
"Aug","03-08-2024 T09:50","Final Assy","AB Sealer Block-01","Spray Sealer M/C","EEAT-078","A","CM Entry","10","93 - apply station time over error coming (YJC)","","","","","","During runing time  apply station time over error coming (YJC),Unloading conveyer side pallet unloading time  pallet stuck problem coming, pallet  no. 1 & 8  only stucked , so unloading rail cleaning done, due to dirty, now ok","","Mechanical","Process","No","Mangal Ram Kanwar,Jaydev Mal","OK"
"Aug","02-08-2024 T08:00","Final Assy","Cell Sensor","Spray Sealer","EEAT-163","A","CM Entry","10","Sealer miss coming on R-1 & R-2 side , iss bmu","","","","","","During runing time Sealer miss coming on R-1 & R-2 side , ,So programm modification done, then ok","","Mechanical","Process","No","Jaydev Mal,Dalip Khajuria","OK"
"Aug","04-08-2024 T08:00","Final Assy","Cell Sensor","Spray Sealer","EEAT-163","","CM Entry","10","Sealer miss problem coming R-1 side (ISS-BMU)","","","","","","Sealer programm modification done, after that ok (ISS-BMU-R1-0408-2024-A)","","Mechanical","Process","No","Jaydev Mal","OK"
"Aug","04-08-2024 T06:00","Final Assy","FA-WP3","HT Tester","EEAT-158","A","CM Entry","660","Activity for step no. 202 ng coming (YCA)","","","","","","Activity for step no. 202 ng coming (YCA),Load plate-1 PS-642, output connector remove then product check 20 times found  step no. 202 value ok , so connect it,Load-1, 2,3 dmm cable remove then check value coming ok,dmm input cable remove but value coming ok,so dmm not use for this step,ADC ID-6 connector remove then value coming ng (2 times),ADC ID-6 connection re-connect then check part found 230 time s ok, thn ng coming, so ADC ID-6 to PS449 CNB connector changed but same,PS449 relay driver -1 usb cable changed but same, ,adc id-6 CALIBARTION DONE, THEN CHECK OK, ,NOW UNDER OBSERVATION","","Both","Part-Failure","No","Anshul Gupta,Jaydev Mal,Dalip Khajuria,Sandeep Dhama","OK"
"Aug","05-08-2024 T21:00","Final Assy","AB Sealer Block-01","Spray Sealer M/C","EEAT-078","B","BD with No Loss","15","68 Fault coming (ID Fault) YY8 Model","","","","","","PRD side only one product use in pallet but as per process both product use,Both product use in pallet then ok","","Electrical","Process","No","Jatinder Singh,Omvir","OK"
"Aug","05-08-2024 T14:40","Final Assy","FA-NWP3","Air Leak Tester","EEAT-180","","BD with No Loss","20","Daily check NG coming","","","","","","Adjust the flow rate as per procedure then ok,Master & product check ok","","Electrical","Process","No","Neeraj,Jatinder Singh,Sandeep Dhama","OK"
"Aug","05-08-2024 T20:00","Final Assy","FA-AB3","Packaging Jig-03","EEAT-188","","BD with No Loss","20","Hand gripping issue during screw driver handling","","","","","","Adjust the screw driver Hight then ok","","Electrical","Allignment","No","Jatinder Singh,Sandeep Dhama","OK"
"Aug","05-08-2024 T17:10","Final Assy","FA-AB2","FAL2-AB-LT","EEAT-128","","BD with No Loss","20","20 steps misjudgment coming (7712 model)","","","","","","Machine power OFF/ON ,Harness change,Finally check the jig was wrong so jig use as per model then ok","","Mechanical","Process","No","Jatinder Singh","OK"
"Aug","05-08-2024 T17:10","Final Assy","FA-NWP3","VCS-08","EEAT-099","","BD with No Loss","20","031 Barcode check reading error coming (DC1A 1740)","","","","","","During this problem machine application hang,Machine Power OFF/On Then Ok","","Electrical","Process","No","Jatinder Singh,Omvir","OK"
"Aug","06-08-2024 T15:00","Mounting","AOI-5","AOI-05","EETP-069","B","BD with No Loss","15","Machine application slow in 0631 model","","","","","","Machine power OFF/ON then ok","","Electrical","Process","No","Ujjawal,Jatinder Singh","OK"
"Aug","06-08-2024 T15:00","Final Assy","Spot Block-1","3D-04","EEAT-028","","BD with No Loss","15","Communication error coming in DC1U model","","","","","","Machine power OFF/ON then ok","","Electrical","Process","No","Jatinder Singh,Omvir","OK"
"Aug","06-08-2024 T14:50","Final Assy","Cell Sensor","Flash writing (C/S)","EEAT-161","","BD with No Loss","20","Door was not open ","","","","","","Check door open roap was broken ,Change the Roap with spare then ok","","Electrical","Wear","No","Ujjawal,Jatinder Singh","OK"
"Aug","05-08-2024 T22:40","Final Assy","FA-NWP3","Air Leak Tester","EEAT-180","C","CM Entry","10","Daily check ng coming ","","","","",""," Daily check ng coming,Pressure A, B, Air flow value out of range  (higher side) coming,So offset give after that ok","","Both","Design","No","Mangal Ram Kanwar","OK"
"Aug","06-08-2024 T00:50","Final Assy","Cell Sensor","MRC-04","EEAT-029","C","CM Entry","10","Camera angle change problem coming (iss bmu)","","","","","","During runing time Camera angle change problem coming (iss bmu),So camera angle alignment done, now ok","","Both","Process","No","Mangal Ram Kanwar","OK"
"Aug","06-08-2024 T01:50","Mounting","MA4","NPM-03","EETP-101","C","CM Entry","15","Pcb carry in error coming (Y1K R-1) in NPM-03 & NPM-04 (1 sheet scrap)","","","","","","During runing time Pcb carry in error coming (Y1K R-1) in NPM-03 & NPM-04,So NPM-04 m/c side pcb confirm done & machine run ok,But NPM-03 side pcb remove massge coming,So try to machine run with Present pcb but pcb not taking by machine,So present pcb take out & next product run ok","","Both","M/c Communication ","No","Mangal Ram Kanwar,Dalip Khajuria","OK"
"Aug","06-08-2024 T00:20","Final Assy","Cell Sensor","Spray Sealer","EEAT-163","C","CM Entry","25","Sealer miss problem coming (iss bmu) R-2","","","","","","During runing time Sealer miss problem coming (iss bmu) R-2,So programm modification done, singlle shot add done, after that ok","","Mechanical","Process","No","Jaydev Mal,Dalip Khajuria","OK"
"Aug","05-08-2024 T23:10","Final Assy","Spot Block-2","Spot-02","EEAT-074","C","CM Entry","20","N-2 pipe damage problem (bath-02)","","","","","","N-2 pipe damage problem (bath-02) coming,So damage portion cut & installed , now ok","","Mechanical","Process","No","Jaydev Mal,Dalip Khajuria","OK"
"Aug","07-08-2024 T00:30","Mounting","MA6","LOADER","EETP-114","C","CM Entry","10","Magzine transfer time out error coming (Zone-2 lifter)","","","","","","During runing Magzine transfer time out error coming (Zone-2 lifter),Stocker stucked in zone-2 position, so stocker manually take out (stocker no. 207),So zone-2 position side cover (guide plate) alignment done, after that ok","","Mechanical","Allignment","No","Mangal Ram Kanwar","OK"
"Aug","07-08-2024 T05:00","Final Assy","Cell Sensor","MRC-04","EEAT-029","C","BD with No Loss","10","Camera angle disturb problem (iss bmu)","","","","","","During runing Camera angle disturb problem (iss bmu),So camera angle alignment done, after that ok","","Both","Allignment","No","Mangal Ram Kanwar","OK"
"Aug","07-08-2024 T03:20","Mounting","AOI-7","Unloader","EETP-110","C","CM Entry","10","machine stop & no any alarm come (y1k)","","","","","","During runing machine stop & no any alarm come ,Finaly found fixed pusher conveyer side ble tnot rotate,So Belt tenstion increase done","","Mechanical","Allignment","No","Mangal Ram Kanwar","OK"
"Aug","07-08-2024 T23:00","Mounting","MA3","CM212-3","EETP-039","C","CM Entry","60","Activity for Head-2 Disable (TBL-1, HD-2)","","","","","","Head unable done & machine origin done ok,Machine run in simulation mode, ok runing ","","Both","Process","No","Jaydev Mal,Dalip Khajuria","OK"
"Aug","07-08-2024 T01:20","Mounting","MA5","YS Loader","EETP-073","C","CM Entry","15","Gripper board drop error comng","","","","","","During runing Gripper board drop error comng,PHS-7 value coming 120, sensor cleaning done, & sensor also setting done, after that ok","","Both","Process","No","Jaydev Mal,Dalip Khajuria","OK"
"Aug","07-08-2024 T23:55","Mounting","AOI-08","AOI-08","EETP-130","C","CM Entry","15","","","","","","","During runing AOI machine have pcb taking process very slow (YCA),Application close / open but same, pcb scanner  re-start done but same,So model change over done,  after that ok","","Both","Process","No","Mangal Ram Kanwar,Dalip Khajuria","OK"
"Aug","08-08-2024 T00:20","Final Assy","AB Sealer Block-01","MRC-01","EEAT-005","C","CM Entry","15","X-Y axis movement time abnormal sound & abnormal movement problem coming","","","","","","During runing time X-Y axis moving time abnormal sound & abnormal movement problem coming,So X & Y axis lubrication done, after that ok","","Mechanical","Process","No","Mangal Ram Kanwar","OK"
"Aug","07-08-2024 T10:00","Final Assy","AB Sealer Block-02","Flash Writer","EEAT-183","A","PED Support","60","Flash machine new modal checking ","","","","","","Writer-1 to probe holder CN1 wiring checking (Pin no.20 to CN1 pin no.9) Its OK,Writer-1 & Writer-2 inter changed but results same.","","Electrical","M/c Communication ","No","Subhash Sheoran,Mukesh","OK"
"Aug","07-08-2024 T12:00","Final Assy","FA-1 CBMU","","","","CM Entry","60","Nozzle-1 changed for analysis","","","","","","One repaired nozzle check its ok","","Mechanical","Part-Failure","No","Subhash Sheoran,Sreekanth Sasi","OK"
"Aug","08-08-2024 T09:30","Final Assy","FA-WP4","","","A","PED Support","270","New VCS machine installation","","","","","","All parts unpacked & All instruments assy done,All connection done as per drawing","","Both","M/c Communication ","No","Subhash Sheoran,Mukesh","OK"
"Aug","07-08-2024 T15:10","Final Assy","Cell Sensor","MRC-04","EEAT-029","B","BD with No Loss","20","Bluer image showing while camera rotation ","","","","","","Camera signal cable was loose ,So properly tight the cable then ok","","Electrical","Allignment","No","Ujjawal,Omvir","OK"
"Aug","07-08-2024 T15:10","Mounting","AOI-08","MULTIPLE MAGAZINE UNLOADER","EETP-133","","BD with No Loss","20","Actual Stocker width NG ","","","","","","Actual stocker width not change but machine side width found ok as per running model ,Stocker no. 107 Reload then width made OK ","","Electrical","M/c Communication ","No","Ujjawal","OK"
"Aug","07-08-2024 T17:40","Final Assy","FA-WP2","Falcon-04","EEAT-050","","BD with No Loss","10","Local mode coming ","","","","","","During running time Local mode error coming ,So one time machine application Close open then ok ","","Electrical","M/c Communication ","No","Dipshikha","OK"
"Aug","07-08-2024 T18:10","Final Assy","FA-NWP3","VCS-08","EEAT-099","","BD with No Loss","10","Failed to connect with AF200 error coming ","","","","","","Machine restart then ok","","Electrical","M/c Communication ","No","Ujjawal","OK"
"Aug","07-08-2024 T20:30","Final Assy","ENG Sealer Block-02","Spray Sealer","EEAT-194","B","BD with No Loss","20","Sealer coming on prohibited area ","","","","","","Sealer viscosity check found ok,Sealer width dummy check found ok,program modify then ok","","Both","Process","No","Ujjawal,Jatinder Singh,Sandeep Dhama","OK"
"Aug","07-08-2024 T22:30","Mounting","MA2","CM212-1","EETP-014","","BD with No Loss","10","PCB Transport error ","","","","","","PCB Pass without component mount from TBL-2 & 3,PCB Take out from machine and again run from OC-1 TBL-1 & 2 pass mode select  then Machine run in auto and component mounting done from tbl 2&3  then run OK","","Both","M/c Communication ","No","Ujjawal","OK"
"Aug","08-08-2024 T22:40","Final Assy","FA-NWP3","Air Leak Tester","EEAT-180","C","CM Entry","15","Flow rate detect ng coming in daily check time","","","","","","Flow rate detect ng coming in daily check time,main vaccum pressure adjust to -10kpa, flow rate adjust to 500ml/min.,Offset given in flow rate -90, after that all master check found ok","","Pneumatic","Design","No","Dalip Khajuria","OK"
"Aug","08-08-2024 T05:20","Final Assy","FA-AB1","FAL-AB-LT","EEAT-115","C","BD with No Loss","10","Misjudgment coming on step no. 20 (882 harness)","","","","","","During runing time Misjudgment coming on step no. 20 (882 harness,So harness pins cleaning done","","Both","Part-Failure","No","Jaydev Mal,Dalip Khajuria","OK"
"Aug","08-08-2024 T05:00","Final Assy","FA-WP2","Silicon All-round","EEAT-081","C","CM Entry","20","Weight ng coming (DC1U)","","","","","","During runing time Weight ng coming in product  (7.34 gram),Nozzle clean but ng,Dispance  speed increased  from 125 to 135 done,,Now weight coming 7.77 gram,Request to prd to inform PED","","Both","Process","No","Jaydev Mal,Dalip Khajuria","OK"
"Aug","08-08-2024 T05:50","Mounting","AOI-9","3D-09","EETP-155","C","CM Entry","10","Is not a floating number","","","","","","During runing time Is not a floating number error coming,Application close / open but application not responding ,So machine re-start done, after that ok","","Electrical","M/c Communication ","No","Jaydev Mal,Dalip Khajuria","OK"
"Aug","09-08-2024 T08:00","Final Assy","FA-WP3","VCS","EEAT-159","A","CM Entry","25","Card getting fail","","","","","","All pin changed new one, after that OK","","Mechanical","Part-Failure","No","Subhash Sheoran,Mukesh","OK"
"Aug","09-08-2024 T10:30","Final Assy","Cell Sensor","Spray Sealer","EEAT-163","A","BD with No Loss","15","Sealer flow in R1 & R2 <ISS BMU>,Product not smoothly comeout.","","","","","","Problem coming in only New pallet,,Pallet handover to PED.","","Mechanical","Allignment","No","Neeraj","OK"
"Aug","08-08-2024 T14:20","Final Assy","FA-WP3","Silicon Below connector","EEAT-153","B","BD with No Loss","20","Nozzle height coming ng","","","","","","During daily check , found ph sensor continuous on, even without object,Sensor set value adjustment done as per requirement. After that OK","","Electrical","Allignment","No","Ujjawal,Gagandeep","OK"
"Aug","09-08-2024 T15:30","Mounting","MA2","CM212-3","EETP-016","B","BD with No Loss","10","Tape folate error coming, (Front side,TBL-3)","","","","","","Finally tape folate cover properly not close after that ok,","","Electrical","Allignment","No","Indrajit Behera","OK"
"Aug","08-08-2024 T18:05","Final Assy","FA-NWP3","FAL2-ENG-HT","EEAT-126","B","BD with No Loss","20","M.J. Coming on step no.413 (DC1A)","","","","","","P. Box All pin cleaning done and pin no.70,71,74 change with new ,After that ok","","Electrical","Wear","No","Ujjawal","OK"
"Aug","08-08-2024 T19:30","Mounting","MA4","Buffer Conveyor","EETP-055","","BD with No Loss","15","Exit conveyor transfer error ","","","","","","1st slot have this problem coming ,So one time Buffer conveyor auto width adjustment done then ok","","Both","M/c Communication ","No","Ujjawal,Jatinder Singh","OK"
"Aug","08-08-2024 T15:10","Final Assy","Spot Block-2","THD DC1A/632A(4480)","EEAT-135","","BD with No Loss","35","Paper stuck in cutter unit ","","","","","","Check and found condenser continues feeding due to condenser resting plate was broken ,Stuck paper take out and plate adjustment done and fixed it with lock tie ,After that work ok","","Mechanical","Wear","No","Ujjawal","OK"
"Aug","08-08-2024 T16:00","Final Assy","ElFi-Sealer Block-01 ","SPRAY SEALER","EEAT-232","","CM Entry","240","PLC CPU Unit change activity ","","","","","","Repaired PLC CPU Unit installed in machine ,PLC Back up upload to PLC ,Check dummy and Product found OK","","Electrical","Part-Failure","No","Ujjawal,Jatinder Singh,Sandeep Dhama","OK"
"Aug","09-08-2024 T14:30","Final Assy","Spot Block-03","SPOT M/C","EEAT-214","B","BD with No Loss","5","Nozzle ID Wrong error coming ","","","","","","Sensor no.1712 clean after that ok ","","Electrical","Process","No","Indrajit Behera","OK"
"Aug","09-08-2024 T15:30","Mounting","MA7"," TRAVERSER WITH PUSHER CONVEYOR","EETP-150","","BD with No Loss","10","Motorized pusher error coming (Stocker no.142)","","","","","","Found stocker width tight ,Try to manually PCB insert in stocker but not done due to width tight ,Stocker remove from machine and run another stocker found ok ","","Electrical","M/c Communication ","No","Indrajit Behera,Omvir","OK"
"Aug","09-08-2024 T17:00","Mounting","Laser Line-1","Laser Marking + Cleaner","EETP-046","","BD with No Loss","10","Communication error coming ","","","","","","Machine power OFF/ON Then ok ","","Electrical","M/c Communication ","No","Indrajit Behera","OK"
"Aug","09-08-2024 T15:30","Final Assy","AB Sealer Block-02","Spray Sealer","EEAT-215","","BD with No Loss","20","Sealer miss on R-1 side (YTA)","","","","","","sealer coating program modify then ok ","","Electrical","Process","No","Ujjawal,Rahul Pant","OK"
"Aug","09-08-2024 T18:00","Final Assy","ENG Sealer Block-03","Spray Sealer","EEAT-226","","BD with No Loss","20","Sealer coming on R-2 side (Sealer Flow to connector pin)","","","","","","Sealer coating program modify then OK ","","Electrical","Process","No","Ujjawal,Sandeep Dhama,Rahul Pant","OK"
"Aug","09-08-2024 T19:10","Final Assy","AB Sealer Block-02","Spray Sealer","EEAT-215","","BD with No Loss","30","Sealer miss on R-1 & R-2 (Y1K)","","","","","","During start up of this model ,In break time Steiner filter clean then ok ","","Electrical","Part-Failure","No","Ujjawal","OK"
"Aug","08-08-2024 T22:45","Final Assy","FA-NWP3","Air Leak Tester","EEAT-180","C","CM Entry","10","Daily check ng coming","","","","","","During daily check time air flow value out of range coming,So air flow value adjust from flow gauge  & offset -50 set done,  after that air flow value 508 coming ok,Now GP2A ok master check found ok","","Pneumatic","Design","No","Mangal Ram Kanwar","OK"
"Aug","09-08-2024 T02:25","Final Assy","Spot Block-2","3D-03","EEAT-077","C","CM Entry","10","Pcb id data not transfer (GP2A)","","","","","","PCB id data not transfer problem coming,once time mc re-start by prd , after that login, password  screen coming,So again mc power off & Lan cable re-connect done, after that ok","","Electrical","M/c Communication ","No","Mangal Ram Kanwar","OK"
"Aug","09-08-2024 T03:25","Mounting","MA6","NPM-3","EETP-135","C","CM Entry","15","PCB position error coming (YCA)","","","","","","PCB position error coming (YCA),During runing time this problem coming,,Lane-2 inlet conveyer (NPM-03) Side  pcb manually move to the sensor position , pcb confirm & m/c run ok, ,But NPM-04 side pcb remove option  coming,so try to pcb run but ng, so finally pcb take out & next pcb run ok","","Both","M/c Communication ","No","Mangal Ram Kanwar,Jaydev Mal","OK"
"Aug","10-08-2024 T09:30","Final Assy","FA-WP2","Filter Assembly (YCA)","EEAT-138","A","CM Entry","210","Machine up gradation In Hyundai filter assy.","","","","","","Motor & gear head changed new one,IAI actuator replaced with new one,Encoder reset done & all home position done.","","Both","","No","Ujjawal,Subhash Sheoran,Sreekanth Sasi,Mukesh","OK"
"Aug","11-08-2024 T06:00","Mounting","MA4","Reflow Oven","EETP-059","A","CM Entry","150","Activity for Conveyor over load during change over.","","","","","",""I" unit change in C-shift but its result NG,Again original "I" unit change result NG,"H & I" unit again changed but result NG,Finaliy  H unit reword back original its OK,"I" unit also changed another spare one its OK","","Electrical","M/c Communication ","No","Ujjawal,Subhash Sheoran,Mangal Ram Kanwar,Jaydev Mal,Dalip Khajuria","OK"
"Aug","11-08-2024 T09:00","Final Assy","Spot Block-2","Spot-02","EEAT-074","","CM Entry","180","Chiller unit side Ice coming","","","","","","Chiller unit take out from line & cleaned with "WATER" From ECU out side area.,After that assembled back on machine & operation check its running smoothly.","","Both","Part-Failure","No","Ujjawal,Subhash Sheoran","OK"
"Aug","11-08-2024 T12:00","Final Assy","FA-NWP3","Spray Sealer M/C","EEAT-027","","CM Entry","60","Exhaust sensor fault coming","","","","","","CR7 Relay changed new one but its NG,Finally exhaust close/open after that its OK","","Electrical","Part-Failure","No","Ujjawal,Subhash Sheoran,Sreekanth Sasi","OK"
"Aug","11-08-2024 T13:00","Final Assy","FA-WP2","Silicon Below","EEAT-080","","CM Entry","60","After application silicon dispense(tail) ","","","","","","Try to control with section & return value adjustment,All setting reword back.","","Both","Part-Failure","No","Subhash Sheoran","OK"
"Aug","11-08-2024 T13:10","Mounting","AOI-7","AOI-07","EETP-107","A","BD with No Loss","15","Power OFF Window showing ","","","","","","Machine restart then ok ","","Electrical","Design","No","Ujjawal","OK"
"Aug","11-08-2024 T13:27","Mounting","MA6","REFLOW OVEN","EETP-124","","BD with No Loss","8","PC System trouble error coming ","","","","","","Error reset then ok","","Electrical","M/c Communication ","No","Ujjawal","OK"
"Aug","12-08-2024 T06:00","Final Assy","FA-NWP3","Spray Sealer M/C","EEAT-027","A","BD with No Loss","9","Robot fault coming,","","","","","","Finally turn Loader move by hand then m/c origin after that m/e run done","","Mechanical","Process","No","Indrajit Behera","OK"
"Aug","10-08-2024 T08:50","Final Assy","FA-AB2","FAL2-AB-HT","EEAT-133","A","BD with No Loss","10","Part confirmation sensor mounting loose ","","","","","","Sensor properly mount then ok ","","Electrical","Allignment","No","Ujjawal,Gagandeep","OK"
"Aug","10-08-2024 T10:50","Final Assy","AB Sealer Block-02","Spray Sealer","EEAT-215","","BD with No Loss","30","Sealer miss on R2 (Y1K)","","","","","","Sealer coating program line short length increased 1.00mm ,After that ok ","","Electrical","Process","No","Ujjawal,Gagandeep","OK"
"Aug","10-08-2024 T10:00","Final Assy","FA-WP2","Filter Assembly(YR9)","EEAT-104","","CM Entry","180","Machine upgradation activity ","","","","","","Motor change with New ,Encoder reset done ,Machine homing done ","","Electrical","Obsolete","No","Ujjawal,Subhash Sheoran,Sreekanth Sasi","OK"
"Aug","10-08-2024 T13:55","Final Assy","FA-WP2","Filter Assembly (YCA)","EEAT-138","","CM Entry","10","Abnormal sound coming ","","","","","","Abnormal sound coming while moving upward  after filter press fit ,So Lubrication done of ball screw and bush ,After that ok ","","Electrical","Human","No","Ujjawal","OK"
"Aug","12-08-2024 T06:15","Final Assy","FA-NWP3","Air Leak Tester","EEAT-180","A","BD with No Loss","5","Daily check NG ","","","","","","Pressure A & B Give offset then ok ","","Pneumatic","Design","No","Ujjawal,Indrajit Behera","OK"
"Aug","12-08-2024 T06:15","Final Assy","FA-WP3","HT Tester","EEAT-158","","BD with No Loss","5","M.J. Coming on step no.202 ","","","","","","PS449 ribbon cable reconnect then ok ,ADC ID6 to PS449 ","","Electrical","M/c Communication ","No","Ujjawal","OK"
"Aug","12-08-2024 T07:30","Final Assy","FA-WP3","Silicon Below connector","EEAT-153","A","BD with No Loss","5","Front TP display not coming ","","","","","","LAN Cable reconnect from TP then ok ","","Electrical","M/c Communication ","No","Ujjawal,Indrajit Behera","OK"
"Aug","12-08-2024 T10:00","Mounting","MA3","CM212-3","EETP-039","","BD with No Loss","10","Z-2 Current excess error coming ","","","","","","Error reset and production run then ok ","","Electrical","M/c Communication ","No","Ujjawal","OK"
"Aug","12-08-2024 T06:50","Final Assy","AB Sealer Block-01","MRC-01","EEAT-005","","BD with No Loss","30","Abnormal sound coming ","","","","","","While XY Table moving from Home position to IC Check position then abnormal sound coming ,Already lubrication done by PMG On Last Saturday ,Temp. WD 40 apply on XY Bearing then manually movement after that ok ","","Mechanical","Part-Failure","No","Ujjawal,Sandeep Dhama","OK"
"Aug","12-08-2024 T10:45","Mounting","MA5","NPM-5","EETP-103","","CM Entry","25","Head 1 & 2 Vacuum value coming less (-79)","","","","","","In break time Head 1&2 shaft cleaning done ,After that vacuum check found ok (-82 & -84)","","Mechanical","Process","No","Ujjawal,Rahul Pant","OK"
"Aug","09-08-2024 T23:30","Final Assy","FA-WP2","Filter Assembly(YR9)","EEAT-104","C","BD with No Loss","20","Fault coming YR-9","","","","","","Main air pressure adjust from 0.482 to 0.400. After that-OK","","Pneumatic","Human","No","Mangal Ram Kanwar","OK"
"Aug","09-08-2024 T23:00","Final Assy","AB Sealer Block-01","MRC-01","EEAT-005","C","BD with No Loss","10","Abnormal sound coming.","","","","","","XY-axis side lubrication done. After that-OK.","","Mechanical","Human","No","Mangal Ram Kanwar","OK"
"Aug","10-08-2024 T00:40","Mounting","AOI-5","AOI-05","EETP-069","C","BD with No Loss","10","Slow inspection Process.","","","","","","Machine power OFF/ON. After that-OK.","","Electrical","Design","No","Anshul Gupta,Jaydev Mal","OK"
"Aug","09-08-2024 T23:30","Mounting","MA7","UNLOADER","EETP-151","C","BD with No Loss","10","Stepper alarm coming.","","","","","","During stocker width making this error coming.,Stocker down side Lock not open.,Stocker takeout and run next stocker. After that-OK.","","Mechanical","Design","No","Jaydev Mal","OK"
"Aug","09-08-2024 T23:00","Mounting","MA3","CM212-3","EETP-039","C","CM Entry","180","Activity for Z2/ Theta 2 Axis over current error  (TBL-1)","","","","","","Original Head Card Revert back.,Z2 axis Motor change with New.,Now machine status under observation","","Electrical","Part-Failure","No","Anshul Gupta,Jaydev Mal,Dalip Khajuria","OK"
"Aug","10-08-2024 T04:30","Final Assy","FA-NWP3","Flash ","EEAT-174","C","CM Entry","40","GD1B Probe holder, counter Reset switch not working","","","","","","Counter change with new. After that-OK.","","Electrical","Part-Failure","No","Dalip Khajuria","OK"
"Aug","11-08-2024 T04:00","Final Assy","ENG Sealer Block-03","Spray Sealer","EEAT-226","C","BD with No Loss","40","Sealer miss coming in YCA-R2 ","","","","","","Nozzle chip clean.,Target width change from 9.80 to 10.00.,Finally sealer coating program modify. After that-OK.","","Electrical","Design","No","Mangal Ram Kanwar,Jaydev Mal","OK"
"Aug","10-08-2024 T23:00","Final Assy","FA-AB3","FAL-AB-LT","EEAT-146","C","CM Entry","59","Pin broken m/c side output connector.","","","","","","PIn no. 20 changed with new (in Use),PIn no. 40 changed with new (Not in Use)","","Mechanical","Part-Failure","No","Mangal Ram Kanwar,Dalip Khajuria","OK"
"Aug","10-08-2024 T23:00","Final Assy","FA-AB3","FAL-AB-LT","EEAT-146","C","CM Entry","59","Pin broken m/c side output connector.","","","","","","PIn no. 20 changed with new (in Use),PIn no. 40 changed with new (Not in Use)","","Mechanical","Part-Failure","No","Mangal Ram Kanwar,Dalip Khajuria","OK"
"Aug","10-08-2024 T23:00","Final Assy","FA-AB3","FAL-AB-LT","EEAT-146","C","CM Entry","59","Pin broken m/c side output connector.","","","","","","PIn no. 20 changed with new (in Use),PIn no. 40 changed with new (Not in Use)","","Mechanical","Part-Failure","No","Mangal Ram Kanwar,Dalip Khajuria","OK"
"Aug","11-08-2024 T04:30","Mounting","MA4","Reflow Oven","EETP-059","C","CM Entry","240","Activity for conveyor overload error during changeover.","","","","","","I- unit change with New and Backup transfer.,H- unit change with New and Backup transfer.,(Speed controller is error) coming after above activity.,So I and H unit change with old spare. conveyor overload error still coming during changeover.,Finally original I and H unit revert back. Now machine running in original condition.","","Electrical","Part-Failure","No","Mangal Ram Kanwar,Jaydev Mal,Dalip Khajuria","OK"
"Aug","12-08-2024 T14:30","Final Assy","FA-WP4","AIR LEACK CHECK","EEAT-209","B","BD with No Loss","10","Daily check NG Coming.","","","","","","So Offset given in Pressure A,B and Flow rate. After that-OK.","","Electrical","Design","No","Mangal Ram Kanwar","OK"
"Aug","12-08-2024 T17:00","Final Assy","AB Sealer Block-01","Spray Sealer M/C","EEAT-078","B","BD with No Loss","20","Fault no. 68 coming.","","","","","","Pallet no. 1 take out and run Next pallet. After that-OK.","","Mechanical","Human","No","Mangal Ram Kanwar","OK"
"Aug","12-08-2024 T18:00","Final Assy","ENG Sealer Block-02","Spray Sealer","EEAT-194","B","BD with No Loss","10","CT over pallet transfer-1 cycle error coming (GP2Y)","","","","","","Machine Master OFF/ON, and m/c origin done. After that-OK.","","Electrical","Human","No","Mangal Ram Kanwar","OK"
"Aug","12-08-2024 T18:10","Final Assy","Cell Sensor","Spray Sealer","EEAT-163","B","BD with No Loss","10","Sealer miss coming on R2 side (ISS-BMU)","","","","","","Pallet cleaning done. After that-OK.","","Mechanical","Human","No","Mangal Ram Kanwar,Jaydev Mal","OK"
"Aug","12-08-2024 T20:50","Final Assy","FA-AB1","FAL-AB-LT","EEAT-115","B","BD with No Loss","10","M.J. coming on Step no. 20 (882-Harness)","","","","","","Harness pin cleaning done. After that-OK.","","Electrical","Design","No","Mangal Ram Kanwar","OK"
"Aug","12-08-2024 T14:50","Mounting","AOI-5","AOI-05","EETP-069","B","BD with No Loss","15","Sequence processing error.","","","","","","So machine power OFF/ON. After that-OK.","","Electrical","Design","No","Dalip Khajuria","OK"
"Aug","12-08-2024 T18:40","Final Assy","FA-WP2","3W Gel-01","EEAT-111","B","BD with No Loss","50","Air coming in cartridge-2","","","","","","Air Release from nozzle side.,Also found leakage in cartridge-1 and O-ring  was damaged.,O-ring changed with new. After that-OK","","Mechanical","Part-Failure","No","Jaydev Mal,Dalip Khajuria","OK"
"Aug","12-08-2024 T16:30","Mounting","AOI-08","Multi-Magazine Loader","EETP-128","B","CM Entry","180","Activity for QR Scanner setup. (Changeover scanner)","","","","","","Original Repaired scanner setup done and installed on m/c.,after that check working found OK","","Electrical","Part-Failure","No","Anshul Gupta,Jaydev Mal,Dalip Khajuria","OK"
"Aug","12-08-2024 T14:30","Mounting","MA5","YS Loader","EETP-073","B","BD with No Loss","10","Gripper Board Drop Error","","","","","","Check and found PCB set jig width was tight.,So PCB set jig width set with master plate. After that-OK.","","Mechanical","Human","No","Dalip Khajuria","OK"
"Aug","12-08-2024 T21:40","Final Assy","Cell Sensor","Spray Sealer","EEAT-163","B","BD with No Loss","10","Machine auto running condition not coming.","","","","","","Coat Emergency condition not coming OK,So Machine power OFF/ON. After that-OK.","","Electrical","Design","No","Mangal Ram Kanwar","OK"
"Aug","12-08-2024 T21:50","Final Assy","FA-AB1","FAL-AB-RT1","EEAT-118","B","BD with No Loss","15","M.J. coming on multiple steps. (882 Harness)","","","","","","Finally Harness pin cleaning done. After that-OK.","","Both","Wear","No","Mangal Ram Kanwar","OK"
"Aug","12-08-2024 T02:00","Final Assy","FA-1 CBMU","","","C","CM Entry","60","New cover made for blower fan","","","","","","New cover made & assy in line for safety purpose. ","","Mechanical","","No","Subhash Sheoran,Sreekanth Sasi","OK"
"Aug","13-08-2024 T07:30","Final Assy","Spot Block-2","3D-03","EEAT-077","A","BD with No Loss","10","Monitor display off during running ","","","","","","Signal cable reconnect from controller then ok ","","Electrical","Obsolete","No","Ujjawal,Rahul Pant","OK"
"Aug","13-08-2024 T09:20","Final Assy","Cell Sensor","Spray Sealer","EEAT-163","","BD with No Loss","5","Coat-1 spray width out range ","","","","","","Coat-1 width adjust from nozzle then ok ","","Electrical","Process","No","Ujjawal,Indrajit Behera","OK"
"Aug","13-08-2024 T13:55","Final Assy","FA-AB1","FAL-AB-LT","EEAT-115","A","BD with No Loss","15","Product fail at step no.30 (035)","","","","","","Running condition problem coming ,Machine restart  but same ,Base jig change but same , Harness change but same ,Finally machine power OFF and machine side all connector reconnect then ok ","","Electrical","M/c Communication ","No","Ujjawal,Omvir","OK"
"Aug","14-08-2024 T09:30","Final Assy","PWC Final Assy","Air leak","EEAT-260","A","BD with No Loss","10","Daily check NG coming ,A & B pressure pressure value NG coming,","","","","","","Finally give in offset value after that ok","","Pneumatic","Process","No","Indrajit Behera","OK"
"Aug","14-08-2024 T11:30","Final Assy","Cell Sensor","Spray Sealer","EEAT-163","","BD with No Loss","10","M/C not run in Auto start ,Humiseal Temp. out off range error coming","","","","","","Finally m/c power off/ON after that m/c origin done ,After that m/c run ok ","","Electrical","M/c Communication ","No","Indrajit Behera","OK"
"Aug","14-08-2024 T09:40","Final Assy","Spot Block-2","3D-03","EEAT-077","","BD with No Loss","10","Data not transfer issue coming","","","","","","Finally LAN  cable re-connected and m/c restart after that ok","","Electrical","M/c Communication ","No","Indrajit Behera","OK"
"Aug","14-08-2024 T09:40","Final Assy","Spot Block-2","3D-03","EEAT-077","","BD with No Loss","10","","","","","","","","","Electrical","","No","Indrajit Behera","OK"
"Aug","14-08-2024 T12:10","Mounting","MA5","Reflow Oven","EETP-083","A","BD with No Loss","50","LANE-2 Outlet jamming error coming","","","","","","check cooling CV Lane-2 belt was not rotate because sensor was not ON,Clean the sensor,Cooling CV Lane-2 Inlet sensor position adjust 3mm reflow side,Sensor sensitivity Adjust it","","Both","Allignment","No","Jatinder Singh,Omvir","OK"
"Aug","14-08-2024 T06:00","Mounting","MA7","NPM-1","EETP-145","","Documentation","240","","","","","","","NPM-WX Part list making ","","Electrical","Process","No","Jatinder Singh","OK"
"Aug","13-08-2024 T06:00","Mounting","MA7","NPM-1","EETP-145","","Documentation","240","","","","","","","NPM-WX Part list making","","Electrical","Process","No","Jatinder Singh","OK"
"Aug","13-08-2024 T10:00","Mounting","MA3","CM212-3","EETP-039","","TPM","30","TP & TL Axis driver temp. check activity","","","","","","Check temp. on driver 41°C","","Electrical","Process","No","Jatinder Singh","OK"
"Aug","13-08-2024 T16:30","Mounting","AOI-5","3D-05","EETP-070","B","BD with No Loss","10","During server access error coming","","","","","","During runing time server access error coming,So application close / open done, after that ok","","Electrical","Design","No","Dalip Khajuria","OK"
"Aug","13-08-2024 T17:30","Final Assy","FA-WP2","Silicon All-round","EEAT-081","B","CM Entry","10","Area Sensor Safety Cover Come out ","","","","","","During Area Sensor Safety Cover Come out  So Safety Cover Installed","","Mechanical","Allignment","No","Dalip Khajuria","OK"
"Aug","13-08-2024 T17:50","Mounting","MA6","NPM-1","EETP-121","B","CM Entry","10","Pcb carry in error (Lane-1)","","","","","","Check & found lane-1 inlet side belt come out from roller , ,So belt set on roller & pcb confirm & run mchine found ok","","Mechanical","Process","No","Dalip Khajuria","OK"
"Aug","13-08-2024 T20:30","RTS Assy.","RTS-2","Resistance Check Machine","RTS-203","B","CM Entry","20","master box temp. check wire broken","","","","","","As per prd request master box temp. not showing,Temp. measuring cable wire was broken, so thermocouple joint done, after  then  check ok","","Electrical","M/c Communication ","No","Anshul Gupta,Jaydev Mal","OK"
"Aug","13-08-2024 T20:40","Final Assy","FA-NWP3","Air Leak Tester","EEAT-180","B","CM Entry","10","Daily check ng coming ","","","","","","Daily check time Pressure A, B, & air flow value out of spec,,So offset give & ok master check fund ok","","Both","Design","No","Mangal Ram Kanwar","OK"
"Aug","13-08-2024 T20:20","Final Assy","ENG Sealer Block-03","Spray Sealer","EEAT-226","B","CM Entry","10","Pallet stop in the inlet conveyer shutter ","","","","","","Pallet not arrived in ID Tag read area,So machine master off/on & homing done, after that ok","","Both","Process","No","Mangal Ram Kanwar","OK"
"Aug","13-08-2024 T18:00","Final Assy","Cell Sensor","Spray Sealer","EEAT-163","B","CM Entry","120","Guide unit change activity","","","","","","As per PED request Guide unit change from derlin material to pick material on pallet no. 5, 7, 8,After guide set-tup check less then 0.25mm  and pallet hand over to prd, now runing ok","","Mechanical","Design","No","Mangal Ram Kanwar,Jaydev Mal,Mukesh","OK"
"Aug","13-08-2024 T15:00","","","","","B","CM Entry","120","","","","","","","As per ashis san instruction pre-heater change data search from log book & update in system","","","","No","Mangal Ram Kanwar,Jaydev Mal,Mukesh","OK"
"Aug","13-08-2024 T22:00","Final Assy","FA-WP4","VCS -1","EEAT-208","B","CM Entry","15","Roller guide plate (lever) come out from name plate printer ","","","","","","So guide plate (lever) installed done, after that ok","","Mechanical","Design","No","Mangal Ram Kanwar","OK"
"Aug","13-08-2024 T21:55","Mounting","AOI-5","3D-05","EETP-070","B","BD with No Loss","10","A reception time out has occured in the communication 0*03500005 (YHB-8821)","","","","","","During runing 'A reception time out has occured' in the communication 0*03500005 (YHB-8821) ,Found Pcb stuck in the conveyer (outlet),,So pcb manually take out & machine auto run ok","","Mechanical","Allignment","No","Mangal Ram Kanwar,Mukesh","OK"
"Aug","13-08-2024 T17:30","Final Assy","FA-WP3","Silicon All-round","EEAT-156","B","BD with No Loss","15","Fault no. 82, screw check ng coming (YCA)","","","","","","During runing screw check fault coming,This fault only coming in pan jig no. 7  & screw check ng value -10.692 coming,So request to prd for alignment, after that ok ","","Mechanical","Allignment","No","Mangal Ram Kanwar","OK"
"Aug","13-08-2024 T23:15","Final Assy","FA-WP2","Silicon Below","EEAT-080","C","BD with No Loss","30","In between time gap coming in overlapping area <DC1U>,Nozzle hit with case during condenser side application. ","","","","","","Silicon Start point shift to 4mm in X direction + side after that ok.,Thread cutting program modified after that hitting issue resolved.","","Both","","No","Neeraj","OK"
"Aug","15-08-2024 T00:01","Final Assy","FA-WP3","","","C","PED Support","329","Camera check & Screw tight machine interlocking activity <PWC>.","","","","","","Both machine hard wiring done .,Controller setting done.,Checked working found ok, ,Need to PLC modify for double interlocking.","","Electrical","","No","Neeraj,Subhash Sheoran","OK"
"Aug","14-08-2024 T14:35","Final Assy","FA-AB1","Packaging jig-01","EEAT-114","B","BD with No Loss","10","Po-kayoke not working","","","","","","Hole detection sensor alignment was disturb ,So align it ,After that OK.","","Mechanical","Allignment","No","Mangal Ram Kanwar","OK"
"Aug","14-08-2024 T20:30","Final Assy","FA-NWP3","FAL2-ENG-HT","EEAT-126","B","BD with No Loss","20","Print not coming","","","","","","Printer change from LT Tester, Then OK.,NG printer gear unit cleaning done, After that OK.","","Electrical","Process","No","Mangal Ram Kanwar","OK"
"Aug","14-08-2024 T14:40","Final Assy","FA-NWP3","Silicon Below","EEAT-175","B","BD with No Loss","20","Nozzle centering NG. coming","","","","","","Nozzle take out & Re install, After that OK.","","Mechanical","Allignment","No","Jaydev Mal,Mukesh","OK"
"Aug","14-08-2024 T16:00","Final Assy","","","","B","CM Entry","60","(FA-2 ,NWP IMV D/E RT) Multiple step misj. coming on OK Master","","","","","","Harness & Master clean ,JU 8424 board connection was wrong, So correct it.,All JU board connection reconnect, but same,Now step no -120 & 130 NG. coming","","Electrical","Design","No","Mangal Ram Kanwar,Jaydev Mal,Mukesh","OK"
"Aug","14-08-2024 T18:00","Final Assy","PWC Final Assy","Air leak","EEAT-260","B","CM Entry","60","Activity for Pressure & Flow NAN coming","","","","","","ADI unit change with spare & registration done,Daily chek & Master check OK.","","Electrical","Design","No","Jaydev Mal,Dalip Khajuria","OK"
"Aug","14-08-2024 T20:00","Final Assy","ENG Sealer Block-03","Flash Writing","EEAT-211","","BD with No Loss","10","Part No. ID Abnormal error coming","","","","","","M/c Power OFF/ON after that OK.","","Electrical","M/c Communication ","No","Dalip Khajuria","OK"
"Aug","14-08-2024 T21:30","Final Assy","FA-WP2","Falcon-II (DCIV) RT","EEAT-143A","B","BD with No Loss","10","Ready signal not coming","","","","","","Jig harness wire broken.,So repaired it, Then OK.","","Electrical","Part-Failure","No","Dalip Khajuria","OK"
"Aug","14-08-2024 T19:30","Final Assy","Cell Sensor","Spray Sealer","EEAT-163","","CM Entry","130","Activity for Pallet guide plate change (ISS BMU)","","","","","","Pallet no - 1,2,3 old guide plate takeout & change with New,Gap also check less then 0.20 mm","","Electrical","Design","No","Jaydev Mal,Dalip Khajuria,Mukesh","OK"
"Aug","14-08-2024 T17:00","Mounting","MA5","","","B","Documentation","180","AOI, Loader New Scanner change job procedure making","","","","","","New Scanner change job procedure making done,Also attach in all Manual","","Electrical","Process","No","Dalip Khajuria","OK"
"Aug","16-08-2024 T23:00","Final Assy","","","","C","CM Entry","90","New FLASH machine ","","","","","","All parts unpacked & connection on going,Main jig not available so connection not completed","","Both","","No","Neeraj,Subhash Sheoran,Sreekanth Sasi","OK"
"Aug","17-08-2024 T02:00","Final Assy","","","","","CM Entry","180","MTD all PC power cable rout changed","","","","","","All table sperate & all connection removed from PC,New power connection done in main extension .,Speratelly all pc connection done .","","Electrical","","No","Subhash Sheoran,Sreekanth Sasi","OK"
"Aug","16-08-2024 T06:30","Mounting","AOI-9","3D-09","EETP-155","A","BD with No Loss","20","Data error coming","","","","","","Check main server not ON,Finally main server ON after that m/c run ok,","","Electrical","M/c Communication ","No","Indrajit Behera","OK"
"Aug","16-08-2024 T06:37","Mounting","MA2","CM212-3","EETP-016","A","CM Entry","0","X Axis server driver error ","","","","","","Machine restart and wait almost 40 minutes then ok ","","Electrical","Part-Failure","No","Ujjawal,Jatinder Singh","OK"
"Aug","16-08-2024 T05:40","Mounting","MA6","TRAVERSER WITH QR READER","EETP-120","","BD with No Loss","20","Card stuck in both LANE","","","","","","Traverser machine alignment done with NPM-1 then ok ","","Electrical","Allignment","No","Ujjawal","OK"
"Aug","16-08-2024 T09:00","Mounting","MA5","Reflow Oven","EETP-083","","CM Entry","45","Cooling water trouble  error coming ","","","","","","Chiller unit water was dirty,Chiller unit very dirty so clean it and water change then ok ","","Electrical","Human","No","Ujjawal","OK"
"Aug","16-08-2024 T08:00","Final Assy","Spot Block-2","Spot-02","EEAT-074","A","BD with No Loss","20","Supply Transfer finger -1 & 2 over load error coming,(YCA, model)","","","","","","ALL pallet take out manually and check found  dirty,,New temporary all pallet clean with IPA after that ok,","Request to PRD properly clean and lubrication","Both","Process","No","Indrajit Behera","NG"
"Aug","16-08-2024 T08:50","Final Assy","","","","A","BD with No Loss","120","Misjudgment coming on step no.120 and 130 (IMV RT)","","","","","","JU Board 8237-b1,8227 board slot correct and ID Change as per drawing then ok ","","Electrical","Obsolete","No","Ujjawal,Rahul Pant","OK"
"Aug","16-08-2024 T04:50","Final Assy","Spot Block-2","AOI-03","EEAT-076","","CM Entry","120","Illumination error coming ","","","","","","Machine restart many times and wait 120 minutes then ok ","","Electrical","Obsolete","No","Ujjawal","OK"
"Aug","16-08-2024 T05:00","Final Assy","AB Sealer Block-01","MRC-01","EEAT-005","","CM Entry","50","Origin not happened ","","","","","","Machine XY axis manually moved but same ,After some time machine origin done then ok ","","Both","Obsolete","No","Ujjawal","OK"
"Aug","16-08-2024 T14:15","Mounting","MA7","NPM-2","EETP-146","","BD with No Loss","10","Nozzle tip broken during running  ","","","","","","HD-1 & 2 & 3 Z height calibration done then ok ","","Mechanical","Allignment","No","Ujjawal,Jatinder Singh","OK"
"Aug","16-08-2024 T18:40","Mounting","AOI-08","PCB SCANNER","EETP-129","B","BD with No Loss","10","PCB stuck between AOI & Scan conv.","","","","","","PCB takeout and both m/c width origin done. After that-OK.","","Mechanical","Design","No","Mangal Ram Kanwar","OK"
"Aug","16-08-2024 T19:15","Meter Assy","Meter 1","Flash Writing Machine","M1M-001","B","BD with No Loss","15","Error Screen coming.","","","","","","Machine Restart. After that-OK.","","Electrical","Design","No","Mangal Ram Kanwar","OK"
"Aug","16-08-2024 T15:00","Mounting","MA5","Multi-Magzine Unloader","EETP-086","B","BD with No Loss","20","Stocker drop and stuck in lifter","","","","","","Stocker takeout, check stocker marked as NG,Idler guide block found disturbed due to stocker hitting.,So Idler guide block alignment done. After that-OK.","","Mechanical","Wear","No","Jaydev Mal,Dalip Khajuria","OK"
"Aug","16-08-2024 T17:30","Mounting","MA2","CM212-1","EETP-014","B","BD with No Loss","15","Left  support pin table Up error (TBL 3-4)","","","","","","Support table Up down motion done manually 3-4 times. Now running -OK.","Need to change cylinder","Pneumatic","Wear","No","Jaydev Mal,Dalip Khajuria","OK"
"Aug","16-08-2024 T19:10","Mounting","Laser Line-1","Laser Marking + Cleaner","EETP-046","B","BD with No Loss","10","QR shift problem coming (DC1V)","","","","","","So XY Alignment setting OFF and Run Production.,After production setting revert back to original.","","Electrical","Design","No","Jaydev Mal,Dalip Khajuria","OK"
"Aug","16-08-2024 T14:30","Mounting","MA7","NPM-2","EETP-146","B","CM Entry","210","activity for Nozzle Broken Issue (1001) (TBL-2)","","","","","","Maker check m/c condition and found one abnormality,Head-3 was little bit down as compared to other head.,So temporary Head-3 disabled,Pickup Height check disable for component picked by Nozzle 1001 ","","Both","Design","Yes","Anshul Gupta,Dalip Khajuria,Ashish Gupta","OK"
"Aug","16-08-2024 T20:15","Meter Assy","Meter 1","Pointer Press Fit Machine","M1M-003","B","CM Entry","60","Robot fault Coming ( Fatal Error )","","","","","","Check teaching pendant side showing J3 axis Encoder battery low.,So J3 Axis Battery change and Encoder reset and Calset done. After that-OK.","","Electrical","Part-Failure","No","Mangal Ram Kanwar,Jaydev Mal,Dalip Khajuria","OK"
"Aug","16-08-2024 T18:00","Final Assy","Cell Sensor","Spray Sealer","EEAT-163","B","CM Entry","20","","","","","","","Pallet no. 1 Guide block adjust due to sealer flow coming","","Both","Process","No","Jaydev Mal","OK"
"Aug","17-08-2024 T14:40","Final Assy","Spot Block-1","Spot-01","EEAT-096","B","BD with No Loss","15","N2 pipe damaged (Bath-1)","","","","","","N2 Pipe damaged portion Cut and Reinstalled,After that-OK.","","Pneumatic","Part-Failure","No","Mangal Ram Kanwar","OK"
"Aug","16-08-2024 T15:00","","","","","B","CM Entry","60","","","","","","","As per QAD request Tester's power supply connection done & voltage coming ok, working ok found","","Electrical","","No","Mangal Ram Kanwar,Omvir","OK"
"Aug","17-08-2024 T14:40","Final Assy","Spot Block-1","Spot-01","EEAT-096","B","CM Entry","15","N-2 pipe broken","","","","","","During model change over time N-2 pipe broken by prd,So broken pipe cut & installed , after that ok","","Pneumatic","Human","No","Mangal Ram Kanwar","OK"
"Aug","17-08-2024 T15:15","Final Assy","FA-WP2","Falcon-II (DCIV) LT","EEAT-142","B","CM Entry","30","Step no. 702 misjudgment coming (DC1U)","","","","","","Step no. 702 misjudgment coming (DC1U),So production box change with HT Tester found ok,So NG Production box take out & all pins cleaning done, after that ok, original production box rewart back also done","","Mechanical","Part-Failure","No","Mangal Ram Kanwar","OK"
"Aug","20-08-2024 T15:00","Final Assy","FA-WP4","","","B","PED Support","180","New VCS machine accuracy check","","","","","","System check on going","","Electrical","","No","Subhash Sheoran,Dipshikha","OK"
"Aug","20-08-2024 T19:10","Final Assy","Spot Block-1","Spot-01","EEAT-096","","CM Entry","30","Halogen heater no.3 was damaged","","","","","","Replaced with new one.","","Both","","No","Subhash Sheoran,Gagandeep,Dipshikha","OK"
"Aug","18-08-2024 T06:00","Mounting","MA5","Reflow Oven","EETP-083","A","CM Entry","480","","","","","","","Cooling unit jacket clean from inlet and outlet side ,Sampling port joint and tube cleaning done,,After that m/c Auto green light coming done,","","Both","Wear","No","Indrajit Behera","OK"
"Aug","20-08-2024 T22:40","Final Assy","AB Sealer Block-02","Air Blow","EEAT-187","C","BD with No Loss","10","Cycle time over error coming,","","","","","","Nozzle not move in origin position,,Finally nozzle move in origin position after that m/c run ok ","","Electrical","Allignment","No","Indrajit Behera","OK"
"Aug","20-08-2024 T23:30","Mounting","AOI-5","PCB Inverter","EETP-071","","BD with No Loss","15","PCB stuck issue coming ","","","","","","PCB manually take out and fix rail down conveyor  side belt damage found,,Now temp. belt take out and thread cutting and reinstall after that m/c run ok,","Need to belt change ","Mechanical","Wear","No","Indrajit Behera","OK"
"Aug","21-08-2024 T02:30","Mounting","MA5","Traverser with Pusher","EETP-085","C","BD with No Loss","20","Door open error coming ,,PRD by mistake door open/close time door fall down then door broken, ","","","","","","DOOR broken issue coming ,Finally cover open and apply locktaite and door alignment after that door close after that ok,After that m/c run ok","","Electrical","Process","No","Indrajit Behera","OK"
"Aug","21-08-2024 T02:30","Final Assy","FA-NWP3","FAL2-ENG-LT","EEAT-125","","CM Entry","120","Production box pm (LT-01-DC1A)","","","","","","Production box pm done ,AS per pm plan","","Both","Part-Failure","No","Indrajit Behera","OK"
"Aug","20-08-2024 T23:00","Final Assy","FA-NWP3","3W Gel-02","EEAT-123","C","PED Support","120","New part Number add as per PED Request","","","","","","Part number added in TP & PLC E memory,TP Set up No.-098,E-Memory -E10950","","Both","Process","No","Jatinder Singh,Rahul Pant","OK"
"Aug","18-08-2024 T10:00","Mounting","MA4","Reflow Oven","EETP-059","G","CM Entry","240","Activity for conveyor over load error","","","","","","Controller unit back up transfer through LAN cable,17.09.2023 Maker provided Back up,All model auto width done status ok","","Electrical","M/c Communication ","No","Jatinder Singh","OK"
"Aug","20-08-2024 T23:00","Final Assy","FA-NWP3","FAL2-ENG-LT","EEAT-125","","Documentation","50","Daily counter data & sheet up date","","","","","","Daily counter data & sheet up date done","","","","No","Indrajit Behera","OK"
"Aug","18-08-2024 T14:00","Mounting","MA7","NPM-2","EETP-146","","CM Entry","240","Activity for nozzle broken problem (Rear 3 nozzle head)","","","","","","Head card change with spare (Qty.-2),M/c Version update as per card,Machine calibration done,Before and after mounting check ok","","Both","Process","No","Jatinder Singh,Ashish Gupta","OK"
"Aug","17-08-2024 T21:00","Final Assy","FA-NWP3","FAL2-ENG-RT","EEAT-127","B","BD with No Loss","15","Product in/out motion hard. (GD1B)","","","","","","Sensor wire dressing done. ,slider unit cleaning and lubrication done. After that-OK.","","Mechanical","Wear","No","Mangal Ram Kanwar","OK"
"Aug","17-08-2024 T16:00","Final Assy","Cell Sensor","Spray Sealer","EEAT-163","B","BD with No Loss","20","Coat-1 Humiseal width out of range","","","","","","Humiseal width adjust and Humiseal Sensor cover alignment done. After that-OK.","","Pneumatic","Design","No","Mangal Ram Kanwar,Jaydev Mal,Omvir","OK"
"Aug","17-08-2024 T18:30","Final Assy","ENG Sealer Block-02","Spray Sealer","EEAT-194","B","BD with No Loss","10","Sealer miss coming (GP2Y-R1)","","","","","","Coat-1 humiseal width adjust from 9.7mm to 10.2mm. After that-OK.","","Pneumatic","Design","No","Mangal Ram Kanwar","OK"
"Aug","17-08-2024 T20:30","Mounting","Laser Line-1","Laser Marking + Cleaner","EETP-046","B","BD with No Loss","10","Cleaner conv. transport fault.","","","","","","Belt and Roller cleaning done. After that-OK.","","Mechanical","Wear","No","Jaydev Mal,Dalip Khajuria","OK"
"Aug","17-08-2024 T18:00","Final Assy","FA-WP3","","","B","BD with No Loss","15","Camera Check m/c ,Camera Screen goes OFF","","","","","","Power connection Reconnected. After that-OK.","","Electrical","Human","No","Omvir","OK"
"Aug","18-08-2024 T09:00","Mounting","Laser Line-1","Laser Marking + Cleaner","EETP-046","A","CM Entry","40","Belt come out from roller","","","","","","Fixed side conv. Roller changed with new. After that-OK.","","Mechanical","Wear","No","Dalip Khajuria","OK"
"Aug","18-08-2024 T13:30","Mounting","AOI-08","Multi-Magazine Loader","EETP-128","G","CM Entry","180","Activity for QR Scanner not working","","","","","","PLC Battery change with New.,SCU21-V1 unit change from WP-3 Silicon All Around m/c.,SCU unit setting done and PLC Backup taken. (18-08-2024)","","Electrical","M/c Communication ","No","Jaydev Mal,Dalip Khajuria","OK"
"Aug","18-08-2024 T09:00","Final Assy","FA-WP3","HT Tester","EEAT-158","A","CM Entry","300","Activity for step no. 202 (HT Tester-2, EEAT-227)","","","","","","Base Board swap with HT Tester-01. But Base Board side CAN, VO, CO, SIO board not showing in Debug mode. ,So Base Board revert back.,PS-449 Board change from HT Tester-01. After that step no. 202 OK,HT Tester-01 PS 449 Change from Tool Room (which is takeout from HT Tester-02 on 3-8-2024 and kept in Tool Room)","","Electrical","Part-Failure","No","Jaydev Mal,Dalip Khajuria","OK"
"Aug","18-08-2024 T06:00","Mounting","MA5","Reflow Oven","EETP-083","A","CM Entry","480","Activity for flux drop problem","","","","","","Cooling zone-1, Jacket take out & cleaning done.,Inlet & outlet area cleaning done  ,After that M/c ON & profile check , OK.","","Mechanical","Design","No","Indrajit Behera","OK"
"Aug","20-08-2024 T06:10","Final Assy","FA-WP4","AIR LEACK CHECK","EEAT-209","A","BD with No Loss","10","Daily Check Pressure NG Coming.","","","","","","So Offset given in Pressure A&B and Flow rate. After that-OK.","","Electrical","Design","No","Mangal Ram Kanwar","OK"
"Aug","20-08-2024 T06:20","Final Assy","FA-WP4","FILTER ASSY","EEAT-200","A","BD with No Loss","10","OK master check condition not coming","","","","","","Model no. load again and m/c homing done. After that-OK.","","Electrical","Human","No","Mangal Ram Kanwar","OK"
"Aug","20-08-2024 T07:10","Final Assy","FA-WP3","Silicon Below connector","EEAT-153","A","BD with No Loss","15","Wrinkle problem coming right side of product (YCA)","","","","","","Nozzle Reinstall. After that-OK.","","Mechanical","Human","No","Jaydev Mal,Dalip Khajuria","OK"
"Aug","20-08-2024 T06:45","Final Assy","FA-WP2","Falcon-02","EEAT-088","A","BD with No Loss","15","VX works screen coming.","","","","","","Machine power OFF/ON,LAN Cable Reconnect from PC to Main Box and Press F1 key . After that-OK.","","","","No","Mangal Ram Kanwar","OK"
"Aug","20-08-2024 T09:00","Final Assy","Spot Block-2","THD DC1A/632A<4450>","EEAT-136","A","BD with No Loss","40","Capacitor stuck problem.,Capacitor continue feeding","","","","","","Limit switch adjustment done.,capacitor holding guide pin, alignment done..,cleaning and lubrication done. After that-OK","","Mechanical","Wear","No","Dalip Khajuria,Omvir","OK"
"Aug","20-08-2024 T07:30","Final Assy","AB Sealer Block-01","MRC-01","EEAT-005","A","BD with No Loss","15","Power not coming in Robot Controller.","","","","","","Check Input voltage found OK.,Power ON M/C wait for 30 mins. After that -OK.","","Electrical","Part-Failure","Yes","Mangal Ram Kanwar,Dalip Khajuria","OK"
"Aug","20-08-2024 T09:40","Final Assy","AB Sealer Block-01","Spray Sealer M/C","EEAT-078","A","BD with No Loss","10","Fault No. 68,  ID Fault  (ALPHA)","","","","","","Pallet takeout and Run next pallet. After that-OK.","","Electrical","Design","No","Mangal Ram Kanwar","OK"
"Aug","20-08-2024 T09:10","Mounting","MA5","YS Loader","EETP-073","A","BD with No Loss","10","Pick and place lifter timeout error.","","","","","","PHS-17 slow sensor cleaning done. After that-OK.","","Electrical","Design","No","Jaydev Mal,Dalip Khajuria","OK"
"Aug","21-08-2024 T15:01","Final Assy","Cell Sensor","Spray Sealer","EEAT-163","B","Documentation","181","","","","","","","Nozzle maintenance -Nozzle disassemble Job procedure made.","","","","No","Neeraj","OK"
"Aug","21-08-2024 T15:00","","","","","B","CM Entry","240","New VCS-2 System Check","","","","","","New VCS-2 system Check Complet.,Step no. 123,195,380 NG coming.,So Machine restart after that ok","","Electrical","","No","Subhash Sheoran,Dipshikha","OK"
"Aug","21-08-2024 T14:30","Final Assy","FA-WP3","HT Tester","EEAT-158","","CM Entry","30","Spare Production box small Housing connector was Damage","","","","","","Damage housing connector remove and change with new.,Master check ok .","","Electrical","Part-Failure","No","Dipshikha","OK"
"Aug","21-08-2024 T21:30","Final Assy","FA-WP4","","","B","PED Support","30","WP4 new FLASH machine ","","","","","","All connection confirm & its power ON.,System check program loading done & all system check setting done.","","Both","","No","Subhash Sheoran,Dipshikha","OK"
"Aug","21-08-2024 T14:30","Final Assy","","","","B","CM Entry","30","ENG ECU air bag harness (QAD) one pin broken.","","","","","","Try to unlock the connector housing lock but its con't.,Pin wire already broken so, its damaged pin not pull out from connector housing.","","Both","Part-Failure","Yes","Subhash Sheoran","NG"
"Aug","21-08-2024 T23:10","Final Assy","FA-AB3","Packaging Jig-03","EEAT-188","C","BD with No Loss","5","Screw driver not rotated,","","","","","","Check found operator wrong process follow,,Jig side top flap cover not close,","","Mechanical","Process","No","Indrajit Behera","OK"
"Aug","21-08-2024 T01:20","Final Assy","AB Sealer Block-01","Spray Sealer M/C","EEAT-078","","BD with No Loss","10","Fault No-52, Apply interruption fault coming,,PRD by mistake m/c running time individual button press","","","","","","Finally pallet manually take out and m/c origin after that m/c run ok,","","Both","Human","No","Indrajit Behera","OK"
"Aug","21-08-2024 T23:00","Final Assy","Cell Sensor","Spray Sealer","EEAT-163","C","CM Entry","119","Activity for cell-sensor model all pallet connector guide plate change ,","","","","","","As per required all pallet guide plate change with new plate,,only one pallet No-2 pending, Due to guide plate not available, ","","Mechanical","Design","No","Indrajit Behera","OK"
"Aug","21-08-2024 T22:40","Final Assy","FA-WP3","Air Leak","EEAT-160","C","BD with No Loss","10","Dailly check NG coming,","","","","","","A & B pressure NG value coming,,Finally give in off set value in A & B pressure after that ok","","Pneumatic","Part-Failure","No","Indrajit Behera","NG"
"Aug","22-08-2024 T03:00","Mounting","MA4","","","C","PRD Support","20","Thickness machine Halogen lamp not glowing","","","","","","Halogen lamp burnout,Finally  Halogen lamp  change with new spare after that ok,","","Electrical","Part-Failure","No","Indrajit Behera","OK"
"Aug","22-08-2024 T05:00","Final Assy","FA-WP3","VCS","EEAT-159","C","CM Entry","30","VCS-1 & 2 Harness pm Activity","","","","","","Both Harness pm done ,As per mp plan,OK & NG master check found ok","","Both","Part-Failure","No","Indrajit Behera","OK"
"Aug","17-08-2024 T09:50","Final Assy","ENG Sealer Block-02","Metal Rubbish Check","EEAT-150","A","BD with No Loss","10","Application stop in running condition","","","","","","M/c power off/on then ok","","Electrical","M/c Communication ","No","Ujjawal,Jatinder Singh","OK"
"Aug","17-08-2024 T10:45","Mounting","MA2","CM212-1","EETP-014","A","CM Entry","15","Activity for main air flter change","","","","","","Right support pin table up error coming,(TBL-3&4)","","Pneumatic","Wear","No","Indrajit Behera","OK"
"Aug","20-08-2024 T07:30","Final Assy","FA-WP4","AIR LEACK CHECK","EEAT-209","A","BD with No Loss","10","Product fail at vacuum pressure","","","","","","Daily check value check, found NG. So offset given  in  daily check pressure, After that OK.","","Pneumatic","Design","No","Dalip Khajuria","OK"
"Aug","20-08-2024 T13:30","Final Assy","FA-WP4","LO-HI SCREENING MACHINE","EEAT-199","A","BD with No Loss","30","Product pin bend problem","","","","","","Production box change with new LT/HT m/c, Then run OK.,Original production box side pin impression coming on connector. ,Connector not change, due to spare not available (On order)","","Mechanical","Human","No","Mangal Ram Kanwar","OK"
"Aug","20-08-2024 T05:20","Final Assy","FA-AB1","FAL-AB-RT1","EEAT-118","A","BD with No Loss","30","Operating system not found error coming","","","","","","M/c power OFF & HDD reconnect,Then OK.","","Electrical","M/c Communication ","No","Dalip Khajuria","OK"
"Aug","20-08-2024 T10:20","Final Assy","AB Sealer Block-02","Flash Writer","EEAT-183","A","CM Entry","20","5V ADC relay connector 1pin broken (HA152100-676)","","","","","","Pin change with spare, After that OK.","","Mechanical","Wear","No","Mangal Ram Kanwar","OK"
"Aug","21-08-2024 T06:15","Final Assy","FA-WP3","Air Leak","EEAT-160","A","BD with No Loss","15","Daily check value NG coming","","","","","","Pressure A,B & Flow, offset give then OK, But detect NG. master data not match,So flow meter setting done 0.3 to 0.5 & Vacuum  pressure set -20 Kpa, After that OK.","","Electrical","Design","No","Mangal Ram Kanwar","OK"
"Aug","21-08-2024 T11:18","Mounting","AOI-6","AOI-06","EETP-089","A","BD with No Loss","5","Slow inspection process","","","","","","Application close/Open, After that OK.","","Electrical","M/c Communication ","No","Dalip Khajuria","OK"
"Aug","21-08-2024 T13:10","Final Assy","Spot Block-03","SPOT M/C","EEAT-214","A","PRD Support","60","Less solder coming","","","","","","Fluxer dummy plate check, found Nozzle-2, dummy length not OK.,Nozzle-2 swap with Nozzle-1, then problem also shifted.(Nozzle-2 problem),PRD do weekly on Nozzle, then 80% OK.","","Mechanical","Human","No","Dalip Khajuria","OK"
"Aug","21-08-2024 T11:30","Mounting","AOI-9","3D-09","EETP-155","A","BD with No Loss","10","M/c hangh issue","","","","","","","","Electrical","Design","No","Anshul Gupta","OK"
"Aug","21-08-2024 T06:20","Final Assy","Cell Sensor","Spray Sealer","EEAT-163","A","BD with No Loss","20","1. Coat-1 Humiseal width out of range,2. Coating Emergency condition not coming ","","","","","","Spray width adjust from Nozzle side, After that humiseal width OK.,M/c power OFF & ON, then Coating Emergency OK.","","Both","Design","No","Jaydev Mal,Dalip Khajuria","OK"
"Aug","21-08-2024 T12:30","Final Assy","FA-AB2","Connector Pin Check","EEAT-145","A","CM Entry","90","Touch Panel data corrupted . ","","","","","","During backup taking time ,TP communicate with software ,then this problem coming.,Touch panel also not communicate with PLC. ,TP. backup data transfer & IP adders  setup  for communicate with PLC,After that OK, Master also check OK.","","Electrical","M/c Communication ","No","Mangal Ram Kanwar,Jaydev Mal,Dalip Khajuria,Omvir","OK"
"Aug","21-08-2024 T10:30","Final Assy","Cell Sensor","Spray Sealer","EEAT-163","A","PED Support","30","ISS-BMU pallet guide block change activity (Pallet no-4)","","","","","","As per ped request guide block change from Delrin to Peek type.,After that Pallet handover to PRD, Run OK.","","Mechanical","Design","No","Jaydev Mal","OK"
"Aug","21-08-2024 T10:30","Final Assy","FA-AB2","FAL2-AB-HT","EEAT-133","A","BD with No Loss","30","Activity for step no- 20,40,50 misjudgement coming .(Model-154)","","","","","","Harness side all pin cleaning done & Give to PRD .","","Mechanical","Process","No","Mangal Ram Kanwar","OK"
"Aug","22-08-2024 T15:00","Final Assy","FA-WP4","","","B","CM Entry","240","FA4 new flash machine system Check.","","","","","","New Flash System check on going.,Some Step no. NG Coming. Step no.007,009,011,013,015,017,019","","Electrical","","Yes","Subhash Sheoran,Dipshikha","OK"
"Aug","22-08-2024 T15:30","Final Assy","FA-WP3","Silicon All-round","EEAT-156","B","BD with No Loss","12","Alarm -82 (Screw Check) coming in 7100 model.","","","","","","Its Screw check position value changed same as 2150 Model after that ok.,Before x,y,Z ( -255 ,-161 ,-20),After X,Y,Z (-255.0188 ,-161.4129 -20.8667)","","Electrical","","No","Neeraj","OK"
"Aug","22-08-2024 T15:01","Final Assy","","","","B","Documentation","264","Nozzle assembly procedure of AITEC sealer making activity.","","","","","","procedure completed","","","","No","Neeraj","OK"
"Aug","22-08-2024 T21:32","Final Assy","FA-AB1","FAL-AB-LT","EEAT-115","","BD with No Loss","17","Multiple step NG coming in 882 Model.","","","","","","Connector base alignment done after that ok.","","Mechanical","","Yes","Neeraj,Subhash Sheoran","OK"